polynomial_coeffs,league_sb_pct,shrinkage_k,n_qualified,min_attempts
"[0.004313068770014044, -0.23200501039248153, 3.9024831762788272]",0.7880407444668008,5,546,10
