epoch,n,auc
full,519,0.6794315041452823
pre_2023,172,0.7600108225108225
post_2023,347,0.7169559412550067
