epoch,auc
full,0.5933345732479565
pre_2023,0.5770851308599367
post_2023,0.5952595051993268
