polynomial_coeffs,league_sb_pct,shrinkage_k,n_qualified,min_attempts
"[0.004309817307426915, -0.2318579600659719, 3.900962367683554]",0.7880540710468407,5,546,10
