runner_id,season,player_name,team,SB,CS,sb_attempts,sprint_speed,ground,lead_rel,tracked,pop_faced,arm_faced,net_sb,raw_succ
542340,2016,Jonathan Villar,,62,18,80,28.0,11.48786038391796,25.25735294117647,68,2.002394366197183,81.74929577464789,44,0.775
571740,2016,Billy Hamilton,,58,8,66,30.2,12.327507131579562,25.232142857142858,56,1.9873684210526317,82.14561403508772,50,0.8787878787878788
516782,2016,Starling Marte,,47,12,59,28.9,9.985186288897124,21.229166666666668,48,1.9929166666666667,82.57916666666667,35,0.7966101694915254
434658,2016,Rajai Davis,,43,6,49,28.9,12.886352266796793,26.41351351351351,37,2.0330555555555554,81.58055555555556,37,0.8775510204081632
456488,2016,Eduardo Núñez,,40,10,50,28.0,10.718910832482548,22.685714285714283,42,2.0204761904761903,81.61190476190475,30,0.8
541650,2016,Hernán Pérez,,34,7,41,28.4,11.825954752539364,24.271875,32,2.0108823529411763,81.46176470588235,27,0.8292682926829268
516416,2016,Jean Segura,,33,10,43,28.3,12.266327369577045,24.674999999999997,36,2.018648648648649,82.05135135135136,23,0.7674418604651163
607208,2016,Trea Turner,,33,6,39,30.0,10.928256914959414,23.182142857142857,28,2.0087878787878783,81.6909090909091,27,0.8461538461538461
502671,2016,Paul Goldschmidt,,32,5,37,27.3,13.67642659105387,26.307692307692307,26,2.018076923076923,81.21538461538461,27,0.8648648648648649
514888,2016,Jose Altuve,,30,10,40,28.4,11.749893498225598,24.605405405405406,37,2.0225,81.29166666666667,20,0.75
502481,2016,Jarrod Dyson,,30,7,37,28.8,10.896046352963955,23.78333333333333,24,2.027037037037037,81.34074074074073,23,0.8108108108108109
608671,2016,Travis Jankowski,,30,12,42,29.5,9.459230142587854,20.941379310344825,29,1.99,82.73333333333333,18,0.7142857142857143
543829,2016,Dee Strange-Gordon,,30,7,37,29.6,10.237125171607584,22.432142857142857,28,2.0325806451612904,81.69032258064516,23,0.8108108108108109
545361,2016,Mike Trout,,30,7,37,28.9,11.797872164675566,24.175,32,2.034838709677419,81.39032258064516,23,0.8108108108108109
571976,2016,Wil Myers,,28,6,34,28.0,12.685908169765495,25.280952380952378,21,2.0175,82.02499999999999,22,0.8235294117647058
425834,2016,B.J. Upton,,27,8,35,28.2,10.92351942836098,23.552380952380954,21,2.0130434782608693,81.29565217391304,19,0.7714285714285715
605141,2016,Mookie Betts,,26,4,30,27.9,10.802576619488969,22.727272727272727,22,2.0272727272727273,81.47727272727273,22,0.8666666666666667
546318,2016,Odúbel Herrera,,25,7,32,27.3,10.744511844936065,22.288888888888888,27,2.015925925925926,81.75185185185185,18,0.78125
462101,2016,Elvis Andrus,,24,8,32,27.4,12.474413050098612,25.846153846153847,26,2.0138461538461536,81.89615384615385,16,0.75
547982,2016,Leonys Martin,,24,6,30,27.4,11.359788464983872,23.63684210526316,19,2.0295238095238095,81.80952380952381,18,0.8
542979,2016,Keon Broxton,,23,4,27,29.7,12.265356645523944,25.195,20,2.0176190476190476,81.6047619047619,19,0.8518518518518519
608070,2016,José Ramírez,,22,7,29,27.9,12.268223114627883,25.86086956521739,23,2.0196,81.568,15,0.7586206896551724
435622,2016,Ian Desmond,,21,6,27,28.6,11.14371067105944,22.875,20,2.0305,80.575,15,0.7777777777777778
547180,2016,Bryce Harper,,21,10,31,27.3,11.707938602773797,24.230434782608693,23,2.0325,81.30833333333334,11,0.6774193548387096
595281,2016,Kevin Kiermaier,,21,3,24,29.4,11.757076262217817,24.53,20,2.0215,81.4,18,0.875
572008,2016,Chris Owings,,21,2,23,28.9,14.537895207304818,27.53125,16,2.030625,82.09375,19,0.9130434782608695
606299,2016,José Peraza,,21,10,31,28.8,12.769678287315367,24.576,25,1.9996153846153848,81.54230769230769,11,0.6774193548387096
453056,2016,Jacoby Ellsbury,,20,8,28,27.9,10.749397048716764,22.30952380952381,21,2.024285714285714,81.45238095238095,12,0.7142857142857143
543281,2016,Josh Harrison,,19,4,23,27.9,11.813069009797303,24.53684210526316,19,1.9794444444444441,82.91666666666667,15,0.8260869565217391
596019,2016,Francisco Lindor,,19,5,24,27.1,12.007982628019613,24.975,16,2.033529411764706,81.76470588235294,14,0.7916666666666666
572821,2016,Brian Dozier,,18,2,20,27.7,12.01006764022944,23.514285714285712,14,2.0140000000000002,81.74666666666667,16,0.9
460576,2016,Carlos Gómez,,18,5,23,28.8,10.519457846689251,22.852941176470587,17,2.021333333333333,82.36,13,0.782608695652174
453568,2016,Charlie Blackmon,,17,9,26,27.7,11.361364333781532,24.222727272727273,22,2.005238095238095,82.83809523809524,8,0.6538461538461539
542993,2016,Billy Burns,,17,5,22,29.3,11.412991491661128,23.489473684210527,19,2.02,81.84,12,0.7727272727272727
444876,2016,Alcides Escobar,,17,4,21,27.5,10.433961068094176,21.25,14,2.0549999999999997,79.81666666666666,13,0.8095238095238095
520471,2016,Freddy Galvis,,17,6,23,27.5,11.736256336871215,24.933333333333334,18,2.02,81.85,11,0.7391304347826086
514917,2016,César Hernández,,17,13,30,29.5,9.947802278488838,21.6,23,2.0123076923076924,81.86153846153846,4,0.5666666666666667
570256,2016,Gregory Polanco,,17,6,23,27.3,11.288538994479518,22.678947368421053,19,1.9994999999999998,82.56,11,0.7391304347826086
460075,2016,Ryan Braun,,16,5,21,27.4,14.43571805097975,28.291666666666668,12,2.0116666666666667,81.85833333333333,11,0.7619047619047619
458731,2016,Brett Gardner,,16,4,20,28.7,10.491267732014167,22.619999999999997,10,2.0124999999999997,80.94375,12,0.8
542255,2016,Ender Inciarte,,16,7,23,27.9,12.090424504941868,24.825,20,2.0168181818181816,81.7909090909091,9,0.6956521739130435
605480,2016,Mallex Smith,,16,8,24,29.5,9.882863195495073,22.39,20,2.0065,82.365,8,0.6666666666666666
456422,2016,Michael Bourn,,15,5,20,28.1,13.342360170236626,26.026666666666664,15,2.0193333333333334,82.64666666666668,10,0.75
453943,2016,Todd Frazier,,15,5,20,26.2,15.529153822444304,27.746666666666666,15,2.024,81.15333333333334,10,0.75
543401,2016,Jason Kipnis,,15,3,18,27.3,12.69177976569654,25.349999999999998,12,2.0341666666666667,81.88333333333334,12,0.8333333333333334
457727,2016,Cameron Maybin,,15,6,21,28.8,10.694033386874423,22.65,16,2.0372222222222223,81.38888888888889,9,0.7142857142857143
434636,2016,Ángel Pagán,,15,4,19,27.7,10.390538948629505,20.972727272727273,11,2.0241666666666664,81.075,11,0.7894736842105263
456715,2016,Lorenzo Cain,,14,5,19,29.0,11.412652445401672,23.184615384615384,13,2.009230769230769,82.51538461538462,9,0.7368421052631579
594809,2016,Adam Eaton,,14,5,19,28.3,12.51440366318961,23.82,15,2.0368749999999998,81.95,9,0.7368421052631579
435079,2016,Ian Kinsler,,14,6,20,26.8,12.256709412832556,25.407692307692308,13,1.999090909090909,81.4,8,0.7
596059,2016,Rougned Odor,,14,7,21,27.7,11.417096954419977,23.766666666666666,15,2.0233333333333334,81.12666666666668,7,0.6666666666666666
449181,2016,Paulo Orlando,,14,3,17,29.6,8.485590563087822,18.253846153846155,13,2.0300000000000002,82.21538461538461,11,0.8235294117647058
408252,2016,Brandon Phillips,,14,8,22,26.0,12.509609171430641,25.98235294117647,17,1.9858823529411764,82.34117647058824,6,0.6363636363636364
607680,2016,Kevin Pillar,,14,6,20,28.1,11.490172923530373,23.8625,16,2.005,81.875,8,0.7
519184,2016,Ben Revere,,14,5,19,27.3,10.580769755322862,22.299999999999997,18,2.0372222222222223,81.34444444444445,9,0.7368421052631579
572191,2016,Michael A. Taylor,,14,3,17,28.7,11.636396251874551,25.6,15,2.037333333333333,80.25333333333333,11,0.8235294117647058
593428,2016,Xander Bogaerts,,13,4,17,28.3,13.579925413609764,25.990909090909096,11,2.035833333333333,80.27499999999999,9,0.7647058823529411
621043,2016,Carlos Correa,,13,3,16,28.0,11.426632588059308,23.728571428571428,7,2.03,80.5,10,0.8125
451594,2016,Dexter Fowler,,13,4,17,28.3,11.249329666979959,23.164285714285715,14,2.0142857142857142,81.77857142857144,9,0.7647058823529411
595879,2016,Javier Báez,,12,3,15,28.8,11.202756433527451,23.181818181818183,11,2.0275,81.29166666666667,9,0.8
503556,2016,Marwin Gonzalez,,12,6,18,26.5,13.656536421511614,26.37857142857143,14,2.0375,80.18333333333334,6,0.6666666666666666
592663,2016,J.T. Realmuto,,12,4,16,28.8,10.392167252881507,22.858333333333334,12,2.0185714285714282,82.0,8,0.75
543685,2016,Anthony Rendon,,12,6,18,28.1,10.98874032948876,22.73076923076923,13,2.0153846153846153,82.65384615384616,6,0.6666666666666666
542454,2016,Danny Santana,,12,9,21,27.7,11.778683586284936,23.65,16,2.013125,81.95625,3,0.5714285714285714
452655,2016,Denard Span,,12,7,19,27.9,11.433522002196385,23.166666666666668,15,1.999375,82.66875,5,0.631578947368421
518792,2016,Jason Heyward,,11,4,15,27.7,11.022788963107203,22.0,11,2.009230769230769,81.74615384615385,7,0.7333333333333333
518934,2016,DJ LeMahieu,,11,7,18,27.1,10.844170263168367,22.56153846153846,13,2.023076923076923,81.05384615384615,4,0.6111111111111112
606466,2016,Ketel Marte,,11,5,16,28.4,9.731407377563905,20.636363636363637,11,2.0157142857142856,80.57142857142857,6,0.6875
573135,2016,Tyler Saladino,,11,5,16,28.5,11.895805697875602,25.21666666666667,12,2.0216666666666665,82.27499999999999,6,0.6875
553993,2016,Eugenio Suárez,,11,5,16,27.4,11.30961597473822,23.892307692307693,13,2.0276923076923077,81.63846153846154,6,0.6875
641313,2016,Tim Anderson,,10,2,12,28.8,11.625905303678781,23.98,10,2.033,81.83000000000001,8,0.8333333333333334
621439,2016,Byron Buxton,,10,2,12,30.7,10.593627902250795,22.188888888888886,9,2.039,81.32000000000001,8,0.8333333333333334
424825,2016,Coco Crisp,,10,5,15,28.2,10.814920574959192,21.119999999999997,10,2.0354545454545456,81.08181818181818,5,0.6666666666666666
435062,2016,Howie Kendrick,,10,2,12,26.7,11.695376118204303,23.35,8,2.01625,80.5625,8,0.8333333333333334
545350,2016,Jake Marisnick,,10,5,15,29.1,10.797870394470538,23.45,12,2.0140000000000002,80.9,5,0.6666666666666666
543760,2016,Marcus Semien,,10,2,12,28.4,11.964535782537727,23.0125,8,2.03125,82.4625,8,0.8333333333333334
592743,2016,Andrelton Simmons,,10,1,11,27.1,12.365736173043492,23.91111111111111,9,2.0444444444444443,80.55555555555556,9,0.9090909090909091
400085,2016,Ichiro Suzuki,,10,2,12,27.8,11.679491821525254,25.240000000000002,10,2.0233333333333334,81.98888888888888,8,0.8333333333333334
506560,2016,Alexi Amarista,,9,2,11,27.4,12.185464217462272,25.275,8,2.02875,81.4875,7,0.8181818181818182
598265,2016,Jackie Bradley Jr.,,9,2,11,27.4,11.812669648544809,23.5375,8,1.9775,83.7875,7,0.8181818181818182
457787,2016,Danny Espinosa,,9,2,11,27.7,13.780052609067344,27.166666666666668,9,2.033333333333333,81.75555555555555,7,0.8181818181818182
609275,2016,Adalberto Mondesi,,9,1,10,30.2,12.106410649825479,25.03333333333333,6,1.9949999999999999,84.41666666666667,8,0.9
519083,2016,Derek Norris,,9,2,11,27.4,11.605612859007351,21.425,8,2.03875,80.7375,7,0.8181818181818182
434670,2016,Hanley Ramirez,,9,3,12,26.8,11.562315894426586,22.5,8,2.0277777777777777,82.0,6,0.75
408314,2016,José Reyes,,9,2,11,27.7,12.44317936133893,26.25,10,1.9954545454545454,82.74545454545455,7,0.8181818181818182
607387,2016,Ryan Rua,,9,0,9,27.9,14.504241213620263,27.125,8,2.025,82.8375,9,1.0
543807,2016,George Springer,,9,10,19,28.4,10.229789222770762,21.293333333333333,15,2.025,80.49375,-1,0.47368421052631576
453211,2016,Drew Stubbs,,9,1,10,29.6,11.829734732878702,23.142857142857142,7,2.025714285714286,82.0,8,0.9
457708,2016,Justin Upton,,9,4,13,27.4,11.041443275923228,20.827272727272728,11,2.025,81.63,5,0.6923076923076923
592885,2016,Christian Yelich,,9,4,13,28.9,10.641810607357561,22.71,10,2.0272727272727273,81.52727272727272,5,0.6923076923076923
488818,2016,Chase d'Arnaud,,9,3,12,29.1,12.565585374336994,24.37777777777778,9,1.9775,83.3625,6,0.75
501659,2016,Abraham Almonte,,8,0,8,28.2,9.275339297089621,18.400000000000002,6,2.0385714285714287,80.65714285714286,8,1.0
606115,2016,Orlando Arcia,,8,0,8,27.7,13.455486581548351,27.3,4,2.01,81.55,8,1.0
592178,2016,Kris Bryant,,8,5,13,28.5,9.620568109429684,20.21818181818182,11,2.0127272727272727,83.0,3,0.6153846153846154
592261,2016,Delino DeShields,,8,3,11,29.7,11.293149804747117,22.555555555555557,9,2.0166666666666666,82.45555555555556,5,0.7272727272727273
622110,2016,Matt Duffy,,8,5,13,27.8,11.212353482700955,23.630000000000003,10,2.027,80.47999999999999,3,0.6153846153846154
571697,2016,Scooter Gennett,,8,1,9,25.5,11.612368903531467,25.116666666666664,6,1.986,82.26,7,0.8888888888888888
460086,2016,Alex Gordon,,8,1,9,26.2,12.372010223582206,24.5,7,2.03,81.18571428571428,7,0.8888888888888888
452104,2016,Chase Headley,,8,2,10,25.8,12.740398482290383,24.8625,8,2.0425,82.7125,6,0.8
593160,2016,Whit Merrifield,,8,3,11,29.0,12.740228833745572,24.962500000000002,8,2.0324999999999998,81.3625,5,0.7272727272727273
543590,2016,Kirk Nieuwenhuis,,8,9,17,27.1,12.464601622100874,25.284615384615385,13,2.019230769230769,81.22307692307693,-1,0.47058823529411764
542364,2016,Rafael Ortega,,8,3,11,28.2,10.174412396484447,21.73,10,2.011111111111111,81.15555555555555,5,0.7272727272727273
493351,2016,Alexei Ramirez,,8,9,17,26.6,10.63712494932805,21.91818181818182,11,2.0025,81.68333333333334,-1,0.47058823529411764
502210,2016,Josh Reddick,,8,3,11,27.4,12.995663684788523,26.066666666666666,6,2.0566666666666666,79.68333333333334,5,0.7272727272727273
461865,2016,Andrew Romine,,8,0,8,28.0,12.775998615230725,24.166666666666668,6,2.0016666666666665,81.53333333333333,8,1.0
596115,2016,Trevor Story,,8,5,13,29.6,11.163198296417205,23.87777777777778,9,1.9911111111111108,81.24444444444445,3,0.6153846153846154
458015,2016,Joey Votto,,8,1,9,25.0,15.779901810360846,31.233333333333334,3,2.03,81.0,7,0.8888888888888888
571437,2016,Aaron Altherr,,7,2,9,28.8,11.1671383388243,23.066666666666666,6,2.07,79.86666666666666,5,0.7777777777777778
493114,2016,Norichika Aoki,,7,9,16,27.2,10.50664831664732,21.46153846153846,13,2.0475,79.96666666666667,-2,0.4375
485567,2016,Ezequiel Carrera,,7,4,11,28.2,10.745236990053211,22.977777777777778,9,2.0266666666666664,81.14444444444445,3,0.6363636363636364
543063,2016,Brandon Crawford,,7,0,7,26.7,15.16606261944102,28.724999999999998,4,2.0175,82.075,7,1.0
518626,2016,Josh Donaldson,,7,1,8,27.1,14.696637881855777,27.714285714285715,7,2.0,82.82857142857142,6,0.875
544369,2016,Didi Gregorius,,7,1,8,28.1,10.189763259196951,22.15,4,2.03,81.675,6,0.875
578428,2016,Jose Iglesias,,7,4,11,28.5,10.285191519144943,21.099999999999998,11,2.02,82.38,3,0.6363636363636364
543434,2016,Brett Lawrie,,7,3,10,28.9,11.609351224602195,22.75,6,2.052857142857143,79.85714285714286,4,0.7
456030,2016,Dustin Pedroia,,7,4,11,26.5,13.45732380148406,25.0625,8,2.0475,79.725,3,0.6363636363636364
572039,2016,Stephen Piscotty,,7,5,12,27.2,13.065434575630496,25.444444444444443,9,2.0124999999999997,81.6125,2,0.5833333333333334
519306,2016,Steven Souza Jr.,,7,6,13,28.7,10.091550735308747,22.28,10,2.0149999999999997,81.31,1,0.5384615384615384
543939,2016,Kolten Wong,,7,0,7,27.5,9.532919489290114,21.114285714285717,7,1.99,82.91428571428571,7,1.0
453923,2016,Grégor Blanco,,6,3,9,28.2,9.492044515832564,20.683333333333334,6,1.9716666666666667,81.25,3,0.6666666666666666
488721,2016,Peter Bourjos,,6,4,10,29.5,9.231351894562014,20.400000000000002,7,1.967142857142857,83.3,2,0.6
465041,2016,Francisco Cervelli,,6,2,8,25.7,12.702891738449777,23.314285714285713,7,2.0357142857142856,79.24285714285715,4,0.75
502082,2016,Lonnie Chisenhall,,6,0,6,26.9,10.144145207304819,18.75,4,2.0275,83.25,6,1.0
425783,2016,Shin-Soo Choo,,6,3,9,25.5,11.63997018121856,24.05,6,2.008,81.9,3,0.6666666666666666
594807,2016,Adam Duvall,,6,5,11,28.3,8.943311000233184,20.857142857142858,7,2.0357142857142856,81.02857142857144,1,0.5454545454545454
523253,2016,Logan Forsythe,,6,6,12,27.7,10.172984548449618,20.71818181818182,11,1.9981818181818183,82.0,0,0.5
545338,2016,Nick Franklin,,6,1,7,27.0,13.265477848253516,24.3,6,1.97,81.84285714285714,5,0.8571428571428571
518692,2016,Freddie Freeman,,6,1,7,26.3,13.032522364086079,25.525,4,2.0,83.6,5,0.8571428571428571
596146,2016,Max Kepler,,6,2,8,28.1,10.923473163096704,22.5,8,1.98875,83.2875,4,0.75
571875,2016,Jake Lamb,,6,1,7,27.2,13.602675824640691,24.166666666666668,3,1.9925,83.175,5,0.8571428571428571
457705,2016,Andrew McCutchen,,6,7,13,29.1,10.654559680943178,23.16,10,2.0145454545454546,81.38181818181819,-1,0.46153846153846156
543543,2016,Brad Miller,,6,4,10,27.8,12.070690159802124,24.369999999999997,10,1.9899999999999998,83.14,2,0.6
571980,2016,Tyler Naquin,,6,3,9,28.2,8.571290863259932,19.88,5,2.0740000000000003,80.4,3,0.6666666666666666
502523,2016,Shawn O'Malley,,6,2,8,29.4,10.276199872596242,22.240000000000002,5,2.02,81.88333333333334,4,0.75
467827,2016,Gerardo Parra,,6,4,10,26.4,12.61542739634759,26.025,8,1.99125,80.95,2,0.6
592626,2016,Joc Pederson,,6,2,8,26.5,13.440412939318987,26.975,4,2.04,80.075,4,0.75
457763,2016,Buster Posey,,6,1,7,25.2,12.791288817500769,23.900000000000002,3,2.0233333333333334,81.46666666666667,5,0.8571428571428571
450314,2016,Ben Zobrist,,6,4,10,27.3,12.595474577548504,24.042857142857144,7,2.01,81.96249999999999,2,0.6
605113,2016,Nick Ahmed,,5,2,7,28.5,16.307315442064468,33.06666666666667,3,1.98,85.25,3,0.7142857142857143
452678,2016,Asdrúbal Cabrera,,5,1,6,25.5,11.671681576057386,22.96666666666667,3,2.0420000000000003,81.2,4,0.8333333333333334
621311,2016,David Dahl,,5,0,5,28.5,13.377035782537725,25.825,4,2.0,83.8,5,1.0
545341,2016,Randal Grichuk,,5,4,9,28.5,9.323781612055573,20.422222222222224,9,2.0066666666666664,81.64444444444445,1,0.5555555555555556
543333,2016,Eric Hosmer,,5,3,8,26.2,13.055060542287109,22.475,4,2.02,81.64,2,0.625
502517,2016,Daniel Murphy,,5,3,8,26.5,12.064753902095338,23.12857142857143,7,1.9857142857142858,83.44285714285715,2,0.625
435063,2016,Mike Napoli,,5,1,6,24.9,7.544345048506314,17.566666666666666,6,2.038333333333333,81.76666666666667,4,0.8333333333333334
605412,2016,Joe Panik,,5,0,5,26.5,9.129526518393904,21.75,4,1.9475,84.32499999999999,5,1.0
607054,2016,Jace Peterson,,5,5,10,28.8,10.005501038576956,21.0125,8,2.0188888888888887,80.86666666666666,0,0.5
624577,2016,Yasiel Puig,,5,2,7,28.1,10.412896358044348,21.72,5,1.97,83.72,3,0.7142857142857143
596451,2016,Roman Quinn,,5,1,6,30.0,11.28566278006429,24.8,4,2.0575,79.4,4,0.8333333333333334
276519,2016,Jimmy Rollins,,5,2,7,26.9,12.861628626030182,25.02,5,2.0300000000000002,81.4,3,0.7142857142857143
592696,2016,Eddie Rosario,,5,2,7,28.4,10.980373482518479,22.366666666666664,6,2.0,81.68333333333334,3,0.7142857142857143
608365,2016,Addison Russell,,5,1,6,28.5,9.698907561777538,21.71666666666667,6,2.025,80.55,4,0.8333333333333334
467793,2016,Carlos Santana,,5,2,7,25.9,9.496425047776407,18.36,5,2.0616666666666665,81.71666666666667,3,0.7142857142857143
543768,2016,Travis Shaw,,5,1,6,26.2,14.107183066996457,27.75,4,2.0575,77.85,4,0.8333333333333334
572204,2016,Trayce Thompson,,5,1,6,28.3,10.504129393189867,21.925,4,2.09,77.96000000000001,4,0.8333333333333334
605509,2016,Kelby Tomlinson,,5,1,6,28.1,11.76711906278616,23.349999999999998,6,2.005,81.8,4,0.8333333333333334
150029,2016,Jayson Werth,,5,1,6,25.8,12.066770127677472,23.6,4,2.045,80.81666666666666,4,0.8333333333333334
457803,2016,Jay Bruce,,4,2,6,26.8,16.300473481606094,29.04,5,2.022,80.44,2,0.6666666666666666
446359,2016,Zack Cozart,,4,1,5,25.9,11.999162555739144,23.259999999999998,5,2.01,83.35,3,0.8
457477,2016,Alejandro De Aza,,4,3,7,27.6,12.47053130972051,24.200000000000003,2,1.94,86.0,1,0.5714285714285714
649557,2016,Aledmys Díaz,,4,4,8,29.1,9.97785162987219,22.02,5,2.006,81.34,0,0.5
624428,2016,Adam Frazier,,4,1,5,27.8,13.976696485448105,27.22,5,2.084,78.0,3,0.8
541645,2016,Avisaíl García,,4,4,8,29.1,9.06647420167366,19.85,8,2.025,82.4,0,0.5
543213,2016,Johnny Giavotella,,4,3,7,27.7,12.43012800842059,24.416666666666668,6,2.0066666666666664,82.0,1,0.5714285714285714
434158,2016,Curtis Granderson,,4,2,6,27.3,13.313648987737396,24.26666666666667,3,2.0166666666666666,81.7,2,0.6666666666666666
431094,2016,Aaron Hill,,4,2,6,27.3,12.446209903899751,23.8,4,2.065,80.15,2,0.6666666666666666
571788,2016,Brock Holt,,4,3,7,28.2,11.493495527182784,23.125,4,2.035,81.925,1,0.5714285714285714
501571,2016,Juan Lagares,,4,2,6,28.9,11.139208818230674,23.78,5,1.9579999999999997,84.96000000000001,2,0.6666666666666666
489149,2016,Logan Morrison,,4,2,6,26.8,12.363846389895286,25.3,5,1.97,83.86,2,0.6666666666666666
593871,2016,Jorge Polanco,,4,3,7,28.8,8.91294262053588,20.9,5,2.0,83.075,1,0.5714285714285714
572073,2016,Joey Rickard,,4,1,5,28.2,9.833937380558979,21.225,4,1.988,83.58,3,0.8
581527,2016,Devon Travis,,4,1,5,27.2,14.030158850081614,29.1,5,1.9979999999999998,81.32000000000001,3,0.8
457759,2016,Justin Turner,,4,1,5,26.2,14.853845367015706,27.96666666666667,3,1.99,80.825,3,0.8
547172,2016,Tony Wolters,,4,1,5,27.2,10.986312460186326,22.5,1,2.0149999999999997,83.3,3,0.8
455759,2016,Chris Young,,4,2,6,27.7,15.928732267985831,30.225,4,2.0100000000000002,83.14,2,0.6666666666666666
430947,2016,Erick Aybar,,3,5,8,27.8,10.004581789309363,20.766666666666666,6,2.0428571428571427,81.02857142857144,-2,0.375
446386,2016,Brandon Guyer,,3,2,5,27.9,10.912082045029258,23.080000000000002,5,2.042,81.94,1,0.6
543305,2016,Aaron Hicks,,3,4,7,28.4,10.789724707120675,21.53333333333333,6,1.9933333333333334,82.38333333333334,-1,0.42857142857142855
425877,2016,Yadier Molina,,3,2,5,23.8,12.572509264143822,20.7,1,2.0,80.1,1,0.6
519203,2016,Anthony Rizzo,,3,5,8,25.9,11.411425559216198,23.316666666666666,6,2.0166666666666666,81.96666666666665,-2,0.375
453203,2016,Shane Robinson,,3,2,5,28.9,10.872624920372651,22.8,4,2.0233333333333334,83.83333333333333,1,0.6
608369,2016,Corey Seager,,3,3,6,26.6,13.162065601319165,24.7,3,2.026666666666667,82.26666666666667,0,0.5
543776,2016,JB Shuck,,3,3,6,28.9,13.729779073311901,26.75,4,2.0675,81.4,0,0.5
571448,2016,Nolan Arenado,,2,3,5,26.3,10.962714376716969,20.72,5,2.02,81.96000000000001,-1,0.4
594777,2016,Kole Calhoun,,2,3,5,26.0,11.57019201263089,22.525,4,2.024,80.78,-1,0.4
596847,2016,Ji Man Choi,,2,4,6,25.9,11.768495527182782,23.7,4,2.0433333333333334,79.76666666666667,-2,0.3333333333333333
543068,2016,C.J. Cron,,2,3,5,26.1,9.249011022788343,20.35,4,2.0300000000000002,81.875,-1,0.4
543257,2016,Robbie Grossman,,2,3,5,27.8,7.042264026356638,17.52,5,1.97,82.22,-1,0.4
570267,2016,Domingo Santana,,2,3,5,27.1,10.018495527182782,20.1,2,2.0666666666666664,80.86666666666666,-1,0.4
594988,2016,Scott Schebler,,2,4,6,28.2,10.382466070291036,20.8,5,1.968,83.3,-2,0.3333333333333333
519333,2016,Matt Szczur,,2,4,6,28.3,10.086312460186326,20.7,3,1.96,82.83333333333333,-2,0.3333333333333333
630111,2016,Yasmany Tomás,,2,4,6,27.0,14.186809073038187,26.459999999999997,5,2.0,82.86,-2,0.3333333333333333
543829,2017,Dee Strange-Gordon,,60,16,76,29.4,11.423707804972722,24.212857142857143,70,2.023235294117647,81.66617647058824,44,0.7894736842105263
571740,2017,Billy Hamilton,,59,13,72,30.1,11.933288605161176,24.983333333333334,60,1.9973015873015874,81.86984126984127,46,0.8194444444444444
607208,2017,Trea Turner,,46,8,54,30.3,12.383316049399447,25.55744680851064,47,2.0391666666666666,81.49791666666667,38,0.8518518518518519
593160,2017,Whit Merrifield,,34,8,42,29.2,11.393366021577837,23.444117647058825,34,2.0391176470588235,81.18823529411765,26,0.8095238095238095
457727,2017,Cameron Maybin,,33,8,41,28.7,11.573018942799308,24.0258064516129,31,2.0175,82.003125,25,0.8048780487804879
514888,2017,Jose Altuve,,32,6,38,28.4,11.75355556381847,24.14,35,2.036285714285714,80.97428571428571,26,0.8421052631578947
621439,2017,Byron Buxton,,29,1,30,30.5,10.653728727575775,22.183333333333334,24,1.9956,82.296,28,0.9666666666666667
434658,2017,Rajai Davis,,29,7,36,29.6,11.887652371003696,25.48,25,2.0076923076923077,82.56153846153846,22,0.8055555555555556
592261,2017,Delino DeShields,,29,8,37,30.0,11.942335243045305,24.413793103448278,29,2.019310344827586,82.06896551724138,21,0.7837837837837838
502481,2017,Jarrod Dyson,,28,7,35,28.1,10.64001542083051,21.990000000000002,30,2.0161290322580645,81.78387096774195,21,0.8
605141,2017,Mookie Betts,,26,3,29,27.9,13.820297791228358,27.095652173913045,23,1.9963636363636363,83.17727272727274,23,0.896551724137931
456715,2017,Lorenzo Cain,,26,2,28,28.7,13.01746607029104,26.060000000000002,20,2.0238095238095237,81.26190476190476,24,0.9285714285714286
462101,2017,Elvis Andrus,,25,10,35,27.3,12.370216796108496,25.267857142857142,28,2.022666666666667,81.58,15,0.7142857142857143
502054,2017,Tommy Pham,,25,7,32,28.7,12.10257661948897,25.318181818181817,22,1.9995652173913043,82.74347826086957,18,0.78125
456488,2017,Eduardo Núñez,,24,7,31,27.9,12.151511412190946,24.508000000000003,25,2.0142307692307693,81.46923076923076,17,0.7741935483870968
408314,2017,José Reyes,,24,6,30,27.4,12.061917961224072,25.839130434782607,23,2.026086956521739,80.7,18,0.8
458731,2017,Brett Gardner,,23,5,28,28.8,12.052509596477375,24.02962962962963,27,2.0088888888888885,81.3851851851852,18,0.8214285714285714
606299,2017,José Peraza,,23,8,31,28.9,11.348569169412148,23.05,20,1.985238095238095,82.78095238095239,15,0.7419354838709677
542340,2017,Jonathan Villar,,23,8,31,27.9,12.199518039325946,26.53076923076923,26,2.01,82.22592592592592,15,0.7419354838709677
453056,2017,Jacoby Ellsbury,,22,3,25,28.1,11.452607571938326,23.155,20,2.017,81.63,19,0.88
542255,2017,Ender Inciarte,,22,9,31,27.1,10.708524232457476,23.415384615384614,26,2.0115384615384615,82.63461538461539,13,0.7096774193548387
516416,2017,Jean Segura,,22,8,30,27.1,11.746401498965612,22.746153846153845,26,2.000384615384615,82.10384615384615,14,0.7333333333333333
545361,2017,Mike Trout,,22,4,26,29.3,10.271776251448774,21.061111111111114,18,2.033333333333333,81.27777777777777,18,0.8461538461538461
542979,2017,Keon Broxton,,21,7,28,29.9,11.323438278025503,23.614285714285717,21,1.9957142857142856,81.72380952380952,14,0.75
516782,2017,Starling Marte,,21,4,25,28.8,9.745645431629967,20.855,20,1.9852941176470589,82.31176470588235,17,0.84
519184,2017,Ben Revere,,21,6,27,27.6,12.085221666917015,23.172727272727272,22,2.0336363636363637,81.15454545454546,15,0.7777777777777778
643217,2017,Andrew Benintendi,,20,5,25,28.3,10.771839179744056,22.96315789473684,19,2.0216666666666665,81.73888888888888,15,0.8
571976,2017,Wil Myers,,20,6,26,28.5,13.88719155104113,26.688888888888886,18,2.0116666666666667,82.92222222222222,14,0.7692307692307693
572041,2017,AJ Pollock,,20,6,26,28.6,15.145109293845717,28.69090909090909,22,1.983888888888889,82.63888888888889,14,0.7692307692307693
592743,2017,Andrelton Simmons,,19,6,25,27.5,11.317389320361652,24.447619047619046,21,2.026190476190476,81.64285714285714,13,0.76
502671,2017,Paul Goldschmidt,,18,5,23,26.8,14.187646517299044,27.2,15,2.0056249999999998,81.71875,13,0.782608695652174
605548,2017,Bradley Zimmer,,18,1,19,30.0,10.64102350552983,22.49285714285714,14,2.0,82.71428571428571,17,0.9473684210526315
608324,2017,Alex Bregman,,17,5,22,27.6,11.278977804270744,24.01578947368421,19,2.0305263157894737,81.30526315789473,12,0.7727272727272727
622534,2017,Manuel Margot,,17,7,24,29.4,11.175433972481008,23.094444444444445,18,2.0305555555555554,80.87777777777778,10,0.7083333333333334
608070,2017,José Ramírez,,17,5,22,27.9,12.639950905180422,25.11111111111111,18,2.023888888888889,81.53888888888889,12,0.7727272727272727
621035,2017,Chris Taylor,,17,4,21,29.0,13.33390291275068,25.641176470588235,17,1.9933333333333332,82.5,13,0.8095238095238095
572191,2017,Michael A. Taylor,,17,7,24,28.8,11.025408690826918,25.195,20,2.0085,83.27000000000001,10,0.7083333333333334
572821,2017,Brian Dozier,,16,7,23,27.1,12.924273112229507,24.721052631578946,19,2.0026315789473683,82.06315789473685,9,0.6956521739130435
595281,2017,Kevin Kiermaier,,16,7,23,29.3,12.767663865733368,25.175,20,1.9826666666666666,83.96666666666667,9,0.6956521739130435
605480,2017,Mallex Smith,,16,5,21,30.0,10.591827955791885,23.41875,16,2.000625,81.5375,11,0.7619047619047619
519306,2017,Steven Souza Jr.,,16,4,20,28.9,12.413627623874108,26.46923076923077,13,2.0130769230769228,81.76923076923077,12,0.8
592885,2017,Christian Yelich,,16,2,18,28.4,11.534841807483831,23.45,14,2.0535714285714284,79.55714285714285,14,0.8888888888888888
641313,2017,Tim Anderson,,15,1,16,28.7,12.961108881932551,26.540000000000003,15,2.004,82.15333333333334,14,0.9375
453923,2017,Grégor Blanco,,15,1,16,28.9,12.433549893374012,24.325,12,2.0035714285714286,82.54285714285713,14,0.9375
593428,2017,Xander Bogaerts,,15,1,16,28.3,14.923769089100514,28.3375,8,2.017,81.97,14,0.9375
435622,2017,Ian Desmond,,15,4,19,27.7,10.064315114686337,21.86923076923077,13,1.9924999999999997,82.97500000000001,11,0.7894736842105263
514917,2017,César Hernández,,15,5,20,29.4,8.907620109505155,19.970588235294116,17,2.04,80.99333333333334,10,0.75
596019,2017,Francisco Lindor,,15,3,18,28.0,11.658993290774175,23.5,16,2.0121428571428575,82.27142857142857,12,0.8333333333333334
596059,2017,Rougned Odor,,15,6,21,28.1,10.474583992310716,22.58421052631579,19,2.0247058823529414,81.79411764705883,9,0.7142857142857143
607680,2017,Kevin Pillar,,15,6,21,27.8,12.440863935458523,25.347058823529412,17,2.00375,82.6125,9,0.7142857142857143
624577,2017,Yasiel Puig,,15,6,21,28.1,10.549180671333154,22.85625,16,2.0266666666666664,80.60666666666665,9,0.7142857142857143
570267,2017,Domingo Santana,,15,4,19,27.2,14.243796272196128,26.59166666666667,12,2.0083333333333333,82.53333333333333,11,0.7894736842105263
606115,2017,Orlando Arcia,,14,7,21,27.2,11.468711182499229,24.60666666666667,15,1.9938461538461536,81.36153846153846,7,0.6666666666666666
453568,2017,Charlie Blackmon,,14,10,24,28.2,11.446439818491564,23.30526315789474,19,2.004210526315789,82.71052631578948,4,0.5833333333333334
520471,2017,Freddy Galvis,,14,5,19,27.3,12.08296918725918,24.922222222222224,18,2.041764705882353,80.82352941176471,9,0.7368421052631579
435079,2017,Ian Kinsler,,14,5,19,26.9,13.374100780707403,25.62777777777778,18,2.0094117647058822,81.84117647058824,9,0.7368421052631579
457708,2017,Justin Upton,,14,5,19,28.3,11.866455440450459,22.623529411764707,17,2.036470588235294,80.91764705882352,9,0.7368421052631579
460576,2017,Carlos Gómez,,13,5,18,28.0,11.028062407101427,23.279999999999998,15,2.0033333333333334,82.23333333333333,8,0.7222222222222222
593871,2017,Jorge Polanco,,13,5,18,28.4,12.83127343302575,24.576923076923077,13,2.0076923076923077,82.16153846153846,8,0.7222222222222222
541650,2017,Hernán Pérez,,13,4,17,28.3,14.378177054566452,27.354545454545452,11,2.005,81.99166666666666,9,0.7647058823529411
460075,2017,Ryan Braun,,12,4,16,27.1,13.495999244671305,26.254545454545454,11,1.9872727272727273,82.37272727272727,8,0.75
425783,2017,Shin-Soo Choo,,12,3,15,26.2,12.654185516504977,25.288888888888888,9,1.9866666666666666,82.37777777777778,9,0.8
543281,2017,Josh Harrison,,12,4,16,27.6,12.282092012841439,24.846153846153847,13,1.9907692307692306,83.44615384615385,8,0.75
491676,2017,Gorkys Hernández,,12,4,16,29.0,10.775583681830566,22.984615384615385,13,2.015833333333333,82.275,8,0.75
435062,2017,Howie Kendrick,,12,5,17,26.7,13.49932912220807,25.146153846153844,13,1.996923076923077,82.0076923076923,7,0.7058823529411765
600301,2017,Taylor Motter,,12,1,13,26.7,11.89314466447028,23.5,10,2.071,79.82000000000001,11,0.9230769230769231
572008,2017,Chris Owings,,12,2,14,28.3,13.431349281301008,27.525,8,2.0225,81.525,10,0.8571428571428571
543760,2017,Marcus Semien,,12,1,13,28.4,12.5184839615599,24.619999999999997,10,2.037272727272727,80.60909090909091,11,0.9230769230769231
452655,2017,Denard Span,,12,7,19,27.5,11.069779454652224,23.176923076923078,13,2.017777777777778,81.52222222222223,5,0.631578947368421
458913,2017,Eric Young Jr.,,12,3,15,28.9,12.36996156296226,24.415384615384614,13,2.0391666666666666,81.075,9,0.8
430947,2017,Erick Aybar,,11,4,15,26.7,11.894374266387853,22.763636363636365,11,2.0290909090909093,80.74545454545454,7,0.7333333333333333
488726,2017,Michael Brantley,,11,1,12,26.0,12.939828811842398,24.845454545454547,11,2.028181818181818,80.69090909090909,10,0.9166666666666666
593700,2017,Alen Hanson,,11,3,14,29.2,10.182806390260241,22.458333333333332,12,2.0258333333333334,81.0,8,0.7857142857142857
457705,2017,Andrew McCutchen,,11,5,16,28.8,13.027035782537725,25.133333333333336,12,2.0025,81.95,6,0.6875
408252,2017,Brandon Phillips,,11,8,19,26.0,11.78535956224867,25.335714285714285,14,2.015,82.92857142857143,3,0.5789473684210527
605486,2017,Cory Spangenberg,,11,3,14,28.6,12.547951366770182,25.4,9,2.0066666666666664,81.88888888888889,8,0.7857142857142857
572669,2017,Lane Adams,,10,0,10,29.9,9.972978674490877,21.5375,8,2.017142857142857,82.25714285714285,10,1.0
493114,2017,Norichika Aoki,,10,2,12,27.2,13.927261980597473,26.858333333333334,12,2.043,80.6,8,0.8333333333333334
641355,2017,Cody Bellinger,,10,3,13,28.8,11.634716223076001,23.9,9,2.0044444444444443,82.98888888888888,7,0.7692307692307693
595879,2017,Javier Báez,,10,3,13,28.5,10.336511022788343,22.4875,8,2.01125,80.9125,7,0.7692307692307693
485567,2017,Ezequiel Carrera,,10,1,11,28.0,11.61752176093659,24.11111111111111,9,2.0462499999999997,81.25,9,0.9090909090909091
594694,2017,Wilmer Difo,,10,1,11,29.1,10.144265112025717,21.16,10,2.006,82.97999999999999,9,0.9090909090909091
543305,2017,Aaron Hicks,,10,5,15,28.4,12.573859916360664,24.807692307692307,13,1.9876923076923076,83.03076923076924,5,0.6666666666666666
519203,2017,Anthony Rizzo,,10,4,14,25.7,14.838810276862615,29.541666666666668,12,2.0166666666666666,81.85833333333333,6,0.7142857142857143
543768,2017,Travis Shaw,,10,0,10,25.7,18.029348313503917,34.74444444444444,9,2.001,81.57000000000001,10,1.0
624428,2017,Adam Frazier,,9,5,14,27.5,9.135878250748029,20.684615384615384,13,1.9984615384615385,82.4076923076923,4,0.6428571428571429
452104,2017,Chase Headley,,9,2,11,25.3,13.088247141986619,24.6,9,2.001111111111111,81.69999999999999,7,0.8181818181818182
592450,2017,Aaron Judge,,9,4,13,28.0,12.25443977622228,23.925,8,2.0014285714285713,81.51428571428572,5,0.6923076923076923
592518,2017,Manny Machado,,9,4,13,26.3,10.915384877661431,22.366666666666664,9,2.01875,82.2375,5,0.6923076923076923
545350,2017,Jake Marisnick,,9,4,13,29.1,10.630453418999076,23.28,10,2.017272727272727,82.52727272727273,5,0.6923076923076923
425877,2017,Yadier Molina,,9,4,13,23.8,15.681617060407296,30.089999999999996,10,2.02,82.55454545454546,5,0.6923076923076923
592696,2017,Eddie Rosario,,9,8,17,27.5,12.120054860751681,24.057142857142857,14,2.0014285714285713,81.82857142857142,1,0.5294117647058824
605509,2017,Kelby Tomlinson,,9,1,10,28.0,12.90769201263089,25.175,8,2.0,82.7125,8,0.9
501303,2017,Ehire Adrianza,,8,1,9,27.1,12.582447817132483,26.46666666666667,6,2.0357142857142856,81.10000000000001,7,0.8888888888888888
645277,2017,Ozzie Albies,,8,1,9,28.7,9.922417998351042,21.916666666666668,6,2.02,81.95,7,0.8888888888888888
598265,2017,Jackie Bradley Jr.,,8,3,11,27.4,12.933855864909367,25.857142857142858,7,2.0157142857142856,82.17142857142858,5,0.7272727272727273
641553,2017,Adam Engel,,8,1,9,30.4,9.470298311758105,21.02857142857143,7,2.0157142857142856,80.61428571428571,7,0.8888888888888888
518692,2017,Freddie Freeman,,8,5,13,26.6,11.347366042990233,23.071428571428573,7,1.9828571428571427,82.64285714285714,3,0.6153846153846154
544725,2017,Leury García,,8,5,13,28.6,11.539847444169618,23.433333333333334,12,2.004166666666667,81.77499999999999,3,0.6153846153846154
503556,2017,Marwin Gonzalez,,8,3,11,26.7,9.414141397189713,21.271428571428572,7,2.047142857142857,80.47142857142858,5,0.7272727272727273
664023,2017,Ian Happ,,8,4,12,28.8,9.86346236463351,21.509999999999998,10,2.02,81.44,4,0.6666666666666666
546318,2017,Odúbel Herrera,,8,5,13,27.3,10.017483590433129,22.363636363636363,11,2.002,82.45,3,0.6153846153846154
444482,2017,David Peralta,,8,4,12,27.4,13.761357188358485,26.919999999999998,10,1.996,81.6,4,0.6666666666666666
570256,2017,Gregory Polanco,,8,1,9,27.2,10.951681059072111,22.728571428571428,7,2.017142857142857,81.91428571428571,7,0.8888888888888888
592663,2017,J.T. Realmuto,,8,2,10,28.6,13.49963178885317,25.787499999999998,8,2.04,81.55,6,0.8
572073,2017,Joey Rickard,,8,1,9,28.4,11.879751693574068,25.0,5,2.008,82.88000000000001,7,0.8888888888888888
570560,2017,Yolmer Sánchez,,8,9,17,28.4,10.80100246489287,22.75714285714286,14,1.9763636363636363,83.10909090909091,-1,0.47058823529411764
543939,2017,Kolten Wong,,8,2,10,27.5,11.875339297089619,23.616666666666664,6,1.956,84.46,6,0.8
446381,2017,Darwin Barney,,7,2,9,27.4,12.172307220209422,23.339999999999996,5,2.0140000000000002,82.17999999999999,5,0.7777777777777778
592178,2017,Kris Bryant,,7,5,12,28.9,10.370271437671697,20.619999999999997,10,2.026,81.06,2,0.5833333333333334
451594,2017,Dexter Fowler,,7,3,10,28.1,9.006208546813406,20.1125,8,1.9957142857142856,82.47142857142856,4,0.7
608336,2017,Joey Gallo,,7,2,9,27.8,12.769279324546833,25.685714285714287,7,1.9585714285714284,84.28571428571429,5,0.7777777777777778
460086,2017,Alex Gordon,,7,4,11,26.2,9.893043642503079,21.18,10,2.025,81.39,3,0.6363636363636364
578428,2017,Jose Iglesias,,7,4,11,27.9,10.116105990526833,20.7125,8,2.0266666666666664,81.01111111111112,3,0.6363636363636364
501571,2017,Juan Lagares,,7,3,10,28.6,12.029990060406186,24.288888888888888,9,2.017142857142857,81.95714285714287,4,0.7
547982,2017,Leonys Martin,,7,4,11,27.5,9.40376640856505,21.114285714285717,7,1.97875,83.0125,3,0.6363636363636364
502210,2017,Josh Reddick,,7,3,10,27.8,12.619318494722478,24.666666666666668,9,2.0244444444444443,81.04444444444444,4,0.7
543685,2017,Anthony Rendon,,7,2,9,27.5,12.593636261670387,23.875,8,2.0571428571428574,79.41428571428571,5,0.7777777777777778
642708,2017,Amed Rosario,,7,3,10,30.1,9.60004337108581,21.2625,8,1.99,84.93333333333334,4,0.7
542454,2017,Danny Santana,,7,0,7,28.1,12.903431522972488,26.183333333333334,6,2.0033333333333334,81.4,7,1.0
596115,2017,Trevor Story,,7,2,9,29.3,12.177620553725234,24.116666666666664,6,1.982,84.26,5,0.7777777777777778
457759,2017,Justin Turner,,7,1,8,25.5,13.27314466447028,26.28,5,2.01125,82.2625,6,0.875
543877,2017,Christian Vázquez,,7,2,9,25.9,11.81440468606919,24.599999999999998,6,2.0116666666666667,81.28333333333333,5,0.7777777777777778
430832,2017,José Bautista,,6,3,9,25.5,13.063413236055258,26.557142857142857,7,1.9885714285714287,82.24285714285715,3,0.6666666666666666
542921,2017,Tim Beckham,,6,5,11,28.0,10.006866901152602,20.84,10,2.0309999999999997,81.05,1,0.5454545454545454
571718,2017,Brian Goodwin,,6,0,6,27.8,10.886784132343957,23.0,6,2.026666666666667,81.26666666666667,6,1.0
434158,2017,Curtis Granderson,,6,2,8,26.9,13.432465631914072,25.914285714285715,7,2.017142857142857,82.25714285714285,4,0.75
545341,2017,Randal Grichuk,,6,1,7,28.4,8.747044364161425,21.17142857142857,7,2.0342857142857143,80.92857142857143,5,0.8571428571428571
576397,2017,Jedd Gyorko,,6,2,8,25.1,12.770163098573681,23.475,4,2.0149999999999997,82.4,4,0.75
543333,2017,Eric Hosmer,,6,1,7,27.1,15.72264498297967,26.939999999999998,5,2.025,80.975,5,0.8571428571428571
445055,2017,Jon Jay,,6,2,8,26.4,13.156617571847088,26.150000000000002,6,2.033333333333333,79.58333333333333,4,0.75
592444,2017,JaCoby Jones,,6,2,8,29.0,10.32316278006429,22.8375,8,2.0375,81.6125,4,0.75
596146,2017,Max Kepler,,6,1,7,28.0,12.068250053084897,23.433333333333334,6,2.013333333333333,81.48333333333333,5,0.8571428571428571
543401,2017,Jason Kipnis,,6,2,8,27.2,15.424602874795964,28.21666666666667,6,2.045,80.73333333333333,4,0.75
571875,2017,Jake Lamb,,6,4,10,26.9,11.70685533552972,23.72,5,2.042,80.64,2,0.6
518934,2017,DJ LeMahieu,,6,5,11,27.1,12.853426015533017,25.785714285714285,7,2.0033333333333334,81.95,1,0.5454545454545454
446334,2017,Evan Longoria,,6,1,7,27.1,11.476735037524383,24.03333333333333,3,1.99,81.86666666666667,5,0.8571428571428571
543484,2017,Mikie Mahtook,,6,0,6,28.8,14.047256709225824,27.925,4,1.9849999999999999,82.8,6,1.0
457763,2017,Buster Posey,,6,1,7,24.6,14.656425047776409,28.7,5,2.03,81.0,5,0.8571428571428571
461865,2017,Andrew Romine,,6,4,10,27.4,12.876890369499318,24.900000000000002,7,2.0171428571428573,81.10000000000001,2,0.6
400284,2017,Chase Utley,,6,1,7,27.6,14.16821150100862,25.816666666666666,6,1.9628571428571429,84.55714285714285,5,0.8571428571428571
571437,2017,Aaron Altherr,,5,4,9,28.9,11.077731994977782,24.114285714285717,7,2.0242857142857145,80.75714285714285,1,0.5555555555555556
488721,2017,Peter Bourjos,,5,4,9,29.8,11.236293184148186,22.099999999999998,6,2.0285714285714285,81.3,1,0.5555555555555556
594777,2017,Kole Calhoun,,5,1,6,26.4,12.042005963756287,23.900000000000002,3,2.033333333333333,80.76666666666667,4,0.8333333333333334
575929,2017,Willson Contreras,,5,4,9,27.9,12.488762086767272,22.599999999999998,6,2.024,81.46000000000001,1,0.5555555555555556
594807,2017,Adam Duvall,,5,3,8,27.7,10.214883888757754,20.942857142857143,7,2.0066666666666664,82.78333333333333,2,0.625
500871,2017,Eduardo Escobar,,5,1,6,27.6,12.101828860516116,24.316666666666666,6,2.0533333333333332,81.55,4,0.8333333333333334
541645,2017,Avisaíl García,,5,3,8,29.0,9.821674888521713,21.119999999999997,5,1.9780000000000002,81.66,2,0.625
502226,2017,Craig Gentry,,5,4,9,29.2,9.989480694279337,22.271428571428572,7,1.996,81.74,1,0.5555555555555556
571745,2017,Mitch Haniger,,5,4,9,27.9,10.332467093170619,22.900000000000002,6,2.0416666666666665,81.43333333333334,1,0.5555555555555556
571918,2017,Deven Marrero,,5,0,5,27.4,13.878082587863798,27.75,4,2.045,81.825,5,1.0
543543,2017,Brad Miller,,5,3,8,27.7,12.391799041734677,25.650000000000002,6,1.9633333333333332,84.66666666666667,2,0.625
609275,2017,Adalberto Mondesi,,5,2,7,29.1,8.79798349350041,19.416666666666668,6,2.0466666666666664,80.75,3,0.7142857142857143
621433,2017,Brett Phillips,,5,0,5,29.0,10.769203035419233,22.725,4,1.9625,85.225,5,1.0
573135,2017,Tyler Saladino,,5,4,9,28.1,12.910507916285118,26.08888888888889,9,2.02,81.94444444444444,1,0.5555555555555556
467793,2017,Carlos Santana,,5,1,6,26.1,11.361991054365568,22.925,4,2.004,82.26,4,0.8333333333333334
594988,2017,Scott Schebler,,5,3,8,28.3,11.844314855849628,22.025,8,1.98625,82.775,2,0.625
543807,2017,George Springer,,5,7,12,28.0,10.856498899870822,23.166666666666668,9,2.05,79.67,-2,0.4166666666666667
606132,2017,Raimel Tapia,,5,2,7,29.3,10.320569861796786,21.666666666666668,6,2.0016666666666665,83.14999999999999,3,0.7142857142857143
458015,2017,Joey Votto,,5,1,6,24.9,12.487727476659224,27.65,2,1.97,83.3,4,0.8333333333333334
488818,2017,Chase d'Arnaud,,5,1,6,28.7,12.585475015925468,24.94,5,2.016,80.82000000000001,4,0.8333333333333334
605131,2017,Austin Barnes,,4,1,5,27.3,13.468156230093163,27.225,4,2.0374999999999996,81.25,3,0.8
592206,2017,Nick Castellanos,,4,5,9,28.1,11.81734526084591,23.333333333333332,6,2.008,83.16,-1,0.4444444444444444
592230,2017,Kaleb Cowart,,4,2,6,27.4,11.025498147171236,22.94,5,1.9874999999999998,81.7,2,0.6666666666666666
572816,2017,Corey Dickerson,,4,3,7,27.6,11.43290296697171,24.099999999999998,7,1.9783333333333333,83.8,1,0.5714285714285714
649557,2017,Aledmys Díaz,,4,1,5,28.5,10.582240895110873,23.5,3,1.9575,84.0,3,0.8
640447,2017,Phillip Ervin,,4,1,5,29.1,10.22536821114683,21.7,4,2.0675,78.2,3,0.8
444876,2017,Alcides Escobar,,4,7,11,27.7,10.82328905752329,21.712500000000002,8,2.025,81.8875,-3,0.36363636363636365
457787,2017,Danny Espinosa,,4,5,9,27.6,10.853431522972487,22.03333333333333,3,2.0433333333333334,79.0,-1,0.4444444444444444
453943,2017,Todd Frazier,,4,3,7,26.5,11.430796964580766,21.674999999999997,4,1.9849999999999999,82.525,1,0.5714285714285714
592325,2017,Ben Gamel,,4,1,5,28.4,9.657557060954726,20.34,5,2.0420000000000003,81.16,3,0.8
547180,2017,Bryce Harper,,4,2,6,27.7,8.61923194947644,19.7,1,1.9,87.0,2,0.6666666666666666
588751,2017,Adeiny Hechavarría,,4,1,5,28.0,9.245618051892132,21.8,4,1.9566666666666668,83.73333333333333,3,0.8
518792,2017,Jason Heyward,,4,4,8,27.1,11.1625,22.325,8,1.9825,81.7625,0,0.5
459964,2017,Matt Joyce,,4,1,5,26.5,11.499011022788343,24.8,4,2.03,80.9,3,0.8
605412,2017,Joe Panik,,4,1,5,26.1,10.944513418451647,21.549999999999997,2,2.046666666666667,81.13333333333334,3,0.8
592626,2017,Joc Pederson,,4,3,7,26.5,8.505544409662768,20.15,2,2.05,82.4,1,0.5714285714285714
456030,2017,Dustin Pedroia,,4,3,7,26.1,12.455316165843854,23.66,5,2.052,79.8,1,0.5714285714285714
517369,2017,José Pirela,,4,3,7,29.0,11.765174714834572,23.957142857142856,7,1.9957142857142856,83.67142857142858,1,0.5714285714285714
608701,2017,Rob Refsnyder,,4,1,5,27.3,14.112669648544811,28.15,4,2.03,80.9,3,0.8
608369,2017,Corey Seager,,4,2,6,26.8,11.326017891268863,22.2,2,2.04,81.85,2,0.6666666666666666
553993,2017,Eugenio Suárez,,4,5,9,26.9,9.513167795716045,19.84,5,2.0460000000000003,81.03999999999999,-1,0.4444444444444444
519346,2017,Eric Thames,,4,2,6,27.1,10.010236740803046,18.3,4,2.025,81.275,2,0.6666666666666666
581527,2017,Devon Travis,,4,2,6,27.4,13.977743290774177,28.15,4,2.075,77.1,2,0.6666666666666666
150029,2017,Jayson Werth,,4,3,7,25.6,11.830176198515938,25.525,4,2.0,84.46666666666667,1,0.5714285714285714
605113,2017,Nick Ahmed,,3,4,7,28.2,13.81371645387088,28.475,4,1.968,83.17999999999999,-1,0.42857142857142855
571448,2017,Nolan Arenado,,3,2,5,25.7,11.901017891268863,23.35,4,1.9525,84.45,1,0.6
474832,2017,Brandon Belt,,3,2,5,26.7,12.492788018946335,24.025,4,2.0525,79.175,1,0.6
452678,2017,Asdrúbal Cabrera,,3,2,5,25.2,9.446635943160995,21.775,4,2.055,79.4,1,0.6
543063,2017,Brandon Crawford,,3,5,8,26.0,10.197964217462273,21.325,4,1.95,84.775,-2,0.375
543068,2017,C.J. Cron,,3,2,5,25.9,9.674434504850632,19.633333333333333,3,1.9733333333333334,83.33333333333333,1,0.6
605233,2017,Derek Fisher,,3,3,6,29.4,10.240441853376193,21.95,4,2.0175,81.875,0,0.5
523253,2017,Logan Forsythe,,3,2,5,27.5,6.277264537796429,17.099999999999998,3,2.1,77.5,1,0.6
571697,2017,Scooter Gennett,,3,2,5,26.4,8.144797444625809,18.599999999999998,3,2.033333333333333,79.93333333333334,1,0.6
572365,2017,Ryan Goins,,3,2,5,26.6,8.730166560496869,18.900000000000002,3,1.97,84.60000000000001,1,0.6
493329,2017,Yuli Gurriel,,3,2,5,26.9,12.343854100310542,25.566666666666666,3,2.0500000000000003,80.86666666666667,1,0.6
660162,2017,Yoán Moncada,,3,2,5,28.9,10.141108881932553,20.880000000000003,5,2.016,81.88,1,0.6
572039,2017,Stephen Piscotty,,3,6,9,26.8,8.99682004873441,21.4875,8,2.02,82.01428571428572,-3,0.3333333333333333
519299,2017,Eric Sogard,,3,3,6,26.6,14.794542332508854,30.575000000000003,4,2.008,82.06,0,0.5
621020,2017,Dansby Swanson,,3,3,6,28.7,11.497256709225823,22.8,4,2.0275,79.5,0,0.5
455759,2017,Chris Young,,3,2,5,27.6,15.100413844043217,28.166666666666668,3,2.07,79.86666666666667,1,0.6
605137,2017,Josh Bell,,2,4,6,27.2,8.94066805143594,19.266666666666666,6,1.9966666666666668,81.43333333333334,-2,0.3333333333333333
467827,2017,Gerardo Parra,,2,5,7,26.4,12.981997444104447,26.057142857142857,7,2.0014285714285713,81.74285714285715,-3,0.2857142857142857
452254,2017,Hunter Pence,,2,3,5,28.6,10.004562513271225,19.833333333333332,3,1.9966666666666668,81.06666666666666,-1,0.4
488862,2017,Yunel Escobar,,1,4,5,25.4,11.47160702910379,24.45,4,2.06,80.42,-3,0.2
628338,2017,Guillermo Heredia,,1,5,6,28.6,9.258258786379736,20.4,4,1.9875,84.05,-4,0.16666666666666666
593160,2018,Whit Merrifield,,45,10,55,29.0,13.456865731204054,26.278260869565216,46,2.021777777777778,81.97333333333334,35,0.8181818181818182
607208,2018,Trea Turner,,43,9,52,30.1,11.791394763664583,24.290243902439023,41,2.0115,82.22999999999999,34,0.8269230769230769
605480,2018,Mallex Smith,,40,12,52,29.8,10.65972943908223,23.357142857142858,42,2.0142499999999997,81.35499999999999,28,0.7692307692307693
542340,2018,Jonathan Villar,,35,5,40,27.6,12.639892149916957,26.192857142857143,28,2.0304166666666665,81.50416666666666,30,0.875
571740,2018,Billy Hamilton,,34,10,44,30.1,12.812060028372771,25.49722222222222,36,1.9897297297297298,83.37027027027027,24,0.7727272727272727
608070,2018,José Ramírez,,34,6,40,27.4,12.675221379050212,25.016666666666666,24,1.9947619047619047,82.74761904761905,28,0.85
516782,2018,Starling Marte,,33,14,47,28.6,11.108914891847816,22.73611111111111,36,2.016857142857143,82.02571428571429,19,0.7021276595744681
609275,2018,Adalberto Mondesi,,32,7,39,29.9,13.327333695223025,25.80666666666667,30,2.0372413793103448,80.85517241379311,25,0.8205128205128205
605141,2018,Mookie Betts,,30,6,36,28.1,13.594662962069657,26.974999999999998,28,2.0111538461538463,82.58461538461538,24,0.8333333333333334
456715,2018,Lorenzo Cain,,30,7,37,28.6,14.015162555739144,27.304000000000002,25,2.0012,83.124,23,0.8108108108108109
543829,2018,Dee Strange-Gordon,,30,12,42,29.0,11.568609137652448,24.303333333333335,30,2.018125,81.725,18,0.7142857142857143
542255,2018,Ender Inciarte,,28,14,42,27.8,12.51690892809153,25.702777777777776,36,1.9780555555555555,84.27222222222223,14,0.6666666666666666
596115,2018,Trevor Story,,27,6,33,29.6,11.154810300493686,23.072,25,2.0244,80.492,21,0.8181818181818182
641313,2018,Tim Anderson,,26,8,34,28.8,11.727100809627606,24.563333333333333,30,2.0126666666666666,81.77,18,0.7647058823529411
596019,2018,Francisco Lindor,,25,10,35,28.4,12.149675612301099,24.073333333333334,30,2.016206896551724,81.7896551724138,15,0.7142857142857143
608671,2018,Travis Jankowski,,24,7,31,29.0,10.977420728391131,21.764,25,2.0103999999999997,82.50399999999999,17,0.7741935483870968
642708,2018,Amed Rosario,,24,11,35,29.4,11.431565230926159,23.36896551724138,29,2.0041379310344825,82.4241379310345,13,0.6857142857142857
572191,2018,Michael A. Taylor,,24,6,30,29.0,12.815104698068588,27.35185185185185,27,2.0256,81.852,18,0.8
545361,2018,Mike Trout,,24,2,26,29.2,12.502313003020864,24.265,20,2.033888888888889,80.73333333333333,22,0.9230769230769231
606299,2018,José Peraza,,23,6,29,28.8,11.857008599442112,23.141666666666666,24,2.0229166666666667,82.525,17,0.7931034482758621
592885,2018,Christian Yelich,,22,4,26,28.7,13.513622911796604,26.51904761904762,21,2.0195,82.01,18,0.8461538461538461
656185,2018,Greg Allen,,21,4,25,28.9,10.358049425314523,22.425,20,2.0094736842105263,81.80526315789473,17,0.84
643217,2018,Andrew Benintendi,,21,3,24,27.7,13.674182605406699,26.47222222222222,18,2.03125,82.61875,18,0.875
595879,2018,Javier Báez,,21,9,30,28.8,13.64994565623359,26.271428571428572,21,1.9980952380952381,82.6,12,0.7
434658,2018,Rajai Davis,,21,7,28,29.1,11.935134558391722,25.383333333333336,24,2.014090909090909,82.91818181818182,14,0.75
592261,2018,Delino DeShields,,20,4,24,29.9,12.730469233114027,24.985,20,1.9973684210526317,81.6263157894737,16,0.8333333333333334
435622,2018,Ian Desmond,,20,6,26,28.1,9.775830245285391,21.044444444444444,18,2.0277777777777777,80.77777777777777,14,0.7692307692307693
516416,2018,Jean Segura,,20,11,31,27.9,11.775344116099156,23.620833333333334,24,2.016363636363636,82.06818181818181,9,0.6451612903225806
514917,2018,César Hernández,,19,6,25,29.1,10.783628231241424,21.786363636363635,22,2.022272727272727,80.90454545454546,13,0.76
514888,2018,Jose Altuve,,17,4,21,28.1,11.681681349876328,23.525,16,2.00125,81.08125,13,0.8095238095238095
598265,2018,Jackie Bradley Jr.,,17,1,18,27.8,11.987577595758102,23.58125,16,2.0275,81.84375,16,0.9444444444444444
660670,2018,Ronald Acuña Jr.,,16,5,21,29.6,12.345507622185313,25.092857142857145,14,1.9857142857142855,82.2,11,0.7619047619047619
502481,2018,Jarrod Dyson,,16,3,19,29.0,13.995331586674364,27.473333333333336,15,2.02,81.45333333333333,13,0.8421052631578947
641553,2018,Adam Engel,,16,8,24,30.1,11.008247220756852,23.35,20,2.0065,81.76,8,0.6666666666666666
458731,2018,Brett Gardner,,16,2,18,29.1,12.001992509914707,24.66111111111111,18,2.0216666666666665,81.77222222222223,14,0.8888888888888888
435079,2018,Ian Kinsler,,16,7,23,26.6,13.002804069193019,25.626315789473683,19,2.0083333333333333,82.69444444444444,9,0.6956521739130435
621563,2018,Joey Wendle,,16,4,20,28.3,10.516636422132647,22.794117647058822,17,2.051176470588235,80.19411764705882,12,0.8
664056,2018,Harrison Bader,,15,3,18,30.0,10.839925679227461,23.025,16,2.001333333333333,82.01333333333334,12,0.8333333333333334
578428,2018,Jose Iglesias,,15,6,21,28.0,10.374338754255081,21.86,20,2.002,81.85,9,0.7142857142857143
502054,2018,Tommy Pham,,15,7,22,28.6,12.174796421746226,24.44,15,2.022,81.46000000000001,8,0.6818181818181818
624577,2018,Yasiel Puig,,15,5,20,28.3,10.129604114152006,23.431250000000002,16,2.013333333333333,81.33999999999999,10,0.75
645277,2018,Ozzie Albies,,14,3,17,28.7,10.618696369626507,22.009090909090908,11,1.9949999999999999,82.075,11,0.8235294117647058
641355,2018,Cody Bellinger,,14,1,15,28.8,12.429257333633142,24.49090909090909,11,2.0216666666666665,82.21666666666667,13,0.9333333333333333
592518,2018,Manny Machado,,14,2,16,26.3,12.542318785832306,24.630000000000003,10,2.027,81.83,12,0.875
457705,2018,Andrew McCutchen,,14,9,23,28.7,10.859341617676641,21.94736842105263,19,2.023157894736842,80.86842105263158,5,0.6086956521739131
607680,2018,Kevin Pillar,,14,3,17,27.8,13.417437426060319,27.8,14,2.0028571428571427,82.81428571428572,11,0.8235294117647058
543760,2018,Marcus Semien,,14,6,20,28.3,11.784298786014782,23.88,15,2.017333333333333,81.72666666666667,8,0.7
570560,2018,Yolmer Sánchez,,14,6,20,28.1,11.085377770455318,22.826315789473682,19,2.0136842105263155,82.38947368421053,8,0.7
547180,2018,Bryce Harper,,13,3,16,27.5,13.284534459088608,26.3,7,1.9933333333333332,84.28333333333335,10,0.8125
592444,2018,JaCoby Jones,,13,5,18,29.1,12.638174994691509,25.36,15,1.996923076923077,81.5,8,0.7222222222222222
571976,2018,Wil Myers,,13,1,14,28.1,13.194487132945095,24.8,11,2.012,81.92999999999999,12,0.9285714285714286
607054,2018,Jace Peterson,,13,3,16,28.4,11.974784856123344,23.48,10,2.013,83.38,10,0.8125
572041,2018,AJ Pollock,,13,2,15,28.2,13.281900745621599,27.211111111111112,9,2.01125,81.7375,11,0.8666666666666667
453568,2018,Charlie Blackmon,,12,4,16,27.6,13.82247015023263,25.978571428571428,14,1.997142857142857,81.85714285714286,8,0.75
488726,2018,Michael Brantley,,12,3,15,26.1,12.287572706519203,24.55,14,2.0328571428571425,82.23571428571428,9,0.8
572821,2018,Brian Dozier,,12,3,15,26.8,13.240773872720117,25.655555555555555,9,2.02,82.01,9,0.8
622110,2018,Matt Duffy,,12,6,18,27.7,10.528023251875663,21.87222222222222,18,2.0327777777777776,81.51111111111112,6,0.6666666666666666
544725,2018,Leury García,,12,1,13,28.6,11.01821336078968,23.536363636363635,11,2.02,82.19166666666666,11,0.9230769230769231
502226,2018,Craig Gentry,,12,3,15,28.9,11.99672804122859,23.73076923076923,13,2.0330769230769232,80.97692307692309,9,0.8
592348,2018,Niko Goodrum,,12,4,16,29.1,10.581938615778153,22.126666666666665,15,2.0164285714285715,81.18571428571428,8,0.75
460086,2018,Alex Gordon,,12,2,14,25.5,13.986952502289292,26.366666666666664,6,2.0349999999999997,81.64999999999999,10,0.8571428571428571
460576,2018,Carlos Gómez,,12,3,15,28.0,11.737585463572143,24.833333333333332,12,2.005,82.44166666666668,9,0.8
660162,2018,Yoán Moncada,,12,6,18,28.8,9.864876358226825,21.438888888888886,18,2.011111111111111,81.78888888888889,6,0.6666666666666666
596059,2018,Rougned Odor,,12,12,24,28.1,10.789127081435353,21.84705882352941,17,2.004375,81.275,0,0.5
570256,2018,Gregory Polanco,,12,2,14,27.9,12.791872302623723,24.930769230769233,13,2.040769230769231,80.52307692307691,10,0.8571428571428571
460075,2018,Ryan Braun,,11,5,16,26.7,14.341993113064197,27.944444444444443,9,2.021111111111111,82.6,6,0.6875
543305,2018,Aaron Hicks,,11,2,13,28.1,15.283983013455368,28.875,12,2.0241666666666664,81.33333333333333,9,0.8461538461538461
622534,2018,Manuel Margot,,11,10,21,29.4,11.128706859837134,23.211764705882356,17,2.0005882352941176,82.08235294117648,1,0.5238095238095238
572008,2018,Chris Owings,,11,4,15,28.2,13.943825186253335,27.400000000000002,12,1.9983333333333333,81.59166666666667,7,0.7333333333333333
467827,2018,Gerardo Parra,,11,4,15,26.5,12.468804276179785,24.707692307692305,13,2.0046153846153847,82.8076923076923,7,0.7333333333333333
541650,2018,Hernán Pérez,,11,3,14,28.0,16.334092208847217,30.323076923076922,13,2.040833333333333,80.31666666666666,8,0.7857142857142857
608324,2018,Alex Bregman,,10,4,14,27.8,11.306657213280307,23.49230769230769,13,2.0323076923076924,81.51538461538462,6,0.7142857142857143
594694,2018,Wilmer Difo,,10,3,13,28.6,11.43452498407453,23.07,10,2.002,83.28999999999999,7,0.7692307692307693
518692,2018,Freddie Freeman,,10,3,13,26.7,12.789931629142282,24.53333333333333,6,2.018333333333333,83.2,7,0.7692307692307693
544369,2018,Didi Gregorius,,10,6,16,28.0,11.462695748320934,22.83076923076923,13,2.0435714285714286,80.72857142857143,4,0.625
595281,2018,Kevin Kiermaier,,10,5,15,28.9,11.15529269749714,22.74285714285714,14,2.005,82.45714285714287,5,0.6666666666666666
664068,2018,Scott Kingery,,10,3,13,29.4,9.798652449660585,20.633333333333333,12,2.0075,82.47500000000001,7,0.7692307692307693
457727,2018,Cameron Maybin,,10,5,15,28.5,10.995023642685556,24.188888888888886,9,2.0133333333333336,81.77777777777777,5,0.6666666666666666
660271,2018,Shohei Ohtani,,10,4,14,28.3,12.191789403715608,24.808333333333334,12,2.0075,82.38333333333334,6,0.7142857142857143
595777,2018,Jurickson Profar,,10,0,10,27.6,11.75082939288574,23.144444444444446,9,2.0237499999999997,81.425,10,1.0
596451,2018,Roman Quinn,,10,4,14,30.1,12.200957385206463,24.815384615384616,13,2.0184615384615383,81.76153846153846,6,0.7142857142857143
592743,2018,Andrelton Simmons,,10,2,12,27.1,12.309461051370494,24.49090909090909,11,2.037272727272727,79.81818181818181,8,0.8333333333333334
621020,2018,Dansby Swanson,,10,4,14,29.4,13.693970543108254,27.29,10,2.0188888888888887,80.92222222222222,6,0.7142857142857143
594809,2018,Adam Eaton,,9,1,10,27.5,12.97090188114071,24.677777777777777,9,1.9677777777777778,84.69999999999999,8,0.9
453943,2018,Todd Frazier,,9,4,13,25.6,16.33294456754889,27.7375,8,1.98625,83.45,5,0.6923076923076923
643393,2018,Tony Kemp,,9,3,12,27.6,13.144354568370034,24.93,10,2.009,81.8,6,0.75
607043,2018,Brandon Nimmo,,9,6,15,28.5,12.4042232161816,24.75,12,2.0276923076923077,81.53076923076924,3,0.6
622682,2018,Victor Reyes,,9,1,10,29.2,9.8045120613653,22.45,8,1.9928571428571427,81.18571428571428,8,0.9
452655,2018,Denard Span,,9,4,13,27.7,11.43712494932805,23.563636363636363,11,2.015454545454545,81.23636363636363,5,0.6923076923076923
621035,2018,Chris Taylor,,9,6,15,28.6,12.365978434468355,24.566666666666666,12,2.015833333333333,81.71666666666667,3,0.6
593428,2018,Xander Bogaerts,,8,2,10,27.8,13.262315894426585,25.925,8,2.0342857142857143,81.84285714285714,6,0.8
572816,2018,Corey Dickerson,,8,3,11,27.8,11.764542634083599,23.866666666666667,9,2.051111111111111,80.24444444444445,5,0.7272727272727273
444876,2018,Alcides Escobar,,8,2,10,27.5,10.526017891268863,20.599999999999998,3,1.9799999999999998,84.7,6,0.8
520471,2018,Freddy Galvis,,8,6,14,26.8,10.972939368477741,23.48888888888889,9,2.011111111111111,82.34444444444445,2,0.5714285714285714
571745,2018,Mitch Haniger,,8,2,10,27.8,10.42994036243712,22.349999999999998,6,2.035,82.15,6,0.8
664023,2018,Ian Happ,,8,4,12,27.6,10.884253546402833,22.080000000000002,10,2.019090909090909,81.02727272727272,4,0.6666666666666666
491676,2018,Gorkys Hernández,,8,5,13,28.5,10.079084665017708,22.22,10,2.0127272727272727,80.98181818181818,3,0.6153846153846154
592696,2018,Eddie Rosario,,8,2,10,28.0,13.813392970896212,26.160000000000004,5,2.005,81.1,6,0.8
457708,2018,Justin Upton,,8,2,10,27.8,11.86401237987469,22.375,8,2.0525,79.325,6,0.8
606115,2018,Orlando Arcia,,7,4,11,26.8,14.658186501236717,27.775,8,2.03375,81.2,3,0.6363636363636364
592325,2018,Ben Gamel,,7,3,10,28.3,9.611451260600383,20.955555555555556,9,2.03,80.51111111111112,4,0.7
502671,2018,Paul Goldschmidt,,7,4,11,26.9,12.451209903899752,23.81,10,2.0033333333333334,83.71111111111111,3,0.6363636363636364
593700,2018,Alen Hanson,,7,3,10,28.4,10.75602444123999,22.9875,8,2.01625,80.25,4,0.7
571788,2018,Brock Holt,,7,7,14,26.3,9.905226709499539,20.82,5,2.015,81.2,0,0.5
543333,2018,Eric Hosmer,,7,4,11,26.3,13.081918316860433,23.983333333333334,6,2.01,81.85000000000001,3,0.6363636363636364
430945,2018,Adam Jones,,7,1,8,26.7,13.049841149918384,25.06,5,2.013333333333333,79.3,6,0.875
643396,2018,Isiah Kiner-Falefa,,7,5,12,28.0,9.05543045823324,19.4,9,1.9988888888888887,83.53333333333333,2,0.5833333333333334
543401,2018,Jason Kipnis,,7,1,8,26.9,13.689046112941432,27.650000000000002,6,2.0166666666666666,80.88333333333334,6,0.875
657656,2018,Ramón Laureano,,7,1,8,29.0,11.407375079627347,21.759999999999998,5,2.024,82.66,6,0.875
547982,2018,Leonys Martin,,7,4,11,27.5,12.274151757275947,24.9,8,1.9674999999999998,82.3875,3,0.6363636363636364
643446,2018,Jeff McNeil,,7,1,8,27.8,11.79411738919002,23.014285714285712,7,1.9942857142857142,81.78571428571429,6,0.875
456488,2018,Eduardo Núñez,,7,2,9,27.5,12.691910862165074,23.4125,8,2.014285714285714,82.04285714285713,5,0.7777777777777778
593871,2018,Jorge Polanco,,7,7,14,28.4,12.098745163996135,23.754545454545454,11,1.9809090909090907,83.25454545454545,0,0.5
502210,2018,Josh Reddick,,7,2,9,27.7,12.88610205381671,25.599999999999998,7,2.0214285714285714,81.57142857142857,5,0.7777777777777778
596103,2018,Austin Slater,,7,0,7,28.0,14.285576037892668,26.666666666666668,6,1.985,82.45,7,1.0
519346,2018,Eric Thames,,7,0,7,27.0,11.804660702910379,23.759999999999998,5,1.9799999999999998,83.93333333333334,7,1.0
642715,2018,Willy Adames,,6,5,11,28.4,10.675916869301663,22.61,10,1.986,83.14,1,0.5454545454545454
641343,2018,Jake Bauers,,6,6,12,27.8,11.172624920372652,23.422222222222224,9,1.9944444444444445,81.71111111111111,0,0.5
453923,2018,Grégor Blanco,,6,2,8,28.4,12.14326143327797,24.900000000000002,7,2.037142857142857,80.0,4,0.75
594777,2018,Kole Calhoun,,6,2,8,26.1,12.827021325509122,24.0625,8,2.04125,79.825,4,0.75
516770,2018,Starlin Castro,,6,4,10,27.4,11.823798003157721,23.475,8,2.065,79.325,2,0.6
425783,2018,Shin-Soo Choo,,6,1,7,26.0,12.69351921471798,24.271428571428572,7,1.99,82.76666666666667,5,0.8571428571428571
640447,2018,Phillip Ervin,,6,1,7,28.0,12.017262492037265,24.119999999999997,5,1.952,85.58,5,0.8571428571428571
641583,2018,Dustin Fowler,,6,4,10,29.0,10.30123209103617,21.311111111111114,9,2.0277777777777777,81.64444444444445,2,0.6
592450,2018,Aaron Judge,,6,3,9,28.0,13.071428571428571,26.157142857142855,7,2.0157142857142856,80.82857142857142,3,0.6666666666666666
518934,2018,DJ LeMahieu,,6,5,11,27.2,11.994909447713272,23.87142857142857,7,2.042857142857143,80.82857142857142,1,0.5454545454545454
545350,2018,Jake Marisnick,,6,2,8,29.2,8.94549531484319,20.783333333333335,6,2.025,80.88333333333334,4,0.75
606466,2018,Ketel Marte,,6,1,7,28.7,12.287255804501592,26.53333333333333,3,2.0733333333333337,77.56666666666666,5,0.8571428571428571
502110,2018,J.D. Martinez,,6,1,7,26.7,13.825988977211654,25.85,4,2.0275,83.125,5,0.8571428571428571
517369,2018,José Pirela,,6,3,9,28.5,12.47775774780278,25.825,8,2.0275,80.4125,3,0.6666666666666666
519203,2018,Anthony Rizzo,,6,4,10,25.6,8.801155144424085,20.419999999999998,5,2.032,79.7,2,0.6
500743,2018,Miguel Rojas,,6,3,9,26.5,14.396549200989375,27.55,6,2.052,80.64,3,0.6666666666666666
519306,2018,Steven Souza Jr.,,6,1,7,28.1,15.4725478162201,28.366666666666664,3,1.97,83.975,5,0.8571428571428571
605486,2018,Cory Spangenberg,,6,1,7,28.9,14.733229872322529,29.975,4,2.0175,82.375,5,0.8571428571428571
543807,2018,George Springer,,6,4,10,27.7,9.651061262354673,20.9,8,1.9949999999999999,82.925,2,0.6
596119,2018,Blake Swihart,,6,1,7,27.1,11.74977380194025,23.633333333333336,6,2.035,81.64999999999999,5,0.8571428571428571
650402,2018,Gleyber Torres,,6,2,8,27.1,10.239208818230676,21.919999999999998,5,2.0279999999999996,80.02000000000001,4,0.75
543939,2018,Kolten Wong,,6,5,11,27.7,11.141855165049789,22.211111111111112,9,2.0277777777777777,79.63333333333334,1,0.5454545454545454
501303,2018,Ehire Adrianza,,5,1,6,26.9,10.619891267617545,22.583333333333332,6,2.0016666666666665,82.88333333333334,4,0.8333333333333334
605113,2018,Nick Ahmed,,5,4,9,28.2,13.560265654860254,26.8,4,1.9675,83.975,1,0.5555555555555556
462101,2018,Elvis Andrus,,5,3,8,27.0,11.400019276038137,23.71666666666667,6,1.9783333333333333,81.16666666666667,2,0.625
542979,2018,Keon Broxton,,5,1,6,29.7,13.998378061505491,26.816666666666666,6,2.045,79.89999999999999,4,0.8333333333333334
621439,2018,Byron Buxton,,5,0,5,30.5,9.523332428609102,21.175,4,2.05,79.85,5,1.0
614173,2018,Franchy Cordero,,5,2,7,29.1,12.385614589968945,24.683333333333334,6,2.0316666666666667,80.95,3,0.7142857142857143
621311,2018,David Dahl,,5,3,8,28.5,11.479223216181603,22.933333333333334,6,2.036,81.53999999999999,2,0.625
646240,2018,Rafael Devers,,5,2,7,27.3,10.397673391385453,21.82857142857143,7,2.0066666666666664,82.81666666666666,3,0.7142857142857143
621453,2018,Steven Duggar,,5,1,6,28.9,13.423924280616722,24.549999999999997,4,1.9825,82.45,4,0.8333333333333334
451594,2018,Dexter Fowler,,5,2,7,27.4,11.574563760884773,23.342857142857145,7,2.02,83.42857142857143,3,0.7142857142857143
471865,2018,Carlos González,,5,2,7,27.4,12.02766964854481,23.96,5,2.038,80.62,3,0.7142857142857143
493329,2018,Yuli Gurriel,,5,1,6,27.6,13.816175718470895,26.016666666666666,6,2.015,81.55,4,0.8333333333333334
606192,2018,Teoscar Hernández,,5,5,10,28.6,10.9629095496963,24.200000000000003,9,1.9933333333333332,82.87777777777778,0,0.5
546318,2018,Odúbel Herrera,,5,2,7,26.7,11.492930032033415,23.366666666666664,6,1.99,84.06666666666666,3,0.7142857142857143
656555,2018,Rhys Hoskins,,5,3,8,26.3,11.700193884051211,23.314285714285713,7,2.0214285714285714,82.38571428571429,2,0.625
640457,2018,Austin Meadows,,5,1,6,28.7,10.60959669870008,21.616666666666664,6,2.006,81.4,4,0.8333333333333334
622168,2018,Yairo Muñoz,,5,6,11,28.1,11.433982108731136,23.3,10,1.987,83.67999999999999,-1,0.45454545454545453
542364,2018,Rafael Ortega,,5,2,7,27.9,12.073284238513756,24.016666666666666,6,2.0566666666666666,79.60000000000001,3,0.7142857142857143
452254,2018,Hunter Pence,,5,1,6,28.2,14.555835909941482,26.54,5,1.9759999999999998,81.82000000000001,4,0.8333333333333334
408314,2018,José Reyes,,5,2,7,27.5,12.921364674039774,27.457142857142856,7,1.9928571428571427,82.58571428571429,3,0.7142857142857143
543768,2018,Travis Shaw,,5,2,7,26.7,10.621493930073916,22.833333333333332,3,2.0033333333333334,84.06666666666666,3,0.7142857142857143
665742,2018,Juan Soto,,5,2,7,27.2,14.071198338276869,26.5,5,2.0439999999999996,81.06,3,0.7142857142857143
519317,2018,Giancarlo Stanton,,5,0,5,27.8,13.474602874795963,24.299999999999997,2,2.04,82.35,5,1.0
458913,2018,Eric Young Jr.,,5,1,6,29.0,12.376696485448104,23.98,5,2.028,79.82000000000001,4,0.8333333333333334
605131,2018,Austin Barnes,,4,3,7,27.4,14.524932140582075,29.060000000000002,5,2.01,83.82000000000001,1,0.5714285714285714
430832,2018,José Bautista,,4,3,7,25.6,14.517759104889128,26.7,3,2.0900000000000003,77.3,1,0.5714285714285714
572761,2018,Matt Carpenter,,4,1,5,26.5,9.859842172797967,20.900000000000002,3,2.0549999999999997,80.0,3,0.8
575929,2018,Willson Contreras,,4,1,5,27.6,8.374473056926908,18.8,3,2.063333333333333,79.83333333333333,3,0.8
543063,2018,Brandon Crawford,,4,5,9,25.8,12.381278274757468,24.75,6,2.012857142857143,83.04285714285713,-1,0.4444444444444444
518586,2018,Charlie Culberson,,4,2,6,28.3,12.34930212978262,24.066666666666666,6,2.02,80.89999999999999,2,0.6666666666666666
571697,2018,Scooter Gennett,,4,2,6,26.4,15.345134184516475,27.3,1,2.14,74.8,2,0.6666666666666666
571718,2018,Brian Goodwin,,4,2,6,27.6,9.551833738603326,21.619999999999997,5,2.08,79.0,2,0.6666666666666666
445055,2018,Jon Jay,,4,3,7,26.0,11.48,22.98,5,2.04,80.5,1,0.5714285714285714
596146,2018,Max Kepler,,4,5,9,27.9,9.91370681585181,20.2,6,1.9866666666666666,83.51666666666667,-1,0.4444444444444444
543484,2018,Mikie Mahtook,,4,1,5,28.6,12.822360170236628,25.0,3,2.065,81.25,3,0.8
425877,2018,Yadier Molina,,4,3,7,22.9,15.851130990298737,31.166666666666668,6,2.0083333333333333,82.28333333333333,1,0.5714285714285714
519058,2018,Mike Moustakas,,4,1,5,25.7,8.886312460186327,18.2,1,,,3,0.8
605412,2018,Joe Panik,,4,2,6,25.6,14.826762810546658,25.54,5,2.054,80.8,2,0.6666666666666666
434670,2018,Hanley Ramirez,,4,1,5,25.7,13.07157811504658,26.25,4,2.0166666666666666,83.36666666666666,3,0.8
572073,2018,Joey Rickard,,4,2,6,28.2,10.810973163096705,22.333333333333332,3,1.935,82.5,2,0.6666666666666666
594988,2018,Scott Schebler,,4,2,6,27.7,10.77013571883585,21.48,5,1.998,82.74,2,0.6666666666666666
656941,2018,Kyle Schwarber,,4,3,7,27.1,11.783992651474437,22.349999999999998,6,2.05,79.68333333333334,1,0.5714285714285714
543877,2018,Christian Vázquez,,4,1,5,25.3,15.307238337911917,27.400000000000002,3,2.0100000000000002,80.60000000000001,3,0.8
605548,2018,Bradley Zimmer,,4,1,5,29.4,10.224699254986655,22.46666666666667,3,2.01,83.66666666666667,3,0.8
571437,2018,Aaron Altherr,,3,2,5,29.0,12.386764856305822,25.099999999999998,3,1.94,82.2,1,0.6
623520,2018,David Bote,,3,4,7,27.8,12.133107135273585,24.383333333333336,6,1.99,80.89999999999999,-1,0.42857142857142855
600869,2018,Jeimer Candelario,,3,2,5,27.3,10.499480255902373,22.34,5,2.002,82.8,1,0.6
624424,2018,Michael Conforto,,3,4,7,27.8,12.981399269632407,25.5,7,2.0157142857142856,82.91428571428571,-1,0.42857142857142855
649557,2018,Aledmys Díaz,,3,4,7,28.0,9.140196379278308,18.9,3,1.9966666666666664,80.36666666666666,-1,0.42857142857142855
608336,2018,Joey Gallo,,3,4,7,27.6,10.747559927041445,21.771428571428572,7,1.987142857142857,82.42857142857143,-1,0.42857142857142855
545341,2018,Randal Grichuk,,3,2,5,28.3,9.992648051618417,22.1,5,2.0,81.78,1,0.6
594011,2018,Rosell Herrera,,3,5,8,28.5,9.200437335057638,20.599999999999998,7,2.0,82.48571428571428,-2,0.375
457706,2018,Austin Jackson,,3,3,6,27.5,11.092930032033415,22.566666666666666,6,2.0066666666666664,81.36666666666666,0,0.5
457763,2018,Buster Posey,,3,2,5,24.8,13.278053673806589,25.2,3,2.0066666666666664,83.06666666666666,1,0.6
592663,2018,J.T. Realmuto,,3,2,5,28.6,12.110482214900932,23.233333333333334,3,2.045,81.85,1,0.6
645302,2018,Victor Robles,,3,2,5,29.3,9.647097977299559,22.46666666666667,3,2.06,81.05000000000001,1,0.6
642423,2018,Magneuris Sierra,,3,2,5,30.2,13.538839190919823,28.333333333333332,3,1.9933333333333332,83.2,1,0.6
581527,2018,Devon Travis,,3,2,5,26.9,14.34587060681013,27.75,4,2.0075,83.45,1,0.6
450314,2018,Ben Zobrist,,3,4,7,26.7,10.299660702910378,20.725,4,2.018,82.08,-1,0.42857142857142855
605119,2018,Brian Anderson,,2,4,6,27.1,10.07034366373704,21.25,6,2.018,82.32000000000001,-2,0.3333333333333333
605137,2018,Josh Bell,,2,5,7,27.1,9.673529712611641,19.983333333333334,6,2.0033333333333334,83.85000000000001,-3,0.2857142857142857
457803,2018,Jay Bruce,,2,3,5,25.5,12.973982108731136,26.366666666666664,3,2.0700000000000003,80.4,-1,0.4
592178,2018,Kris Bryant,,2,4,6,28.0,8.650158850081613,18.34,5,2.038,80.46000000000001,-2,0.3333333333333333
465041,2018,Francisco Cervelli,,2,3,5,25.8,14.056785941792423,25.1,4,2.0475,80.675,-1,0.4
641531,2018,Hunter Dozier,,2,3,5,28.6,5.341178275669851,14.6,1,2.04,77.6,-1,0.4
500871,2018,Eduardo Escobar,,2,4,6,27.8,10.079208818230674,21.619999999999997,5,1.9920000000000002,82.92,-2,0.3333333333333333
503556,2018,Marwin Gonzalez,,2,3,5,26.4,11.218127316035956,21.35,4,2.0075000000000003,81.525,-1,0.4
628338,2018,Guillermo Heredia,,2,4,6,28.4,10.104117827566984,20.619999999999997,5,2.004,83.02000000000001,-2,0.3333333333333333
656775,2018,Cedric Mullins,,2,3,5,29.3,11.52628932894056,22.48,5,1.9949999999999999,84.25,-1,0.4
592626,2018,Joc Pederson,,1,5,6,26.3,10.348982108731136,21.125,4,2.01,83.75,-4,0.16666666666666666
605480,2019,Mallex Smith,,46,9,55,29.4,10.90230426988059,23.306818181818183,44,2.0166666666666666,81.11904761904762,37,0.8363636363636363
609275,2019,Adalberto Mondesi,,43,7,50,29.9,12.117844318844218,24.27179487179487,39,2.005,82.08250000000001,36,0.86
542340,2019,Jonathan Villar,,40,9,49,27.9,11.050961195658363,24.675675675675677,37,2.009142857142857,81.54857142857142,31,0.8163265306122449
660670,2019,Ronald Acuña Jr.,,37,9,46,29.3,12.167451613262433,23.669999999999998,40,1.9782499999999998,83.125,28,0.8043478260869565
607208,2019,Trea Turner,,35,5,40,30.3,12.1762476860436,24.58,35,2.0223529411764707,80.5,30,0.875
462101,2019,Elvis Andrus,,31,8,39,26.7,12.273982108731134,24.995833333333334,24,2.0124999999999997,81.35833333333333,23,0.7948717948717948
502481,2019,Jarrod Dyson,,30,4,34,28.4,10.845909158886407,22.58,30,2.021333333333333,80.68,26,0.8823529411764706
592885,2019,Christian Yelich,,30,2,32,28.7,13.901121700250526,26.023076923076925,26,2.017037037037037,81.11111111111111,28,0.9375
645302,2019,Victor Robles,,28,9,37,29.2,11.515904131680967,24.589655172413792,29,1.9996296296296296,82.36666666666667,19,0.7567567567567568
516782,2019,Starling Marte,,25,6,31,29.0,11.66803349304422,23.175,24,2.017391304347826,80.77391304347826,19,0.8064516129032258
502054,2019,Tommy Pham,,25,4,29,28.7,14.057503088047941,26.642857142857142,21,2.0228571428571427,81.47619047619048,21,0.8620689655172413
592261,2019,Delino DeShields,,24,6,30,29.4,11.940483945862526,24.645833333333332,24,2.004166666666667,81.84166666666667,18,0.8
608070,2019,José Ramírez,,24,4,28,27.9,11.949262492037265,23.988000000000003,25,2.0168,81.64399999999999,20,0.8571428571428571
543939,2019,Kolten Wong,,24,4,28,27.6,13.146182915403287,24.773684210526316,19,1.99,81.57058823529412,20,0.8571428571428571
596115,2019,Trevor Story,,23,8,31,29.2,13.384238125572322,26.354166666666668,24,1.975238095238095,83.9047619047619,15,0.7419354838709677
571740,2019,Billy Hamilton,,22,6,28,29.5,12.441676677360478,25.068421052631578,19,1.986842105263158,81.93684210526315,16,0.7857142857142857
596019,2019,Francisco Lindor,,22,5,27,27.5,13.744261399830613,27.004545454545454,22,1.9977272727272726,81.07727272727273,17,0.8148148148148148
543829,2019,Dee Strange-Gordon,,22,5,27,28.5,11.901738691869417,24.21578947368421,19,2.0057894736842106,81.48947368421052,17,0.8148148148148148
542454,2019,Danny Santana,,21,6,27,27.7,11.104412396484447,23.580000000000002,20,2.0215,81.785,15,0.7777777777777778
622534,2019,Manuel Margot,,20,4,24,29.0,11.71508520785225,24.225,20,1.9945,81.505,16,0.8333333333333334
593160,2019,Whit Merrifield,,20,10,30,28.6,12.854201551737866,25.423809523809524,21,2.0128571428571425,81.63333333333333,10,0.6666666666666666
595281,2019,Kevin Kiermaier,,19,5,24,29.4,9.08361254049796,20.56875,16,2.020625,82.5375,14,0.7916666666666666
624577,2019,Yasiel Puig,,19,7,26,28.2,10.256531455741664,23.16363636363636,22,2.0094736842105263,80.34736842105262,12,0.7307692307692307
642708,2019,Amed Rosario,,19,10,29,29.2,10.35077451795596,22.36,25,1.995,82.55833333333334,9,0.6551724137931034
456715,2019,Lorenzo Cain,,18,8,26,27.8,14.21737684422617,26.538095238095234,21,2.006190476190476,82.15238095238095,10,0.6923076923076923
641313,2019,Tim Anderson,,17,5,22,28.7,12.231122308039547,25.34705882352941,17,2.006470588235294,81.84705882352941,12,0.7727272727272727
542932,2019,Jon Berti,,17,3,20,29.8,12.72322367994257,26.258823529411764,17,1.9770588235294118,82.23529411764706,14,0.85
641796,2019,Tim Locastro,,17,0,17,30.7,10.622217763865107,22.466666666666665,15,2.0246666666666666,80.30666666666666,17,1.0
605141,2019,Mookie Betts,,16,3,19,27.9,12.562912003608826,24.935714285714287,14,2.012857142857143,81.74285714285715,13,0.8421052631578947
571976,2019,Wil Myers,,16,7,23,28.4,13.226571077488936,24.873684210526317,19,2.001666666666667,81.86111111111111,9,0.6956521739130435
621028,2019,Kevin Newman,,16,8,24,28.5,11.271414585392536,22.678260869565218,23,2.030952380952381,79.85238095238095,8,0.6666666666666666
665487,2019,Fernando Tatis Jr.,,16,6,22,29.3,10.935879340104968,23.52777777777778,18,2.0172222222222222,80.75555555555555,10,0.7272727272727273
645277,2019,Ozzie Albies,,15,4,19,28.6,12.124745527182784,24.3375,16,1.9906666666666666,82.86,11,0.7894736842105263
641355,2019,Cody Bellinger,,15,5,20,28.8,12.539790255354943,24.0625,16,1.988125,83.2875,10,0.75
425783,2019,Shin-Soo Choo,,15,1,16,26.6,14.954899041524127,29.861538461538462,13,2.0053846153846155,82.29230769230769,14,0.9375
594809,2019,Adam Eaton,,15,3,18,28.3,13.290583926837789,24.792307692307695,13,2.0215384615384617,80.79230769230769,12,0.8333333333333334
669242,2019,Tommy Edman,,15,1,16,29.4,13.677420319239296,26.28666666666667,15,2.0035714285714286,80.79285714285713,14,0.9375
544725,2019,Leury García,,15,5,20,28.5,11.919542332508854,24.89375,16,2.002142857142857,80.92857142857143,10,0.75
641658,2019,Garrett Hampson,,15,3,18,30.1,11.71282296572628,23.91764705882353,17,2.007857142857143,81.76428571428572,12,0.8333333333333334
547180,2019,Bryce Harper,,15,3,18,28.3,13.714078446332708,25.43846153846154,13,2.036153846153846,80.45384615384616,12,0.8333333333333334
664068,2019,Scott Kingery,,15,4,19,29.1,12.688049155488033,24.72142857142857,14,2.019285714285714,80.78571428571429,11,0.7894736842105263
640458,2019,Óscar Mercado,,15,4,19,29.5,12.114721363352837,25.113333333333333,15,2.018,81.18666666666667,11,0.7894736842105263
624415,2019,Cavan Biggio,,14,0,14,28.3,14.871821550597753,28.154545454545453,11,1.9927272727272725,82.81818181818181,14,1.0
621439,2019,Byron Buxton,,14,3,17,30.3,10.259842172797967,21.683333333333334,12,2.009,81.92,11,0.8235294117647058
607680,2019,Kevin Pillar,,14,5,19,28.0,11.893056279305158,24.307692307692307,13,2.0115384615384615,80.47692307692309,9,0.7368421052631579
669222,2019,Nick Senzel,,14,5,19,29.4,11.652413120263834,22.973333333333336,15,1.9707692307692306,82.88461538461539,9,0.7368421052631579
605253,2019,Terrance Gore,,13,5,18,29.9,9.680972387618791,21.87142857142857,14,2.005714285714286,81.53571428571429,8,0.7222222222222222
657656,2019,Ramón Laureano,,13,2,15,28.5,14.282146267287287,26.40909090909091,11,2.0072727272727273,81.22727272727273,11,0.8666666666666667
592348,2019,Niko Goodrum,,12,3,15,29.0,11.928951778509907,23.946666666666665,15,2.006923076923077,81.10769230769232,9,0.8
640457,2019,Austin Meadows,,12,7,19,28.1,11.564302995263416,23.4,16,1.996875,82.20625,5,0.631578947368421
660271,2019,Shohei Ohtani,,12,3,15,28.2,13.288478151481838,24.853846153846156,13,2.0225,79.93333333333334,9,0.8
542303,2019,Marcell Ozuna,,12,2,14,27.4,13.968076805052357,27.669999999999998,10,2.0041666666666664,81.14999999999999,10,0.8571428571428571
665742,2019,Juan Soto,,12,1,13,27.3,13.585180447008005,25.98,10,1.9872727272727273,81.73636363636363,11,0.9230769230769231
664056,2019,Harrison Bader,,11,3,14,29.5,13.532706469659493,27.1125,8,1.9849999999999999,81.3875,8,0.7857142857142857
460075,2019,Ryan Braun,,11,1,12,26.6,16.594501852828763,32.28,5,2.01,81.5,10,0.9166666666666666
595879,2019,Javier Báez,,11,7,18,28.6,12.430227704165933,24.50714285714286,14,1.9978571428571428,81.05714285714285,4,0.6111111111111112
664238,2019,Dylan Moore,,11,9,20,28.4,11.12961597473822,23.526666666666664,15,2.001875,81.7125,2,0.55
596059,2019,Rougned Odor,,11,9,20,28.0,11.906863045944975,24.473333333333336,15,2.009333333333333,81.33999999999999,2,0.55
545361,2019,Mike Trout,,11,2,13,29.2,11.573086900804238,22.481818181818184,11,1.981818181818182,83.60909090909091,9,0.8461538461538461
643217,2019,Andrew Benintendi,,10,3,13,27.1,12.900483008836828,25.1,11,2.015454545454545,81.26363636363637,7,0.7692307692307693
542979,2019,Keon Broxton,,10,6,16,29.2,12.292030031950473,24.59090909090909,11,2.000909090909091,80.13636363636364,4,0.625
541645,2019,Avisaíl García,,10,4,14,28.8,9.788698751434191,21.018181818181816,11,1.9929999999999999,83.81,6,0.7142857142857143
458731,2019,Brett Gardner,,10,2,12,28.9,11.607479091463059,24.211111111111112,9,1.9844444444444445,83.73333333333333,8,0.8333333333333334
545350,2019,Jake Marisnick,,10,3,13,29.2,12.182438179113412,25.25,12,2.0124999999999997,80.60833333333333,7,0.7692307692307693
606466,2019,Ketel Marte,,10,2,12,27.9,14.979410862165075,28.011111111111113,9,1.97,83.325,8,0.8333333333333334
621006,2019,Richie Martin Jr.,,10,1,11,29.5,11.897610463344048,24.175,8,1.98125,82.8375,9,0.9090909090909091
660162,2019,Yoán Moncada,,10,3,13,27.8,11.899763752682896,24.427272727272726,11,2.01,82.36363636363636,7,0.7692307692307693
516416,2019,Jean Segura,,10,2,12,27.5,13.019720340473256,24.683333333333334,12,2.0109090909090908,80.05454545454546,8,0.8333333333333334
543760,2019,Marcus Semien,,10,8,18,28.1,11.550501232446434,23.657142857142855,14,2.016923076923077,81.86923076923077,2,0.5555555555555556
592743,2019,Andrelton Simmons,,10,2,12,26.3,11.575966715091552,23.20909090909091,11,2.016363636363636,80.61818181818181,8,0.8333333333333334
621020,2019,Dansby Swanson,,10,5,15,28.7,11.877526730733498,24.474999999999998,12,1.9736363636363636,80.64545454545454,5,0.6666666666666666
657557,2019,Paul DeJong,,9,5,14,27.6,10.829550514978783,22.700000000000003,9,2.0485714285714285,79.74285714285715,4,0.6428571428571429
543257,2019,Robbie Grossman,,9,4,13,27.5,11.91448887104186,23.400000000000002,12,2.016363636363636,81.15454545454544,5,0.6923076923076923
514917,2019,César Hernández,,9,2,11,28.7,12.195575434743182,23.933333333333334,9,2.03375,80.325,7,0.8181818181818182
669374,2019,Keston Hiura,,9,3,12,26.9,16.60838989167063,29.49090909090909,11,1.9727272727272727,83.43636363636364,6,0.75
457727,2019,Cameron Maybin,,9,6,15,28.7,10.91152184851816,23.553846153846152,13,1.9818181818181815,80.95454545454545,3,0.6
595777,2019,Jurickson Profar,,9,1,10,26.8,13.893713098769192,26.614285714285717,7,2.0214285714285714,81.41428571428571,8,0.9
592663,2019,J.T. Realmuto,,9,1,10,28.7,12.91527165686018,26.185714285714287,7,2.0357142857142856,78.71428571428571,8,0.9
622682,2019,Victor Reyes,,9,3,12,28.9,10.849114483799148,23.0,12,2.0081818181818183,80.94545454545454,6,0.75
500743,2019,Miguel Rojas,,9,5,14,26.3,12.693300603453615,25.255555555555556,9,2.046666666666667,79.47777777777777,4,0.6428571428571429
606132,2019,Raimel Tapia,,9,3,12,28.5,12.102318785832306,23.72,10,2.00375,82.2625,6,0.75
642165,2019,Josh VanMeter,,9,3,12,26.8,13.801202264990758,25.572727272727274,11,2.0136363636363637,80.84545454545454,6,0.75
605113,2019,Nick Ahmed,,8,2,10,28.2,14.965900684084207,27.67142857142857,7,1.975,84.3625,6,0.8
656185,2019,Greg Allen,,8,2,10,29.0,11.658308484348801,23.933333333333334,9,2.0225,80.325,6,0.8
606115,2019,Orlando Arcia,,8,5,13,26.4,11.453155626943675,24.577777777777776,9,1.9742857142857144,82.85714285714286,3,0.6153846153846154
598265,2019,Jackie Bradley Jr.,,8,6,14,27.6,13.672942491639134,25.754545454545454,11,2.036363636363636,80.02727272727272,2,0.5714285714285714
646240,2019,Rafael Devers,,8,8,16,27.1,13.081099041103029,24.284615384615385,13,2.023846153846154,82.26923076923077,0,0.5
664058,2019,David Fletcher,,8,3,11,27.5,12.191233035145519,24.4,10,2.0309999999999997,80.76,5,0.7272727272727273
451594,2019,Dexter Fowler,,8,5,13,27.7,11.539887412409916,24.25,10,2.018,79.81,3,0.6153846153846154
518792,2019,Jason Heyward,,8,3,11,27.4,11.543291948929012,23.31,10,2.005,81.3375,5,0.7272727272727273
622168,2019,Yairo Muñoz,,8,3,11,28.2,15.14963178885317,29.075,8,1.9914285714285713,81.71428571428571,5,0.7272727272727273
467827,2019,Gerardo Parra,,8,3,11,26.4,11.632579339800841,23.61111111111111,9,1.99,80.46666666666665,5,0.7272727272727273
596451,2019,Roman Quinn,,8,0,8,30.1,11.655979552835586,23.82857142857143,7,2.025714285714286,80.98571428571428,8,1.0
570267,2019,Domingo Santana,,8,3,11,26.7,15.606769419474018,27.414285714285715,7,2.0483333333333333,78.78333333333333,5,0.7272727272727273
519299,2019,Eric Sogard,,8,0,8,26.2,10.873303514551894,22.549999999999997,4,1.9949999999999999,81.42500000000001,8,1.0
664702,2019,Myles Straw,,8,1,9,30.1,12.101179826625676,24.485714285714288,7,2.0142857142857142,81.31428571428572,7,0.8888888888888888
621035,2019,Chris Taylor,,8,0,8,28.7,13.47053130972051,26.15,4,1.9475,84.275,8,1.0
572233,2019,Christian Walker,,8,1,9,27.2,16.130974972545165,28.666666666666668,6,1.9983333333333333,82.14999999999999,7,0.8888888888888888
621563,2019,Joey Wendle,,8,3,11,28.6,12.584477174324162,25.266666666666666,9,2.06,80.04444444444444,5,0.7272727272727273
606157,2019,Aristides Aquino,,7,0,7,28.6,11.670757507780257,22.46666666666667,6,1.9749999999999999,83.56666666666666,7,1.0
624424,2019,Michael Conforto,,7,2,9,27.5,11.606843769906837,22.96666666666667,6,2.0283333333333333,79.68333333333334,5,0.7777777777777778
571718,2019,Brian Goodwin,,7,3,10,27.9,10.416799041734677,21.7,8,2.0357142857142856,81.01428571428572,4,0.7
542255,2019,Ender Inciarte,,7,1,8,26.9,11.34266325880593,22.771428571428572,7,1.9614285714285715,83.97142857142856,6,0.875
592444,2019,JaCoby Jones,,7,2,9,28.3,11.249919580292797,23.32857142857143,7,2.0157142857142856,81.52857142857144,5,0.7777777777777778
543401,2019,Jason Kipnis,,7,2,9,26.8,13.338137836354434,25.585714285714285,7,1.9957142857142856,82.41428571428571,5,0.7777777777777778
606299,2019,José Peraza,,7,6,13,28.1,12.37317352788948,23.957142857142856,7,1.99,82.8,1,0.5384615384615384
642180,2019,Tyler Wade,,7,0,7,29.0,12.040422577338056,24.633333333333336,6,2.0166666666666666,82.33333333333333,7,1.0
514888,2019,Jose Altuve,,6,5,11,28.6,13.07377170236152,25.900000000000002,7,1.9828571428571427,81.18571428571428,1,0.5454545454545454
572761,2019,Matt Carpenter,,6,1,7,26.0,14.61289548129042,28.25714285714286,7,1.9949999999999999,80.03333333333333,5,0.8571428571428571
518692,2019,Freddie Freeman,,6,3,9,26.5,11.238642811641515,23.080000000000002,5,1.91,84.35,3,0.6666666666666666
666971,2019,Lourdes Gurriel Jr.,,6,4,10,27.6,14.173173527889478,27.599999999999998,7,1.97875,83.15,2,0.6
606192,2019,Teoscar Hernández,,6,3,9,29.1,12.71626118204304,25.1125,8,1.9985714285714287,81.41428571428571,3,0.6666666666666666
578428,2019,Jose Iglesias,,6,6,12,27.1,11.531659664333421,22.2,8,2.02875,79.2125,0,0.5
621005,2019,Tim Lopes,,6,3,9,28.6,11.940243290774175,24.05,8,1.99375,83.7375,3,0.6666666666666666
425877,2019,Yadier Molina,,6,0,6,22.7,17.554634503025866,27.5,1,1.955,85.25,6,1.0
452254,2019,Hunter Pence,,6,1,7,28.6,13.756136261670386,26.15,4,2.035,79.575,5,0.8571428571428571
543807,2019,George Springer,,6,2,8,28.4,11.968507092805666,24.6,5,2.0566666666666666,80.38333333333334,4,0.75
643565,2019,Mike Tauchman,,6,0,6,27.9,12.669400319421774,25.016666666666666,6,2.0233333333333334,81.03333333333333,6,1.0
572191,2019,Michael A. Taylor,,6,0,6,29.1,13.453224600950877,28.266666666666666,6,2.0033333333333334,81.18333333333334,6,1.0
605119,2019,Brian Anderson,,5,1,6,27.0,10.815988072487423,21.900000000000002,6,1.9916666666666665,83.0,4,0.8333333333333334
623520,2019,David Bote,,5,1,6,27.6,7.699133759837287,17.633333333333333,3,1.9866666666666666,81.10000000000001,4,0.8333333333333334
608324,2019,Alex Bregman,,5,1,6,27.4,9.443214058207577,21.9,2,2.0533333333333332,79.83333333333333,4,0.8333333333333334
641487,2019,J.P. Crawford,,5,3,8,27.4,11.89839733754363,23.599999999999998,6,2.018333333333333,81.48333333333333,2,0.625
500871,2019,Eduardo Escobar,,5,1,6,27.6,13.302714376716969,25.4,1,1.92,84.7,4,0.8333333333333334
605233,2019,Derek Fisher,,5,1,6,29.0,11.781711394838824,22.46666666666667,3,2.033333333333333,81.13333333333333,4,0.8333333333333334
624428,2019,Adam Frazier,,5,5,10,27.2,10.690239708165779,22.5,7,2.0185714285714282,80.8142857142857,0,0.5
460086,2019,Alex Gordon,,5,3,8,25.4,11.18997018121856,23.166666666666668,3,1.99,82.2,2,0.625
518735,2019,Yasmani Grandal,,5,1,6,24.2,14.671888498078994,27.95,2,2.025,82.25,4,0.8333333333333334
493329,2019,Yuli Gurriel,,5,3,8,27.6,11.917805367380659,23.720000000000002,5,2.02,81.58,2,0.625
518934,2019,DJ LeMahieu,,5,2,7,26.7,12.408755399231598,24.240000000000002,5,1.9899999999999998,81.4,3,0.7142857142857143
664040,2019,Brandon Lowe,,5,0,5,27.7,10.974321405820756,22.275,4,2.0175,81.65,5,1.0
592518,2019,Manny Machado,,5,3,8,26.4,15.453562619441021,29.3625,8,1.9649999999999999,83.4875,2,0.625
641857,2019,Ryan McMahon,,5,1,6,26.4,15.613075270732981,27.639999999999997,5,1.94,85.7,4,0.8333333333333334
643446,2019,Jeff McNeil,,5,6,11,27.2,10.750889000548856,21.928571428571427,7,2.01875,81.3375,-1,0.45454545454545453
456488,2019,Eduardo Núñez,,5,1,6,28.1,14.132163790958318,26.933333333333334,6,2.036,80.2,4,0.8333333333333334
572008,2019,Chris Owings,,5,2,7,28.1,12.716696485448105,24.660000000000004,5,2.026,80.26,3,0.7142857142857143
572041,2019,AJ Pollock,,5,1,6,28.0,13.760519744097627,26.18,5,1.94,85.56,4,0.8333333333333334
541650,2019,Hernán Pérez,,5,1,6,27.2,16.791423513457033,29.6,5,2.03,81.14,4,0.8333333333333334
502210,2019,Josh Reddick,,5,2,7,26.7,12.577876312073782,24.67142857142857,7,2.0285714285714285,81.02857142857144,3,0.7142857142857143
592669,2019,Hunter Renfroe,,5,0,5,27.1,15.624862746844775,28.0,5,1.9940000000000002,82.74,5,1.0
519203,2019,Anthony Rizzo,,5,2,7,25.3,15.662951117520016,28.35,4,2.033333333333333,79.36666666666666,3,0.7142857142857143
570560,2019,Yolmer Sánchez,,5,4,9,27.7,13.141923194947642,26.560000000000002,5,1.9619999999999997,82.14,1,0.5555555555555556
650402,2019,Gleyber Torres,,5,2,7,26.5,12.245180447008007,23.32,5,2.0140000000000002,80.14,3,0.7142857142857143
663656,2019,Kyle Tucker,,5,0,5,27.7,13.332183066996457,26.175,4,2.0,83.3,5,1.0
458015,2019,Joey Votto,,5,0,5,25.1,15.967701276774712,26.85,2,2.013333333333333,81.2,5,1.0
642715,2019,Willy Adames,,4,2,6,28.3,9.77903557019813,21.46666666666667,3,2.0033333333333334,82.16666666666667,2,0.6666666666666666
593643,2019,Hanser Alberto,,4,4,8,26.9,10.190950031850939,19.92,5,2.034,82.24,0,0.5
595751,2019,Jorge Alfaro,,4,4,8,28.8,11.372133972176881,22.150000000000002,6,2.0066666666666664,80.83333333333333,0,0.5
474832,2019,Brandon Belt,,4,3,7,24.8,13.327620553725232,26.433333333333334,6,1.998333333333333,82.71666666666667,1,0.5714285714285714
666182,2019,Bo Bichette,,4,4,8,28.4,13.510407156507545,26.839999999999996,5,1.9920000000000002,83.2,0,0.5
593428,2019,Xander Bogaerts,,4,2,6,28.0,13.317533929708961,26.660000000000004,5,1.9939999999999998,82.42,2,0.6666666666666666
594777,2019,Kole Calhoun,,4,1,5,25.9,13.102419807799507,24.04,5,2.022,79.84,3,0.8
605612,2019,Harold Castro,,4,2,6,27.2,11.545663684788522,23.166666666666668,3,1.9533333333333331,83.16666666666667,2,0.6666666666666666
621311,2019,David Dahl,,4,4,8,28.1,12.71251799743866,23.55,6,1.9899999999999998,83.22,0,0.5
518626,2019,Josh Donaldson,,4,2,6,25.8,12.973264962475618,24.900000000000002,6,1.9883333333333333,82.91666666666667,2,0.6666666666666666
640447,2019,Phillip Ervin,,4,3,7,27.5,10.591327369577046,21.333333333333332,6,2.05,79.8,1,0.5714285714285714
571657,2019,Kyle Farmer,,4,1,5,27.3,11.568476251144645,22.3,3,2.11,75.93333333333334,3,0.8
608336,2019,Joey Gallo,,4,2,6,27.7,10.597964217462273,22.1,2,2.01,83.15,2,0.6666666666666666
520471,2019,Freddy Galvis,,4,2,6,25.9,13.606824493868698,26.066666666666666,3,2.03,80.60000000000001,2,0.6666666666666666
570481,2019,Erik González,,4,1,5,28.5,8.4076091062577,20.35,4,1.9925,81.075,3,0.8
460576,2019,Carlos Gómez,,4,1,5,28.2,11.70731544206447,23.866666666666664,3,2.0100000000000002,81.43333333333334,3,0.8
543281,2019,Josh Harrison,,4,2,6,27.2,12.649340681858895,26.53333333333333,6,1.9816666666666667,83.10000000000001,2,0.6666666666666666
594011,2019,Rosell Herrera,,4,1,5,28.3,10.553450799010625,22.3,4,2.0125,78.825,3,0.8
643393,2019,Tony Kemp,,4,4,8,26.4,12.511113897584307,24.225,8,1.98375,82.9125,0,0.5
501571,2019,Juan Lagares,,4,1,5,27.9,10.19509099066369,21.48,5,1.9460000000000002,84.86,3,0.8
547982,2019,Leonys Martin,,4,5,9,27.2,12.15509099066369,25.360000000000003,5,1.9899999999999998,82.12,-1,0.4444444444444444
608577,2019,Nomar Mazara,,4,1,5,26.5,11.485860064066829,23.7,3,2.0366666666666666,79.73333333333333,3,0.8
543510,2019,James McCann,,4,1,5,26.2,17.01874808210078,29.85,4,1.9425,84.55,3,0.8
571970,2019,Max Muncy,,4,1,5,27.7,16.236423002017244,27.400000000000002,3,2.0066666666666664,81.16666666666667,3,0.8
571980,2019,Tyler Naquin,,4,2,6,27.0,10.463952289949697,22.116666666666664,6,2.0316666666666667,81.18333333333334,2,0.6666666666666666
605412,2019,Joe Panik,,4,2,6,25.6,11.339366133992915,21.85,4,2.01,82.15,2,0.6666666666666666
607054,2019,Jace Peterson,,4,1,5,28.1,10.359389776678471,22.099999999999998,3,2.0,79.73333333333333,3,0.8
593871,2019,Jorge Polanco,,4,3,7,28.2,11.49943399341084,22.14,5,2.022,81.22,1,0.5714285714285714
572073,2019,Joey Rickard,,4,2,6,28.4,11.718642811641514,24.02,5,1.984,81.67999999999999,2,0.6666666666666666
668942,2019,Josh Rojas,,4,2,6,28.1,11.947964217462273,24.779999999999998,5,1.98,84.225,2,0.6666666666666666
657077,2019,Alex Verdugo,,4,1,5,27.3,11.618495527182784,23.35,2,2.035,81.35,3,0.8
543877,2019,Christian Vázquez,,4,2,6,25.7,14.544909009336312,27.98,5,2.054,79.52000000000001,2,0.6666666666666666
571448,2019,Nolan Arenado,,3,2,5,25.9,12.788732267985832,23.919999999999998,5,2.025,80.675,1,0.6
641343,2019,Jake Bauers,,3,3,6,27.7,12.61621427054717,25.45,6,2.0116666666666667,83.38333333333333,0,0.5
488726,2019,Michael Brantley,,3,2,5,26.4,11.693175506131299,24.53333333333333,3,2.03,80.3,1,0.6
592192,2019,Mark Canha,,3,2,5,27.6,11.42605644334514,24.233333333333334,3,2.0233333333333334,82.0,1,0.6
543063,2019,Brandon Crawford,,3,2,5,25.7,7.663990842025974,18.333333333333332,3,2.046666666666667,79.73333333333333,1,0.6
435622,2019,Ian Desmond,,3,3,6,27.5,11.481533386874423,24.224999999999998,4,1.97,82.95,0,0.5
572821,2019,Brian Dozier,,3,4,7,26.9,11.366091533498228,22.55,4,2.0575,79.525,-1,0.42857142857142855
641553,2019,Adam Engel,,3,3,6,30.0,10.787294356577869,25.399999999999995,3,1.9433333333333334,83.03333333333333,0,0.5
592450,2019,Aaron Judge,,3,2,5,28.2,11.33014728445873,23.15,4,2.03,80.625,1,0.6
643418,2019,Shed Long Jr.,,3,3,6,27.7,11.941085750686787,23.380000000000003,5,1.9959999999999998,81.78,0,0.5
656669,2019,Jordan Luplow,,3,2,5,28.2,12.580825878637972,25.35,4,2.0300000000000002,80.8,1,0.6
668804,2019,Bryan Reynolds,,3,2,5,28.1,10.388530224051433,22.54,5,1.9799999999999998,83.53999999999999,1,0.6
642423,2019,Magneuris Sierra,,3,3,6,29.8,9.186087285006161,21.18,5,2.032,80.6,0,0.5
553993,2019,Eugenio Suárez,,3,2,5,25.9,10.9342766776486,23.266666666666666,3,2.033333333333333,78.7,1,0.6
519346,2019,Eric Thames,,3,2,5,26.7,13.027375079627348,25.0,1,2.07,79.0,1,0.6
453568,2019,Charlie Blackmon,,2,5,7,26.8,12.529026836903295,24.36,5,1.988,83.42,-3,0.2857142857142857
596847,2019,Ji Man Choi,,2,3,5,25.3,10.05480798736911,20.7,2,1.975,81.85,-1,0.4
435079,2019,Ian Kinsler,,2,4,6,26.2,9.960785517113234,22.5,3,2.0500000000000003,78.33333333333333,-2,0.3333333333333333
650859,2019,Luis Rengifo,,2,5,7,28.0,11.325810969247252,23.233333333333334,6,2.0433333333333334,81.58333333333333,-3,0.2857142857142857
656941,2019,Kyle Schwarber,,2,3,5,27.1,10.807890575232907,22.25,4,2.0300000000000002,82.25,-1,0.4
573262,2019,Mike Yastrzemski,,2,4,6,27.5,13.308189392642438,25.18,5,1.988,80.12,-2,0.3333333333333333
621453,2019,Steven Duggar,,1,4,5,28.2,12.555118370401523,24.2,4,1.9974999999999998,81.925,-3,0.2
596146,2019,Max Kepler,,1,5,6,27.7,10.589073099394826,22.68,5,2.004,82.17999999999999,-4,0.16666666666666666
609275,2020,Adalberto Mondesi,,24,8,32,29.4,11.899681033897723,23.431818181818183,22,1.9821052631578946,80.58947368421053,16,0.75
542340,2020,Jonathan Villar,,16,5,21,27.0,10.743822285143018,24.9125,16,2.007857142857143,78.47142857142856,11,0.7619047619047619
596115,2020,Trevor Story,,15,3,18,28.9,12.506029456891746,25.1,10,1.9869999999999997,80.27000000000001,12,0.8333333333333334
622534,2020,Manuel Margot,,12,4,16,28.4,10.80844979132276,22.569230769230767,13,2.0053846153846155,79.77692307692307,8,0.75
593160,2020,Whit Merrifield,,12,3,15,28.5,13.256494834798147,25.974999999999998,12,2.0175,79.2625,9,0.8
664238,2020,Dylan Moore,,12,5,17,27.6,10.452420152915117,23.23846153846154,13,1.9769999999999999,80.36,7,0.7058823529411765
596451,2020,Roman Quinn,,12,0,12,30.5,11.711249059125516,22.755555555555556,9,2.025,77.3125,12,1.0
607208,2020,Trea Turner,,12,4,16,29.9,13.479421376367695,25.527272727272727,11,1.97,80.92999999999999,8,0.75
665487,2020,Fernando Tatis Jr.,,11,3,14,29.3,10.558186581797184,22.518181818181816,11,1.986363636363636,79.66363636363636,8,0.7857142857142857
605141,2020,Mookie Betts,,10,2,12,28.3,13.217431019420024,26.263636363636362,11,1.9627272727272727,80.73636363636363,8,0.8333333333333334
663757,2020,Trent Grisham,,10,1,11,29.1,15.301130259670462,28.557142857142857,7,1.9714285714285713,79.7,9,0.9090909090909091
516782,2020,Starling Marte,,10,2,12,28.4,13.341175718470895,25.05,12,1.9989999999999999,79.1,8,0.8333333333333334
608070,2020,José Ramírez,,10,3,13,27.2,11.901265350206485,24.745454545454546,11,1.9981818181818183,80.31818181818181,7,0.7692307692307693
542932,2020,Jon Berti,,9,2,11,29.2,9.93450360633662,22.814285714285713,7,2.0066666666666664,82.56666666666666,7,0.8181818181818182
673357,2020,Luis Robert Jr.,,9,2,11,29.1,10.484081092306186,21.990909090909092,11,1.9914285714285713,81.28571428571429,7,0.8181818181818182
660670,2020,Ronald Acuña Jr.,,8,1,9,29.1,11.100014457028603,22.8625,8,1.9875,82.5875,7,0.8888888888888888
593428,2020,Xander Bogaerts,,8,0,8,27.6,15.986749120677738,28.825,8,1.9649999999999999,83.525,8,1.0
665926,2020,Andrés Giménez,,8,1,9,28.8,10.877743290774175,21.925,8,1.9528571428571428,80.97142857142856,7,0.8888888888888888
543257,2020,Robbie Grossman,,8,1,9,27.4,10.336525479816947,23.1875,8,1.98375,79.4375,7,0.8888888888888888
547180,2020,Bryce Harper,,8,2,10,27.8,12.557365140033534,24.288888888888888,9,2.025,80.1375,6,0.8
595281,2020,Kevin Kiermaier,,8,1,9,29.3,11.22833769998075,23.733333333333334,6,2.032,76.22,7,0.8888888888888888
643396,2020,Isiah Kiner-Falefa,,8,5,13,28.1,10.862684105573413,22.3125,8,1.987142857142857,80.61428571428571,3,0.6153846153846154
622682,2020,Victor Reyes,,8,2,10,27.9,10.338651544936353,23.883333333333336,6,2.006,79.44,6,0.8
596103,2020,Austin Slater,,8,1,9,27.7,11.609926357770634,22.95,8,1.96125,81.175,7,0.8888888888888888
606132,2020,Raimel Tapia,,8,2,10,28.1,9.800503798887863,21.844444444444445,9,1.9855555555555553,78.74444444444445,6,0.8
665750,2020,Leody Taveras,,8,0,8,29.1,12.887087996391173,25.942857142857143,7,1.9657142857142857,81.2,8,1.0
663656,2020,Kyle Tucker,,8,1,9,27.6,11.556787646591724,23.811111111111114,9,1.9525,80.8625,7,0.8888888888888888
621563,2020,Joey Wendle,,8,2,10,28.2,10.212919489290114,22.46,10,2.004,78.7,6,0.8
673451,2020,Shogo Akiyama,,7,3,10,27.7,10.632126943681348,21.788888888888888,9,1.9733333333333332,82.36666666666666,4,0.7
592348,2020,Niko Goodrum,,7,1,8,28.1,10.511167047147918,21.642857142857142,7,1.9949999999999999,80.14999999999999,6,0.875
656775,2020,Cedric Mullins,,7,2,9,28.6,11.476872985538789,23.366666666666667,9,1.95625,81.7125,5,0.7777777777777778
660271,2020,Shohei Ohtani,,7,1,8,28.7,11.206009984211388,23.225,8,2.0066666666666664,78.31666666666666,6,0.875
595777,2020,Jurickson Profar,,7,1,8,27.0,11.680825878637974,23.566666666666666,6,2.005,80.98333333333333,6,0.875
669256,2020,Nick Solak,,7,1,8,28.6,13.60033929708962,27.05,4,1.97,80.14999999999999,6,0.875
641355,2020,Cody Bellinger,,6,1,7,28.6,10.759926357770635,21.275,4,1.97,79.56666666666666,5,0.8571428571428571
624415,2020,Cavan Biggio,,6,0,6,27.7,15.183511341297734,27.974999999999998,4,1.93,81.05000000000001,6,1.0
425783,2020,Shin-Soo Choo,,6,2,8,25.9,13.60547832038915,27.142857142857142,7,1.9557142857142857,80.45714285714287,4,0.75
641487,2020,J.P. Crawford,,6,3,9,26.8,10.821330280675324,22.655555555555555,9,1.9575,81.425,3,0.6666666666666666
502481,2020,Jarrod Dyson,,6,0,6,27.5,11.041120447555436,23.233333333333334,6,2.0066666666666664,78.5,6,1.0
571740,2020,Billy Hamilton,,6,2,8,28.8,11.775633866007084,24.380000000000003,5,1.9333333333333333,82.2,4,0.75
641658,2020,Garrett Hampson,,6,1,7,29.6,13.149547603880505,26.483333333333334,6,2.0119999999999996,80.52000000000001,5,0.8571428571428571
606192,2020,Teoscar Hernández,,6,1,7,28.2,13.164178488009446,27.46666666666667,6,1.952,79.46000000000001,5,0.8571428571428571
596019,2020,Francisco Lindor,,6,2,8,27.4,10.974774167254386,22.842857142857145,7,1.9883333333333333,79.41666666666667,4,0.75
592518,2020,Manny Machado,,6,3,9,26.4,11.245220926688097,23.225,4,1.9849999999999999,79.225,3,0.6666666666666666
502054,2020,Tommy Pham,,6,0,6,28.2,11.763952289949694,24.733333333333334,3,2.0233333333333334,73.7,6,1.0
621433,2020,Brett Phillips,,6,1,7,28.8,10.444099574408428,22.583333333333332,6,2.03,80.7,5,0.8571428571428571
665742,2020,Juan Soto,,6,2,8,26.3,13.764818530112409,26.516666666666666,6,2.02,79.38333333333334,4,0.75
664702,2020,Myles Straw,,6,2,8,28.5,9.810766241075095,21.3,6,1.924,79.56,4,0.75
643565,2020,Mike Tauchman,,6,0,6,27.4,13.912537273476795,26.883333333333336,6,1.98,79.06,6,1.0
641313,2020,Tim Anderson,,5,2,7,28.7,10.974434504850633,22.2,6,2.01,80.16666666666667,3,0.7142857142857143
598265,2020,Jackie Bradley Jr.,,5,2,7,27.3,12.084343002747149,22.240000000000002,5,1.964,80.82000000000001,3,0.7142857142857143
571718,2020,Brian Goodwin,,5,0,5,28.0,10.500294568917463,21.96,5,1.9925,81.15,5,1.0
621005,2020,Tim Lopes,,5,0,5,28.4,12.080825878637974,24.375,4,1.9649999999999999,80.125,5,1.0
607680,2020,Kevin Pillar,,5,2,7,27.8,12.391081895479159,24.099999999999998,6,1.9749999999999999,85.55,3,0.7142857142857143
500743,2020,Miguel Rojas,,5,1,6,26.4,12.9771488815676,25.03333333333333,3,1.9833333333333332,79.26666666666667,4,0.8333333333333334
572122,2020,Kyle Seager,,5,0,5,25.7,16.93050330038753,29.566666666666666,3,2.01,80.66666666666667,5,1.0
621020,2020,Dansby Swanson,,5,0,5,28.4,13.989366133992917,27.175,4,1.9325,83.0,5,1.0
543939,2020,Kolten Wong,,5,2,7,26.7,14.641948135641874,26.383333333333336,6,1.9816666666666667,80.41666666666667,3,0.7142857142857143
666182,2020,Bo Bichette,,4,1,5,27.7,12.009926357770635,23.725,4,1.95,84.43333333333334,3,0.8
543305,2020,Aaron Hicks,,4,1,5,27.5,13.981475558760007,26.475,4,1.9733333333333334,79.63333333333334,3,0.8
542255,2020,Ender Inciarte,,4,1,5,26.4,14.182832747118493,26.3,4,2.0149999999999997,78.125,3,0.8
593871,2020,Jorge Polanco,,4,2,6,27.8,10.91452498407453,22.02,5,1.9799999999999998,78.76666666666667,2,0.6666666666666666
592663,2020,J.T. Realmuto,,4,1,5,28.2,10.220220926688096,21.175,4,2.0925,74.69999999999999,3,0.8
645302,2020,Victor Robles,,4,1,5,28.0,13.146116080908017,26.166666666666668,3,1.955,81.15,3,0.8
642423,2020,Magneuris Sierra,,4,1,5,28.8,10.91643083058785,21.45,4,2.0,78.33333333333333,3,0.8
623205,2020,Andrew Velazquez,,4,2,6,28.3,10.709955271827841,22.549999999999997,4,1.9799999999999998,77.8,2,0.6666666666666666
543877,2020,Christian Vázquez,,4,3,7,25.0,14.203280383306128,28.020000000000003,5,1.95,88.96666666666665,1,0.5714285714285714
642180,2020,Tyler Wade,,4,1,5,28.2,12.172256709225824,24.175,4,2.07,77.8,3,0.8
592885,2020,Christian Yelich,,4,2,6,28.2,11.566091533498229,22.9,4,2.0366666666666666,80.9,2,0.6666666666666666
624424,2020,Michael Conforto,,3,3,6,26.9,11.003450799010624,23.25,6,1.9899999999999998,82.1,0,0.5
592261,2020,Delino DeShields,,3,2,5,28.6,10.02194632619341,21.4,4,2.0,79.89999999999999,1,0.6
458731,2020,Brett Gardner,,3,3,6,28.2,11.809370500640334,24.05,6,1.915,81.6,0,0.5
544369,2020,Didi Gregorius,,3,2,5,27.2,8.91233035145519,17.9,2,1.9249999999999998,80.6,1,0.6
669374,2020,Keston Hiura,,3,2,5,27.0,10.080612269080692,23.2,5,1.986,81.08,1,0.6
663538,2020,Nico Hoerner,,3,2,5,28.7,11.288687539813674,22.05,4,1.9966666666666668,78.5,1,0.6
543829,2020,Dee Strange-Gordon,,3,2,5,28.5,12.112330351455189,24.325,4,1.9575,81.575,1,0.6
621035,2020,Chris Taylor,,3,2,5,28.4,12.969381043383635,24.733333333333334,3,2.02,76.1,1,0.6
514888,2020,Jose Altuve,,2,3,5,28.4,11.935265654860254,23.475,4,1.9625,80.825,-1,0.4
643289,2020,Mauricio Dubón,,2,3,5,27.9,10.67709361065214,23.2,4,1.9875,77.925,-1,0.4
669242,2020,Tommy Edman,,2,4,6,28.9,9.981403450850015,21.580000000000002,5,1.98,80.025,-2,0.3333333333333333
570481,2020,Erik González,,2,3,5,27.3,10.57099629434247,22.919999999999998,5,2.0124999999999997,80.15,-1,0.4
669720,2020,Austin Hays,,2,3,5,27.8,10.419751693574067,22.02,5,1.9475,83.45,-1,0.4
670032,2020,Nicky Lopez,,0,5,5,27.7,10.087692779790576,21.2,5,2.0,79.06,-5,0.0
516782,2021,Starling Marte,,47,5,52,28.5,11.25314466447028,22.2375,40,1.981025641025641,81.22051282051282,42,0.9038461538461539
593160,2021,Whit Merrifield,,40,4,44,28.6,12.462239741136477,26.116666666666667,36,1.9820000000000002,80.63428571428571,36,0.9090909090909091
607208,2021,Trea Turner,,32,5,37,30.6,12.06968319073189,23.983870967741936,31,1.9893333333333334,79.90666666666667,27,0.8648648648648649
669242,2021,Tommy Edman,,30,5,35,28.9,11.603255591148239,23.61111111111111,27,1.9657692307692307,81.55000000000001,25,0.8571428571428571
656775,2021,Cedric Mullins,,30,8,38,28.5,10.237175901779665,22.04857142857143,35,1.9729411764705882,81.8,22,0.7894736842105263
664702,2021,Myles Straw,,30,6,36,29.3,11.748809284167738,24.370588235294118,34,1.9855882352941174,80.74705882352941,24,0.8333333333333334
608070,2021,José Ramírez,,27,4,31,28.1,12.268001038576955,25.55,24,1.9936,80.3,23,0.8709677419354839
660271,2021,Shohei Ohtani,,26,10,36,28.8,9.877447331949433,20.933333333333334,27,1.9832142857142858,81.79285714285713,16,0.7222222222222222
666182,2021,Bo Bichette,,25,1,26,28.0,12.592789609626946,25.008695652173916,23,1.9663636363636363,82.20454545454545,24,0.9615384615384616
665487,2021,Fernando Tatis Jr.,,25,4,29,29.2,11.52309415348668,23.630000000000003,20,1.9785,80.77000000000001,21,0.8620689655172413
665862,2021,Jazz Chisholm Jr.,,23,8,31,29.1,10.867756070251934,21.582142857142856,28,1.9874074074074073,80.35185185185185,15,0.7419354838709677
670032,2021,Nicky Lopez,,22,1,23,28.2,12.550422577338056,25.646666666666665,15,1.9899999999999998,80.52666666666666,21,0.9565217391304348
664238,2021,Dylan Moore,,21,5,26,28.4,12.064765899013665,25.157894736842106,19,1.9733333333333336,80.68333333333334,16,0.8076923076923077
645277,2021,Ozzie Albies,,20,4,24,28.4,11.850162420030507,23.275,16,1.968125,81.43125,16,0.8333333333333334
668227,2021,Randy Arozarena,,20,10,30,28.7,9.923576263549545,21.48888888888889,27,1.9507407407407409,81.85185185185185,10,0.6666666666666666
543257,2021,Robbie Grossman,,20,5,25,27.7,10.609264907076978,22.942105263157895,19,2.005263157894737,79.67368421052632,15,0.8
643396,2021,Isiah Kiner-Falefa,,20,5,25,28.0,11.63028878610602,23.97,20,1.974736842105263,81.09473684210526,15,0.8
596115,2021,Trevor Story,,20,6,26,28.6,15.574207283911301,29.293333333333337,15,1.986,79.39333333333335,14,0.7692307692307693
606132,2021,Raimel Tapia,,20,6,26,28.3,10.673274010457146,22.11304347826087,23,2.007391304347826,79.49130434782609,14,0.7692307692307693
641313,2021,Tim Anderson,,18,7,25,28.2,10.579598626303895,21.61,20,1.984,81.2,11,0.72
668731,2021,Akil Baddoo,,18,4,22,28.8,10.231531865081939,21.663157894736845,19,2.0121052631578946,80.10526315789474,14,0.8181818181818182
595879,2021,Javier Báez,,18,5,23,28.5,11.583924802450845,23.31578947368421,19,1.9888235294117649,80.02352941176471,13,0.782608695652174
660670,2021,Ronald Acuña Jr.,,17,6,23,29.4,11.698227262798992,22.333333333333332,18,1.9510526315789474,81.43157894736842,11,0.7391304347826086
641658,2021,Garrett Hampson,,17,7,24,29.8,12.30620575089533,25.033333333333335,21,2.004285714285714,79.50952380952381,10,0.7083333333333334
642180,2021,Tyler Wade,,17,6,23,29.1,11.726169177060877,23.99047619047619,21,2.0023809523809524,79.59047619047618,11,0.7391304347826086
666969,2021,Adolis García,,16,5,21,28.4,9.860496714127876,21.00714285714286,14,1.9692307692307693,81.83076923076922,11,0.7619047619047619
664058,2021,David Fletcher,,15,3,18,27.6,11.399461567657475,24.011764705882353,17,2.005294117647059,80.15294117647058,12,0.8333333333333334
609275,2021,Adalberto Mondesi,,15,1,16,28.4,13.977140771765061,28.284615384615385,13,1.9953846153846153,80.35384615384615,14,0.9375
641933,2021,Tyler O'Neill,,15,4,19,29.6,10.909871262753471,21.50526315789474,19,1.9683333333333333,82.05000000000001,11,0.7894736842105263
543760,2021,Marcus Semien,,15,1,16,28.6,13.986781075910898,25.707692307692305,13,1.9676923076923076,81.10769230769232,14,0.9375
596103,2021,Austin Slater,,15,2,17,28.4,11.560284054714842,23.60909090909091,11,2.001,79.67999999999999,13,0.8823529411764706
605548,2021,Bradley Zimmer,,15,3,18,29.4,11.287597489996811,23.728571428571428,14,2.0016666666666665,80.68333333333334,12,0.8333333333333334
592348,2021,Niko Goodrum,,14,5,19,28.5,10.765498147171234,22.44,15,2.0035714285714286,80.50714285714285,9,0.7368421052631579
502054,2021,Tommy Pham,,14,6,20,27.8,10.634989678114117,21.515384615384615,13,1.9883333333333333,79.80833333333334,8,0.7
621433,2021,Brett Phillips,,14,3,17,28.5,10.16159233258936,21.72941176470588,17,1.9718749999999998,80.8625,11,0.8235294117647058
570256,2021,Gregory Polanco,,14,1,15,27.2,10.41943665418568,21.30909090909091,11,1.9989999999999999,80.03,13,0.9333333333333333
572191,2021,Michael A. Taylor,,14,7,21,28.2,11.274276677648599,23.973333333333336,15,1.99,81.17142857142856,7,0.6666666666666666
650402,2021,Gleyber Torres,,14,6,20,27.0,12.368398684304516,24.08235294117647,17,2.0041176470588233,79.01764705882353,8,0.7
663656,2021,Kyle Tucker,,14,2,16,27.4,10.846327881016835,22.933333333333334,15,1.9933333333333332,81.03999999999999,12,0.875
542340,2021,Jonathan Villar,,14,7,21,27.3,11.022598609683147,23.758823529411764,17,1.9906249999999999,80.8125,7,0.6666666666666666
456715,2021,Lorenzo Cain,,13,2,15,28.7,13.346801219610409,25.572727272727274,11,1.978181818181818,81.49090909090908,11,0.8666666666666667
663757,2021,Trent Grisham,,13,5,18,28.8,11.416863996113571,23.023076923076925,13,1.9946153846153847,80.74615384615385,8,0.7222222222222222
547180,2021,Bryce Harper,,13,3,16,27.8,12.255687423992077,25.5,11,2.0324999999999998,77.975,10,0.8125
622534,2021,Manuel Margot,,13,8,21,28.6,11.603327645442853,24.34705882352941,17,1.9823529411764707,80.36470588235295,5,0.6190476190476191
592663,2021,J.T. Realmuto,,13,3,16,28.8,10.387175159938982,21.6125,8,1.9949999999999999,80.975,10,0.8125
500743,2021,Miguel Rojas,,13,3,16,26.6,12.204242492219741,25.28333333333333,12,1.9800000000000002,80.7090909090909,10,0.8125
642708,2021,Amed Rosario,,13,0,13,29.5,10.473190415522021,21.75,12,1.9800000000000002,80.11818181818181,13,1.0
621035,2021,Chris Taylor,,13,1,14,28.8,12.779555271330178,24.58181818181818,11,1.996,81.44,12,0.9285714285714286
462101,2021,Elvis Andrus,,12,2,14,26.7,12.437361196645154,24.927272727272726,11,2.0036363636363634,81.25454545454545,10,0.8571428571428571
592192,2021,Mark Canha,,12,2,14,27.8,13.113698054016293,26.2,11,2.0063636363636363,80.58181818181818,10,0.8571428571428571
502671,2021,Paul Goldschmidt,,12,0,12,26.3,15.097660915249971,27.555555555555557,9,1.9911111111111108,80.28888888888889,12,1.0
606192,2021,Teoscar Hernández,,12,4,16,28.5,11.396681576057384,22.400000000000002,12,1.9574999999999998,82.69166666666666,8,0.75
663697,2021,Jonathan India,,12,3,15,28.5,12.681318849925205,25.714285714285715,14,1.9692307692307691,81.66923076923078,9,0.8
657656,2021,Ramón Laureano,,12,5,17,27.6,13.826626492629881,26.076923076923077,13,1.9838461538461538,81.1076923076923,7,0.7058823529411765
592518,2021,Manny Machado,,12,3,15,26.4,11.478997018121856,23.044444444444444,9,1.96,82.58888888888889,9,0.8
542364,2021,Rafael Ortega,,12,6,18,27.5,10.82194632619341,23.025000000000002,12,1.9936363636363637,79.92727272727274,6,0.6666666666666666
543939,2021,Kolten Wong,,12,5,17,26.8,12.033160748411719,23.599999999999998,14,1.9942857142857142,79.46428571428571,7,0.7058823529411765
543063,2021,Brandon Crawford,,11,3,14,25.8,12.271720128133662,26.022222222222226,9,1.9655555555555553,81.07777777777778,8,0.7857142857142857
665926,2021,Andrés Giménez,,11,0,11,29.1,11.997398210873113,24.06,10,1.9969999999999999,79.64,11,1.0
660634,2021,Yonny Hernández,,11,2,13,26.9,10.410158850081613,21.86,10,1.971111111111111,82.25555555555555,9,0.8461538461538461
593871,2021,Jorge Polanco,,11,6,17,27.9,11.962915122642697,24.65833333333333,12,1.9409090909090907,81.9090909090909,5,0.6470588235294118
592696,2021,Eddie Rosario,,11,3,14,27.4,12.053751544023969,23.349999999999998,12,1.9799999999999998,80.73333333333333,8,0.7857142857142857
642423,2021,Magneuris Sierra,,11,0,11,28.8,10.014178488009444,21.155555555555555,9,2.017777777777778,79.08888888888889,11,1.0
605141,2021,Mookie Betts,,10,5,15,27.2,12.347954579443204,25.141666666666666,12,1.9791666666666667,81.19166666666666,5,0.6666666666666666
592178,2021,Kris Bryant,,10,2,12,27.9,11.536726304229544,21.583333333333332,6,1.984,79.92,8,0.8333333333333334
502481,2021,Jarrod Dyson,,10,5,15,27.9,10.870984728719588,22.97,10,1.954,82.47,5,0.6666666666666666
641584,2021,Jake Fraley,,10,2,12,27.7,10.451833738603327,23.41,10,1.98,80.66,8,0.8333333333333334
624428,2021,Adam Frazier,,10,5,15,27.1,12.940384025261778,24.580000000000002,10,1.9622222222222223,81.54444444444444,5,0.6666666666666666
624503,2021,Nick Gordon,,10,1,11,27.8,9.640057828114413,22.03,10,1.9755555555555557,82.1,9,0.9090909090909091
596146,2021,Max Kepler,,10,0,10,27.4,9.232396086627078,20.025,8,1.98625,80.475,10,1.0
596019,2021,Francisco Lindor,,10,4,14,27.8,13.573478309843273,25.366666666666667,9,1.9733333333333332,82.15555555555555,6,0.7142857142857143
622761,2021,Jorge Mateo,,10,3,13,30.3,12.68516219384945,25.491666666666664,12,1.9716666666666667,82.01666666666667,7,0.7692307692307693
607054,2021,Jace Peterson,,10,1,11,28.1,11.89878075965592,23.733333333333334,9,1.97875,80.3875,9,0.9090909090909091
595777,2021,Jurickson Profar,,10,5,15,26.2,11.56513796115995,23.472727272727273,11,1.989090909090909,81.74545454545455,5,0.6666666666666666
665750,2021,Leody Taveras,,10,1,11,29.7,10.153142776251583,21.4,9,1.9655555555555553,82.93333333333334,9,0.9090909090909091
664056,2021,Harrison Bader,,9,4,13,29.4,10.115125687532338,22.93,10,1.948,82.06,5,0.6923076923076923
621439,2021,Byron Buxton,,9,1,10,29.9,10.229714164377375,22.05,6,1.9733333333333334,79.43333333333334,8,0.9
650489,2021,Willi Castro,,9,4,13,28.7,10.147681214167694,20.78,10,1.996,79.38,5,0.6923076923076923
571740,2021,Billy Hamilton,,9,0,9,29.5,14.416445287616453,29.125,8,2.0225,80.8875,9,1.0
664023,2021,Ian Happ,,9,2,11,27.7,11.937915122642694,24.599999999999998,6,2.005,80.93333333333332,7,0.8181818181818182
543281,2021,Josh Harrison,,9,5,14,26.8,11.368495527182784,22.85,10,1.9633333333333332,81.24444444444445,4,0.6428571428571429
663647,2021,Ke'Bryan Hayes,,9,1,10,27.8,10.757197524025061,21.7875,8,1.9649999999999999,80.075,8,0.9
595281,2021,Kevin Kiermaier,,9,5,14,29.2,10.012613354749769,20.54,10,1.9988888888888887,79.37777777777778,4,0.6428571428571429
572041,2021,AJ Pollock,,9,1,10,27.7,13.622426357770633,26.9875,8,1.98875,81.5625,8,0.9
668942,2021,Josh Rojas,,9,4,13,27.6,11.371238817956959,23.03333333333333,12,1.9908333333333335,80.34166666666667,5,0.6923076923076923
516416,2021,Jean Segura,,9,3,12,27.3,13.249422427787957,25.1,10,1.9929999999999999,79.92,6,0.75
665742,2021,Juan Soto,,9,7,16,27.0,10.05247763591392,20.66,10,1.9609999999999999,81.47,2,0.5625
621020,2021,Dansby Swanson,,9,3,12,28.3,12.388483961559901,24.36,10,1.9619999999999997,81.94,6,0.75
592885,2021,Christian Yelich,,9,3,12,28.3,11.068639900543236,21.866666666666667,9,1.9777777777777779,80.44444444444444,6,0.75
595751,2021,Jorge Alfaro,,8,1,9,28.3,11.476519123715297,23.099999999999998,7,2.0033333333333334,79.8,7,0.8888888888888888
643217,2021,Andrew Benintendi,,8,9,17,27.6,11.115806041136572,21.754545454545454,11,2.006,80.53,-1,0.47058823529411764
542932,2021,Jon Berti,,8,4,12,29.9,10.747977068154364,23.022222222222222,9,1.9355555555555557,81.53333333333333,4,0.6666666666666666
622110,2021,Matt Duffy,,8,1,9,26.4,16.047493837767828,29.214285714285715,7,1.987142857142857,81.92857142857143,7,0.8888888888888888
518692,2021,Freddie Freeman,,8,3,11,26.9,10.890158850081614,22.86,5,1.9579999999999997,81.14,5,0.7272727272727273
541645,2021,Avisaíl García,,8,4,12,28.6,10.81590530367878,22.34,5,1.9919999999999998,80.94000000000001,4,0.6666666666666666
643393,2021,Tony Kemp,,8,2,10,26.8,12.206253856594,24.014285714285712,7,2.0142857142857142,79.24285714285715,6,0.8
663993,2021,Nathaniel Lowe,,8,0,8,27.3,15.642419807799506,29.05,4,1.9949999999999999,81.175,8,1.0
571976,2021,Wil Myers,,8,5,13,28.3,12.79642646394043,23.95,12,1.9908333333333335,80.45,3,0.6153846153846154
645302,2021,Victor Robles,,8,6,14,28.3,10.487063258948119,21.636363636363637,11,1.960909090909091,82.69090909090909,2,0.5714285714285714
543877,2021,Christian Vázquez,,8,4,12,25.2,13.807352715541269,27.1625,8,1.9814285714285713,80.84285714285714,4,0.6666666666666666
621563,2021,Joey Wendle,,8,6,14,27.9,10.030169526041199,21.584615384615383,13,1.9791666666666667,82.04166666666667,2,0.5714285714285714
605113,2021,Nick Ahmed,,7,2,9,27.8,12.56621427054717,25.333333333333332,6,1.9685714285714284,80.89999999999999,5,0.7777777777777778
598265,2021,Jackie Bradley Jr.,,7,1,8,27.2,10.000028914057207,21.35,4,2.01,80.15,6,0.875
518586,2021,Charlie Culberson,,7,1,8,28.1,10.931976144974849,22.45,6,1.952,82.35999999999999,6,0.875
621453,2021,Steven Duggar,,7,0,7,28.4,10.46212342943358,22.0,6,1.97,81.42,7,1.0
641553,2021,Adam Engel,,7,1,8,29.7,14.509351224602197,28.55,6,1.968333333333333,81.66666666666667,6,0.875
664040,2021,Brandon Lowe,,7,1,8,27.6,9.382612140894892,20.114285714285717,7,1.9857142857142855,78.39999999999999,6,0.875
640458,2021,Óscar Mercado,,7,1,8,28.9,12.079507242355765,26.816666666666666,6,1.96,81.93333333333334,6,0.875
669256,2021,Nick Solak,,7,5,12,29.0,10.04372900298823,22.266666666666666,9,1.9733333333333332,80.74444444444445,2,0.5833333333333334
641343,2021,Jake Bauers,,6,1,7,27.4,11.375161935356813,23.457142857142856,7,1.9514285714285715,81.35714285714286,5,0.8571428571428571
572816,2021,Corey Dickerson,,6,5,11,27.3,10.226301917443024,22.650000000000002,6,1.9866666666666666,81.11666666666666,1,0.5454545454545454
669289,2021,Santiago Espinal,,6,1,7,27.3,10.023513920921511,21.52857142857143,7,1.9928571428571427,80.87142857142858,5,0.8571428571428571
608336,2021,Joey Gallo,,6,0,6,27.4,14.16802385502515,27.73333333333333,3,1.9966666666666668,79.66666666666667,6,1.0
544725,2021,Leury García,,6,2,8,28.4,12.712136467403976,25.557142857142857,7,1.9528571428571428,80.62857142857142,4,0.75
546318,2021,Odúbel Herrera,,6,1,7,27.3,9.88194632619341,21.119999999999997,5,1.968,80.17999999999999,5,0.8571428571428571
656537,2021,Derek Hill,,6,3,9,30.4,9.820184847414097,20.985714285714288,7,2.017142857142857,80.2,3,0.6666666666666666
592450,2021,Aaron Judge,,6,1,7,27.7,12.702442939045271,24.36,5,2.004,80.72,5,0.8571428571428571
672284,2021,Jarred Kelenic,,6,4,10,27.2,8.71294262053588,20.580000000000002,10,1.9780000000000002,82.19,2,0.6
673490,2021,Ha-Seong Kim,,6,1,7,28.4,14.174602874795964,25.75,4,1.96,81.325,5,0.8571428571428571
669016,2021,Brandon Marsh,,6,1,7,29.1,8.205738293713978,19.428571428571427,7,1.957142857142857,82.10000000000001,5,0.8571428571428571
457705,2021,Andrew McCutchen,,6,1,7,28.7,10.911244600768402,22.36,5,2.01,80.34,5,0.8571428571428571
641857,2021,Ryan McMahon,,6,2,8,26.2,13.272284088963655,24.419999999999998,5,1.9979999999999998,79.46000000000001,4,0.75
621028,2021,Kevin Newman,,6,1,7,28.4,10.291516038440097,21.0,5,1.95,82.08,5,0.8571428571428571
519203,2021,Anthony Rizzo,,6,2,8,25.2,14.246303726891488,26.416666666666668,6,1.9666666666666668,82.05,4,0.75
673357,2021,Luis Robert Jr.,,6,1,7,28.0,11.501602662456369,23.233333333333334,6,2.0033333333333334,78.58333333333333,5,0.8571428571428571
621438,2021,Tyrone Taylor,,6,1,7,28.6,12.733200958265321,24.6,4,2.0124999999999997,79.125,5,0.8571428571428571
657041,2021,Lane Thomas,,6,3,9,29.0,11.854543237233086,22.650000000000002,6,2.0083333333333333,79.64999999999999,3,0.6666666666666666
647351,2021,Abraham Toro,,6,3,9,28.1,9.484092572075184,19.7875,8,2.0025,78.7875,3,0.6666666666666666
662139,2021,Daulton Varsho,,6,0,6,28.4,11.253431522972486,22.866666666666664,3,2.0066666666666664,81.16666666666667,6,1.0
657077,2021,Alex Verdugo,,6,2,8,27.0,11.240752236408607,22.424999999999997,4,1.9775,83.425,4,0.75
664774,2021,LaMonte Wade Jr.,,6,1,7,26.5,11.56691967129548,22.771428571428572,7,2.0157142857142856,79.02857142857142,5,0.8571428571428571
642715,2021,Willy Adames,,5,4,9,28.0,13.51119833827687,25.380000000000003,5,1.972,81.84,1,0.5555555555555556
546990,2021,Anthony Alford,,5,6,11,29.6,8.738248846785924,19.58888888888889,9,1.95,81.3,-1,0.45454545454545453
656185,2021,Greg Allen,,5,0,5,28.1,12.406863045944974,25.433333333333337,3,1.8766666666666667,84.7,5,1.0
514888,2021,Jose Altuve,,5,3,8,28.0,13.213971565987835,28.583333333333332,6,1.985,79.98333333333333,2,0.625
605119,2021,Brian Anderson,,5,0,5,27.0,14.41692166062827,25.74,5,1.98,79.94,5,1.0
593428,2021,Xander Bogaerts,,5,1,6,27.7,18.606785941792424,34.224999999999994,4,1.9775,79.15,4,0.8333333333333334
575929,2021,Willson Contreras,,5,4,9,27.5,11.506165175727595,23.083333333333332,6,1.998333333333333,79.11666666666666,1,0.5555555555555556
646240,2021,Rafael Devers,,5,5,10,27.1,13.015073642229364,26.275,4,1.9775,83.075,0,0.5
641531,2021,Hunter Dozier,,5,4,9,28.2,9.887846148635493,20.87777777777778,9,1.9844444444444445,80.46666666666667,1,0.5555555555555556
594807,2021,Adam Duvall,,5,0,5,28.5,12.349569712246687,23.78,5,2.0175,79.2,5,1.0
664059,2021,Sam Haggerty,,5,1,6,29.4,10.360785517113234,23.366666666666664,6,2.0033333333333334,79.71666666666667,4,0.8333333333333334
518792,2021,Jason Heyward,,5,1,6,26.8,14.869145207304818,28.1,4,1.9925,81.2,4,0.8333333333333334
656541,2021,Sam Hilliard,,5,0,5,28.9,10.177064696594933,20.85,4,2.0324999999999998,77.525,5,1.0
663538,2021,Nico Hoerner,,5,3,8,28.8,9.696833227163536,20.8,3,2.0166666666666666,80.16666666666667,2,0.625
571788,2021,Brock Holt,,5,1,6,26.2,15.025526943073091,27.933333333333334,3,1.9233333333333331,84.7,4,0.8333333333333334
543333,2021,Eric Hosmer,,5,4,9,26.0,10.938800638843546,21.3,3,1.9799999999999998,80.53333333333333,1,0.5555555555555556
578428,2021,Jose Iglesias,,5,2,7,28.2,10.073077316492148,21.016666666666666,6,1.9716666666666667,81.3,3,0.7142857142857143
608671,2021,Travis Jankowski,,5,0,5,28.5,11.711312460186326,23.95,4,1.9675,80.8,5,1.0
641796,2021,Tim Locastro,,5,3,8,30.6,11.411344408880723,22.557142857142857,7,1.95,80.48571428571428,2,0.625
571980,2021,Tyler Naquin,,5,3,8,27.7,10.466160657409036,21.67142857142857,7,1.9714285714285715,80.02857142857144,2,0.625
607043,2021,Brandon Nimmo,,5,4,9,28.9,10.106179632756199,20.9,8,1.99375,79.0375,1,0.5555555555555556
622682,2021,Victor Reyes,,5,1,6,28.8,10.549096230640592,23.68,5,2.0100000000000002,79.92,4,0.8333333333333334
668804,2021,Bryan Reynolds,,5,2,7,28.6,13.081136261670386,24.8,4,1.985,80.2,3,0.7142857142857143
649966,2021,Luis Urías,,5,1,6,26.5,10.843303514551895,22.48,5,1.972,79.16,4,0.8333333333333334
664913,2021,Seth Brown,,4,1,5,28.1,10.065475015925468,19.919999999999998,5,1.9620000000000002,81.8,3,0.8
630105,2021,Jake Cronenworth,,4,3,7,28.5,10.830176198515938,23.55,4,1.9833333333333334,78.86666666666666,1,0.5714285714285714
641505,2021,Jonathan Davis,,4,1,5,28.6,11.186651757275946,22.775,4,2.0,81.1,3,0.8
657557,2021,Paul DeJong,,4,1,5,27.5,12.323274600494686,24.025,4,1.9975,79.92500000000001,3,0.8
594838,2021,Phil Gosselin,,4,2,6,29.1,9.126999787660404,21.133333333333333,3,1.9733333333333334,80.93333333333334,2,0.6666666666666666
665489,2021,Vladimir Guerrero Jr.,,4,1,5,27.0,13.836991054365567,27.925,4,2.01,78.65,3,0.8
669720,2021,Austin Hays,,4,3,7,27.3,10.246361555005903,21.233333333333334,6,1.9799999999999998,81.93333333333334,1,0.5714285714285714
518934,2021,DJ LeMahieu,,4,2,6,26.6,14.193343876076632,26.733333333333334,6,1.9766666666666666,80.06666666666666,2,0.6666666666666666
666158,2021,Gavin Lux,,4,1,5,29.1,10.34694632619341,22.05,4,1.9549999999999998,80.175,3,0.8
545350,2021,Jake Marisnick,,4,1,5,28.8,12.98906538897957,27.166666666666668,3,2.01,79.56666666666666,3,0.8
676801,2021,Chas McCormick,,4,2,6,28.7,10.874005239976901,23.26,5,2.004,81.58,2,0.6666666666666666
640457,2021,Austin Meadows,,4,3,7,27.5,9.807994036243711,19.766666666666666,6,1.9533333333333331,80.91666666666667,1,0.5714285714285714
663624,2021,Ryan Mountcastle,,4,3,7,28.0,11.372133972176881,22.183333333333334,6,1.97,80.85000000000001,1,0.5714285714285714
607680,2021,Kevin Pillar,,4,3,7,27.6,12.106814855849628,22.599999999999998,4,1.9875,80.4,1,0.5714285714285714
596451,2021,Roman Quinn,,4,3,7,30.0,13.084709797729955,26.483333333333334,6,1.998333333333333,80.71666666666667,1,0.5714285714285714
542454,2021,Danny Santana,,4,2,6,27.9,10.997828498626424,22.98,5,1.9259999999999997,82.82000000000001,2,0.6666666666666666
624641,2021,Edmundo Sosa,,4,4,8,29.7,10.124906177008263,21.216666666666665,6,1.99,80.71666666666667,0,0.5
543807,2021,George Springer,,4,1,5,28.4,14.490044728172158,27.875,4,1.9366666666666665,81.83333333333333,3,0.8
457708,2021,Justin Upton,,4,1,5,27.4,9.352403993684554,18.975,4,1.9525,81.85,3,0.8
623205,2021,Andrew Velazquez,,4,1,5,29.4,9.74728562328303,20.675,4,2.0149999999999997,80.425,3,0.8
670764,2021,Taylor Walls,,4,2,6,28.6,8.839503387148138,20.119999999999997,5,1.97,79.02000000000001,2,0.6666666666666666
642201,2021,Eli White,,4,3,7,30.4,7.479255080722206,18.619999999999997,5,1.998,82.61999999999999,1,0.5714285714285714
621550,2021,Patrick Wisdom,,4,1,5,28.1,12.560217464764909,22.46666666666667,3,1.9866666666666666,79.93333333333334,3,0.8
474832,2021,Brandon Belt,,3,2,5,25.6,13.279410862165072,24.5,1,1.97,83.1,1,0.6
656305,2021,Matt Chapman,,3,2,5,28.1,11.669513418451647,22.975,4,1.9825,80.75,1,0.6
641487,2021,J.P. Crawford,,3,6,9,27.5,9.29440759716747,20.455555555555556,9,1.9877777777777779,81.73333333333333,-3,0.3333333333333333
592325,2021,Ben Gamel,,3,6,9,27.8,8.621720128133662,18.683333333333334,6,1.985,81.55,-3,0.3333333333333333
503556,2021,Marwin Gonzalez,,3,2,5,26.8,8.86444323814547,20.566666666666666,3,1.9466666666666665,82.5,1,0.6
656555,2021,Rhys Hoskins,,3,2,5,26.4,12.205486581548351,24.75,2,1.9949999999999999,79.55,1,0.6
664983,2021,Jake McCarthy,,3,2,5,30.4,11.246267732014168,24.175,4,2.01,79.15,1,0.6
660162,2021,Yoán Moncada,,3,2,5,27.8,10.459587060681013,20.85,4,1.9774999999999998,81.875,1,0.6
643565,2021,Mike Tauchman,,3,3,6,27.2,12.652307220209423,24.259999999999998,5,1.9759999999999998,81.66,0,0.5
642165,2021,Josh VanMeter,,3,2,5,26.8,13.192232161816035,26.133333333333336,3,2.03,78.06666666666666,1,0.6
673451,2021,Shogo Akiyama,,2,3,5,28.0,11.401946326193409,24.18,5,1.9799999999999998,80.56,-1,0.4
571657,2021,Kyle Farmer,,2,3,5,27.0,7.6452498407453024,17.4,2,1.93,79.75,-1,0.4
592626,2021,Joc Pederson,,2,3,5,26.9,10.957183066996457,21.55,4,1.9575,81.475,-1,0.4
669222,2021,Nick Senzel,,2,5,7,29.0,9.101403450850015,19.8,5,2.052,76.1,-3,0.2857142857142857
542932,2022,Jon Berti,,41,5,46,29.5,10.494743786516592,23.4675,40,1.9702564102564104,81.30512820512821,36,0.8913043478260869
622761,2022,Jorge Mateo,,35,9,44,30.1,10.968085202895182,23.11842105263158,38,1.9656756756756757,82.54324324324324,26,0.7954545454545454
656775,2022,Cedric Mullins,,34,10,44,28.5,10.536030138811467,22.65,36,1.969444444444444,81.6861111111111,24,0.7727272727272727
668227,2022,Randy Arozarena,,32,12,44,28.8,10.206655719305074,22.36857142857143,35,1.9749999999999996,81.57352941176471,20,0.7272727272727273
669242,2022,Tommy Edman,,32,3,35,28.7,12.181848588916372,24.337500000000002,24,1.977083333333333,81.40833333333333,29,0.9142857142857143
677951,2022,Bobby Witt Jr.,,30,7,37,30.3,10.007595615708134,21.803448275862067,29,1.9837037037037037,81.46296296296296,23,0.8108108108108109
660670,2022,Ronald Acuña Jr.,,29,11,40,28.5,11.181196745092343,21.859375,32,1.9925806451612902,80.63548387096773,18,0.725
607208,2022,Trea Turner,,27,3,30,30.3,11.668389265238682,23.608,25,1.9583333333333333,82.6875,24,0.9
666969,2022,Adolis García,,25,6,31,27.9,10.733547808456422,22.112,25,1.9768000000000001,81.656,19,0.8064516129032258
677594,2022,Julio Rodríguez,,25,7,32,29.7,10.072683834156145,21.388,25,1.9556,83.45200000000001,18,0.78125
543760,2022,Marcus Semien,,25,8,33,28.8,12.282733853804936,23.8,27,1.9533333333333331,83.37407407407407,17,0.7575757575757576
663656,2022,Kyle Tucker,,25,4,29,26.7,11.047249227017556,22.868000000000002,25,1.9948,81.604,21,0.8620689655172413
664983,2022,Jake McCarthy,,23,3,26,30.1,12.827380336728657,24.85,22,1.9895,81.14,20,0.8846153846153846
668942,2022,Josh Rojas,,23,3,26,27.3,14.01236719873216,26.22222222222222,18,1.9905882352941173,81.24117647058823,20,0.8846153846153846
643396,2022,Isiah Kiner-Falefa,,22,4,26,28.4,11.246579815873476,22.723529411764705,17,1.956470588235294,83.56470588235294,18,0.8461538461538461
642731,2022,Thairo Estrada,,21,6,27,28.2,11.894311273241232,23.133333333333333,21,1.9865,81.16499999999999,15,0.7777777777777778
664238,2022,Dylan Moore,,21,8,29,28.3,10.76478416052348,23.44736842105263,19,1.9773684210526317,83.03684210526316,13,0.7241379310344828
592663,2022,J.T. Realmuto,,21,1,22,28.7,11.804324846449383,23.823076923076922,13,1.9861538461538462,82.04615384615384,20,0.9545454545454546
664702,2022,Myles Straw,,21,1,22,29.3,12.442617454261423,25.242105263157896,19,1.9726315789473683,83.52105263157895,20,0.9545454545454546
665926,2022,Andrés Giménez,,20,3,23,29.3,10.69194206636749,22.847619047619048,21,1.9776190476190476,81.28095238095239,17,0.8695652173913043
671739,2022,Michael Harris II,,20,2,22,29.4,12.173197004736583,24.0875,16,1.96125,82.83125,18,0.9090909090909091
663647,2022,Ke'Bryan Hayes,,20,5,25,27.9,12.925554480270431,25.080952380952382,21,1.9599999999999997,82.52857142857142,15,0.8
663538,2022,Nico Hoerner,,20,2,22,29.1,13.144959389225095,25.47222222222222,18,1.996470588235294,80.74117647058823,18,0.9090909090909091
608070,2022,José Ramírez,,20,7,27,28.5,10.389023142562365,22.76521739130435,23,1.9873913043478262,81.98260869565217,13,0.7407407407407407
680757,2022,Steven Kwan,,19,5,24,28.4,10.67447447309093,22.415,20,1.9815,81.80499999999999,14,0.7916666666666666
592885,2022,Christian Yelich,,19,3,22,28.1,12.215290202270044,24.105555555555554,18,1.958235294117647,82.24117647058823,16,0.8636363636363636
514888,2022,Jose Altuve,,18,1,19,28.1,12.405655974373268,24.52,15,2.006,81.98666666666666,17,0.9473684210526315
462101,2022,Elvis Andrus,,18,4,22,26.1,12.835758019220048,25.880000000000003,20,1.9809999999999999,81.825,14,0.8181818181818182
516782,2022,Starling Marte,,18,9,27,28.0,11.073293000349274,22.400000000000002,22,1.9531818181818181,83.14545454545454,9,0.6666666666666666
642708,2022,Amed Rosario,,18,4,22,29.4,11.404638338824299,23.53125,16,1.974,82.93333333333334,14,0.8181818181818182
621020,2022,Dansby Swanson,,18,7,25,28.4,12.476768690030656,24.65,22,1.98,81.57619047619048,11,0.72
669352,2022,Bubba Thompson,,18,3,21,30.3,10.022042105839398,22.53684210526316,19,1.9742105263157894,82.1842105263158,15,0.8571428571428571
664056,2022,Harrison Bader,,17,3,20,29.1,11.236150040155817,23.43125,16,1.98,80.85625,14,0.85
623205,2022,Andrew Velazquez,,17,1,18,29.1,10.633746046471261,21.88125,16,1.971875,82.61875,16,0.9444444444444444
543939,2022,Kolten Wong,,17,6,23,26.2,11.761152339697276,23.141176470588235,17,1.9946666666666666,82.03333333333333,11,0.7391304347826086
592450,2022,Aaron Judge,,16,3,19,27.3,12.775194887924517,24.463636363636365,11,1.968333333333333,82.10000000000001,13,0.8421052631578947
596019,2022,Francisco Lindor,,16,6,22,27.6,12.721093340091445,26.323076923076922,13,1.96,83.37692307692308,10,0.7272727272727273
593160,2022,Whit Merrifield,,16,5,21,28.6,10.980842886906919,22.976470588235294,17,2.002666666666667,80.74,11,0.7619047619047619
662139,2022,Daulton Varsho,,16,6,22,28.0,12.05783830086958,23.22941176470588,17,1.986875,81.21875,10,0.7272727272727273
645302,2022,Victor Robles,,15,4,19,28.8,10.557569677997872,22.8,11,1.9527272727272729,83.08181818181818,11,0.7894736842105263
641355,2022,Cody Bellinger,,14,3,17,28.1,11.395708924400473,22.846666666666668,15,1.9764285714285712,82.10714285714286,11,0.8235294117647058
641933,2022,Tyler O'Neill,,14,4,18,29.7,10.55432327724108,21.978571428571428,14,1.9791666666666667,80.78333333333335,10,0.7777777777777778
642350,2022,Jose Siri,,14,2,16,30.3,10.422693291230367,22.966666666666665,15,1.9886666666666666,82.25333333333333,12,0.875
543807,2022,George Springer,,14,2,16,28.3,11.440680609554972,23.176923076923078,13,1.9653846153846155,81.6846153846154,12,0.875
641313,2022,Tim Anderson,,13,0,13,28.4,12.538101481204329,24.8,11,1.9725,82.3,13,1.0
666182,2022,Bo Bichette,,13,8,21,27.5,10.761465527456497,22.815,20,1.9610526315789472,82.8578947368421,5,0.6190476190476191
518692,2022,Freddie Freeman,,13,3,16,26.9,12.721904269382925,24.80909090909091,11,1.9754545454545456,81.5,10,0.8125
664059,2022,Sam Haggerty,,13,1,14,28.9,13.900939591940489,27.338461538461537,13,1.9776923076923074,82.60769230769232,12,0.9285714285714286
670032,2022,Nicky Lopez,,13,3,16,27.7,9.9398989780328,21.619999999999997,10,2.009,80.49,10,0.8125
516416,2022,Jean Segura,,13,6,19,27.7,13.343459384611274,25.0875,16,2.0,80.3375,7,0.6842105263157895
596115,2022,Trevor Story,,13,0,13,28.4,11.800984728719587,24.82,10,2.003,80.17999999999999,13,1.0
605141,2022,Mookie Betts,,12,2,14,27.4,11.375245474097886,23.566666666666666,12,1.9945454545454544,80.47272727272728,10,0.8571428571428571
665862,2022,Jazz Chisholm Jr.,,12,5,17,29.3,9.433119390866125,20.407692307692308,13,1.9725,81.76666666666667,7,0.7058823529411765
641553,2022,Adam Engel,,12,4,16,29.1,11.910973163096704,24.506666666666668,15,1.986,81.99333333333334,8,0.75
641658,2022,Garrett Hampson,,12,2,14,29.4,12.206985782993918,25.458333333333332,12,1.9789999999999999,81.34,10,0.8571428571428571
673490,2022,Ha-Seong Kim,,12,2,14,28.4,12.648500798554435,24.583333333333332,12,1.986363636363636,81.49090909090908,10,0.8571428571428571
542364,2022,Rafael Ortega,,12,7,19,27.1,12.379812547052524,24.127272727272725,11,1.978181818181818,81.2909090909091,5,0.631578947368421
607054,2022,Jace Peterson,,12,1,13,28.5,11.638862794168743,23.654545454545453,11,1.9545454545454546,83.87272727272727,11,0.9230769230769231
596103,2022,Austin Slater,,12,1,13,28.2,11.491192606103436,22.957142857142856,7,1.9499999999999997,83.60000000000001,11,0.9230769230769231
681082,2022,Bryson Stott,,12,4,16,29.0,11.597126773201415,23.36,10,2.008,81.0,8,0.75
621563,2022,Joey Wendle,,12,3,15,27.3,11.689932559032814,24.3,11,1.9809090909090907,81.94545454545454,9,0.8
642201,2022,Eli White,,12,1,13,30.0,12.539751693574068,26.310000000000002,10,1.99125,80.35000000000001,11,0.9230769230769231
664913,2022,Seth Brown,,11,2,13,27.8,11.338495527182783,22.82,10,2.0044444444444443,81.9,9,0.8461538461538461
681987,2022,Nate Eaton,,11,1,12,29.6,10.354355591249615,21.541666666666668,12,1.9754545454545456,82.61818181818181,10,0.9166666666666666
624428,2022,Adam Frazier,,11,6,17,26.8,11.903471860347421,23.56153846153846,13,2.0076923076923077,79.35384615384615,5,0.6470588235294118
547180,2022,Bryce Harper,,11,4,15,27.6,11.280392758556616,23.9,9,1.9922222222222221,81.77777777777777,7,0.7333333333333333
643393,2022,Tony Kemp,,11,1,12,26.3,10.445220926688096,21.599999999999998,12,1.9854545454545454,81.2090909090909,10,0.9166666666666666
657656,2022,Ramón Laureano,,11,6,17,27.6,13.673423048170287,24.478571428571428,14,1.9808333333333332,80.89166666666667,5,0.6470588235294118
660271,2022,Shohei Ohtani,,11,9,20,28.2,10.353693704492382,22.0,17,1.971176470588235,82.5529411764706,2,0.55
665161,2022,Jeremy Peña,,11,2,13,29.4,10.482428541094343,21.366666666666664,12,1.968181818181818,83.33636363636364,9,0.8461538461538461
673357,2022,Luis Robert Jr.,,11,3,14,27.9,11.689385410031052,23.474999999999998,12,1.9766666666666666,83.09166666666665,8,0.7857142857142857
665750,2022,Leody Taveras,,11,5,16,29.3,11.024208306790882,22.38888888888889,9,2.0155555555555558,79.28888888888889,6,0.6875
663897,2022,Luke Williams,,11,4,15,28.7,11.769813601630077,25.835714285714285,14,1.9742857142857144,81.35714285714286,7,0.7333333333333333
665833,2022,Oneil Cruz,,10,4,14,29.9,8.724571246566061,19.869999999999997,10,2.023,80.13,6,0.7142857142857143
670768,2022,Luis González,,10,2,12,28.2,10.885940000547428,24.1,10,1.9655555555555553,81.08888888888889,8,0.8333333333333334
514917,2022,César Hernández,,10,4,14,28.3,10.357964217462273,21.61,10,1.9527272727272729,83.02727272727272,6,0.7142857142857143
543305,2022,Aaron Hicks,,10,3,13,27.9,12.151710942476708,24.2125,8,1.98,81.47142857142856,7,0.7692307692307693
669016,2022,Brandon Marsh,,10,4,14,28.8,9.083293782788846,20.46923076923077,13,1.9784615384615383,81.8076923076923,6,0.7142857142857143
666624,2022,Christopher Morel,,10,7,17,28.8,11.460190169812963,23.95384615384615,13,1.9984615384615385,78.92307692307692,3,0.5882352941176471
656941,2022,Kyle Schwarber,,10,1,11,26.4,14.825790414609637,26.5,8,1.9825,82.3,9,0.9090909090909091
621035,2022,Chris Taylor,,10,1,11,28.5,14.51975804014988,27.666666666666668,9,1.9575,82.775,9,0.9090909090909091
650402,2022,Gleyber Torres,,10,5,15,26.9,14.28508154928684,27.55,8,1.982222222222222,79.75555555555556,5,0.6666666666666666
670764,2022,Taylor Walls,,10,3,13,28.8,11.358333333333333,22.724999999999998,12,1.9616666666666667,81.425,7,0.7692307692307693
668731,2022,Akil Baddoo,,9,6,15,28.9,10.461474395543139,22.178571428571427,14,1.9949999999999999,82.32142857142857,3,0.6
595879,2022,Javier Báez,,9,2,11,27.9,9.095928434924547,20.0,9,2.005555555555555,80.19999999999999,7,0.8181818181818182
650489,2022,Willi Castro,,9,4,13,28.3,10.236312460186324,21.03,10,2.0,80.52000000000001,5,0.6923076923076923
664023,2022,Ian Happ,,9,4,13,27.9,14.603800127403755,27.54,5,2.0140000000000002,79.36,5,0.6923076923076923
664728,2022,Kyle Isbel,,9,6,15,28.0,8.063082545052778,19.40909090909091,11,1.9844444444444445,81.82222222222222,3,0.6
592518,2022,Manny Machado,,9,1,10,26.4,12.659098219973382,25.228571428571428,7,1.9757142857142858,81.7,8,0.9
672695,2022,Geraldo Perdomo,,9,2,11,27.3,12.079147816828353,24.155555555555555,9,1.99,81.52222222222223,7,0.8181818181818182
500743,2022,Miguel Rojas,,9,3,12,26.4,14.416031774251055,27.263636363636362,11,1.9590909090909092,80.64545454545454,6,0.75
673548,2022,Seiya Suzuki,,9,5,14,28.3,13.320516852691906,25.175,8,1.98375,81.975,4,0.6428571428571429
642715,2022,Willy Adames,,8,3,11,27.8,12.914548115320295,27.160000000000004,5,1.952,82.34,5,0.7272727272727273
656185,2022,Greg Allen,,8,2,10,28.3,12.373982108731136,25.2375,8,1.99875,80.35,6,0.8
643217,2022,Andrew Benintendi,,8,3,11,27.6,12.586424706816548,23.822222222222223,9,1.9788888888888887,82.67777777777778,5,0.7272727272727273
593428,2022,Xander Bogaerts,,8,2,10,27.9,15.057352715541267,29.6125,8,1.9677777777777778,83.43333333333334,6,0.8
677551,2022,Wander Franco,,8,0,8,27.8,12.024415228812492,23.383333333333336,6,1.9716666666666667,81.66666666666667,8,1.0
665489,2022,Vladimir Guerrero Jr.,,8,3,11,26.7,12.678984167429764,24.811111111111114,9,1.941111111111111,82.64444444444445,5,0.7272727272727273
493329,2022,Yuli Gurriel,,8,0,8,26.9,12.40912502654245,24.46666666666667,6,2.02,81.21666666666667,8,1.0
641796,2022,Tim Locastro,,8,2,10,30.2,10.246448179022174,20.96,10,1.98,80.63,6,0.8
457705,2022,Andrew McCutchen,,8,6,14,28.9,11.253210862586174,22.338461538461537,13,2.0033333333333334,79.64166666666667,2,0.5714285714285714
621028,2022,Kevin Newman,,8,2,10,27.9,13.058879552444564,24.95,8,1.9442857142857142,82.32857142857142,6,0.8
502054,2022,Tommy Pham,,8,3,11,27.9,12.054425319193676,22.8125,8,1.96875,82.5625,5,0.7272727272727273
669222,2022,Nick Senzel,,8,5,13,28.7,13.222596006315444,26.1375,8,1.99125,81.1375,3,0.6153846153846154
606132,2022,Raimel Tapia,,8,2,10,28.2,11.448554561596174,22.922222222222224,9,1.9577777777777778,84.11111111111111,6,0.8
657041,2022,Lane Thomas,,8,4,12,29.4,10.335612837601841,20.5,11,1.9336363636363636,83.67272727272727,4,0.6666666666666666
642180,2022,Tyler Wade,,8,5,13,29.1,9.175972258372473,21.158333333333335,12,1.9791666666666667,82.05833333333334,3,0.6153846153846154
621550,2022,Patrick Wisdom,,8,4,12,27.8,12.344668609967854,23.575,8,2.0166666666666666,79.26666666666667,4,0.6666666666666666
682928,2022,CJ Abrams,,7,4,11,29.0,11.274321405820757,22.8375,8,1.95125,81.8125,3,0.6363636363636364
592206,2022,Nick Castellanos,,7,1,8,27.7,13.40069787021738,27.433333333333334,6,2.013333333333333,79.73333333333333,6,0.875
641505,2022,Jonathan Davis,,7,1,8,28.1,10.706863045944976,22.083333333333332,6,1.9649999999999999,83.25,6,0.875
680776,2022,Jarren Duran,,7,1,8,29.2,12.333855864909367,24.67142857142857,7,1.94,83.64285714285714,6,0.875
502671,2022,Paul Goldschmidt,,7,0,7,26.3,13.528189392642437,25.639999999999997,5,1.99,80.775,7,1.0
663757,2022,Trent Grisham,,7,1,8,28.8,12.13195686893671,23.95,6,1.982,81.76,6,0.875
666158,2022,Gavin Lux,,7,2,9,28.8,10.849844808483793,22.475,8,1.9874999999999998,80.275,5,0.7777777777777778
622534,2022,Manuel Margot,,7,3,10,27.9,11.493722236682322,24.11,10,1.99375,81.4125,4,0.7
641857,2022,Ryan McMahon,,7,3,10,25.8,13.729953737508467,25.28,10,1.975,81.36,4,0.7
621433,2022,Brett Phillips,,7,0,7,29.0,11.735181469887587,24.53333333333333,6,1.99,81.56666666666666,7,1.0
668804,2022,Bryan Reynolds,,7,3,10,28.2,10.257551278143286,21.325,8,1.98875,81.2625,4,0.7
663837,2022,Matt Vierling,,7,4,11,29.5,10.339740127951185,21.330000000000002,10,1.9779999999999998,81.57000000000001,3,0.6363636363636364
542340,2022,Jonathan Villar,,7,0,7,26.8,13.415928434924547,28.639999999999997,5,1.9759999999999998,81.34,7,1.0
621439,2022,Byron Buxton,,6,0,6,29.1,17.223866452502307,29.4,2,1.9899999999999998,80.80000000000001,6,1.0
669289,2022,Santiago Espinal,,6,6,12,27.0,10.470350089083086,22.37777777777778,9,1.9666666666666666,81.52222222222223,0,0.5
624503,2022,Nick Gordon,,6,4,10,27.8,11.324335862849361,23.6,8,1.975,82.3625,2,0.6
543257,2022,Robbie Grossman,,6,2,8,27.9,10.36107010512231,21.314285714285713,7,1.9599999999999997,81.88571428571427,4,0.75
606192,2022,Teoscar Hernández,,6,3,9,28.6,10.222721862398258,21.457142857142856,7,1.9714285714285715,81.87142857142858,3,0.6666666666666666
546318,2022,Odúbel Herrera,,6,0,6,27.0,10.932105176275025,24.259999999999998,5,1.9759999999999998,81.56,6,1.0
595281,2022,Kevin Kiermaier,,6,1,7,29.2,11.091327369577044,22.333333333333332,3,2.033333333333333,80.36666666666666,5,0.8571428571428571
647304,2022,Josh Naylor,,6,1,7,25.3,15.84787747529065,28.475,4,1.9324999999999999,83.6,5,0.8571428571428571
596059,2022,Rougned Odor,,6,1,7,27.1,10.84642966737098,24.071428571428573,7,1.9533333333333331,83.93333333333334,5,0.8571428571428571
650859,2022,Luis Rengifo,,6,2,8,27.9,9.845004366647418,20.96666666666667,6,1.9383333333333332,83.98333333333333,4,0.75
519203,2022,Anthony Rizzo,,6,5,11,25.5,13.979284584706075,28.125,8,1.9833333333333332,81.21111111111111,1,0.5454545454545454
642423,2022,Magneuris Sierra,,6,1,7,29.5,10.952700046283383,24.7,7,2.0342857142857143,78.35714285714286,5,0.8571428571428571
624641,2022,Edmundo Sosa,,6,1,7,29.4,10.520589137834927,22.985714285714288,7,1.9957142857142856,80.01428571428572,5,0.8571428571428571
665742,2022,Juan Soto,,6,2,8,26.6,13.928732267985831,26.233333333333334,6,1.9566666666666668,81.66666666666667,4,0.75
624413,2022,Pete Alonso,,5,1,6,25.7,16.39358935017452,31.933333333333334,3,2.0033333333333334,80.66666666666667,4,0.8333333333333334
571448,2022,Nolan Arenado,,5,3,8,25.5,14.143748082100782,24.1,4,1.925,83.775,2,0.625
624414,2022,Christian Arroyo,,5,1,6,27.8,12.017797656965405,23.5,3,2.0166666666666666,80.3,4,0.8333333333333334
640492,2022,José Azócar,,5,6,11,29.4,10.069445296844096,21.98888888888889,9,1.9444444444444444,83.02222222222223,-1,0.45454545454545453
542194,2022,Christian Bethancourt,,5,1,6,28.1,13.474848348893849,25.166666666666668,6,2.0066666666666664,80.28333333333333,4,0.8333333333333334
660644,2022,Vidal Bruján,,5,5,10,28.5,10.743598083469356,23.22,10,1.9733333333333332,80.64444444444445,0,0.5
666185,2022,Dylan Carlson,,5,2,7,28.1,11.376696485448106,22.03333333333333,3,1.93,80.7,3,0.7142857142857143
621453,2022,Steven Duggar,,5,1,6,27.7,11.310158850081613,23.68,5,1.9649999999999999,83.2,4,0.8333333333333334
592325,2022,Ben Gamel,,5,1,6,27.9,9.718156230093163,19.725,4,1.9649999999999999,83.1,4,0.8333333333333334
656541,2022,Sam Hilliard,,5,1,6,28.7,9.852353482700954,20.839999999999996,5,1.964,82.76,4,0.8333333333333334
669374,2022,Keston Hiura,,5,2,7,27.5,12.36163248123781,24.2,6,1.9683333333333335,81.5,3,0.7142857142857143
672284,2022,Jarred Kelenic,,5,2,7,27.3,9.836742747939635,21.119999999999997,5,1.998,81.3,3,0.7142857142857143
656669,2022,Jordan Luplow,,5,1,6,27.7,11.692624920372651,24.439999999999998,5,1.96,83.86666666666666,4,0.8333333333333334
606466,2022,Ketel Marte,,5,1,6,27.0,15.459162555739145,30.119999999999997,5,1.948,84.46000000000001,4,0.8333333333333334
609275,2022,Adalberto Mondesi,,5,0,5,27.8,11.536538658246073,23.5,3,1.9766666666666666,83.23333333333333,5,1.0
595777,2022,Jurickson Profar,,5,1,6,26.6,10.617138338824299,21.95,2,2.0700000000000003,76.85,4,0.8333333333333334
570731,2022,Jonathan Schoop,,5,0,5,27.0,10.170776783818397,20.366666666666667,3,1.9633333333333332,81.2,5,1.0
621493,2022,Taylor Ward,,5,3,8,28.4,10.660068370857715,22.366666666666664,6,1.9666666666666668,83.38333333333334,2,0.625
573262,2022,Mike Yastrzemski,,5,1,6,27.0,11.877168157605738,23.71666666666667,6,1.9966666666666664,80.64999999999999,4,0.8333333333333334
666176,2022,Jo Adell,,4,2,6,29.7,9.659208818230676,20.8,5,1.966,83.3,2,0.6666666666666666
609280,2022,Miguel Andujar,,4,1,5,27.4,10.969571246566062,24.3,4,2.0725,79.45,3,0.8
650333,2022,Luis Arraez,,4,4,8,26.9,8.562072570015179,18.900000000000002,7,1.9785714285714284,80.55714285714285,0,0.5
453568,2022,Charlie Blackmon,,4,1,5,27.8,15.40950031850939,26.6,5,1.9759999999999998,81.52000000000001,3,0.8
575929,2022,Willson Contreras,,4,2,6,27.5,9.384276677648598,20.200000000000003,2,1.96,78.9,2,0.6666666666666666
614173,2022,Franchy Cordero,,4,1,5,28.6,9.94657811504658,20.05,4,1.9825,81.425,3,0.8
641531,2022,Hunter Dozier,,4,3,7,27.9,13.33676485630582,27.016666666666666,6,1.9874999999999998,82.7,1,0.5714285714285714
571657,2022,Kyle Farmer,,4,3,7,26.7,10.225113099029874,20.400000000000002,6,1.9949999999999999,79.98333333333333,1,0.5714285714285714
641584,2022,Jake Fraley,,4,1,5,27.9,10.677375079627348,20.3,4,1.9575,81.175,3,0.8
518934,2022,DJ LeMahieu,,4,3,7,26.4,15.020225175180164,27.72,5,1.9579999999999997,82.66,1,0.5714285714285714
676801,2022,Chas McCormick,,4,3,7,28.6,7.45350862712504,18.925,4,1.98,83.9,1,0.5714285714285714
543543,2022,Brad Miller,,4,2,6,27.1,15.024366133992917,29.26,5,1.924,82.86,2,0.6666666666666666
663624,2022,Ryan Mountcastle,,4,1,5,27.5,11.256991054365567,22.740000000000002,5,1.9979999999999998,81.52000000000001,3,0.8
571980,2022,Tyler Naquin,,4,2,6,27.8,11.605203578253771,23.14,5,1.9780000000000002,81.97999999999999,2,0.6666666666666666
596451,2022,Roman Quinn,,4,3,7,29.5,11.302526730733497,23.366666666666664,6,2.0316666666666667,79.76666666666667,1,0.5714285714285714
572191,2022,Michael A. Taylor,,4,2,6,28.7,10.576075719383276,23.5,2,2.01,80.1,2,0.6666666666666666
572204,2022,Trayce Thompson,,4,1,5,27.7,12.27477329050046,23.5,5,1.996,81.67999999999999,3,0.8
645277,2022,Ozzie Albies,,3,5,8,27.5,10.385464217462273,21.7,8,1.9585714285714286,82.42857142857143,-2,0.375
546991,2022,Albert Almora Jr.,,3,2,5,27.6,10.995437486728775,22.133333333333336,3,2.0,81.5,1,0.6
594777,2022,Kole Calhoun,,3,2,5,25.4,12.02157811504658,24.15,4,2.0,83.35,1,0.6
641487,2022,J.P. Crawford,,3,2,5,26.9,10.193834824272404,20.35,2,1.96,81.15,1,0.6
657557,2022,Paul DeJong,,3,2,5,27.7,14.97463178885317,28.725,4,1.9899999999999998,81.275,1,0.6
650490,2022,Yandy Díaz,,3,3,6,27.1,9.845560223777717,20.25,4,2.0124999999999997,81.025,0,0.5
671277,2022,Luis García Jr.,,3,4,7,27.0,10.54268455793553,20.650000000000002,6,1.9566666666666668,82.83333333333333,-1,0.42857142857142855
666971,2022,Lourdes Gurriel Jr.,,3,4,7,27.3,11.184660702910378,22.5,5,1.9475,82.3,-1,0.42857142857142855
663697,2022,Jonathan India,,3,4,7,27.7,12.60710364195565,24.28,5,1.964,79.7,-1,0.42857142857142855
596146,2022,Max Kepler,,3,2,5,27.8,9.868863738329612,21.075,4,1.97,81.375,1,0.6
607043,2022,Brandon Nimmo,,3,2,5,28.6,10.047059425223283,21.400000000000002,3,1.9666666666666666,80.53333333333333,1,0.6
592626,2022,Joc Pederson,,3,2,5,26.0,20.80876389621573,34.95,2,1.94,82.85,1,0.6
593871,2022,Jorge Polanco,,3,3,6,28.1,10.388839190919823,22.03333333333333,6,1.9349999999999998,83.39999999999999,0,0.5
623912,2022,Harold Ramírez,,3,5,8,28.1,10.39157284367493,21.75,6,2.0,79.01666666666667,-2,0.375
669256,2022,Nick Solak,,3,2,5,28.6,15.962104153395439,32.1,3,1.97,82.63333333333334,1,0.6
543829,2022,Dee Strange-Gordon,,3,2,5,28.4,9.432948403347321,22.275,4,2.0,79.875,1,0.6
621438,2022,Tyrone Taylor,,3,2,5,28.4,15.399263577706343,28.325,4,1.9933333333333334,80.93333333333334,1,0.6
605548,2022,Bradley Zimmer,,3,2,5,29.3,9.716931416802689,21.2,3,1.9466666666666665,83.13333333333334,1,0.6
606157,2022,Aristides Aquino,,2,3,5,28.7,10.09498509060928,20.6,3,1.92,82.33333333333333,-1,0.4
664761,2022,Alec Bohm,,2,3,5,27.0,10.044542332508854,21.125,4,1.9874999999999998,81.8,-1,0.4
598265,2022,Jackie Bradley Jr.,,2,3,5,27.1,11.495928434924545,24.833333333333332,3,1.97,82.60000000000001,-1,0.4
518586,2022,Charlie Culberson,,2,3,5,27.8,11.958229872322526,24.45,4,1.9974999999999998,83.175,-1,0.4
592273,2022,Brandon Drury,,2,3,5,27.0,10.062330351455188,20.200000000000003,2,2.01,76.5,-1,0.4
643289,2022,Mauricio Dubón,,2,3,5,28.2,10.179129393189868,21.3,4,2.0,80.625,-1,0.4
669720,2022,Austin Hays,,2,4,6,27.8,9.843869521141054,21.28,5,1.954,80.44000000000001,-2,0.3333333333333333
578428,2022,Jose Iglesias,,2,3,5,28.4,10.444345048506314,23.46666666666667,3,1.9633333333333332,81.66666666666667,-1,0.4
658668,2022,Edward Olivares,,2,3,5,28.6,10.986041022514629,22.619999999999997,5,1.964,81.08,-1,0.4
543877,2022,Christian Vázquez,,1,4,5,25.5,15.183569169412149,30.725,4,1.9874999999999998,84.625,-3,0.2
