play_id,is_lhp,bat_side_r,pitch_code,balls,strikes,outs,inning,score_diff
1f866393-c08f-4f97-8562-36f5bc04934c,0,1,FC,2,2,0,2,0
a58a076c-a397-470a-9ce1-0db10c31c56b,0,1,FF,2,2,2,4,-2
b758cf18-13c0-4f25-8c21-24f28a53db35,0,1,ST,2,2,1,9,5
8ec8115b-0c05-4087-a836-f7d9b1943982,0,1,SI,1,0,2,5,3
905738d5-7272-454e-8e36-9fd01a2e2dee,0,1,SL,1,0,2,7,1
8b9b3ab2-e97c-4ed4-a548-8e2a2bbee4de,1,1,ST,1,0,1,4,4
2929d135-8292-4625-8727-a4d336f7e14f,0,1,SL,0,1,1,3,-3
d4cb08a9-755f-4589-9fcc-0f2e8460d401,1,1,CH,2,1,0,3,0
7fdaad51-72bc-494b-8c03-9d56ea7218e9,0,1,SI,1,0,2,4,4
5cc3c523-6805-4ea9-ba4d-79e742a1dab3,0,1,SI,1,1,2,1,2
d17a150b-be03-4e0a-956c-1b2ed70ed58a,1,0,SI,1,1,1,7,4
db892d27-0680-4976-8de4-152667872737,0,1,SL,0,1,1,7,0
abe66eb0-f4f4-4c9b-a20f-c71ec97a799f,0,0,,0,2,2,6,5
00515907-6b4a-4208-978b-2fe961d44574,0,1,SL,0,1,2,7,0
1d60f564-c4f0-44c1-ae85-607d4f59b036,0,0,FF,3,2,2,5,1
6275c315-06a6-4c52-8329-e35932372597,0,0,FF,3,0,2,3,-3
80402fb2-bdd3-4caa-af59-b056f5f8d0e6,0,0,CH,2,1,2,1,0
8ed9bbf1-2f50-48ac-a455-ded72a65d857,0,0,SI,2,0,2,8,4
2c380c9a-84cf-44be-b7a4-51d3f5b86e32,1,1,FF,1,2,2,9,1
150263d9-941f-4da3-9c94-0683f4e6e718,0,0,FC,1,0,2,3,2
546bb9b4-4d0b-47ed-852a-dcae685c3d51,0,0,SL,1,0,1,7,3
fee905dc-47b3-459c-bbf0-670bcf4d9ffd,1,1,,2,2,1,5,3
75af5fe8-dccc-46d9-aef7-4f65542586d3,0,0,FS,3,2,0,1,2
9aa6c1c6-70bd-4325-a004-b9c33fa957a8,1,0,SL,1,0,1,7,2
bf3bb301-de03-4447-82c7-110d5a5c9323,1,1,FF,2,0,1,4,0
99ecdc42-7acc-4c18-a331-8ef4884bd341,0,0,FS,2,2,2,1,1
03624db2-fe4d-4d94-b96b-32235cb894f9,0,0,FF,1,1,2,3,0
08f390eb-081f-4465-a009-aa96cafa65c4,0,0,FF,0,1,2,1,1
d5ce1c11-ddc2-4253-a494-e59483ab537e,0,1,ST,3,3,1,5,1
4cec9673-35b1-4249-b7a6-c06dabde85f7,1,1,SI,1,3,1,2,-4
cb5382e5-5b04-40e4-8460-a1165b869056,0,1,KC,1,1,1,8,-3
ebf1347b-a631-450a-980b-0ef76ceaa9c5,0,1,SI,1,1,2,6,0
66c4a690-9d77-4a9e-a668-ddf3be7191bf,0,1,SL,1,3,1,3,0
d4c94f21-10f4-40d1-8d52-e8e6ec9c22a8,0,1,,0,2,0,7,1
09a7e2ea-2aeb-43fb-bfd6-75a555fa6048,1,0,FF,0,1,1,8,1
2cda2659-6cbe-4239-a30e-6730431dd472,0,1,SI,1,2,2,8,1
2626e731-c2e8-4b02-b717-e35125ed3ccd,0,0,SI,3,2,1,6,0
b67224fa-ccd1-4f63-8f7e-d04a03e50f96,0,1,FF,2,2,2,2,0
bc1291eb-58c2-4de7-a261-2e39da90d7c8,0,1,FF,1,1,2,2,0
1077814c-d8c2-4cb2-ae7c-e386c4ac0e20,0,0,SL,2,0,2,9,2
af8f0311-06cb-42b5-9d99-4e24d65cb058,0,1,SL,0,1,1,6,5
e534e871-8cc9-49a2-b686-edf69f1c32e2,0,0,FC,1,1,2,8,2
8827b379-ccaa-48ad-a645-b7afe44d0748,0,0,SL,3,2,2,4,0
64190fe4-66d6-4f3b-8c2a-d2a6c334893c,0,1,SL,1,1,1,2,-2
bbf61dba-c40d-4ee5-86d6-7683f6ece572,1,1,CH,2,2,2,4,1
87118c46-8d21-392d-b2b9-fc4312ef0c8e,0,1,FF,0,2,1,7,1
e1bd28b8-34f3-3062-92e4-3a882e252a98,0,0,,2,0,2,6,-2
a1e5f6b1-4904-36fe-ad3c-b6ebbce6141e,0,0,ST,2,0,1,6,0
8a17b4c6-ab56-4313-8cc8-b6de72a27a6b,1,1,FF,3,2,1,5,1
073d8ddc-6d44-4294-bd12-b3a5e0ed3633,0,1,CH,3,0,1,6,-1
bf764f95-bbcc-487a-8063-4d712857c0bc,0,0,FS,1,2,2,7,0
69decfde-cd80-4dea-a609-3f9e468bebe2,0,1,FF,1,0,1,5,-3
e1c5e116-eef5-4a9b-b9de-456b84813e73,0,1,SL,2,0,2,6,0
259a9a66-7d4f-4e7e-867d-fb7153de5423,0,1,SI,0,1,1,9,-1
ffccaa09-6a87-4cb3-9f65-ce66c5449b9c,1,1,FF,1,0,0,7,5
05356b95-35d1-4c36-92d8-b63974a5cfb9,0,1,SL,1,1,1,8,1
dbe90d86-41a0-423f-8d22-e09249db7b65,0,0,FC,3,3,1,3,-3
470af0fc-e52e-4828-a027-0b6d7562f92f,0,1,FC,1,0,0,2,4
0bd2bced-002f-4a63-adb0-5dbbd59b2358,0,1,,3,1,1,3,1
a6d6b0e1-d8bf-45c3-916e-35ee95a655ca,1,0,SI,2,2,2,3,-1
cfb84b93-0fd9-4309-8150-785e2cac423c,1,1,SI,4,0,1,2,2
24773622-d55e-45ec-83a8-d82cdab92c1b,1,1,FF,1,0,2,1,4
61534fd3-cd65-4ca3-a030-6d6af1ba05a9,1,1,FC,0,1,2,2,0
42b15ef9-d13a-427a-a8d9-8f70950d7e13,0,1,FF,1,0,2,3,6
c9449f35-7d17-4440-821b-f5179196a57e,0,1,SL,0,2,0,2,0
38833bb8-31e3-4966-8f63-7a0502322794,1,1,FF,1,0,1,3,0
f9979bde-3b59-4e74-8576-74885897143b,1,1,,0,0,2,8,4
c5bc58a4-ecf7-4f3b-a2ab-1bc0ce05b2f6,1,1,,0,0,2,8,4
4d171b6c-1dd8-3175-b375-64c1d639c7cd,1,0,SI,2,2,1,7,0
e5609b1f-5ee4-3ec8-a671-944359379088,0,1,FC,0,1,2,4,2
cc260085-eb71-31fe-b6ac-6969b68166fd,0,0,ST,0,1,0,4,3
684f2022-8170-3431-9e76-2f1b3c0646da,1,0,,3,2,0,3,-1
32ab8adc-8150-3f8d-8ef3-e85cede297c1,0,0,FF,2,2,1,6,4
3e60230f-46ff-4f7f-a27b-e5f6d10647b5,0,1,KC,0,1,2,9,4
b1443601-87e2-416e-9a86-02b7c9634bb0,1,0,FF,2,2,2,2,-1
32fa3168-ccf5-4c6d-9030-c21bf0992b34,1,1,FF,2,2,2,2,-2
e8e326bf-d24f-4350-8549-6d8e995c2a26,0,1,SL,2,2,0,8,1
d4a7477f-3bcd-4ddb-948e-5736059c4922,1,1,FF,3,1,1,4,0
01e5083b-ae80-4bf8-8fd8-28596aaf2a98,1,1,FF,1,0,2,9,4
477d5669-ddc8-47dd-8ae4-e454c3f882f6,0,0,ST,3,1,1,3,2
d379ba05-0a9d-40ed-896c-b3811aefb5ba,0,0,CH,2,1,1,6,-1
83fb4584-7d29-4f3f-9df6-8e2ab04550d1,0,1,ST,3,0,2,8,-3
0acf8173-61df-45aa-84d2-a2891735ff6a,1,0,CU,0,1,2,4,0
4d830534-6546-4b3c-ab90-a4aae3765c0c,0,1,SL,2,0,2,4,5
dbb4eb12-f494-4254-855a-a20c5550bff4,1,1,CH,2,0,2,5,1
33a82154-847e-48c8-a533-64262b50abde,1,1,FF,2,2,2,1,0
63dffee7-c8b3-4636-a75c-31d46165227f,1,1,CH,2,2,2,1,1
e516a381-90e7-4fd8-9211-1400eadb4bbe,0,1,FF,3,2,2,10,2
46f9399c-2f5a-4dab-a9c0-7b72f32c85a1,0,1,CH,4,2,2,6,-3
678f72e3-3c2c-4b2c-a0a5-d3ab52108e76,1,1,SI,3,1,2,1,0
512bb467-3c3e-42de-8c20-53ac18ecba3b,0,0,SL,2,1,2,8,4
4f2dae94-f567-4402-b883-9d78ac336c76,0,0,FF,2,0,0,1,0
b2e9bd4e-a714-45e0-a3cf-6671a9e4197f,1,1,FF,1,0,1,1,0
a30aae46-9d7e-49e1-a4dc-514137d90315,1,1,CH,2,1,2,5,-3
fba21774-2cbb-47e7-8e67-692beef924f0,0,1,,0,2,1,3,0
96786d3f-eeb8-4528-af09-bf073a2dfa8b,0,1,FF,0,3,1,3,-2
97120fe8-165c-4cbe-9d76-9843146a3a3d,0,1,SI,1,2,1,1,0
a08848c0-b363-4b6d-9082-26d3f5d2a0d0,0,1,FF,3,3,1,1,0
bd72e323-e8f2-4e1d-a90b-019e1a79c8a5,1,1,CH,0,2,1,1,1
abdba4b4-e061-4571-8082-0a820413127a,0,1,,2,2,2,9,0
7e5f0b6b-36b0-3ebf-a96a-08ba0f0dd176,0,1,SL,0,1,2,9,0
f41e8ae0-b016-3d43-b1c6-5aa501dffb55,0,0,CH,0,1,1,5,4
65bfecc4-2a2f-3cfb-bbc7-57ee176d61e3,0,1,FC,1,0,2,3,1
296eb979-ab52-46bd-bf97-e2ceef3b6b38,0,1,,0,1,0,8,-1
bb7e97f5-5e39-32a2-bf78-56dbdb3483dd,0,1,,0,1,1,8,-1
733d37f4-97d1-3f5a-a2a1-50ca5d2525b5,0,0,SL,3,2,2,1,0
460c3872-1f85-3022-870b-76af17fbe6e1,0,0,FF,1,1,2,4,5
6dced27c-82e0-4bd8-884c-b1b6b8f3caa0,0,0,,0,2,1,8,2
5fbcb5ba-a477-4c0e-a7e9-c68a70b8355e,0,1,SL,0,1,2,5,-2
872ed285-fc0a-4998-831e-bbf54fe0747b,0,1,SL,0,1,0,6,-2
869043fc-5871-4c45-8ae1-83c38493df23,0,1,FC,2,1,0,9,-2
8a4f4a59-e6de-45b9-b7c8-4b918baea091,0,0,CU,2,2,1,3,0
96737dbd-e36f-42ac-ad38-4a4b1edfb72f,0,1,FF,2,2,2,7,0
17316b7f-1043-4bb2-b861-21a1a7ed4ccb,1,1,SL,2,1,2,1,0
22f3e2ac-5822-47ea-a6a3-9db9a85acf67,0,1,SI,0,1,1,3,-2
752093ff-76eb-4478-9270-9d50ef25fe1c,0,0,CH,2,1,1,5,5
99befc11-15dd-4350-b031-77dc52a91aae,1,1,CU,3,0,1,3,2
a8e612b0-9e6a-4068-b1e1-b981242fe316,1,1,SI,3,0,1,7,2
ed0816d9-c50b-44d9-84e3-df62867395f1,0,0,FF,0,1,2,8,3
f48c069b-5419-4818-80a7-87acc0da1def,0,0,FC,0,2,1,8,0
3a6bf9b7-1b30-4ed0-948f-b6674c06a24f,1,1,SI,2,0,1,4,1
6ae7bb56-41b4-4eee-9a3c-ca89a0a00949,0,1,FF,3,1,2,6,3
72a52d3d-68fe-4db4-941d-40a1c991d717,1,1,SI,0,2,1,6,0
d3766295-99cd-4a29-b0e2-18f22d9f782b,1,1,FF,1,0,0,6,1
1c954513-be58-4efc-aedc-cf077beba3bf,0,1,FC,3,3,1,6,0
d1e2ecd4-c998-380d-a126-90b54b5dbbf3,0,0,FS,1,0,2,8,3
e414e54c-4cd1-3803-818b-94482f2e57f9,1,1,FS,1,0,1,6,3
812fa1d6-12fc-3a75-9593-e4654d4eb6db,0,0,SL,0,1,0,9,-1
17e7e8a8-9e21-34f4-8489-5e644a1729b3,1,0,KC,1,2,2,3,1
52d0fb0f-1990-3a71-9730-3a400c61aeea,1,0,SL,0,2,2,4,3
e51a1197-90b2-3323-9f7f-36fbe12eddd5,0,0,SI,1,1,2,5,4
05bc88a1-8e40-4aab-92b8-a28341dbabe4,0,1,SL,1,3,1,7,1
08852910-327a-4cc3-be96-a6638bf7c2a7,0,1,CU,2,1,0,3,2
2e8f2b72-c18a-4a9a-91e8-b968b83f77b9,0,1,SL,1,1,1,1,0
9cab380d-b2d7-4e71-a426-e4e615f0c9ba,0,0,SL,1,1,1,1,-2
9a253afa-da68-42f6-bce0-974d11505801,0,1,SL,1,1,1,3,-2
1cf78dca-7ca5-405e-99ea-599af12a4bf9,0,1,SL,1,0,0,6,-2
f1881675-4fcf-47b5-874d-dfe451a7ad9e,0,0,SI,1,1,1,1,0
4155fd61-d0b9-4ce8-b993-27b1fe3131f8,0,1,ST,1,0,2,5,-1
7c97a57b-4795-46f5-9efb-f43b396a6a55,1,1,FF,2,2,2,1,0
fe0c8bc8-2ecd-4eb4-bbc3-22ec1e1b2704,1,0,SL,0,2,1,3,4
5e929dfe-4ea7-4415-8161-1fb7852ec00d,1,0,SI,1,1,0,1,0
e7c2519c-ae68-4f61-a465-e3d9789ad5b6,0,1,SL,3,3,0,1,-2
510458e5-1713-4d96-904f-ca6f223d78cf,0,1,SI,0,1,0,8,2
855282f4-38bd-495c-8f6f-ad20ff3c4e97,0,0,,1,2,1,3,-1
5333db43-db64-4511-b6ef-5a4df8386eef,0,0,FF,2,0,0,7,3
9f8273c4-9a81-4ae0-839b-8d95b5c536ea,0,0,FC,0,1,2,6,2
f2832308-57b8-4eff-a3e2-462bccf41684,1,0,FC,1,0,2,4,2
f5c0a192-3084-49e4-8e53-70fc65592cf0,1,0,FF,1,0,1,1,1
1e7df8e1-17d7-4150-af85-ae1eef426254,0,1,SI,1,0,0,7,2
30c8cd35-6cf2-4055-9b0c-8f2087d9cad5,0,0,FS,1,0,1,7,2
4f5c0a13-704b-4a48-8fb7-c1149e979ee8,1,0,FF,1,1,2,7,1
43e1665c-5fdc-4de4-b96b-aea37d150de4,0,0,FF,1,0,2,4,5
80aa3d75-bb13-4a54-b23f-1b5b34c57dc5,0,0,FF,1,1,1,5,5
dadda245-e46d-463c-a166-013af449e3e8,1,1,CH,1,0,0,3,1
500bc5d9-24be-4062-a037-57a840c211cb,0,0,SL,1,1,2,8,4
78658568-0376-4c44-81d9-9e795c486fe6,1,1,KC,1,2,0,1,1
25d8e5bc-af5a-4503-95ae-1b6d0b5878e3,0,1,SI,0,1,1,4,1
4ff3d50f-20b6-4121-99ab-696f05a75ccf,0,0,FF,1,0,1,4,0
6296ef6e-6208-4855-aadd-709819222ee8,0,1,SI,2,0,1,1,1
7af86069-30b1-45a8-85cb-a5bd33e53e18,0,1,SL,3,2,2,3,-1
5bc3cd5a-1f3e-46f9-9124-64f45baaaf86,0,1,SL,1,0,2,7,1
e4653c8f-3795-4974-b3bf-d9a005847356,1,1,CH,2,0,2,1,0
770729fa-020d-49ea-8025-f840cfdbc333,0,0,FC,2,2,1,3,2
adf1d76f-68d4-4905-a251-382f287c6b98,0,0,FF,2,0,0,1,-3
c1027b32-6488-4626-9c7f-fd69a835bcd5,0,0,CU,3,0,0,1,-3
92db53f7-11e2-4808-a3a2-30a7bd866a92,0,1,,1,0,0,4,0
c8642132-6b43-4f90-b07c-ad2eab28dedc,0,1,KC,2,2,2,3,0
a8212da7-8283-45ae-b91d-8fde35d8b2aa,0,0,ST,1,1,1,3,1
f1962417-1065-4459-bf05-71133c37a7ea,1,1,FC,1,2,1,1,0
ceaf5757-ceaf-4825-b681-329ef646c846,0,0,SI,0,1,2,3,-1
7e5c61ed-2d01-3dd2-8f00-a6c91558c193,0,1,CH,3,3,0,1,0
f75bd212-20cc-3afe-ac31-f08230fb5f76,0,0,CH,1,1,1,1,0
4f606252-f782-37ab-8580-b9dd4c116f97,0,1,,1,2,1,1,0
170f826d-286c-3f3e-9d93-da8abdc805db,0,1,FS,2,2,2,1,0
1066a177-9f0c-320a-86b0-bccfaaf8013b,0,1,SL,1,0,1,3,2
dab52564-3ba8-372d-9278-3d0b412277ec,0,1,FC,1,0,2,7,0
e695f15e-6f68-33c9-8200-f97d892bfbcd,1,1,CH,0,2,1,10,0
20428813-c0fc-3b92-8347-e9979e3b2403,0,1,FF,1,2,2,5,-6
263c2f15-d96c-3cae-81d1-ee26d86d0dc6,0,1,FF,2,2,2,5,-3
8a1c6e81-309c-3f1e-bfdc-f4e287c28791,0,1,,1,1,1,1,0
78cdd3b0-98d6-3eff-9d9b-53ad90cfa0d1,0,1,FC,2,2,2,2,0
3d013cf8-cdd7-367b-a91d-e9230c6477f4,0,0,,0,2,0,1,0
70dca1ad-a224-4632-b07a-0cd787369916,0,1,SL,1,2,2,2,1
fa74cd52-996c-4586-beda-4ad7e18baca8,0,1,ST,0,1,2,8,5
f3503f77-dcae-4055-84bb-3c292eede07c,0,1,FC,1,0,1,8,0
d945e7f7-0b98-4fdc-9250-f1a3c125a8ed,0,1,SL,1,1,1,3,2
1c3cc350-7ce3-4bfb-bf7e-458f19540a19,1,1,SL,1,1,1,9,1
623605d5-a41e-462a-a5da-2753eb4b261b,0,1,CH,2,1,0,3,4
d5c1c0ad-9962-4e2e-a247-83bcde6b55d9,0,0,FC,1,0,2,3,4
cad7b33f-21fe-4676-a7bf-4171b60c6785,0,1,SI,1,0,1,4,1
bfe28942-7689-4b3b-8c0d-81b2e5b1fb55,1,1,CH,2,1,1,4,-1
5d9b5a9d-20e0-484f-b984-df6244da3e47,0,0,FC,2,1,1,1,1
4f2c50bb-b50c-4afc-b362-b8354d1149cd,1,1,CU,1,2,1,1,-3
36909f6f-b645-4795-a820-ca6b857c550d,0,0,FF,2,2,0,6,-1
72ef0825-5e05-46c6-93ab-6048f6ff66d6,0,0,FF,0,1,1,5,2
6c63e9b8-410d-45ac-add6-d5d8e359b093,0,0,SI,1,1,1,3,-4
41daf30b-5bd7-455a-b5fe-0c754fa9b59e,0,0,SI,1,2,0,8,-1
59913f57-71b6-4ff5-a98e-349d601e26e5,0,0,SL,2,1,0,3,-5
2144dab6-d44d-4a99-bd19-45af619ba4b9,1,0,FF,0,1,2,2,0
8dc0eeb7-fcca-407f-9dbd-b92994789f46,0,0,,0,0,1,4,0
1f8c12d6-6707-40ff-8704-a3a8547a5f77,0,0,SI,2,1,0,8,-2
bba2005d-8a58-4619-ad74-25f678ea434c,0,0,SI,1,0,2,3,3
791d1134-3f59-4864-9159-81561fbdec40,1,0,SI,0,1,2,2,0
98e90194-0622-418e-9cb4-cf572fddc4aa,0,0,FC,2,0,1,4,-1
bbbd7f02-c527-4041-8d86-d8219c4cb939,0,1,CU,1,1,2,7,-1
69eee3eb-80d8-4d03-8bea-0c4c2405e135,0,0,SL,3,3,0,7,0
7efb6346-fa91-46ce-a52c-07eab36de2d2,0,0,FF,1,0,0,3,3
b24f9525-1d0b-476d-a84a-1f62377e55aa,0,0,ST,3,2,0,4,-2
64d317cc-01fa-4e52-841c-93fe949c3594,0,0,FF,1,1,0,4,1
2dd80e29-2682-4f00-9a9b-23993890cdc3,0,0,FC,0,2,1,9,-1
f6ec3c3b-a7c8-4a00-a9b9-0a65b85a32e9,0,0,CU,3,3,0,5,0
048f588c-ae76-4d2b-bf59-5c5328cca643,0,1,CH,1,0,2,5,3
cbdb30e5-5b43-451f-97f5-3bb8c247bac0,0,0,FC,1,1,2,2,0
34a94777-9dda-48cd-aa64-241ba0d519c4,1,1,SL,1,1,0,7,4
7febef7b-5efd-476a-9136-d6975b44f28c,0,0,SL,3,2,1,7,2
8ab7be4b-d8d2-4e32-8127-04262bbf9515,0,0,ST,1,1,1,8,2
6f1e7bb6-616d-4b68-8168-c10340bbd3dd,0,0,FS,3,0,0,7,-4
5b7154d2-4247-4e07-8665-93d4263f067a,0,0,FF,3,0,1,8,0
67427910-03cf-4b00-9ac2-48c17c77fabb,0,0,FF,2,0,1,2,2
b3ad685a-41ed-4100-8346-1e173ab4c980,0,0,FF,1,1,1,8,1
684cea3e-b214-4dbc-8f54-7d11d3d4243f,1,1,CH,3,2,0,2,0
6a35fec2-4768-4db1-8f24-329043bca280,0,1,FC,0,1,1,2,0
4e220aff-7d4a-41bf-9bb8-1b4e3414d09b,0,1,ST,2,2,1,2,0
a31b7c42-63c0-4325-8d00-88ae16625301,1,1,SI,1,1,2,1,2
247b8a0a-9aa6-4599-a225-270a754080ef,1,0,SL,0,2,0,6,0
9b4ecc54-1557-49c9-b445-574a50fd2b02,1,0,SL,3,0,1,1,0
084df9ce-b708-3cff-8b61-0d32b343c07e,0,1,CH,3,2,1,4,0
b28db8fa-fc90-3a57-b881-8cccc2c9dae4,1,0,SI,0,1,2,8,3
51e2a633-9855-302b-83b3-ac7f7dfd6a31,0,1,SL,1,0,2,2,0
b34f06c7-9a89-3230-8f38-1258355d2707,1,0,ST,2,1,0,4,-1
23186d3e-be98-3795-80f9-8a8ebca72cf8,0,0,FF,2,1,0,8,4
ec4f9ce5-c151-38fa-b8f6-d53ba2cd3368,1,0,SI,1,1,1,1,0
7b99ece5-29e2-3e8b-8d73-d5b998f725e7,0,0,FC,1,2,0,2,0
18e54c97-9f85-39cd-8a79-86629d36f9ce,0,0,FF,3,0,2,3,3
e76c3e37-3117-3401-a0b2-ad21d7bde222,0,0,FF,3,1,2,5,-3
a2817e72-f774-4680-9e34-339ec0e69bf4,1,1,FF,2,2,2,4,4
661d662e-670b-47e2-84ff-742f8944a6ab,0,0,SL,3,1,2,8,0
9ca8cfcf-33bb-46dd-8fb3-9482851889c5,0,0,,1,0,1,7,4
193a926e-50f2-47a4-96a3-cadfc756ff3e,1,0,FC,3,1,2,8,1
5d500071-49c2-4df8-b282-61e6440c3606,1,1,SI,1,0,1,1,0
3e2c6350-a3ad-4db2-b453-0488de25506d,1,1,FC,1,0,0,1,2
7717d7ed-8795-43cf-a784-d0388e729c0a,1,1,SI,1,1,0,3,0
b2064d2f-3eb0-481b-b6dd-d4115ae7f004,0,1,FF,3,3,0,8,-2
3dd70566-2111-4fd2-8845-73554f5c1f1f,0,1,FF,1,3,1,1,0
e5ca6c40-1e55-4454-a122-f253c5cb1fd2,1,1,SL,1,1,1,4,0
80b2de79-220d-4a56-b111-13dd8b337847,0,0,CU,0,1,2,3,2
979512ba-6301-4fc4-acac-f8519a738643,1,0,SL,1,2,2,7,3
d835b561-c741-4b15-89d5-8505d5d9c988,0,1,SL,1,2,1,1,-3
6c18625d-ade5-4a11-ac9a-c0f48edddf44,1,1,FF,2,0,1,8,4
989de9ca-2e10-492d-b637-f72cab7e3ce2,1,1,CU,1,0,1,5,2
4c3dd1ca-53ab-4f98-8958-1156243f6a12,0,1,,2,2,2,7,4
14283470-3cda-4d8e-b5e8-e7a19d235813,0,1,CH,1,1,1,3,3
6d38ff72-75d5-404f-8f5f-d1f07dff1ce6,1,1,SI,1,2,0,8,1
a5d82eee-f9df-48cb-a7de-1fa6f6d3aa25,0,1,SL,1,2,2,7,5
fe4194c9-aaff-4172-98f4-1ade20ea512f,1,1,SI,0,1,0,8,3
61b51e24-33f5-476a-bad2-720f71a52ce7,0,1,FF,3,2,2,7,2
055479d5-e984-4a00-98bb-eac4ff88b75d,0,1,SI,3,1,1,1,1
efb65f54-4c1b-46ab-9ce7-b9e93a50ff3f,0,1,SI,3,1,1,1,1
ba010e65-53d6-4b45-92fe-cf5db252a22c,1,1,,2,0,2,1,1
c370b68e-a4d0-445f-acc2-15ccb54e22a7,1,1,FF,0,2,0,3,2
d9dea596-b929-4c63-9539-a82deeb9e668,1,1,FS,1,1,2,7,-3
c6694d47-aa89-4335-954b-febf75d7a28c,0,0,FF,2,2,2,6,-2
a1389bb6-fa12-45d3-9317-f5ca6d838fb4,0,1,,2,0,1,3,0
198c94cc-71f9-4f6a-bcc0-e79e45158f83,0,1,SI,3,3,0,9,1
9782483f-8b76-4afe-a62c-028b59875fe4,0,1,CU,2,2,0,7,5
7c24c378-8af0-489b-b6fb-a404c0537bde,0,1,FF,1,1,2,1,0
e578808e-9575-4773-bf7e-d07b46bfeb2e,0,1,SL,2,2,1,8,3
72f47769-5390-39bb-b8c6-8bcf285fee72,0,0,SI,1,0,2,4,3
6cde1b53-6180-4aa2-81ca-7c77f5cef960,1,1,,2,1,1,9,6
32478843-afcb-381c-89ac-ebdcd461388e,1,1,CH,2,1,1,5,-1
8a0b1cbb-445d-3b8f-9108-06d49bedf34f,1,1,FC,3,2,0,7,0
a2020197-aa89-3cc4-8ec0-9d18a7d27977,0,0,SI,1,2,2,7,0
f45ca13b-17fa-3f71-8240-77c954925b96,0,0,CH,1,1,1,6,0
7953424b-2bc2-3db4-a8ac-55ea86b8927c,1,1,CH,2,0,1,5,4
0035e53a-63de-3c09-885a-28912b027ff5,0,1,ST,1,1,2,5,1
31cb5c55-d2d3-4ff4-86e8-e50d5edc6955,0,1,FF,3,3,0,7,0
3b5083e1-2db2-4184-86cc-bf291a6def60,0,0,FF,1,1,0,2,0
c74e6052-e85e-4953-9479-25c4020a93a8,0,1,SL,1,1,2,2,0
0e7c98c3-087a-40e3-ad99-e66e2ed2b24d,0,0,SL,1,1,2,8,1
2fdcaadd-282f-4616-bc37-d00f7c9c1163,0,0,,0,2,2,6,2
37e8f45d-5ca4-4ea5-824e-6cd632c1ee00,0,1,SL,1,1,2,6,5
5fc0116e-8d4c-393a-9582-6b2357c08fb6,0,0,FC,0,1,1,7,1
f051417d-32c9-4dc3-ab0f-f3381238a961,0,0,FF,1,1,1,3,-2
0aef5ddb-e1aa-4d7c-b343-3724ae64e9df,0,0,CU,0,2,1,4,-3
f0b292ae-61b0-4606-8e60-e20f0ca6cf91,0,0,SL,0,2,2,4,3
c2929e5e-f0b1-4cda-8ed9-10f4985cc2ae,1,1,CH,1,1,1,5,-3
c3a5d09b-62e1-46e5-a026-bab4fedd36db,0,0,CH,1,1,2,5,3
b6f97d2f-20b8-49a0-8e7b-a39cdaeac77e,0,0,SL,3,2,2,4,2
69f61749-732f-4f9a-873e-3f906f764c85,0,0,FF,1,2,1,3,0
40d9794d-15f0-469d-b18e-fa5e01eac4ef,0,0,FF,2,0,1,5,3
534fc2a9-9cb0-4748-b0b3-3759f1fa2fbc,0,0,SL,1,1,2,8,4
57098850-b674-41af-aa9e-91314d0ca418,0,0,CU,2,2,2,5,0
fe820f26-4b22-4b51-8ce9-2975f692e02f,1,1,CH,2,0,2,4,5
6a5b2825-36c2-474d-bdf5-1cd45fcf1968,1,0,SL,2,3,0,5,1
5b70b488-195f-42a1-b421-eda72e18aa8b,0,1,,0,0,2,3,-2
850f445a-5bb3-466b-8c76-b9d4234dc018,1,1,SL,2,0,0,1,1
8ab2a498-cef5-49cc-b816-32d3a7d89666,0,1,FC,3,3,0,5,1
5200831c-7efb-4223-ac4c-aba2a1ca9b48,0,0,FF,0,1,1,8,1
ca9601a0-e18a-4709-a442-eb357e40c16a,0,0,FS,0,1,2,9,4
1e9338d3-8110-4979-b23c-4116cf3ba9d3,0,1,FS,2,1,2,9,1
57e8351d-71bb-453b-b23e-b7e192b7f7da,1,1,,2,1,2,3,1
5b8ba9bb-97d4-4261-a650-d2b0236f85f9,0,1,FF,2,2,0,7,2
c8b2cf0a-f777-40e7-a413-dab1bfd53a6e,1,1,FC,1,0,2,5,1
57f774a9-dc8a-4d03-a909-15d07c586fd9,0,1,CH,1,3,0,7,0
9f1f7da6-7164-4176-a610-82610b6bc837,0,0,SI,3,1,0,7,0
93530182-b245-46d5-be49-9ecaf743829a,0,1,SL,2,2,1,6,1
fc9cb197-e335-45d2-b9a7-5b64b488ce1c,1,1,,3,2,2,3,1
2c2d4d70-87f4-4578-9273-ef8f86221077,1,1,SI,1,0,1,3,1
597b2764-3a1a-4309-b111-c813853454c5,1,1,SI,1,0,2,7,0
ba4a9112-084d-48b1-8296-00070c6522e8,0,1,FC,0,1,2,4,-2
a52c3355-31a7-46cf-9637-2adacedc6d7c,0,1,FF,1,1,0,6,6
1970d19b-0f95-4658-8701-f757647a447e,0,1,SI,0,1,2,9,2
f2e6c760-fd3c-4e9f-bfed-db9f8bc9a371,0,1,FF,0,1,2,8,3
f19f0c30-4b72-48ac-8002-d0585c9825c8,0,1,FF,1,0,1,4,7
407da939-d4b2-4b36-9dca-8aa0a116ad85,1,1,SL,2,0,2,3,6
3792d578-1d3f-48b6-bb4f-cd38449fb2cd,0,0,ST,0,1,1,8,-2
c7b8890d-0750-4cef-9527-712a915ee168,0,0,FF,3,1,1,3,-3
9da99d08-8b14-3853-bdda-8efa034dd7d6,0,0,CU,0,2,0,3,1
39551f22-9dd7-3553-8a72-0b3577429d7b,0,0,FF,1,0,1,3,2
cc4acd97-d5da-3914-8e94-aada32a6d253,0,1,FC,1,3,1,8,2
0544f328-b92a-3f43-ac8f-69598b99bf0d,0,0,ST,1,0,2,8,0
4af9a06d-764a-3b87-b548-dcf707c1cb60,0,1,FF,1,0,2,8,-1
efd2095d-a4ac-33a2-919e-97ea56a011e7,0,0,FF,1,0,1,5,-2
859c44c5-86e5-3c62-9c37-ce7e124da640,0,1,SL,3,0,1,11,0
b16a0e30-fbe9-3f56-95fd-e08a782d2d2d,1,1,CH,1,0,1,3,0
d62399f7-7ed5-3c7b-9241-6884758879e6,1,0,SL,1,3,1,3,0
24775ed0-28a2-3381-87ec-97ab7163dbc2,0,1,SI,1,0,1,9,5
ab8437b7-82c8-3792-b777-1f9350ffcd00,1,1,CH,1,0,1,9,-1
863f1114-1fc9-45c8-a435-7594d00d8172,1,1,FF,1,1,2,8,1
e5504ca8-bb08-49ec-aa10-4cc4243e5e94,0,1,ST,2,3,1,2,-1
2bf7650f-f866-45e1-983d-63751c417da2,0,0,FF,2,0,2,2,-1
239e1201-f4ea-4a2a-909a-1a9fab430afb,0,1,FF,0,1,1,4,4
cfe0818b-5445-4709-8acf-d783dc1b6313,0,1,FF,1,0,2,6,-1
15ab3b28-08e4-4609-84bd-0963edd605c1,0,0,FS,1,1,1,7,4
6da4d31a-6740-4a01-8ccc-41db56ba7ac6,0,0,CH,1,1,0,1,0
d2bf5620-97bf-41d7-8abc-958a460e68a4,0,1,FF,3,1,2,3,0
06adaba5-b627-4a43-ae6f-bc937760d8ac,1,1,FF,1,0,1,6,0
0028354f-d314-42ea-bfa8-2e9e9a128132,0,1,CU,1,3,1,2,1
5e49e5cd-cb16-4d11-bc33-3e608d7ad862,1,0,SL,3,2,0,1,0
71f1d5e5-095c-4755-8396-c74dcadfda0e,0,0,SL,2,2,2,2,3
8ab2b483-5ba4-41b0-a190-f653b958f44b,1,1,ST,0,1,2,2,4
4fc7f51d-cef5-4081-871c-bd3c22527fac,0,0,SI,1,1,2,8,1
9f26f180-3f52-4ea0-91f1-94e10d94c251,0,0,FF,3,0,0,1,0
19c82790-45a0-4db5-95db-5369351b1ad0,0,0,FF,1,1,1,1,1
7e71d0ba-5cb8-4b8e-bc8e-92d5e6c03830,0,0,FF,1,1,0,1,0
4f827a09-d583-4a86-bdaa-e1a8e86a5a52,0,0,ST,0,1,1,3,-4
8666eeff-2a6b-41eb-8488-84f437e12dcb,0,0,FF,2,1,0,4,2
de4971c3-2fcf-49be-a3fb-57bb84891285,0,0,FF,1,0,1,3,3
86c64ccc-1bf1-444b-81f4-ed2421e7bb1b,1,1,CH,1,1,2,1,0
0f7e7e60-2bd1-474a-9100-3c2332cc3ef1,0,0,FF,1,0,1,1,0
88c2db1e-adf0-4b4e-97e5-de2089ef8cd3,0,0,FF,2,3,1,8,0
a3bde390-afa2-486d-bb70-312dcc3b1ef5,1,0,SL,0,2,0,1,0
dfbce730-86c6-4f49-bf04-1f49f6188a93,0,0,FF,2,1,0,1,0
416da81a-ed3a-4a34-828d-a98a778a57f7,1,0,SI,2,0,1,3,2
3748c66f-d2b7-4e70-9121-8086aeafda25,0,1,FF,1,0,1,1,0
da73633c-2948-43e1-8632-522c620b47b0,0,0,FC,1,0,0,1,0
9cbd382e-a5ae-4fbe-9370-3de8d88866ba,0,0,CH,1,1,0,1,0
df15442d-5831-475f-9232-c5203e7545a9,0,0,FF,2,0,0,1,0
54c4e745-664d-4e2b-b71a-9376e76a0142,0,1,FC,0,1,1,5,-1
0dc2f654-50a0-3316-90f0-1603cb42f42f,0,0,FF,1,2,1,9,-4
d42610ee-5cc4-333d-b456-9e7a4317ed19,1,1,SL,0,1,1,5,-1
9ee90dd1-6613-3d63-9ea7-a037dd1874ad,0,1,ST,1,0,2,3,2
6d3ea91f-6b80-32da-89d2-87e5e8db5de5,0,0,FF,3,2,2,2,1
2891857a-0627-3e41-9fe4-dc4a464350bb,1,1,CH,0,1,2,4,5
427c6c4c-2e59-3f66-bad5-f8f70b79d70c,0,0,FC,1,1,2,2,-1
031a7db1-01e2-4728-9352-c4ea28a28779,0,1,,0,1,0,7,2
28c27767-48da-3d02-bc07-c43b5fbc0d84,0,1,SI,2,0,1,6,5
a6e0130f-1f7f-3629-a3ca-d537c3058bbb,1,1,FF,2,2,2,1,0
8cf1c337-9131-320d-a457-b7db24ae6502,1,1,CU,2,3,0,4,2
651d1041-95d8-30b4-b90a-9bb5942be7a8,1,1,FF,0,1,2,8,3
7685c99c-24ae-3128-9b53-ee12e953b33b,0,0,FF,2,2,0,2,-1
de5c857f-bc7c-314a-acdd-1a5dc46e2156,1,1,FF,2,2,1,7,0
800cbf37-32fe-4db3-b11a-433a9006a339,1,1,SL,0,1,1,9,3
4af0933a-86c9-46d2-b37d-d0bddb0d6a89,1,1,SI,0,3,1,9,3
59397978-9ba3-4dc7-b97f-2b90cc344817,0,1,KC,3,2,2,5,0
11846329-d024-4762-9661-815ceedcb4c7,0,1,ST,3,3,0,1,0
a40d2ff7-b5c7-401b-9a05-2ddb9a166acb,0,1,FF,0,1,1,7,2
06c6ea6c-8617-403e-a70b-1a61575cbb79,0,1,SI,2,1,0,1,0
92dfc43d-0a36-4c14-a0bb-4a6ed9b4de4c,0,1,ST,3,2,0,1,0
c23842f1-ca5a-42e4-a676-c3af198e5309,0,1,FF,1,1,2,7,3
0c00924a-7d61-4784-9209-0ad2d296b279,0,1,FC,2,2,1,9,0
c1fd752a-ef2e-4829-9af9-7e9fec11a12d,0,1,SL,2,0,2,6,-1
2dab9861-9aee-49cd-958a-de9627086a8f,1,1,FF,3,0,1,8,2
48d0f735-ad9b-4a11-8006-d2230cc8d2c8,0,1,FF,3,3,0,1,0
3710233e-0c7d-4241-ae86-940a756ded71,1,1,SI,0,2,2,7,1
454ea264-babc-40e9-84b0-6320b9412823,0,1,FF,1,1,2,3,2
cc5c03b3-7e84-48d0-a06e-8c7b3af5e89d,0,1,CU,1,0,2,6,-3
9ce85ba4-8756-4855-a71c-db4571fef1fe,0,1,FC,1,0,2,5,3
63c8bd7c-0e3c-4c90-9f21-9be17d167bd1,0,1,SL,1,0,2,1,-1
0491b943-b43a-4228-8fc7-4bfd160da9d3,0,1,SL,1,2,2,8,3
8f741621-09be-4c28-86c7-891514629d8f,0,0,FC,2,1,0,3,0
256788a4-809e-4506-9eae-c886c9c1ef17,0,1,FF,1,1,1,6,0
07ec9a17-d578-4119-ac4a-6af7beb6e622,0,1,FS,2,1,2,4,5
317109c1-2da5-4fc9-a5e5-53ca124d853f,1,1,CH,2,1,0,5,3
f4af908e-5ed0-4fb5-9f61-5a820b80435e,0,1,ST,1,2,1,7,2
4d9f0a00-92b9-4829-9885-47fc1c6ffb73,1,1,CH,0,1,2,4,2
453d3d5c-f786-4180-989f-b898011f8ade,0,1,FC,3,3,0,4,4
96d6a065-6f80-4547-af8b-83f6429bfd52,0,0,CH,1,0,1,3,0
231eabb2-d8a8-4f40-b99c-9e6d06136766,0,1,KC,3,2,1,7,1
7613fb7d-5713-4bd8-8ca2-19b24502c470,0,0,FF,2,1,0,2,0
c931bd44-a450-4b54-a3c7-1c09afdb83bc,0,0,FF,2,0,1,8,0
1867a582-0119-42ef-b3fc-4b1ea6a93ba6,0,1,SI,4,0,2,6,3
0ba02d31-734d-4104-9993-f760fe08f2f3,0,1,SI,2,2,1,6,3
5d678613-cf42-496a-ba75-0a601f060bf0,0,0,FF,1,0,1,9,3
b9cd363d-1c14-4af5-99f1-71be5f932dcb,0,1,FF,1,0,1,7,-2
5378724b-234f-48c1-b36a-441910ee2ce2,1,0,ST,3,2,2,7,2
be69613f-a04f-40a7-8165-b361491cff7b,0,0,FC,2,1,0,4,-2
a2283d40-34d8-4634-943c-0e1449fd42c6,0,1,,1,1,0,6,0
9fcc055c-9443-4670-a381-0cbab48d63b0,0,0,FF,1,2,2,3,-1
90945cc6-001a-3795-bf1c-97189a4ea370,0,0,CH,3,2,1,5,3
52267efc-df72-3fb1-a85b-77609ad9c4d8,1,1,CH,1,1,2,8,-1
93833458-c40c-3274-80e5-0659f0b3ea86,0,0,KC,1,1,0,2,0
8c4b3373-0735-3383-a81e-25eec98b8fda,0,0,FF,3,2,0,2,0
55c42d9a-84b2-30c3-9d84-4897292bb8d2,0,1,ST,1,2,0,8,0
c48dbbd5-90dc-357a-a366-c2dbc2a65578,0,1,SI,2,1,0,8,0
8980eea9-8ef1-3aa0-8370-84cf891ac163,0,1,SI,0,1,2,4,0
9bec5e66-151a-32ea-b4bb-b4d5b6ce234c,0,1,SI,3,1,2,3,3
490669db-a44f-3279-97d9-edeafe9308d3,0,1,FF,1,0,1,8,0
083190a2-5a3c-331a-8c55-76d0c2534469,0,0,CU,1,0,0,1,0
0256c95e-fec1-35d7-8b79-fadb16e54c07,0,0,FF,0,1,2,4,5
63f490dd-5c07-3799-b06f-ff8d3a41c1a8,0,0,SL,2,2,2,4,-1
4afc5b28-46fc-39a7-a7e7-c4eeef687dc8,0,0,FF,2,0,0,1,0
c80f50ea-be6e-3b12-9c25-274ad14f4633,0,1,FC,1,2,2,7,2
730e9c94-35e6-3151-b4a0-0897cca9ac6e,0,0,SL,1,1,0,1,0
598a8ee4-fe17-3a3b-8fe4-3a206f347336,0,1,ST,1,2,2,4,2
47bb56ed-7e72-3c42-8b4f-e4c60c42cbc8,0,1,FF,3,2,2,3,0
164146b0-c44a-3fee-a6cf-a80a94f0c34e,0,0,FF,0,1,2,4,1
3ad44785-c96f-4031-9862-60e2540e6082,0,0,CH,1,1,2,9,0
976809bf-5ea8-406b-9b0c-9505440c023c,0,1,FF,2,1,1,9,3
dca8f1a9-4792-4984-926c-2dac2f896dcb,0,0,FF,1,0,1,9,0
fbcf4d13-2486-471c-8bbe-1bffb3aafa33,0,1,FS,0,1,2,9,0
a76e80a6-f44e-47da-a8fd-090ca7a23ab8,0,0,FC,2,2,1,4,2
5232ee50-6d4a-4655-8ac7-20829c170468,0,0,FF,2,2,2,8,-3
9db53b14-4361-40c2-8d22-7a58c71c11c3,0,1,FF,3,2,2,6,3
b487033c-c246-45f0-b775-5612f6d1bb27,1,1,FF,0,2,2,1,0
8a378bdc-18c3-4d63-b2f5-07911cc294d6,0,1,FF,2,2,2,4,0
75b2b79e-cc30-45f4-8c66-2ab6079c44ae,0,0,SL,2,0,0,6,4
7f38ff21-3229-4d5e-b88e-4d9dfa508235,0,0,KC,2,0,2,3,-2
a9757a70-2575-4387-bf82-ce55a58a5fab,1,1,KC,1,3,0,3,-5
ac83f821-0cf6-490e-a755-f6ca0af95376,1,1,FF,0,1,0,4,6
7ed947ad-d3a8-47b3-b2fe-75ccc30e8c5a,1,1,FC,1,0,1,8,2
7b527950-99fb-4385-80f4-47c533a349fb,0,1,ST,0,1,2,1,0
760b44df-45d8-41ce-907e-f7de80e22414,0,1,CH,1,0,1,6,-1
00465ccf-f236-400a-bb2b-c260f6857c49,0,1,FF,2,2,1,6,-1
3a4a31d1-f2a0-4f19-b911-299d3bb15a58,0,0,FF,3,2,0,4,-2
3559cd07-a08a-3b54-800d-0d9f70b79792,0,1,SI,2,0,2,1,0
70672c2d-4618-39b6-88db-7fd81764ee9c,0,0,CH,3,2,1,1,0
a29129d6-957b-3e7f-aef5-3d87fb98223f,0,1,SL,1,0,1,7,0
a2a1cdce-a0d5-3a22-bdb6-ce4f05dae698,0,0,CH,1,1,1,5,-2
2822a979-045d-4043-93c9-0686aac41049,0,1,SI,0,1,2,8,3
4701f93c-0225-4c58-b334-a269a2d0933d,0,0,FF,3,0,1,4,-4
dfe3dd25-18a4-4c4a-92ec-838580c507ce,0,0,SL,3,2,1,4,-2
d1546aee-6e4b-4edd-8d98-adfd9aac8f1e,0,1,SI,1,0,1,3,5
b8f10ebe-5bab-4c5b-8d93-0e07bd057429,0,1,SI,3,2,2,5,2
5fe27505-6eaa-42e8-9d37-796006e4ba94,1,1,,3,2,2,4,-1
2c3899ed-69e4-4010-ab56-82ad5362ca5b,0,1,CU,0,2,2,3,2
f3a10891-92f0-4fb4-9695-4e966a229053,0,1,SI,2,2,2,1,2
262a42ba-20dc-484f-912c-063eac8252b4,0,0,FF,4,2,2,1,-3
c620c7d0-57be-4d6a-b285-2a1b33740f5b,0,1,SI,2,2,2,3,1
288737f8-2675-448e-8c23-acebc36127da,0,1,,0,2,1,5,3
3147c021-9a60-4756-9cd0-f86c76c27391,1,0,CU,1,2,0,4,0
83bae7ce-d2e6-4f61-96ba-30108731d6c9,0,1,SI,2,0,0,5,5
9087ec4f-cf02-4630-8cda-e5931f4d5a2e,0,1,,0,1,0,9,-2
cfb85e03-013c-4209-9b11-a2cc26bbbcf0,0,1,FC,3,0,2,1,0
6cb55cf7-348d-4fe1-8eb1-974827da1894,0,0,FF,1,2,1,5,5
f272ddd5-741a-4939-beeb-cf1d64d3caea,0,1,,0,0,2,1,0
3c547ee1-c109-3577-b72d-d7bdfe1e63ff,0,1,SL,3,3,0,8,0
3ae3c44e-4691-3b8f-b762-a0b851296af6,0,1,SL,1,0,2,1,0
768db9a8-2d41-34a9-afea-bfbbfdaacd2c,1,0,FF,3,2,1,3,0
5c59841e-10cd-3e83-9d8e-09da330b0b40,0,1,SL,1,0,1,10,1
5f3dce3e-5594-4bca-b92d-03747200663d,0,1,,0,0,1,11,-2
b0ca0ec1-3faf-33ed-8c6d-bf5dbf369399,0,1,FF,2,2,1,1,1
1da39e7b-17ee-3cac-a14f-14a871fc2e16,1,1,FF,1,0,0,4,0
19a14bfa-574f-34a5-8a2f-83e0800938f8,1,1,FF,1,1,2,8,2
16b6d4e0-07c4-310c-a133-b5b378cba8f2,0,0,SV,1,3,1,3,4
b9352f8a-30eb-3893-a2fb-f4b50e07cc23,0,1,SL,2,1,1,5,1
f6394afa-1b4b-3e61-b186-4808d5640107,0,1,FF,1,2,2,7,3
0f136f06-b067-33b1-9d1f-4ee118f8ff23,0,0,FF,2,1,1,6,2
bc78e4c2-cfba-3e1e-a203-5e783d5ae292,0,0,FC,1,1,1,2,0
fb125657-7408-476a-9490-c585e5185b93,0,1,SI,3,2,1,4,1
0f6dbd63-0a63-465b-bfba-7317fd7ac44b,0,1,FC,3,3,1,2,0
fb577d90-a1d0-49e1-98fa-82c618580396,0,0,FF,1,1,1,8,1
ff753a1d-480a-49f7-8526-381c57f16426,0,0,SI,1,1,1,6,-1
b7f32c4d-aaa8-4cee-b71d-dcdced61e573,0,1,CU,2,2,2,3,1
6490e396-4af9-491a-87a3-d73d94432e01,0,1,,1,2,0,2,0
f92bd900-339f-3dc3-ba52-f8c75f1fe171,0,1,SI,0,1,2,6,6
92fb2f2d-380d-40f7-9c92-82e6fdfd8578,1,0,SI,0,1,2,7,4
0dfd3d63-0272-4c33-af6c-5afa6c6262be,1,1,FF,1,0,2,3,1
acd4e0b2-8f35-461e-9f6b-c6edf6041694,0,0,SI,3,3,0,7,0
31e9b910-c37e-49c5-bc94-6c25f65b1107,1,0,FF,1,1,1,9,0
f8e63c6b-dd48-486d-96bd-8ed8a2bd6343,0,0,FC,1,2,1,7,1
1eb62687-b312-4885-ac09-2ad70b31a339,0,1,ST,0,3,1,7,-1
88f867ba-768f-4932-a575-b6e5aa980d08,1,1,SI,1,0,0,6,7
45fd2e06-19f8-4c85-bb19-a665180bcbb5,1,1,KC,0,1,0,4,2
cd54564a-7341-4f98-b196-c13e91956f7a,0,1,FF,1,2,2,7,3
c6e32c43-57c5-42b3-979c-4f90049c28c6,0,0,,2,1,1,3,-1
950de81e-7a12-4777-898c-b5858dcba0cc,1,1,CH,1,1,2,1,-2
ca5777f5-fe19-4005-91ff-67cee74a1113,0,0,FF,3,3,0,5,2
db36f081-369e-438b-8b91-cd55b898a178,0,0,CH,3,2,0,5,-5
edad3267-ebfe-40aa-a49c-945a4f85ef69,1,1,FF,1,2,1,6,-1
31cb1f4c-fe98-48c4-8b9c-1ace66cb8a3a,0,0,ST,2,1,1,4,4
fd05e4fb-2aec-4382-a96c-14e0b37c43f4,0,1,ST,1,1,1,4,2
d2f63207-6e5b-49b3-9cc3-d40662f850ce,0,0,FF,1,0,0,8,2
30a3b80d-5ac7-4ab4-8616-de24abe04f73,0,0,CU,2,2,1,8,-2
370bc772-0d83-4ac5-9a50-3b96177e8a96,0,0,CH,2,0,2,3,0
0b60bf9e-6dfd-4fbc-a8e6-61395acfb9cc,1,0,,0,0,2,2,2
a158bbea-fb0f-4195-9158-818ab18d1a28,1,0,,0,1,0,4,1
a4932eb0-484d-4e97-89a1-b114e4bdb9a8,0,0,FF,0,1,0,6,0
c84a5940-f1aa-4093-9c64-c077f7acec14,0,0,FF,1,0,2,3,0
53f46f5f-3c0e-4c53-b6ec-2e534e0b2af0,0,1,CH,1,2,1,9,0
60e578d1-3303-4a69-b5d2-861735f10041,0,0,ST,2,2,1,9,-1
6e4200f4-60c4-4574-95bd-7d35307bf364,0,0,CH,1,3,1,6,2
6141537a-ab88-4d22-b86d-50f6fe6f6f8c,0,1,FF,2,1,1,7,1
95ac30a0-afa8-4baf-b944-388e1fb764e3,0,0,SL,3,3,1,3,-2
16429aed-07d2-4287-b883-2eac50af4419,1,1,,2,0,1,9,0
6bd0a12c-967c-4ca7-aa05-7d025ff7f9ed,0,1,,1,0,1,8,4
8ddd1e6c-a868-4111-9fa7-08464988abf4,0,1,FF,1,1,1,8,4
0f2d35dd-0c47-40a1-8084-befb1d6cce80,0,0,CH,2,1,1,9,1
770628e8-3b91-4e22-90b0-1069341e999e,0,1,FC,2,1,2,9,0
2ef6fadd-4b54-43ff-b463-c80a49f4e031,0,1,,1,1,1,9,0
e1454c15-5302-466a-80cb-ab3da32736bd,0,0,SI,3,1,2,8,0
7d4ce151-56fa-4679-af24-f0144b7a9520,0,1,SI,1,1,1,5,-2
ac3f4098-3fa7-48df-b1ce-563c8f1df49a,1,1,FC,1,1,0,9,-1
5465bb8e-c774-424e-965e-03a7fcb819e8,0,1,KC,0,1,2,4,2
cb5412c6-9922-470f-bc8f-2b90ed9aee75,0,0,SL,2,2,2,6,-1
eea06ca3-5690-457d-ab87-936fa3defb5b,0,1,,1,1,1,3,-1
89a326cc-cc21-4dee-8499-85174a37da4d,0,1,FF,0,1,1,5,1
b7903d5e-fe58-4fbd-9e3c-b09a0dac7b70,0,0,FF,1,1,1,8,1
e459a269-2e4d-41f2-9b7d-ae4e2a60378d,0,1,FF,2,1,2,8,1
7697e6aa-268e-3d12-9300-bb2e593aaf32,0,1,CU,1,0,1,2,3
742164c1-6ea8-3c3f-b732-959e9bce3a89,1,1,FF,2,0,1,2,0
838d921b-497c-3067-b1b0-636489c0aec0,1,1,CH,3,2,1,6,5
70ba3367-3d3d-3d5f-afa8-268c2b2dc003,0,0,,0,0,2,5,1
7cec206c-3447-3dcb-b96f-78d32d22b9a7,0,1,SI,0,1,1,3,1
8869ab4f-6bc9-35dc-b78d-2facc4a9fc63,0,1,SL,1,3,1,3,0
a6d38ebb-0a5f-3f50-aa1c-352fde564701,1,1,CU,1,0,1,3,-2
4f92bcd3-4960-3f90-b4ff-62a774dc10c7,0,1,SI,2,1,1,8,5
73299253-375d-3b4c-a896-d80f8483b1ff,0,1,ST,1,3,1,9,2
cf57e18f-d50c-381d-ae7e-5e3d61fc7567,1,1,FF,0,1,1,6,2
bbe2bd2a-97b9-460a-920c-70d59fa42f14,0,1,SL,0,1,2,8,3
c4b437a0-1a39-44bd-80ae-7bede497d9d8,0,1,FF,0,2,2,4,0
5b9312ea-5c71-411c-93e5-bdc94b832eee,0,0,FF,3,2,0,2,0
2b9a58db-b61c-4c65-a298-7384bf9a1283,0,0,CH,2,1,2,1,0
02a9f479-bb42-495a-a60f-2ba23cdb73dd,0,0,FF,1,1,2,5,0
386eb1e6-976e-428f-95c2-a6a7975cf220,1,1,FS,3,1,1,3,5
0cdddf6e-f885-4f34-8bec-5e0520e50aa6,0,1,CU,1,1,1,4,1
0b09ad7c-555f-4e23-b0d1-f6f7b08134b9,0,1,FC,1,0,0,5,0
2021c1a5-fe44-45c3-8f4b-eb7091425976,1,1,SL,0,2,2,7,0
22a89ac3-d179-4c6c-a5cf-5d17bab26d43,1,0,FF,3,1,1,3,0
1e147433-1de9-31db-bb1a-e1936a25d14d,1,1,CU,3,2,1,2,3
221a81ad-bc14-3cae-9b43-ac2ef31e4bde,0,0,FF,1,1,1,2,2
62cd734b-76be-377e-a7d4-25e28c810cf7,0,1,SL,3,3,0,1,0
6a441252-14a8-48b4-8420-081d8dfaeb32,0,1,,1,0,0,1,-1
edd192df-4163-32a9-9db2-f6d177a25ac8,1,1,FC,3,3,1,9,0
cfb39658-7dbf-3901-9003-689d483ae579,0,1,ST,1,3,0,5,1
6420198a-b149-3f80-b83b-0b2bd0e4f3d7,0,0,,1,0,1,5,2
1e138674-186b-36b6-86b2-869a641e10a0,0,1,FF,3,3,1,2,1
c0209b5d-a023-4ab6-a864-6e50ea4a4c45,0,0,,0,0,1,7,-2
9a14265c-a4e9-3816-b22f-e12c0a00c838,0,0,FF,3,3,1,1,0
9515375d-df75-3f89-8419-c401e88c2354,0,0,SL,2,0,2,3,1
5415dc14-d803-4709-b92a-6e9119195127,0,1,FF,2,1,2,4,0
432ec3b9-1544-4650-a900-050096953e91,0,1,FF,2,2,2,6,0
fb226c33-4d73-4226-b2de-c8e210b9c554,0,1,SI,1,2,1,6,-1
3514e01f-528c-4c97-a1ec-7e9df89e4cd1,0,1,ST,1,2,2,5,0
4f507c29-295d-4e70-9d47-d8140d1f2c75,1,1,CH,1,1,0,2,0
c225e2aa-3b02-4ff2-b862-8444ba478e47,0,1,CH,1,2,2,7,4
f89e6896-7295-46cb-bcc3-d3f67a11eaca,0,1,CH,2,2,1,5,4
e120048b-cbe6-40ac-89d9-f71fc8045ee0,1,1,FC,1,1,0,4,1
b25dfa71-9078-4db6-aafd-005efe396d25,0,0,FF,1,0,1,4,2
f79525c4-c7c6-45fe-a913-f1528d0de92c,1,0,,2,0,0,12,0
d78f7739-797a-3f29-b636-c783d656125c,1,1,CU,3,2,2,3,1
e303b235-7aa0-31a3-9b83-c5e3c1a18d07,0,0,CH,2,2,2,5,1
baf3d8dd-82a1-3e94-a318-f27ade374f97,0,0,SL,2,1,2,4,0
eb0099f8-4142-3e15-84d5-418adca6ccd8,0,0,FC,2,1,2,6,1
074b976e-ae6e-3cdd-a2bf-53a9fb4fcf44,0,0,FF,1,1,2,5,1
207b0213-f416-345c-ac31-8c67bb176f2e,1,1,FF,2,2,2,5,0
9ff33a4e-29cd-4cc2-9a96-668467aef30b,1,1,FC,0,3,1,4,1
85af1ad5-11c8-424f-a427-6a7ee3a1b572,0,0,FC,2,0,1,8,0
6a67d508-9895-4cb1-8bba-c14f70089fb4,1,1,FC,2,2,2,4,1
4795b671-cc40-4dfc-9349-54f8bfed1757,0,0,SI,1,1,2,9,1
ba1a20e4-8905-4daf-9f47-0735cc123b20,0,1,FS,3,2,2,6,1
1312e54c-bda3-4e5f-9cf0-ff7dcb67ea80,1,1,SI,2,1,0,5,0
9a3658b0-a121-4439-acbf-cd8627283fc6,0,0,FF,1,0,1,8,3
a376e780-a01a-3259-9cc7-bc7e9f48c4e8,1,1,FF,1,1,1,10,-1
cb0dc27c-0595-38ce-b5ed-b7f1fb9cab04,0,0,KC,1,1,2,7,-1
dfebfc14-fe92-3474-84ca-8e35420c4010,0,0,FF,0,2,2,7,-2
adfb9a2c-ca46-3591-8800-013389f6bc15,0,1,FF,1,1,2,4,2
f5267d5e-472d-332c-a7fd-1d59d5f9f5a8,0,1,FF,0,1,2,9,-3
bf8acaae-ce08-3ee8-9308-11d5ec05d1a5,1,0,,0,0,1,3,6
cdb1e029-e551-3cea-8f35-bf39653b859c,0,1,FS,0,1,1,5,0
7ecdb4cb-6645-4968-8096-25a248c7657f,1,0,FF,3,1,1,3,0
0deb74ed-ce01-4946-b4c5-b837eebbf3ae,0,0,FF,3,1,1,9,3
75832bd0-33da-4d4d-bb66-3abccdd0256e,0,1,SI,2,1,0,3,-1
5d268650-4f1d-440f-bdbd-87d2def2337b,0,1,,2,2,1,2,1
7d568f53-212c-4526-a314-9d86c19f9397,0,0,CH,1,2,1,9,-1
37803c1e-136a-4a47-b11f-d14d18fefd6e,0,1,SI,1,0,2,7,2
2b44144f-5b03-4dbc-bee8-4e5b69ac9971,0,0,FF,1,2,2,7,1
a8004f8f-a0d4-426c-b071-018e814635e4,1,1,FF,1,1,0,6,-1
41f5dc8e-dc10-44a4-affa-0941640e3a62,1,1,SL,2,2,2,3,-1
2298c9c8-eb18-4379-9d3d-174b40001498,0,1,CU,0,1,2,7,-1
8d272a98-62f9-4169-968b-d971fa18fc34,0,1,FF,1,1,2,1,3
da3af56e-7539-4dc2-82d6-9bc35f402f5f,0,1,ST,0,1,2,6,-1
65569535-4393-4e2c-8921-b69fe48241ae,1,0,SL,2,2,2,1,0
855f8d4a-caee-4bc8-a604-fe7709fbe4e8,0,0,,2,2,2,6,1
564a6964-0e10-43f5-aed8-83cde90afd78,0,1,,0,0,0,8,0
1cb6f55c-303f-4eef-8be4-ab1c67ecddc1,0,1,SI,1,1,1,1,0
2b56457d-761f-41b6-a080-faaaa78b9f77,0,0,CU,2,1,2,3,-1
c876f0c7-338d-47fb-959d-530d7226d6f3,1,1,,2,0,0,4,-1
8e521bd7-087b-40ac-b173-a2691238aed8,0,0,SL,1,1,2,8,3
8d8f155a-76f3-4896-bec9-083f7b02d67d,0,1,SL,3,3,1,5,1
5aef4b13-b894-4de7-afe2-0d206aa6160d,0,1,,0,0,1,2,0
75ccd807-2e41-48e3-855d-3633dbbbf978,0,1,SL,1,1,2,8,3
e053ddc3-031a-4dc9-a384-392f8d988afb,0,1,ST,1,3,1,3,1
ead1a8fb-d1a1-455a-9b4d-828d35e98ee8,1,0,FF,2,2,2,4,5
8703e648-cae7-45ac-9cf7-c22d4ef6bf5a,0,1,FC,2,1,2,9,5
8b9d1ac3-736d-4e25-a377-516e7beed232,1,0,ST,0,3,1,6,3
fd85cb2c-8af8-41be-85fb-3e3b02ebaeb9,0,0,CH,1,1,2,3,4
ae01fc41-62ca-4e61-ba51-4c3efa03658a,0,0,,1,2,2,1,1
84d41f7a-5ba5-4440-9459-5edb94858b0e,0,0,FF,1,0,2,10,1
d34d4a0f-1dc4-491f-9b0c-6129ce0b8519,0,0,SL,2,0,2,7,1
f10394cf-d0ed-4ba5-b3f7-02990b7f58d9,0,0,,0,1,2,7,3
39a3315c-29a7-4643-9389-3695468e6360,1,1,FC,1,1,2,3,2
070a1b4e-39b9-4eac-b6cf-ad31222bf8ba,0,1,SL,1,3,1,9,0
123c7d0b-ca52-4c9b-a5bf-606e8050bc53,1,1,FC,2,2,2,1,0
90c93e52-0409-42d1-9261-51204c928c91,0,0,CH,1,2,2,1,0
15446e39-77e8-4f27-89b9-7a492c75df11,0,1,SI,1,0,1,9,2
5f396b50-54a0-47d2-96e0-8c359c44f802,1,0,SL,1,1,2,1,1
73a7a113-d5ec-464f-9d76-b3c22d577468,1,1,CH,1,1,2,5,-3
6acc9d6f-aa30-4d54-8225-38d9e34c928f,1,0,SI,0,1,2,6,2
2e0d6838-29a8-4e12-9476-6d63fd80befe,1,1,ST,1,0,2,7,3
ce67a617-30d1-4146-a717-51253447081d,0,0,SL,2,2,1,5,-1
e8cba1b6-a4bb-3295-bcc4-8368cfccc4b1,0,0,CH,1,1,2,4,6
a5003445-8355-3a76-9709-b3f098bf114d,0,1,SL,0,2,1,8,-1
420cc8fb-1ba5-33c2-97e5-f1d441b85d85,1,0,SI,2,2,0,4,1
605efbc9-1a05-337d-a767-b87d5904f95c,1,0,SI,2,2,1,8,2
7c3733ca-c162-3a1a-a3d0-e43a62669b4c,0,0,CH,1,3,1,2,5
bcb5d3fb-4ad1-3317-98d0-b26d1c772aa6,0,0,FF,1,1,2,4,3
ee0fe8ce-50b0-30ce-a76a-ff3687069768,1,0,FC,1,0,2,5,0
036c7c1c-60a8-3c25-8abf-1ee902dc862c,0,0,FF,0,1,1,7,2
b0a77b44-b4eb-304c-8fed-ef65759d6251,0,0,CU,3,1,2,3,2
774cd31b-b337-3ec1-a650-1daaef1ebb26,0,0,CU,3,1,1,3,1
cc796ccb-edea-34e2-8c2e-f0e4cc856ef0,1,0,FC,0,1,1,8,2
c5613f63-42f4-3a92-b039-0f4fc4f5901a,0,0,CU,2,2,2,3,0
eb180fb2-d203-3294-b26d-11152962270b,0,0,ST,2,2,2,8,4
91053965-299f-34e4-a833-4f132970de5d,0,0,SL,1,0,2,8,4
e6c46914-bf12-3729-b90f-d355b8d31b7d,1,0,CH,1,2,1,1,1
f5b89562-7438-365a-b48c-0eb3d558c4e0,0,0,FF,1,0,1,9,0
43442cfe-aafd-3336-92a8-508bad62f534,1,0,FC,2,0,1,5,4
f67b9eda-8ed6-39b8-b1f3-16d9b8699f75,0,0,FC,0,2,2,2,4
b1798946-2c03-3056-b7f7-5248a05e560c,1,0,SI,0,1,1,6,-1
85da7b30-3c7c-4bc3-bdd5-e8ae35f6ccb0,1,1,SI,1,0,2,3,0
a8875c15-8850-41b4-8c58-81b3ff53dd4c,0,1,SI,0,1,2,5,2
3aa00b28-7a3d-4081-b902-71b5c4aed355,0,0,KC,3,3,1,1,2
137b5f0d-7d3b-4c16-96bd-57a39582360b,1,0,SI,2,2,1,5,2
1940e46b-9055-4abd-b2a0-cbfb474eecdf,0,1,FS,1,0,2,8,4
4d3753bc-def2-4d2f-9c93-49a5f07e069f,0,0,CH,3,3,0,2,0
bc1f32bb-bae1-48a3-b9cd-ceebad505444,0,0,,1,2,1,2,-1
953af0f6-11e7-443e-be61-f3f264e9d714,1,0,CH,1,2,2,5,1
2b59e7cf-dca4-4ba9-8869-778dce862860,0,0,FF,2,1,0,8,2
18fd96ba-10f2-3c93-bd7f-441b6724c27b,1,0,ST,1,0,1,7,3
08cb4cf3-d70c-315a-970c-1c2f179a8892,0,0,CH,1,2,0,5,2
089bdbd7-8c2b-300b-87df-14114e145cf2,0,0,SL,1,2,2,9,1
8fbcbb6b-3bc0-37cb-9d2c-83c3e59983cd,1,1,CH,2,0,2,4,4
417a7043-38cb-35c9-a163-85e7c95bf5bd,1,0,SL,2,2,2,6,0
52bd8ac9-d080-37e4-a7c7-d6f9dfb27513,0,1,,1,2,1,6,1
71485730-efa0-33fd-a548-2312058a974d,0,0,FF,1,0,2,3,-1
629fc80c-2772-33e9-8989-675fc509490b,0,1,SI,1,0,2,6,4
84422c21-a0af-304e-a01b-dd0b92975944,1,1,SL,2,2,1,5,5
fb8ed81b-79e1-31a8-b7bc-0bbea9990640,0,0,FS,1,1,2,1,-1
896531e7-e08e-3c95-a429-51e30ab702ef,1,1,SI,2,1,2,7,3
475bf16c-5169-3db8-9352-0fd51120e9cc,0,1,SI,0,2,2,6,0
97ae6557-7949-35d0-a846-0b18e15ce975,0,1,SI,3,3,0,3,4
5d554202-7b66-4d52-829b-b7b69e3ae7f5,0,1,SL,2,1,1,9,1
351c4753-5b70-4e9e-a78d-74a1da449116,0,1,FF,1,1,1,3,1
2910a1da-eb03-41d7-9cf1-11540785b93e,1,1,SI,1,1,2,8,3
f0bfff55-971f-412c-b6f6-f99036dd1f4e,0,1,CH,3,0,2,1,1
587534c3-8326-462e-a3ed-f4c7fab611ff,0,1,SL,3,2,2,8,0
16e33f77-5bf1-42b6-ae70-fb517dd67007,0,0,SL,3,2,1,3,4
3737f94f-5a04-49ed-8f67-d56633b3be26,1,1,ST,2,2,1,8,0
31573373-c2a2-4472-b37b-076916ff6887,0,0,SI,0,2,2,2,1
948c2f23-74de-4320-8084-2720850ce76b,0,1,SI,3,2,1,2,1
ad5c5862-b2c5-49a0-9993-2d989fd065ee,0,1,FF,0,1,2,2,0
1741b5a4-858d-4250-a13f-4d8d6d9259a8,0,1,SI,1,0,2,2,0
05e45428-a92b-4384-95e8-cb006248a1f1,0,1,SI,2,2,1,2,0
92aa73df-26b7-4297-ba1e-b33f5bee9c62,0,1,FC,1,1,0,8,-2
d629cba2-bb44-46a8-ae26-8e91a875de8a,0,1,SL,2,2,1,7,4
2615e254-b924-48f4-86b5-e2d771ec96c2,0,0,FF,2,0,1,8,0
f0e66be4-b601-4dd2-8391-7061f864af87,0,0,FC,2,1,1,2,-3
71fd930f-c8d6-4d69-8f63-c22b5cb7a3b8,0,1,FF,1,3,1,6,0
6db7c4ce-192a-483d-bb8f-f34456b6f613,1,0,SI,2,2,2,8,2
d712dd7c-bbf4-4ff8-a29c-193b2d7ebaff,0,1,ST,2,3,1,6,2
8abda09e-8f1f-4cee-8f7d-04c671a3fdc2,0,1,SI,0,1,2,7,2
a5e0be8d-0c43-4c8c-9915-6a507e31fae1,0,1,CH,3,2,1,2,0
c4280f24-4318-3e8a-9a20-c55b9ece479d,0,0,CU,1,2,2,8,2
c587156f-3032-389e-9f6b-1875b681fc59,1,0,CU,1,1,1,6,1
19667594-c9a7-382e-8139-0183c79eec57,0,0,SL,3,3,1,8,0
d1e4b9f2-8723-3077-98c8-dd5ff513bf7a,0,0,SL,2,0,1,7,1
7c357b4b-4f6e-35f6-8b20-29b840292810,1,1,CU,3,2,1,6,0
d32698d5-41fb-3754-a249-c4683463b718,0,0,FF,2,1,2,4,0
851b9229-2b7d-33a7-a55f-dbedb77a5d4b,0,0,CH,2,3,1,4,1
e889f9b9-80c7-3d0b-b822-64917fccdb86,0,1,SL,1,0,2,3,2
4d5ca6b7-45e7-3171-aa4e-4030ed57a9f7,0,0,CH,1,2,2,6,1
ba0e70b4-8960-34a5-9f6a-6833b8768984,1,0,,1,1,2,4,-1
3471facd-9617-4c94-bf5e-e42afecead20,0,0,FC,3,3,1,6,-1
d1d58530-189c-4606-984e-89a8dca1e232,0,1,SI,0,1,1,5,0
694c14ed-19eb-47f2-8946-ee2a1c1c845d,0,0,FS,1,2,2,6,-1
64c14146-5b40-43ed-9017-cebd2306fab3,0,0,FC,1,1,1,7,1
4b8312fc-d042-4e96-b4c8-3c0fc2b5c58b,0,1,SL,1,3,1,2,1
ac12650c-421d-4333-a3c8-d5d1067c1cce,0,1,FC,0,1,1,7,2
eb01d908-ef5a-4b11-9b59-b1dac16d6e49,0,0,SL,2,2,2,2,0
6a6a9ed7-f985-425f-b5ad-98abebcc6752,0,1,CH,1,0,1,5,1
edb73dbe-1529-47b2-a7ce-9475c37deecd,0,1,SI,1,1,1,2,-4
45ab90a5-701d-4590-9e1b-0328bab7e16d,0,1,SL,0,1,1,7,3
670bbbb6-e8a4-4604-babb-bc3ec3e0e6ec,0,1,FC,1,0,2,9,2
344dcdc2-7db5-412f-b334-1b9533ea3cd4,0,1,ST,1,1,2,7,-1
ad75e47f-3700-41aa-b9fd-613532e50ecc,0,0,FC,3,2,0,3,5
0d165fd2-a6ea-4993-9517-b9dca2e2ec5a,0,1,SL,2,1,2,2,-2
ecf34a94-a3c6-4f30-a6bd-89d6f5262a12,0,0,FF,3,0,0,5,3
f8b24c5a-edfa-4c9c-8e92-ee803a349950,0,0,FS,2,0,0,10,1
01f21e1f-8077-470c-89b6-91f93bf4b1c3,0,1,ST,1,3,1,7,3
1bf388cc-624f-4294-aac0-51b77eacea3e,0,0,CH,2,2,2,3,3
2f0ae100-2684-4252-868c-a2aadd0dc720,0,0,SL,1,1,0,9,4
ca5fd80d-c134-4a79-b824-e8c6f5a49c2b,0,0,FC,2,1,1,7,5
d82243b7-ae53-4999-8e8a-ddbbcff11269,1,1,SI,1,1,2,1,1
3831d5b6-20dc-4b89-ba98-97ba77330051,1,0,SI,3,2,2,7,3
a2a1e4a1-2829-4546-bd44-df3cda5986dc,0,0,FF,2,0,1,1,0
a0a0cbb2-8340-482f-a015-3c399643eb60,0,1,FC,3,3,0,1,0
d16cb1ab-d2bd-4a63-bf96-f1bb6e8eba9b,1,0,ST,0,1,2,7,-1
f7e6ded0-9187-4ed1-a6c4-927def6e3c4a,1,1,SI,2,1,1,7,-1
33c61198-bc34-4372-a541-0c0ae011b01d,0,1,FC,0,1,1,3,2
73745b0e-4bab-4f19-aa0a-70ccc89f36d2,0,0,CH,2,1,1,6,-3
be9b7f26-67cb-40ac-96d3-26bb4e53a973,0,1,FC,1,1,0,7,2
eed2b85f-ea7f-453e-a7b3-40e1e359da7b,0,1,,0,0,1,1,0
f901f7c6-e85a-4a42-ad56-255d1ed97da1,0,1,SL,0,2,0,1,1
c5992593-7719-4f58-af10-6e5c67d5bd07,1,1,CU,1,0,1,1,0
7158654b-71db-4d7a-85c6-f9b93465f6e6,0,1,FF,1,1,0,1,1
748ed789-a2ed-4876-a1bc-12774af4ee40,1,1,FC,1,0,0,8,2
2b7c94b1-efa9-4b05-9fc3-f64fa0e92d82,0,1,FS,1,1,1,9,0
14722393-2c87-4259-be2a-76c1251276ca,0,1,SI,2,2,0,1,-1
7bb425f4-fef8-4d3a-93b3-9594f79bb4ef,0,1,SL,0,1,1,8,-1
72f56ea5-fd45-4f68-966f-051c7d8203e2,1,1,FC,2,0,0,1,0
295a7a74-614d-4e56-ae8b-f77ec23aa2c4,0,1,FF,1,1,2,1,1
fffad3e9-44bb-43bf-8048-a6280c97e112,0,1,FC,2,1,1,3,1
f1a71ca2-4bef-42af-9e98-f2be3b8cb339,0,1,FF,0,1,2,5,3
ae3c7b02-f838-485b-b02d-3782fa34ecec,0,0,CU,0,1,2,1,1
29d04f61-2ff3-433b-bf40-638c781ae980,1,1,FF,3,1,1,6,1
40b3fa78-7c2a-42dc-96ac-07b0b485e0c0,0,1,FF,4,2,2,3,0
5efdf536-84c6-4f1d-b326-e9166293f4df,0,1,,0,0,2,9,0
6278318c-fe0e-4d9d-ae35-075b39d57265,0,0,FF,0,1,2,8,-2
475fd739-cf00-49b1-91fa-2fa42637f297,0,1,SI,1,2,2,1,-1
d5669f85-f125-4ece-9106-a2dcc5917ea8,1,1,FC,1,0,0,7,-3
0ab504cf-ae44-4c97-9f8f-fc7db64f5071,1,1,FF,0,1,2,3,0
dcd19a51-e386-40df-98c0-757730780853,0,1,SI,1,0,2,8,2
84d394c6-2665-49c8-ae82-b60a6658d9b0,0,0,CU,1,0,2,4,-2
07cdda26-d5f4-44da-84df-9757f0e950ba,0,1,ST,2,1,2,8,-2
c548e0b0-8499-4ac4-9070-3cbfaea2f01a,0,0,FF,3,0,1,10,0
7e53cdfe-00d7-4782-9157-4a0ad72c251e,0,0,,0,2,2,5,-1
6b1f3220-743b-4d2a-8a75-f1840f2ca945,1,1,CH,2,2,2,1,0
5bc9dd76-9509-4c17-a642-60a565df42c6,1,1,FC,3,3,1,3,2
f2707ad0-5ff4-36c8-a1bd-7945c594e535,0,1,FF,4,2,2,3,2
da88bb64-f938-3239-bd76-d52613c1bdbf,1,1,FF,2,1,1,5,7
0e9178b5-95c2-3ddf-83d9-367c545775e2,0,1,SI,3,2,0,3,3
c57934e2-eaed-3749-9ac2-e4f02b835b6c,1,1,FF,0,1,1,8,3
bb77676a-a0e4-3139-82d7-97110a2734b7,0,1,FS,1,1,0,8,1
1d62a824-8cd0-3235-8dbe-c9e32220e161,0,0,CU,1,0,1,9,2
6501b2a8-7c86-3bf2-9f23-d1e88d7447c2,0,1,SI,1,0,2,2,0
0391bf79-242d-397c-a312-7cfd6a007eb4,1,1,SI,4,0,0,9,-1
2599f2e8-0c24-3fc3-9547-3b70d5f46c6e,1,1,SI,2,1,1,6,2
dba230a7-8b1e-35b6-9b9a-a4f4b6a70729,0,0,SL,1,1,1,9,-1
5164ec53-a541-3c2b-87fc-a286f7aaec50,0,1,SL,1,1,2,3,2
292820bd-da5f-394c-bdfc-a5337c4dacc5,0,1,SL,0,1,1,2,0
ac6cdf60-8722-3d07-acef-f0f384c4aba2,0,0,FF,2,2,1,2,0
13a02f82-bbe5-476d-8891-d99424d3a061,0,1,,1,2,1,6,-2
59e02c92-8d5e-4942-9ae1-84fa475926af,0,0,,0,0,1,9,3
97a3f592-2d5d-440f-a125-4ffbd2d3a56b,1,1,FS,3,2,1,6,-1
1bf0a996-c23c-45c5-a57d-61a846f0fdc7,0,0,FC,2,2,1,5,-2
a0e061e3-4e62-430d-95c2-81522399308a,0,0,FF,0,1,0,4,5
a6ce33f8-f448-4d27-9ae1-2443738f0549,0,0,FF,1,1,2,4,4
1f21cf64-bf59-4fdf-bef4-9fc4c9a5f560,1,0,ST,3,2,1,6,4
6713f14f-0a21-4b0b-a0a9-8529428b64e4,1,0,CU,3,1,2,4,2
050b33be-c64f-45d3-9c96-ac736bfc823c,0,1,SL,1,2,1,6,4
cc16f568-cd2f-4517-b9ee-55e6408aa768,0,0,CH,3,2,2,5,0
4efa8583-6c43-47a1-9cf5-bf6787ba78a9,0,1,FF,2,3,1,8,2
409df63f-0015-429d-a86f-6f7afec03966,0,1,FF,1,0,1,8,2
cd745d00-2e0b-47dc-8922-e4292141cbec,1,1,SL,2,1,2,6,0
48d0983c-bc9f-4f5a-8e30-7ba3c54fcc2d,0,0,FF,0,2,0,3,-1
6080b2fb-c5df-4d73-bc1e-d43cc4151c18,0,1,FF,0,1,1,7,2
5bda92a0-47ec-4008-ac9a-e408b1d36a2c,0,1,,0,0,1,10,0
3876bffa-a350-4539-87f3-8c3e430c2ced,0,1,FC,1,0,2,6,2
3f5c6a09-4779-457d-9eb4-1208844ea8ee,0,0,FF,1,0,1,8,4
84e7240b-14ef-408e-af18-e07dbac1bc19,0,1,,0,0,2,2,0
895e6b24-ec71-448e-99b4-cebd3c972fcf,0,0,SL,3,2,2,5,0
54ef2b3f-94fe-4f5a-aac2-dc808d1818a3,1,1,FC,3,1,0,8,2
02fc8b92-3c8e-4bbe-ab8d-8ebb50198a56,1,1,CH,1,0,1,2,0
c7c9708d-98c9-4526-b8cb-bbe3ae8e7758,0,0,FF,0,2,1,7,-1
aead2da0-e0e7-4786-9e0c-7ef10201bceb,1,1,CH,3,2,1,2,0
b5e70ed4-93f9-410d-9a00-64c2ec6f6f2d,1,1,CU,1,2,1,2,0
adce945a-39ac-475b-bbe5-4976d23e946d,0,1,CH,1,0,0,6,2
995b727d-86b7-4b3c-8151-a5070307576d,0,0,CU,1,1,2,2,1
45079a6e-6e9b-4e21-a932-03496072ae7f,0,1,SI,2,0,1,1,0
3f815808-55fa-40e8-bdfb-b6f5a624b089,0,0,FF,0,1,2,2,0
9b4531b7-cae3-4c13-902d-6b4e9f962d88,0,0,ST,1,1,1,7,1
3f725430-5644-4312-b8d7-576a8fb49b8e,0,1,FF,1,1,0,9,3
01d5a13c-18f6-4e7c-8d90-757cba82135e,1,1,FF,1,1,2,2,1
865b03c0-4d03-4932-be2e-3475277d11fd,1,1,FF,3,2,0,6,1
92411d71-71c0-4db5-83c4-8096408f3e2b,1,1,SL,0,1,1,7,1
8e1c3f49-37c3-4dd7-bb14-55ee1a819a11,0,1,SL,2,2,1,8,3
71838aa0-099b-4593-9c49-da5700421024,1,1,SL,2,2,1,4,0
c253a0f0-5ac4-4401-9011-ddce829bfc8b,0,1,FF,0,1,2,8,2
7164e9e2-45af-4340-8710-cfb9170000f9,1,1,CU,0,1,1,2,0
498d2573-157c-406b-bff6-ee06baa9b326,0,1,SL,0,1,1,9,0
7cb2e470-fe77-4d7f-a8a5-4ec60df4349d,0,1,FF,0,1,0,9,0
134ff5d1-e8ab-4b68-b6a5-a331773dc007,0,1,SL,3,3,1,9,4
bc00906e-2c6d-4d56-a682-594f5694afac,1,1,FF,1,0,0,6,0
f24e792c-0093-45b2-8300-698691411ae7,0,0,FF,2,1,2,2,4
d8ff7988-73a2-4a22-ac2b-6b42ef8ab970,0,0,SI,2,0,0,3,1
ae8eedf6-a85a-4986-90f8-5efe1a1855b3,0,0,,2,2,2,8,4
bcf99908-9c98-4260-a50c-7d2046221191,0,0,,0,1,2,1,0
f512da8d-8751-41a2-80e0-37be82ed6f0b,0,0,FC,2,0,0,9,-5
0cd5aeb0-f28d-41e9-83df-288911ffd490,0,0,FF,2,0,2,7,2
145cbde7-ac1a-4ec7-9847-b0348bdc38f4,0,0,FF,4,2,2,7,-2
94c9b169-1f3c-458f-b03a-94db31227177,0,0,SL,1,2,2,9,4
09b56064-337f-4120-9851-3db8d53afbc1,0,0,SL,1,2,0,5,2
8fc7434e-6bae-4ed4-9623-207066a26d58,1,0,CU,2,1,2,4,-2
2db286d7-3132-4c84-b4e8-5334911c3167,1,0,ST,2,3,1,8,1
63a5da66-6a90-4ed2-812a-d98ef1b41c8c,0,1,SI,2,3,1,6,-2
f5614ed3-20ee-411c-80ae-24c8ee098e84,0,1,,1,2,1,8,2
41ce6ecd-3283-41f6-a842-1890ad29f01a,1,1,SL,0,1,1,8,1
a73cf819-0632-483d-b28f-be23270b939a,1,1,FC,2,3,0,2,0
b6c5f396-685b-4278-ac2a-2e5f11e852b2,0,0,FS,3,3,1,9,5
59218cd8-d6ee-44e1-83f3-1845444405b6,0,1,,3,0,1,7,5
5861ebda-c65d-4ace-802e-ce50c8f9cca4,0,1,FS,2,2,2,5,4
b0c748f1-7e13-4cdc-a3a1-d5663848da33,0,1,FF,0,1,2,2,0
befa4ea4-1540-4c59-9b16-802d97278c1c,1,1,FF,2,1,2,1,2
87c91ecc-e3f1-4a79-be17-70066b228dbb,0,1,FC,1,2,0,1,-2
5346a4a6-c12e-4a46-a75d-5024b3c6bf72,1,0,CH,0,2,2,3,2
a584f600-83a2-4e82-98ef-adafa785bb91,0,1,SI,1,1,0,1,0
68849c18-d7ae-4235-be08-4a5d42fc7048,1,1,FO,2,2,0,1,0
3c5938d2-c782-41ad-b472-db9375051922,1,1,CH,3,2,2,1,0
57530232-2eff-4369-be59-9c70af3efbce,0,0,SI,3,3,0,8,2
a05e580f-056b-46b3-8799-ff30ff2f2b0a,1,1,KC,3,1,2,3,2
82943a50-5608-4a1f-bf40-4cb3990dd9fa,1,0,FC,1,1,2,3,2
f6ecf83c-83d5-4ee7-832f-7ff3ea3019f8,0,0,FF,1,1,2,7,5
be35a573-b79b-4cf5-bdf1-18f718153842,0,0,SI,2,2,2,4,6
f191dd20-40ef-4c68-9a6a-1f6e041df692,0,0,SI,0,2,2,8,-5
86435540-e548-45f6-abef-2d9dd5130bd5,0,0,SI,3,1,2,9,1
a75d3069-c32f-4378-ac08-e4ec8e40ce2e,0,1,ST,2,2,2,2,1
53be2aaa-a2d0-42a4-a229-63b789b3d741,0,0,,3,2,2,4,3
3fca269f-d2e7-41b5-8d2a-031040dbf860,1,0,FF,0,1,2,6,0
5e4867bc-f48e-33a2-89a1-07c959848799,0,0,FS,3,1,0,8,3
1f1c4577-3bfe-3a4b-a9fd-5e1af9a713a6,0,1,SI,2,0,0,5,1
ea328e9a-cb49-34f9-9211-d637fb15b892,0,1,SI,1,1,0,4,0
02d88e9c-c39d-37cd-b659-55ab9a5b5053,0,0,FF,3,1,2,8,-1
1cf332f6-34d7-3090-8204-08706823b918,1,0,SL,1,3,0,6,0
575f9585-02d3-3639-bb84-546e8975427a,1,0,SL,0,3,1,7,0
6f607eae-a834-3b33-a82f-7887321bfffc,1,0,FF,1,0,2,4,-3
49711460-4527-38ea-9772-094c9045c4a7,0,0,FF,2,0,1,2,1
f09a0fe7-d935-3fd7-b5cd-acd6be4541a8,0,0,FF,1,1,2,5,0
ac345bd4-38d8-3578-a1a2-1cf795731957,0,0,FF,2,0,2,4,-1
5753c468-5f42-3a12-b8c9-c3029af3cce6,1,1,SI,1,1,2,4,-1
173e19bf-3f4a-3e78-a70d-227801ad8eae,1,1,SI,0,1,1,9,0
ac6c0309-293b-3d20-b518-0176dd939cfb,0,0,FC,3,1,2,6,4
822ecb99-520b-3375-a676-0e445331da24,1,1,CH,1,0,0,2,-3
a5be111c-085f-30db-9739-f96adeaf5850,0,0,FF,3,3,1,2,0
ecf6a356-aeda-370f-83e8-5c9213235ce9,0,1,ST,1,0,2,4,0
849cf1b9-6873-3609-b874-e7eb5093c53b,0,1,,0,0,1,2,-1
b28fcae4-c6ef-3387-8e55-3b140c74f532,0,1,FF,1,2,1,4,0
69e50611-52cf-32cf-8159-2feffce34f49,0,1,SI,3,2,1,2,0
277a9790-6aa5-32eb-85e7-b0d01e91361f,0,1,SI,0,1,2,5,2
489d70f3-b62e-31ec-89a8-88b461fbb193,0,0,CH,2,0,0,5,1
2551a2f5-a1c5-372f-a8c7-1cf5964a7ba2,1,0,FC,3,1,2,6,-3
e1c01d8d-b79b-38a7-acd0-3d89004fa7b4,0,0,KC,0,1,2,6,-2
54efa21c-516c-499a-9703-67998780650d,0,1,SI,2,1,1,8,4
a9a4b7ff-3ce5-4271-b4ae-f3a4c1ff9023,0,1,CU,2,2,2,7,0
07e8b2ad-313a-4f1d-aa6b-01c217e5c50e,1,1,FC,2,1,1,3,5
62409fa4-ed01-4278-9842-eee823238174,1,1,FF,3,2,1,2,-2
afa02151-1d8a-304b-95bc-5709c879029d,0,1,FF,3,2,2,8,1
cf6eeb87-c252-3fe0-ab45-782a62f0eab0,0,1,CU,0,3,1,3,-1
0cd93d7e-0a58-35a8-837c-b784c0eaf4c9,1,1,FS,2,0,1,7,-2
aa55bebb-5611-3ecd-903c-34a1fa9ff503,0,1,,2,2,0,2,-2
69922fbb-446e-337b-8f5f-a2225ad3ec06,1,0,FF,2,3,0,6,3
5d5d5116-3435-3ded-8e90-b9a862abcf5f,1,1,SL,0,3,1,2,1
4c054a8a-9b50-3984-904c-328fce5d6228,1,0,FF,3,2,1,4,4
64578276-06cc-477c-8ba6-28eedbdff216,0,1,FF,2,1,1,3,1
72e8f097-0e90-4a8b-ac9c-0c2733d41bf9,1,1,SI,2,2,2,8,1
94997420-6cb1-44d3-b92c-0a215774e17b,1,1,FF,3,1,1,7,1
b231dddf-eb88-412e-9da1-aed9be80d10a,0,1,SI,2,0,0,9,0
8b11ba84-db7c-460e-b8f0-325215379b23,1,1,FC,1,1,0,8,2
51aa13c7-57a7-4cb8-954c-f5193ef3a9f1,1,1,,1,1,0,8,2
64db15e2-565a-4595-996d-9fd30055b687,0,1,SL,1,2,2,6,-1
3aaf400b-1c66-4cbe-929a-a1cff902d5ae,0,1,FC,3,0,1,3,1
b5bcf968-d755-4037-9682-c31d87d8e34d,0,1,SL,2,0,2,2,0
ae9f08bf-6b8b-46fc-83a0-3cef9b959ca0,0,1,ST,2,3,0,5,-2
cd3bffb3-a41a-407d-9266-2d98a7c95145,0,1,CH,1,2,2,4,4
0156af9e-d8a5-4c2e-a1c9-0534cd59fa49,1,1,FF,1,0,2,6,-1
3963dd3b-f26c-4934-a950-9476dae1bfa0,0,1,SI,1,2,1,9,1
a7b62e02-698d-434d-a105-6fa17969291e,0,1,SI,2,1,0,7,4
44ed0316-4009-489b-8893-772d76057be6,0,1,FF,1,1,0,6,-1
a72e28c9-b525-4944-a0a5-b626a52fe70a,1,1,SL,3,3,0,4,-5
263b4f49-6249-427e-a589-00453827ab83,1,1,FF,3,3,1,6,-2
ab2f6be8-881a-4071-be39-0bad9c8bd752,0,0,FF,1,2,2,9,-1
cfb44fb9-5645-40f4-b511-56f4424081c2,0,0,FF,1,1,2,5,-1
90fd2a8a-0161-4b46-937f-2d4c23b4e2e5,0,1,,0,1,1,8,5
1ada2c65-fd91-439a-8ede-418e9397513e,0,1,CH,0,1,2,7,3
5c74c4b0-ddb3-49c0-9eb4-4a631a777a9b,0,1,,1,2,2,8,-6
d1860668-9ed5-44ef-a989-fbf5ed54ede1,0,0,FF,2,2,1,1,0
b1b75ad8-8d18-422f-ae24-a311d428cb2c,0,0,CH,3,2,1,1,0
11a65180-d176-4765-b246-e940ef029dcc,0,1,FC,3,3,1,3,1
7ff83418-f760-4d1f-8817-a2d853ce4fe7,0,0,KC,3,2,1,1,0
ef4a523e-6463-34e1-94c9-720df210b4c6,0,0,,0,0,2,8,5
f201395a-7a56-330a-b8bf-556c940b7cf5,0,1,SL,1,1,2,8,5
f28497b8-8378-32d1-b235-2c6696c8120d,0,0,SI,3,2,2,2,2
2f38024f-bb07-3157-afa5-44668f4f7a4a,0,0,CU,1,0,2,3,-1
c15c28b0-93f0-3818-8357-70b189ff3f9f,0,0,FF,3,3,0,3,-2
cf4d60ce-31c2-3ede-af85-64837e23f521,0,1,ST,1,3,1,1,0
da74138d-9cdd-3dfe-842e-09271d2115ae,0,0,CU,3,3,1,3,-3
dd42a624-4077-3211-9f88-b43bdd9f99f0,0,0,FF,1,2,0,6,-1
be9204d6-08a8-39df-88ad-ed9c5242a41d,0,0,FF,0,1,0,1,0
33e78cc6-1c51-35d0-8f69-78af7e449cf8,0,0,FF,1,2,2,7,5
01eb7a6d-3868-42df-ba36-a7d0ca33b2ec,0,0,SI,1,0,2,9,0
d022b031-ee67-4933-afae-a01ab461662c,0,0,FC,2,1,1,1,0
f710e1c3-bda5-4b6d-a17f-e1772cd400ea,0,1,SL,2,1,2,3,-1
5647d805-27c7-46e1-97d6-8c009058cf17,0,0,FF,1,1,1,6,1
4cfd65a7-8c5d-4faf-81e3-04751690db80,0,0,SL,2,1,1,6,1
8114e72e-f11c-4810-a5f0-74c1c9e8263f,0,0,ST,2,2,0,4,-3
dd798111-0e52-43df-9a3f-5a201c16b5b4,0,0,SL,1,1,1,7,3
d514f00e-6d70-4575-891f-6180264409f0,1,1,KC,1,0,0,2,2
fc8242d9-9e75-412d-92d7-65d3c7a8beaa,1,1,FF,3,3,1,4,0
5a56c236-352b-4fd8-82fb-878a09880403,1,1,SI,0,1,1,2,-2
e9c2a4fe-5634-4e29-8792-3d51e2d38b50,0,0,SI,3,0,0,7,1
47f359fc-6005-430e-b802-c7cc9d7f8885,0,0,,1,1,0,7,3
f529fdf3-2900-45ac-bb14-d14d6cae690b,0,1,FF,0,1,1,4,3
83912a4a-fe43-4841-8d3b-1c258aca5960,1,1,,0,0,1,6,4
56ff78e1-8361-4fc4-b183-397f33c5211e,1,0,FF,1,0,0,3,0
ce3b0637-b2ad-496a-b75a-1cda941b7f89,0,0,FF,1,1,2,2,1
9e328625-9624-48fc-8470-9610cf200a6a,0,1,SI,0,1,2,4,4
6c257a8c-997b-45f7-86ee-1bae90c813c9,0,1,FF,2,1,0,2,2
164d6f3b-847a-465c-b5f3-4b232c491dce,0,0,ST,2,1,1,7,-1
38ab8f59-e2ed-495e-b431-5f6ccc6d762d,0,1,SL,1,2,2,2,3
4e3e0020-e345-4672-b584-e0200e70a914,0,0,FF,1,0,2,9,0
f85a16b1-c835-427e-bad3-cc089cc0f35d,1,1,FF,2,0,1,5,2
074e46a3-bf18-3198-9cd5-cccb54c99219,1,1,SL,3,1,0,7,5
b85b6b73-7eb9-362b-baaa-9ee778401eb9,1,1,SL,1,2,1,7,0
63ad18b0-a4aa-3c60-9993-ec94894e9afe,0,1,SL,1,0,2,8,5
cb306d60-9d75-3085-8f79-62c786d30b83,1,1,CH,1,2,2,4,0
0131e948-2c9b-3b6c-90eb-f597e1fd1f0a,0,1,ST,0,1,2,3,0
ba36e576-8260-31d1-88b5-65ce028e883b,1,1,SL,3,1,0,9,0
160b5dab-aca9-4f3e-8e91-5a8e8e013905,0,0,FF,0,1,1,11,1
57952623-90a9-496c-acab-9c9469138f55,0,0,FF,0,1,0,9,3
572c1afa-3be8-4c04-8b13-d82a62ebb94f,0,1,SI,3,2,1,5,-3
aaa43346-84b0-4c1e-931b-8230ec9e3981,0,1,SL,2,1,2,9,-1
f408b71d-c949-4a86-b999-3d3453f99e83,0,1,SI,3,3,1,5,0
1054ce79-01b8-4b51-a5ca-304c1adb012c,0,1,,0,0,0,10,-2
2a8d1c52-767b-4395-bcf7-0417f8de80ac,0,0,,1,2,0,7,0
9323e7df-9512-41df-8cf4-b4be985b0ca8,0,1,SL,1,2,2,7,1
dd6db320-a9b3-36c4-90cd-7685bc3928a3,0,0,SL,2,0,1,5,1
2254be16-dc43-44a5-ba19-0bb658e620f5,0,1,KC,1,0,2,6,4
8868428f-9c69-4358-aa89-cbac92bacc47,0,1,FC,2,0,1,7,1
6e18ed73-a4b4-42e7-88fc-58111c4d7301,0,1,FF,2,1,1,3,3
d68b47dd-c8a3-4ec0-89c8-b4b9a9cc73a5,0,0,SI,2,2,2,2,0
8ee2c950-dcb6-4132-87a8-6aea18869769,0,1,FF,1,3,1,5,-2
3fd35d19-934d-4e7d-a7e6-b46732bc4f8f,0,1,SL,0,2,0,8,-2
865a3a71-f8da-4677-8bca-b5026b71bde5,0,0,FF,3,0,1,9,-4
6e37d202-709a-430e-a665-ecad9bb60531,0,1,,0,0,2,9,-4
8f82ff65-c428-440d-a790-f3e144b6e73e,0,1,SL,1,1,1,8,2
f5438204-c8fc-4c42-b1d5-a8fef6b24fd1,0,1,CH,3,3,1,4,-1
12dc66d0-f87a-409f-8dd3-029f4f744d75,0,1,FF,2,0,1,5,-1
0709b0b0-9f53-4f9a-84e9-162622553ee3,0,1,SI,3,2,1,9,0
43f3e928-8549-4356-8cde-b17c1104f637,1,0,ST,0,1,2,6,-5
b470ed1c-971b-4246-aacc-916aaeda5c29,0,0,CH,4,2,2,3,1
66fba69c-5ff2-4b21-b9bf-7f5b65ff69bc,0,1,,0,1,2,1,0
52bba0c6-37ec-486f-ac82-2e624a707f04,0,1,SL,1,2,1,1,0
e95e76c6-f51d-47cf-abaf-65521029fce7,0,0,SL,1,1,0,5,4
2a672d51-9e37-4543-b520-95b738c16e37,0,0,FF,3,1,0,4,-2
f361ae7f-c6b4-490e-b77c-2943d2b45a81,1,0,FF,0,1,1,4,-4
36e7104a-561f-41b5-bfbb-809966f7b673,1,0,SL,2,0,2,9,0
4c48dd22-6123-4c6b-9d1c-4fbf5b8e345d,0,1,FF,1,1,1,8,0
1662b5ee-c2ee-4129-be75-81dc2b893943,0,1,SI,3,0,1,1,1
6c761a32-d3cf-4808-a7d8-c5e6f1b5ee77,1,0,FF,0,3,1,6,0
a46cb389-5e61-441d-b5e1-f93d5ba76977,1,1,CU,2,2,2,3,1
b7943b78-b45b-46cd-9c42-f3992c8ee361,0,1,KC,1,1,0,8,-1
f3874bda-2063-4051-a501-a8f0fc615eb5,1,0,SI,0,1,1,2,-1
38de8a91-6723-4ed9-8ad9-68ec83a09a80,1,1,CH,3,2,1,4,0
caf41c74-a96c-430b-96e8-70a6d2af66cf,0,0,SI,3,3,0,8,3
0e8996fb-74f1-4141-960b-d01b3b72b503,0,1,FF,3,3,1,1,0
894cc4ba-9c14-4205-85c5-1f6063057d9e,0,1,SL,1,0,0,9,4
917072e8-eee0-4842-bf56-7fb26ef55e1e,0,1,FF,3,0,2,4,-2
fc59ab89-1b61-4373-85eb-e616d8b39905,0,1,SL,3,2,0,8,0
f044a08d-86df-4462-afe7-5afb03e4f162,0,1,FC,1,3,0,4,0
84698aa7-c715-4f83-ad17-1925c5a0ed1e,1,1,CH,2,1,2,3,1
456258b9-c3ce-488a-94dd-94f802bf5c2c,0,0,SI,2,0,2,3,-1
370d6de1-678d-4469-875d-031095bd8aba,0,0,FC,2,2,0,1,0
72f3d5ba-8c39-4c14-8291-36b9a9ac6452,1,1,SI,1,0,0,2,2
80ef892e-4ef6-4c7c-a0f6-eb4d099e6a15,1,1,CH,0,2,2,4,2
05c537df-1be1-4029-8e94-0c542f9af539,1,1,FF,3,1,1,9,1
4788409f-4f62-45e3-b10d-d8b953218e1c,0,0,CU,1,2,0,1,0
708319d6-b72b-4edc-8fe7-e4aa331f11ee,1,1,FF,1,1,2,1,0
1faacced-0b32-4e00-a393-3872f4781c7f,0,0,FF,0,1,0,7,4
b825a1cf-6fdd-4282-961b-670601154e77,1,1,SI,1,1,2,1,0
ddf302d0-b2a1-4dd8-917a-a023d841c5e3,0,0,FS,2,0,1,3,1
fc432e7c-ed59-4ed9-9d97-f25530e0ea1f,0,0,CH,2,2,2,5,5
b2ecbd81-7538-46f9-9695-caee6d752208,0,0,FF,2,1,0,1,0
8127dad6-1d33-477a-a11a-3f928f4e5c03,1,1,,0,1,2,7,-1
a17bbf2b-f794-4e97-9c2a-cf2be7b9411c,0,1,FC,1,1,2,4,5
f7a39dee-54af-469a-88cf-8593d21f195a,0,0,CH,3,3,0,1,0
db567a85-dfc0-424f-984a-9aba56176376,0,0,FF,3,3,0,1,0
901e984a-89ec-4e6c-8d9c-76a34570df95,0,1,,1,2,1,6,-1
4ad9f8f6-560f-485b-bf3f-c5cdc4dd1a21,1,1,FF,3,2,1,5,2
ef747adf-aa08-4720-81b7-a549174dd362,0,0,,1,0,0,7,3
eb8c0089-6401-44bd-8b8a-18fe2ba60899,0,1,SI,0,1,1,8,3
3e8d8fef-7fe5-4072-ad87-30090e726246,0,1,SL,0,2,2,8,1
5cdea9cf-ecc8-45a8-9b0f-40d57e259bfb,0,1,FC,1,0,0,1,0
fa43134b-039e-35d8-abef-0cffba7567ed,0,1,FC,1,1,2,3,0
b22335a8-52ca-3965-83f6-53b117595fee,0,0,FF,1,0,0,8,5
124775bd-e7ed-3418-837d-ecd365caeabe,0,0,FF,3,3,0,1,0
d87f494c-50c7-349d-b332-0b7e4870d167,1,0,SI,0,1,1,9,6
a5b78060-bb70-3d9f-b447-6e2f0d497218,1,0,FF,1,0,2,8,6
773e3030-a942-323b-a24b-e95dc25eed70,0,0,CH,2,3,1,5,-1
9d866147-7755-34df-a1a2-3a6fdaaffde3,1,0,FC,2,0,1,3,0
8d16981c-82e9-38c3-9690-1f34462ed6ed,0,0,SL,2,2,1,5,0
5f4bf298-ea42-3d13-90d9-7f1c5c5650cd,1,1,FC,2,1,2,1,0
acc47d39-b716-322c-8ec5-3f90c5f8ae0b,1,0,FF,0,3,0,10,2
ee0e3873-9d83-3e62-9563-7441b623a801,0,0,SI,2,0,0,3,1
3c7dae80-6557-3b75-a236-b6e3fe84ccaa,0,0,FF,1,0,0,1,0
b88aee8f-c9e4-39cc-832e-7dcbb265883e,1,0,SL,2,2,1,5,3
051d9fec-1530-3159-8932-ee1d440e017a,0,0,CU,1,1,0,4,2
cd51bf89-112a-329e-a052-590d09be0046,0,0,SI,1,0,0,1,1
1848bfda-a0ef-309a-8959-f456db17a7cc,0,0,SL,1,0,1,6,-1
d2d2f51d-d8a7-39df-9907-d9a276de5aa9,0,0,SI,1,0,0,5,5
1a64a45a-3769-3d46-8f2d-8fbaa9065860,1,0,SL,3,1,0,4,3
76fbf224-8205-38a0-ac96-a353c062f496,0,1,CU,1,1,0,3,0
e41a7293-cf41-3b1b-ac9e-0a5006e599ac,1,1,SL,0,1,2,6,2
e7f2d66c-c95b-37f4-b707-04f8c8d6079f,0,0,FF,0,1,0,1,2
0849d267-f64d-38ef-b691-d0710fec135a,0,0,FF,1,2,2,3,-3
91c74c34-2379-3331-a04e-2c06565f6f94,0,0,SI,1,0,0,1,0
f21b01f7-7fc4-3fd3-a9d4-3dda8990572b,0,0,FF,1,2,2,7,-1
02629b56-caea-3429-9b30-9d86c42d0c27,0,0,SI,2,1,1,5,-3
363ff33e-d14a-3fe6-966a-4e6ce5221ef4,1,1,FF,1,2,0,1,0
d27aaf4b-c9e3-3090-b19d-a15867f5a24e,1,0,FF,0,1,0,1,0
b6671a71-a34b-37e6-a5be-af5eb3bac52b,1,1,FF,1,0,1,9,0
e9497a8b-34e2-35d9-85e4-0285cc0184a3,1,0,,0,0,1,6,1
a330d06d-834c-3728-9212-1bbc790e1cd6,0,0,FF,3,3,0,1,0
1f26733e-cff4-4f95-b9f7-d0852c46185b,1,1,SI,0,1,2,2,2
b6922405-94ad-4beb-8df7-6738d6b2d14c,1,0,,0,2,0,3,-2
760cdc7d-2e57-4abf-b314-d5c3ba176ed1,1,1,SI,3,2,0,3,-2
68d96050-f276-4c08-b8df-b19e76eb90c9,0,1,,0,0,2,6,2
4d7e6d43-9939-4f21-98f0-6f4596f67bd5,1,1,CU,1,0,2,4,4
00f1cd89-1b60-4c25-b2d5-af0dd85c6d8f,1,0,CU,2,2,2,8,3
8b2e46fd-3f89-43c2-93fc-5f7e2142695c,1,0,SI,2,1,1,1,0
304912ea-b90a-301f-b027-7e086d717c20,1,0,SI,2,2,1,1,0
773013b4-befc-4f8c-879d-0e1197b97f62,0,0,FF,2,1,1,6,2
a96ceb6d-d906-48eb-8cdf-8718ceb6660e,1,0,SI,1,2,0,6,2
dd2b5f64-c971-4144-aba8-c8ff366214d5,1,0,SL,1,1,1,3,1
023a466a-2ac1-47f5-8aa0-60113b766bb4,1,0,SI,1,3,1,3,1
58eddc14-7b3b-44be-858d-e2d0944e3740,1,0,SV,0,2,1,6,2
af14e14b-d2fc-47e6-845b-54c22f5dc4b0,0,1,FC,2,0,1,11,1
4664177a-eb8a-471c-b939-3d97fe661d77,0,1,FF,1,1,1,5,-1
0659e71c-550c-4209-a864-22f3828adb4a,0,1,FF,3,1,1,5,-1
fda930b3-a314-43a1-bf2b-f84d5354d4ea,0,1,ST,3,2,2,12,1
a68a30ca-9275-47e3-8e1e-db1c4a1ec8e7,0,1,,1,1,0,9,2
3ddd26fd-2041-4e8c-b3b6-0ccc10b1cb67,0,1,KC,3,2,2,8,2
19a14b60-d2d9-4ea6-9c6a-4385bb5485ca,0,0,FC,1,1,2,7,4
7ec95702-590a-4eef-858d-5bb0d2869d66,0,0,FF,1,1,1,3,1
e86effb4-bdd6-47f4-9af0-b18dde87c155,0,1,KC,1,0,2,7,5
7da7a607-97aa-47d3-be25-7a48a4949a60,0,1,FF,1,1,0,5,2
49e3ed6b-1d46-4e8e-af2b-a50ba30fea5b,0,0,FF,1,1,0,8,0
45f0be4c-ca66-4030-add9-f59306cb0526,0,0,FF,0,1,1,8,1
0cfd5690-5a3f-476f-a1fa-9076de54510e,0,0,CH,1,0,1,1,0
30be6932-91b6-39ee-b95e-06faa146b0da,0,1,SL,2,0,1,9,0
85e3c97d-5732-3938-8575-fb20891607fc,0,1,SL,1,1,1,4,-1
38fd8851-e18b-30c9-a5bf-146b4e244961,0,1,SI,0,2,0,2,0
4a665e02-eaf1-3be6-a916-8e1b3b63d8a7,0,1,SI,1,0,0,9,0
8ef25be2-e593-3aec-8a6a-1ed17ca3f7d0,0,0,SL,0,1,2,4,-2
202c9b56-2554-32d7-bb39-2ea58df4e864,1,1,FC,1,0,2,4,0
b780a6cd-965d-3f6b-8111-5ce0273267e0,0,1,SI,1,0,0,8,3
f1d72d9f-e57f-3a6b-a301-4b92c0cebed0,1,1,CH,2,0,1,6,3
4aa6ebd0-296d-4283-9caa-5d0a42657a6d,0,1,,1,2,1,2,0
411bee56-3406-3c3e-a519-68fff991af6f,0,0,FC,2,0,2,1,2
259f5af3-bc40-3759-8652-8d2eac1f74cc,0,0,SL,3,2,2,7,-1
b8ad127a-37fa-35f7-97c1-6301f1694be3,1,1,CH,2,3,0,2,0
ac8e23c6-8e1f-3ad7-a319-dac8834b19cd,0,1,CU,0,1,2,2,6
ef6ce682-b241-325d-a2ad-af7c2987f265,1,1,FF,2,2,1,2,0
24ff72ad-6081-3592-8ada-952409a00033,0,0,CH,1,2,0,2,0
77a1e459-a40f-37b4-8d1d-7b6ece3a01d9,0,1,FF,3,1,0,7,-2
e087d39b-c740-3cf5-83bf-ce79109cb287,0,1,FC,1,0,2,6,3
868a6448-6321-3c45-ae42-c97f8c7e826e,0,0,FF,1,1,0,7,-1
dd877b0a-198c-433f-8ae5-771ab798c6f5,0,1,,2,2,2,7,4
586a0f27-673f-3122-8081-3e6087c4f664,1,1,SL,0,1,2,3,6
925346ff-d423-39e4-bf43-efcc80d25f78,0,1,SI,0,2,1,5,-1
88c7af40-8da2-3849-9674-04aa4cdafd7f,0,0,FF,2,0,0,9,3
f9fced35-e10a-3e1d-b704-ab1dc9785f6a,0,0,CU,1,2,0,4,0
06e3f61f-7679-3f0e-a42c-bdd0c60d3a10,1,1,CU,3,2,1,7,0
9965765f-66bf-33f4-aa93-86d444cde6b9,0,1,SI,2,2,1,5,1
25805c01-1169-35a3-8190-2d7f1e1f7fe4,1,1,SL,1,0,2,1,0
5133be5e-6b8a-3649-91ae-5645fbfa7323,0,1,SL,1,1,2,8,0
a242e8f0-f22f-46b2-9dd7-94ac555a7fd7,0,1,,2,2,2,5,0
be32fcc2-596a-3b9b-9e68-6b1904d056f6,1,0,SI,0,2,2,1,0
9e7fd1dc-8d61-3141-9292-16c07e756174,0,0,FF,3,0,0,2,-3
d6224453-8372-4426-9ddc-c5c1a0251059,0,1,FF,1,0,2,9,2
b2086fa7-660a-4bc4-9316-890fa59d304e,0,0,CH,2,1,1,5,-1
1c381638-1ccd-4d83-8963-a4319d35d878,0,1,ST,1,2,2,9,3
75adf7c2-53b5-45da-af38-18273b931ad9,1,1,,1,1,1,5,2
cb7922f0-3005-4478-b1e7-a957c265d824,0,0,FF,2,0,1,4,0
7e105124-b764-4cb8-92fc-09eac54f6147,0,0,SL,3,1,0,3,3
26bc86eb-a09e-4109-8987-7a30d40830ad,0,1,CU,1,2,2,2,0
a28e69e1-97b2-43a4-8f39-a086d4e18871,0,0,,3,2,0,9,-1
65cdf3b2-b8f8-4b93-8061-162ce08fa206,0,1,FF,3,3,1,6,0
e0642945-b278-415c-a611-5487779169ef,0,1,SV,2,2,2,3,4
963ed6cb-e8a8-4bed-8026-fdb11842571b,1,1,FF,3,3,0,3,-1
9442f19c-6fa0-4348-ba34-b1ae89ee5ff7,0,1,ST,1,2,2,1,1
f98e2dcf-e004-3f4d-9863-6878449dd1fe,1,1,FF,3,3,0,2,-1
69f859c4-2a7a-43d8-a19a-3507db9a5b3d,0,1,ST,2,1,2,8,3
55f098e6-6ffc-4a07-81e2-2dd1345e7bec,1,1,FC,2,1,1,5,7
b06e5947-2237-4d42-a170-da93ea31f12f,0,0,FF,0,1,2,3,3
5df2e12a-5282-4b9a-acad-fd116b82c809,1,1,SL,3,1,0,6,1
7ccef05a-fdf2-476a-94a8-2bb9a5d08aa9,1,0,FF,0,2,2,2,1
9e20688d-aa85-48dc-b51d-dab90fe5eb2f,0,0,SI,2,0,2,5,4
ef36dd05-db64-4dcc-b1e6-ff6e2994b7ad,0,0,,1,2,2,6,-1
4dba7a21-d86d-4276-b367-2ecfdde4d44a,1,0,FF,1,2,2,5,1
09163fbf-9180-4307-b851-492e7ae96d9d,1,1,,0,0,2,5,0
440a8bd2-55ac-439c-a3f7-78c7eda70322,1,0,SL,0,1,1,7,1
a8b14911-d7af-4aa6-9ce9-ad48ff8d740f,0,1,SL,2,2,2,4,5
a6122308-d7ed-46cd-b1b8-041a987ec003,0,1,FC,1,2,2,3,-1
dfb4d10f-8e59-4769-bec2-462d75f244dd,0,0,FF,3,3,0,3,-2
f02617be-1710-4df4-9180-b6cf020c9562,0,1,SI,3,1,1,9,0
8d9b6f63-4d90-4f50-8232-bdd6b0a4eb82,0,0,FF,2,0,2,8,-2
98fb2da9-75e0-4224-af69-c83717ae34ad,1,1,FC,2,2,1,1,0
336385b9-eaa8-49e5-83c1-8a9aa9287d34,0,0,SI,0,1,0,9,3
b956a2df-97f4-46e1-8a98-6cb771f0f69a,0,0,FC,1,0,1,3,3
1b1ab055-4563-47c4-adc9-1cb23ada539c,0,0,SI,1,1,0,1,0
bbd5e22a-bae8-4f32-82b5-5df3c0edf6d3,1,0,FF,1,0,0,1,-1
7061f676-dbef-47eb-858e-c49dcf527a05,1,0,SL,2,2,2,3,-1
113e945a-0be2-4683-99ea-13b8b913ee4c,0,0,FC,3,3,0,1,0
f197c8c4-e524-4d3e-838f-6346a8d480b1,0,0,ST,3,3,0,1,0
49130636-245c-489a-9d8e-941c87e56f24,1,0,ST,2,3,1,9,2
89d306dc-8435-4353-bd08-a42145ea9966,0,0,ST,0,1,0,1,0
ef849db4-aa89-4fad-9e6c-76eda274eaba,0,0,CH,2,0,2,2,0
064593f1-8fb4-43ba-86a0-cedec239f087,0,0,SL,0,1,1,8,-2
c977ae1a-84a9-421b-9f51-9e8643573ee8,0,0,FF,3,1,0,8,1
4cfca919-014a-4be6-afae-f0c098573f88,0,0,FC,1,0,0,3,1
4239c985-913f-45e7-91d5-1fd9d179ff9d,0,0,SL,3,1,1,9,3
c5069e47-9b3e-4e53-8428-afce48af5a41,1,0,FF,1,2,2,8,2
1f0a6299-2e70-4c5b-8815-ae7c918e4b0d,0,0,ST,3,3,0,1,0
b390af0b-c2f8-4d13-93bc-392c52f53749,0,1,,0,0,2,1,0
6ff9b69f-e03e-4493-aebd-dd45ed639a48,1,0,FC,1,2,2,7,3
203bc336-da2c-43b1-87f0-e815efbc90fa,0,1,SL,1,2,1,8,-1
4ffa548e-e27b-42f7-b2f7-e52b162e8241,1,0,SI,0,1,0,7,1
f1d789f7-22b5-41e4-98e7-666836aa12f5,1,0,SI,2,0,1,3,1
58cde102-e265-44e0-a92e-82e5775adf79,1,1,FF,1,1,1,4,6
5f56ac1a-c4c4-4705-8ace-eb296ca09776,0,1,SI,2,0,1,5,-1
1b692988-08f8-3f64-8cec-c819792d1c41,0,0,FF,1,0,0,9,-1
ebf21658-90bc-3400-acf0-73f7ce1c8eb1,1,0,SI,1,1,1,6,2
041beeeb-e90f-3cb3-b1b7-86fdeafc3e2c,0,1,FF,2,0,2,8,-1
6d7b2fe6-8534-3691-9cca-a3963fd9091d,0,0,CH,3,2,1,1,0
e5f24fe5-cd87-3b35-ae6d-6e3ff7c3b7ff,1,0,FF,1,2,2,6,2
bd8c3e11-329d-3a52-9818-81e012694a40,0,0,CU,2,1,0,7,2
ff8c15d2-a29b-30fe-9738-d5f82807e182,1,0,FF,0,2,1,1,1
670c2ab4-6ed5-302c-94d5-97efeb401bf4,0,0,ST,3,3,1,1,0
5f629f84-e5e6-3c76-a65b-a0957ccd65db,1,0,FF,0,2,1,7,3
549eed67-9640-380b-a7d9-10b1c707399e,0,1,SI,1,2,1,2,2
e757ec80-0128-41fb-9392-4b779fb56bc5,0,1,,1,0,0,9,-1
6a2c831a-d956-4ceb-b1c8-e30997fe2a23,0,0,FF,1,1,1,8,0
60aadc1d-cb4f-4a3e-bbef-cfa7e5131596,0,0,FS,0,1,2,2,4
94799a36-586d-4b90-8535-17ff3e95ee2d,0,0,SI,0,1,0,8,4
c407560f-8027-4624-904d-51503bd02369,0,0,FF,2,0,0,8,3
41cc5f74-95e3-4537-a827-908b0a7f79f9,0,0,SI,2,2,2,4,0
6c908453-e6bf-4780-a49f-4b8b5462c52e,0,0,CH,1,1,1,2,3
af4d64ce-48d6-4d06-9ac6-35daa77927dc,0,0,SL,2,2,1,6,-1
57de06f3-4702-48cc-b41b-3b24ce2b7783,0,1,FF,0,2,0,5,-1
da5021bb-6299-4d38-9396-3916e25ff668,0,1,FF,1,2,1,2,1
bf6438c4-cc81-4114-990c-5ed6cc3f61a4,0,1,FF,2,0,2,5,-2
473d8c40-c0ba-4a7f-805c-d84052a70b3a,0,1,SI,1,0,0,2,1
04bb83f2-1197-4a74-a963-5f80c492489e,0,1,FF,0,1,0,9,4
5652845c-0a11-4366-bf01-19fe0c88f834,0,0,FF,2,2,1,2,0
e9d457eb-3171-4fd6-8a48-c2ec45b44aa4,0,0,SL,1,1,2,6,1
fbd33c03-5e36-4752-ac8f-569e91613a1b,0,1,SL,2,2,2,5,1
eb897d52-c663-447e-82a5-667b7a722244,0,1,SL,2,1,0,6,2
97a80e39-e036-47fe-a5da-b6138fea75a3,1,1,CU,2,1,2,4,0
b9ab2b68-734f-4596-b3fc-550f5e867731,0,1,SI,3,2,0,4,1
c0472820-dfc7-4274-a8b3-b64b917470aa,1,1,FF,1,1,2,3,2
d84e1745-8e73-44e8-904a-d175590557c8,0,0,FF,1,2,2,7,-2
951abf93-fc29-4c02-bdcd-ff5f24128266,0,0,FF,1,2,1,8,1
b733b2f2-e60e-487d-8fc8-fd44a5bf671b,0,0,SI,1,2,2,3,7
c320585a-8da5-4479-b736-2c405c984a9c,0,1,FF,2,1,2,8,0
cd02d4a0-73b4-4477-8cda-ad31e7b268a0,0,1,SL,1,2,2,6,2
4f373dc0-0505-48eb-9295-6c3ebc03e4ac,0,0,,0,1,1,9,-2
7e41cbd1-3774-41c6-aefe-f07255f78b05,0,1,,1,2,2,9,2
1473c01e-7514-4c24-b8b1-068440e379c2,0,0,FF,1,2,2,4,6
9a7794ba-2bc5-49c1-8785-b3c5b88bf7cd,0,0,FS,2,1,0,4,1
0ee49d39-757d-4967-aefd-948dcadad583,0,0,FF,3,2,2,6,1
2a867877-e0cc-45a9-ae9e-dd0cd5c59c27,0,0,SL,1,2,2,8,3
2c1532a0-db43-4eb8-bbf5-516670353a7a,0,0,CH,3,3,0,5,5
a9c56e51-9f59-3fb6-94f7-9117e9166149,1,1,ST,0,1,1,2,-1
98ba7c50-c6b0-379a-9c78-799fa6fc1cb0,1,1,FF,1,1,2,7,-1
ee98104c-735e-3150-83d9-d31e6b1d7daf,0,1,SI,2,2,2,5,2
113c3759-6234-3bc5-873c-6773bfb4285c,0,1,ST,3,2,2,5,2
61778fc1-4b88-3ee8-86ad-1734e5aa0067,0,0,FF,1,1,2,4,-2
b51db801-fc94-318e-b24b-b3df5601da71,1,1,FF,3,1,2,5,-1
cd6f548b-e564-40d1-b4d7-8a3f0053ca18,1,0,SI,3,1,1,8,2
9f5ee38e-0364-4488-9adc-d636395ea69f,1,0,SI,3,0,1,5,4
440ebdbd-d007-43f4-bbad-c8019c658af5,0,0,ST,2,2,1,6,6
c083c08d-99fb-4f39-9f31-df0f8aa5d66c,1,1,FC,2,1,2,6,1
9747c4ec-6f39-499d-bbf7-4a1e9e0e585b,0,1,FS,1,1,0,3,1
7add968d-f036-4a86-bbba-0f6e78ea33be,0,1,FF,2,2,1,4,5
b07d75e3-550f-4e13-af09-ab778348c306,0,1,SI,2,1,1,6,3
2c44e8de-64b0-4ca7-9109-c995d339e1a7,1,0,SI,1,1,1,5,2
1ca94f69-57b8-38ed-9e32-c7fa37932701,1,0,FF,1,0,2,2,4
4edebc73-4519-3880-94a2-467c92e6386a,1,1,CU,2,2,2,5,0
f1a369f7-af75-4cfc-aa94-43fdceb7ed8b,1,1,,2,2,1,7,1
fb37dbff-ba0a-339d-95d5-df630fc4b72d,1,1,SL,0,1,1,7,3
d565a884-5d49-4e73-9bee-54ca6b9d4fa3,0,0,KC,2,2,2,5,-3
16f5920d-22cd-4723-99d9-32399057ad35,0,0,,2,1,2,6,0
ca895447-5139-4ff0-834b-5bbb69311c0e,0,0,FC,2,2,0,3,-1
82f4108c-adbd-4d9c-8b0f-6b0c52bfa55d,1,1,SI,1,1,2,1,2
4263b260-8f38-4565-ba9f-c164a0910872,1,1,FC,2,1,1,7,2
e8d94ad6-95b3-424c-92e8-a4910bb4f7e8,0,0,KC,1,3,1,6,2
08524612-4775-4dea-969a-b51615afc7ea,0,0,FF,1,2,1,1,0
b1a4c9de-aac7-4879-80b7-625d55dfab1f,0,0,ST,1,0,2,3,0
9952bc9f-9aad-4ce0-99c8-0ef801b03d6d,0,1,SI,1,2,1,9,-2
08f91044-9459-45d9-86f8-7bbe3dce0737,0,1,,0,2,2,9,1
5d136cfc-c260-4996-b72e-78cde837fc7e,0,0,SL,3,3,1,5,0
5a548387-f9e5-4b4a-aefc-7742a6053cc2,0,0,SI,1,1,1,3,1
4d62a5e7-8b05-486f-96a9-ca3daaffc742,0,0,FF,1,2,0,9,0
25beeaf5-085a-4212-b869-a3e246e94621,0,1,SL,1,2,0,1,0
4594ed6e-660a-4f95-9ea1-10bcef2509de,1,1,FF,1,2,2,3,-1
7afa155c-c009-4f17-9bc0-d0087d80072d,1,1,ST,2,2,1,6,0
a87eb02e-6360-476c-bef9-bcfb66ecc2d1,0,1,SI,1,0,1,7,4
a1526cf0-44b5-45e5-943a-c5b674226ec3,0,1,CU,1,1,1,8,0
5643b929-7f74-49ff-be30-aa62b78166e0,0,1,FF,1,2,2,8,-1
d678101f-aca4-4e58-a15e-c5fdaf27087e,1,1,FF,1,0,2,1,0
c9fae7f6-c861-43ad-8d33-19f3029c627d,0,1,,1,0,1,4,1
dfad4fb8-d39f-4c36-b97c-8d3abb89ea79,1,1,FF,1,2,2,8,2
1ce116c4-2a71-4cc4-9006-3ea9d3f849ff,1,1,FF,1,2,0,3,0
d67a694b-9645-4b59-9eac-ff848d5d0769,0,1,FF,1,1,1,4,-1
664f06d7-8595-4735-9adb-adf89216cb64,0,1,SL,0,2,2,1,0
8835c119-d3d8-4657-984d-0fc2b0c39964,0,1,FF,2,2,2,1,1
d301e8f2-ca43-34c6-91df-3c69630db0de,1,1,KC,2,2,0,6,-1
fe3f765b-51dd-38b3-9512-0d2677acf23c,0,1,SL,1,2,1,4,1
af2083da-90be-3f7a-b377-e9f0723495b6,1,0,SL,2,2,2,2,-2
96f831a8-36aa-3298-b9ae-bc920780df48,0,0,CH,1,1,1,1,0
32966ca4-a9fa-3e69-b0cb-5acd9fd1afa9,0,1,SL,0,1,1,3,1
e7e4c93d-4b3a-3b60-b10a-a47cd2ee2bab,0,0,SI,1,1,1,1,0
a5a6414d-525e-3711-87d2-5747ba2d4d64,1,1,CH,2,2,2,4,5
b57343c7-b08d-3de4-90ed-3f0d26d86462,1,1,FF,2,0,2,5,5
83222208-1594-39bf-8de6-407b6f2253e9,0,0,CU,2,0,2,5,0
e952036f-9937-302f-8177-40d9a6b9b46a,1,0,CU,2,0,1,2,2
41409eec-93db-39c6-82c8-5a0bc65b6b46,0,0,SI,1,1,1,4,5
ce93c4f3-10fb-3778-8c9e-6e99351d5efd,1,1,,1,0,2,1,2
b9275b52-85a6-3ef3-ac16-624d815ab492,0,0,KC,3,3,1,3,1
1082bab1-b2aa-3ad0-a353-7d69dfa0e859,0,1,SI,3,3,0,1,0
3cdf10d2-1dcd-4f59-8e1e-5ff002c227bb,0,0,SL,3,2,2,1,0
08fe211f-0359-4ecc-b171-8004a93e49c1,0,1,SL,2,1,0,6,-1
c80de5ea-b5c9-4407-b6d1-faa23c36b1f4,0,1,SI,1,1,2,7,1
7ffead91-4de9-4df9-888c-a40c5f8a863e,0,1,FF,0,1,2,7,1
10d14ad6-f3b2-4c41-b507-c00871ecb5b0,0,1,,0,2,2,5,1
e0cf0a20-f1ad-4a0f-9ca0-2433d01a7c91,0,1,FF,0,2,1,2,-1
2f6ff8c7-146f-4ae8-84d0-d27cae02ce0b,0,1,FF,0,1,2,2,0
321fa25c-4d8f-48a2-b1f9-a279707c0029,0,1,FC,1,0,0,3,-1
682aa54a-317a-4eae-8c76-9f32bed7478f,0,1,FF,1,0,2,9,0
869dbe24-c5c4-4f98-9527-1b138c2eba12,0,1,CU,2,2,0,4,2
8c90b186-6955-48b9-9ab0-3d8a61c23d29,0,0,,0,0,1,2,0
1c288d56-245c-4bc0-9e96-d4937c46b1a4,0,1,SL,1,0,0,8,-1
320415c9-bab1-44be-9cda-8302c9459544,0,0,FS,2,3,1,2,1
d134a7c3-e41a-4a8d-8b17-2e896606ad49,0,0,SI,2,2,2,5,5
bf122c17-7631-4b5a-b2fa-ff54f0c724c2,0,0,CU,1,0,2,2,0
b2b537b0-92b8-433c-a2f1-0487f4707a5a,0,0,FF,1,0,1,7,4
c3ff9c38-ac82-4594-b44b-c30879e51de5,0,0,,0,0,2,3,-1
f5a46404-925a-4f01-b3ac-5073ce98b133,0,0,SI,3,1,2,3,2
f0064255-dd6d-480d-af9f-f611b85da9cf,0,0,FF,2,0,1,3,0
96efadd0-5754-4181-a881-66e2e65d853e,0,0,SI,1,0,1,1,0
7f56c37e-865b-4bd2-84cb-a4acd0151930,0,1,FF,2,2,1,1,2
d7711053-61d5-41e6-bee8-98c84233aa08,0,1,SI,0,1,1,3,1
0027ffd5-0c53-4b4c-bdd6-e6950e9b770a,0,1,SI,2,2,0,1,2
abc804ac-ec1c-4707-b2a2-d0a7bca2d83f,0,1,FC,1,2,2,2,4
b38e227a-ab08-4806-8652-5bf8a82fe1f8,0,1,SL,1,2,2,4,0
40b9e288-51cf-445d-88f8-8ed57b7fdf08,0,1,SL,3,0,0,5,-1
e330be44-6d0d-4166-bc7a-bf8969b00e1c,0,1,FF,2,0,0,5,-1
cc652d05-8f56-40e5-8c17-ffa86a07f01c,0,1,SI,0,1,0,1,1
5caeaef3-ae40-401c-8be9-683fbf243928,0,0,SL,0,1,0,6,-1
57d31f50-a4c2-4684-8912-6cab9228a239,0,0,ST,2,2,2,6,0
2b6fa2a6-a183-4078-9686-4b83d2d13f19,0,1,,0,0,1,1,0
80f14967-4d93-4920-9adc-3633f179b1e9,1,1,FF,1,0,1,1,0
16e87275-5e1f-459e-81e2-dccbf134a96e,1,1,CH,4,2,2,1,0
29192a6a-b3ea-4690-92bb-6b9bcb11d913,1,0,FF,0,1,2,5,2
1fa703f5-e978-45fc-96ae-1655bf137eff,0,0,CU,1,1,2,5,2
1a6887f1-0341-48d1-927a-ed430579e77d,0,0,FC,2,0,0,1,1
e8143b80-7314-4f0d-a819-9c2c5ef17092,0,1,FF,0,3,1,1,1
00724f88-c31e-4e89-b6f3-078091ac243a,0,0,CU,1,0,2,3,2
9a67ee7d-69de-480a-a7e0-77b0a1022624,0,1,FF,0,1,2,7,-4
02aa0a58-ec44-477f-8d86-eef17a6cb13e,0,0,FF,1,0,2,7,2
b6a66bec-98d7-4a9c-ae0d-2a673418e515,0,0,CH,3,2,0,8,-1
aba88d91-76b0-460d-b53e-f33fd2c7f7cc,1,1,FF,1,2,2,8,2
9d5ee310-6340-4ce0-9166-8b6f9d895e26,0,1,SI,2,1,1,4,0
82001657-c3c5-4c1c-a357-cd4b269488f7,0,0,,0,2,1,1,0
62a5cf0b-ab03-4dcb-b2f9-a9aa6d673bc8,1,1,CU,1,0,1,1,1
d5aef75b-c801-4f31-b78d-04305d2c104e,0,0,CH,3,3,1,4,5
e2bd6ecc-ce97-4a05-9903-40abd5f63701,1,0,SL,3,2,2,9,2
02a4cd34-25bb-45b6-a5c4-fa1ef4a574c4,1,0,KC,1,2,1,8,-2
ff5fdb59-bc28-4900-bfeb-bf4d56525526,0,0,SI,2,1,2,4,2
cceabc17-e015-422c-86fb-f3ea45b57cf0,0,0,FC,2,0,2,1,1
a44df99e-6cad-4c7a-a415-2e1e2ebea891,1,0,ST,1,1,2,8,4
d84c4d4f-26f8-4e61-995b-5d16634ca89c,0,0,FC,3,0,1,1,0
50337daa-2b61-445a-9a06-d53d3595bdac,0,1,SI,1,3,1,1,1
3f96d03c-4bbf-448d-b5ed-4458c905b299,0,1,FF,0,1,2,3,1
82958b99-b77c-41ff-8f84-acaf249f9dae,0,1,SI,1,0,2,4,6
b613e281-8b5b-474f-a6bf-f6fd340062bd,0,0,FF,1,0,2,4,3
edff8aee-653e-4ddc-ba2e-27868c98c26f,0,1,FF,1,1,2,8,-1
30bab514-9efc-4da7-a4d9-6584a6dac7e7,0,0,FF,1,2,1,8,-1
af3e1857-98cd-439f-b612-b81a1ec51318,0,1,SI,0,2,1,7,3
7fc4c3a0-7fe3-3d7e-aa6a-b079f3cdb3c0,0,0,FF,1,3,1,1,0
51faa278-fd24-34f6-9c2a-36bbc83133db,1,0,FF,0,1,1,3,0
aed5122e-0c21-3529-9200-2a4182213ee8,0,0,FF,3,2,0,3,2
e3d6acae-6b69-3ed5-9618-3c44fe1fc536,0,0,FS,3,1,1,3,1
9d7d2acf-92c3-3328-baff-60b550c295e1,0,0,FF,1,1,1,3,0
0838e7fb-a39f-3735-a5e4-97844c87993c,0,0,FC,1,1,1,3,3
2bf6e839-695b-34c6-ac63-35d777bccbaa,0,1,ST,2,2,2,3,3
fe51cea8-7505-3e5c-b875-bf6af90368d3,0,1,SI,0,1,2,10,2
00ae1b38-59b1-3234-a254-52860a7879c5,0,0,CU,3,3,1,5,-1
b7fe18fd-55f5-383f-9502-7f25dd43f011,0,0,FC,3,0,0,6,0
9be95d40-2b4e-3dc2-8beb-36834fdafcfb,1,1,FF,1,0,1,1,2
c1f5027d-f38e-3b84-b0fa-0175c4930bae,0,0,SI,2,0,2,6,1
e04fd3ef-f8f6-3b3c-a966-1343ad932d0c,0,0,FF,3,2,1,8,1
7f83f108-63e3-315e-a0ca-7bf1acc0f7e9,1,0,FF,2,1,0,1,1
58755b62-3202-3d05-b15b-b4c5b2b45c14,1,1,SI,3,3,1,1,0
69d5be82-80c7-317a-8071-a7b4dc595f5f,1,1,CH,3,1,2,1,0
ef175aef-b99c-3df7-895e-e693642832e3,1,1,SI,0,1,1,1,1
4292d036-f0f8-3c8a-999e-e160bef0a138,1,0,,0,2,2,3,-1
2155a74d-4a68-37f8-83ed-819343cb9a80,0,1,KC,0,1,0,1,1
5c364ce3-ec0b-3ffc-b957-a84fb63551a3,0,1,SL,1,0,1,1,0
ee5282b4-46eb-3e81-a503-710027a0c349,1,0,FF,2,2,1,3,0
1014a7b1-30d4-3abd-a425-a8c8cf4c9552,1,0,FF,3,3,1,5,-1
cd2add62-d9c9-31a5-8f6f-437769d08263,1,0,SL,0,1,0,6,3
9f705243-943d-3284-aa75-3ec721f0be7d,1,0,FF,0,1,1,5,0
fee3365d-1a3c-3d63-8b6d-254f8324a3f5,1,0,CU,1,0,0,1,0
5126a5c7-3b79-306c-8e3a-c686fe8d5938,0,0,KC,1,1,2,2,-2
5de0217e-3dd9-36cd-889d-e2f08e81a29d,1,1,SL,1,0,2,1,0
7f625f28-069e-30aa-87f7-cc09b8c9a4f9,1,0,SL,1,2,0,1,0
6688ad1f-6ec6-3435-bfa0-8bee0d2042bb,0,0,FS,3,3,1,5,1
58464e80-edb0-3898-90c1-153cfe821dbc,1,1,SI,3,2,2,7,0
00984603-11c3-3248-8d1c-38c0041b26e7,0,0,ST,2,2,0,1,1
a4aefec7-1872-3899-86e7-38509adf78cf,1,0,SL,0,1,1,1,0
145780d2-8137-3417-8dcc-d91d6afe6739,1,0,ST,2,0,1,1,0
75db13c4-91cf-3fdf-8e16-2010b4876502,1,1,CH,1,2,2,4,3
01880fd9-27e2-3bcf-9755-72bd0b4320d6,1,0,KC,1,0,0,1,0
5b96ec06-b4d3-38c2-b9f3-cb249595e4ef,0,0,FF,2,1,2,3,0
127e27e9-6b6f-3b9f-bc23-5c0956e5362e,1,1,CH,1,0,0,1,0
05c6aacd-9dfa-3d7b-8df7-ae0c546908e8,1,1,FF,2,2,2,5,-3
463991bd-194d-36f0-b4e9-07fbd277d518,1,1,CH,2,2,0,1,0
9af27400-662b-38e0-996c-b783ff875cda,0,0,SI,3,3,1,5,2
63eba789-84cc-308c-902e-9a3a8c55488d,1,0,SI,2,0,2,6,2
ea360207-984b-4515-b996-c08aac64c975,1,1,ST,1,2,2,3,0
0cde703a-49b6-42c5-943e-2a8b56588df4,0,1,SI,1,2,2,6,1
ecd8782b-bfe4-440e-b47a-5c18b8dc2e76,0,0,FF,2,1,1,7,2
daf53978-ec18-4a54-92ab-b47f55275f0f,1,1,SI,2,1,2,4,-5
bffbfd14-903e-47aa-8e30-f43f7621aa43,1,1,,0,1,1,9,-5
4896f468-0541-498e-913e-98f71d165db8,0,0,KC,1,1,1,2,-1
46280085-4cb5-42d1-aab9-eb7d4480276b,0,1,SI,2,0,1,1,3
5bdaa70b-960f-4266-9aa1-d62fbdbdaa19,0,1,SI,2,0,1,5,2
22042aa3-78a2-48c4-ae69-019a750583e8,1,1,CU,1,1,2,3,0
26b50bd5-710f-4686-8e27-98b470acab7e,0,1,CH,3,3,0,2,0
e3ee5306-8436-4604-8ee2-ce0c93b23c08,0,0,FF,0,2,1,2,-1
137d553b-62a4-42f8-92d9-c5a452cd6389,1,0,ST,1,0,2,7,-1
95aa0619-ec74-4115-93d5-31edf95697f0,0,1,,0,0,2,8,1
a8d801ac-dc35-414d-a451-0d0909afa451,0,1,KC,1,3,1,6,-1
2d05d808-4cc9-4877-83d3-fbbee5d480b1,0,1,SL,1,2,0,9,1
5496f016-4d5c-4060-b566-e5068a93453c,0,1,CU,2,2,2,4,-4
c0ebe1f6-06da-4dae-9f8f-5d0856faa14e,0,1,SL,1,0,2,7,1
d8927311-6e90-4309-baee-c3925ce94ed0,0,0,FF,1,0,2,1,0
deb773fc-0585-475a-afd6-1297f0163c13,0,0,SL,1,2,2,7,1
78ca1ad7-ccfe-47bc-8dc8-83d94e94ceb9,0,0,SI,3,2,1,9,1
4c1c80d3-726b-4f5c-a999-2c2f1afd989d,0,0,SL,0,1,1,3,2
a62a579c-546d-4fe4-800f-9685be9cff63,0,0,SL,3,1,0,4,-2
b8af867f-2c50-46e5-95fb-8a640f8d8f72,0,0,,3,2,1,5,2
507e2e55-3560-4520-a3f7-fc82a695317b,1,0,,1,0,0,4,-3
7ab61eee-685c-45c9-8f0b-d6be65f132e9,0,0,FF,2,1,0,8,2
cc20e12f-5d9b-41f7-8076-baf129379130,1,0,FF,1,0,2,4,0
c1779227-800f-4013-8142-4262ae6c2f29,0,0,SL,0,1,1,4,0
92fe2216-fce6-495a-ba07-1a0ffa3f75e3,0,0,FF,1,1,0,5,4
372cd0f2-87e8-4a98-851d-1f6125a208f1,1,1,,1,1,1,1,1
8a06d178-5ec3-464e-a855-3e93e7f948e5,1,0,SI,1,1,2,1,0
c3043579-c580-4fe9-b317-335046101661,1,0,CU,1,3,1,3,1
756a1d85-1536-4871-b3bd-3257d82af38f,0,0,FF,1,1,1,8,-3
a81d4558-7046-4c89-80de-8c527256f8a7,0,1,FF,2,2,2,1,-2
0e1988e2-b00b-4921-9cb7-1e902ace7ff1,0,1,CU,3,3,1,6,1
b06c369c-e572-4e6d-acfb-3064542fad77,1,1,SI,4,2,2,3,-2
9bd8aa93-4506-4f7f-8aae-44288213787b,1,1,SI,1,1,2,3,-2
9e83686b-badc-4ffa-b83f-06889660fe40,0,0,CH,1,0,1,5,-1
9a6e5af5-4efa-4b53-8a39-81ac325ec193,0,0,SL,1,3,0,3,2
430d60f9-0698-463d-b666-fb224b95c610,0,0,CH,3,2,2,3,0
8dca5bc1-fad4-46b0-a723-e00dbd854294,0,0,SL,1,0,1,3,1
b3260ef4-2935-472a-8469-2c0501859f5e,1,0,CH,3,2,2,6,-6
cb402d93-5cfd-4a83-a072-c93950e931e0,0,0,FF,2,1,1,7,1
a9059314-552d-4f91-b6dc-6757eb320a6f,1,0,FC,1,1,2,10,0
aacb99d6-84c6-4770-b5d9-6f05f98b3ad8,1,0,FF,1,0,2,8,3
0341bf07-a3bb-48ec-b6ef-c7cc4ed48d1d,0,0,SI,1,2,2,1,0
5980116f-32e5-4997-af68-ccff2bee57e4,0,0,FC,1,0,0,7,0
2c51b8ad-1f05-4c9c-ae47-eb5dc28a70cc,1,1,FS,0,1,1,3,2
48d5e162-d91e-4b99-9262-4a075a067ba5,0,0,CU,2,1,2,9,4
2f398e7f-0539-4e03-a6e4-c2f52d9199b4,1,0,SL,2,2,2,1,0
1b603ac2-6d50-4788-b2cd-9579923af98a,0,0,SL,1,0,2,5,6
b65d618f-a0ae-43ba-94c9-504ffec1e5dd,0,0,CH,1,0,2,5,2
7060dd9a-df80-4e8b-a00d-4e80efc35a3e,0,0,SI,3,1,2,1,-1
444f632b-dd1c-4470-97bc-4a620dcaebcc,0,0,FF,2,1,1,1,3
c7ef841c-4eb3-490d-a574-c366f5e16504,1,0,FF,3,1,2,4,4
3fffa5b7-9ce6-4886-8b66-421f3794c8b7,1,1,SI,1,1,1,3,1
c51835d6-c2a4-4fdb-b9a9-aa87c00e1acd,0,1,ST,2,2,1,4,0
43081c33-63b0-49f6-8e87-0dd8ff621c6f,0,1,SL,1,2,1,8,1
2eb8b765-cbfa-4a68-b4ae-b9bbb5d8a2a6,0,0,CH,1,1,2,1,-1
4222dd8f-26a2-4ddf-a4b1-b55348e7af96,0,1,KC,0,1,0,6,-1
1f68736f-ae56-41e1-a5a4-5fa5440733fe,0,0,CH,1,0,0,6,-1
12fab40f-4909-4441-af65-632b52861aeb,1,1,FF,1,0,2,5,4
efee2b37-93cd-4254-8eb6-59286664fe20,0,0,FF,0,1,0,8,3
f6fe715b-0fa7-4cb6-9295-c7ad8c1f755b,0,0,FF,2,1,2,6,-1
854ee158-8c1d-4c4c-aff2-5341c62659c5,0,0,KC,2,1,1,6,-5
292d2c58-d240-41ce-b795-13a7092a4911,1,1,FF,2,1,2,3,2
ad481d3b-c35b-46ec-b883-148f0ec9f03f,1,1,CH,4,1,2,3,2
33b63a43-4cd8-43c4-bce8-7c3167758170,0,1,FC,0,1,0,5,-2
73b174f0-0318-4cf7-a897-7a45470cbee1,1,0,SL,0,1,2,7,3
9a1a1226-f6ec-45e0-b2fe-636239fef36e,0,1,SI,2,1,2,3,1
2586fd99-6567-4544-abd8-ccbefd329599,0,1,SL,2,2,2,4,0
e3ee7785-1e7b-4f3e-911e-e09378e5ed1f,0,0,FF,1,2,0,9,2
b1a1045c-9b33-4635-9fe5-69ec048f4ead,0,0,CH,1,2,2,1,0
b1f2540d-ea96-44ba-b5c6-a455a8ed8679,1,0,CU,3,2,2,7,3
b294b2e1-510c-4aa4-b11b-7abf6019981b,0,0,CU,2,2,2,1,-1
5695c0f4-d242-3029-8c1c-2101bea8ac7c,0,0,FC,1,1,2,3,2
f26dbd3c-ee0d-33b6-bcae-638864b62d01,1,1,CH,1,0,1,1,1
a0a913f4-e670-38e2-a57d-bf8569668cd8,1,1,FF,0,1,1,5,3
cb539902-f00a-3300-bb24-dcb7065d7f92,1,0,FF,1,0,2,7,3
5a891244-4e0d-3376-b9b7-b696132e1ec8,0,0,ST,1,1,2,1,-1
a6a57432-6ec0-375b-a61d-5e1eff090a7b,0,0,FF,1,1,1,5,0
c93468d0-6571-3ee8-9675-c60c4b04029f,0,0,FF,1,1,0,7,0
afa30e70-574b-3fa3-8354-d4cb9eed45e8,0,0,SI,1,1,1,10,0
c2266d37-692e-3a11-915a-98b85f9c7759,0,0,SI,0,1,2,1,0
7ce96947-fcf7-3e69-86be-c1d96c93e60a,1,1,SI,3,1,2,1,0
b63c6466-59be-3707-8921-6cd9d81225ce,0,0,FF,3,0,1,4,0
d00e1934-72cc-36cf-a03b-6b225984e541,0,0,CH,3,2,1,4,0
2cf46cf2-8565-32fd-b94e-a6d20b2b287b,0,0,CH,3,0,1,6,4
ca89e9da-475b-3dab-a81f-346a0a6c1701,1,0,FF,2,2,2,3,0
43cb5840-1a80-35ac-b50e-ce0445da64c0,1,1,,0,0,1,3,0
f9755bd2-954d-33f0-978d-31d31c5b5d3c,0,0,CH,1,0,1,3,2
adb92de9-331d-317d-b9fb-7bd597f3fff7,0,0,ST,1,1,0,4,-4
6c82aa61-9111-32e7-8503-89cec1cb40fd,1,1,CU,1,0,0,7,0
5f54588e-2c59-34c8-90a5-eaf6aca867db,1,1,FC,3,2,2,1,0
6812dd31-a810-347f-9640-79985c3b6384,1,1,CH,1,2,2,3,2
e7c11293-79c8-3cfc-b789-9ce6b76a8af6,1,1,FC,0,1,2,3,1
d49c5fbe-f13e-3e40-9c76-864c14161443,1,1,SI,2,2,1,1,1
bac183d4-681d-3602-bc57-1d452cd9e330,0,0,SL,1,0,1,1,1
bb090273-235d-3662-82cf-a1a8875ccd9a,0,0,FF,2,3,0,4,-3
a74814e1-aa1a-3a2f-aae6-9eaa506da1cf,0,0,FF,0,1,2,4,-1
0228b5b2-6f14-3c0f-9fbd-56868acbf840,1,1,SL,2,0,0,7,2
0c8e0c44-79f5-3ff0-a5e9-3ca581c0adb7,0,0,FF,2,0,2,1,0
4e9b3aa5-ab1e-334f-b91d-a4ba1400884b,1,1,FF,1,1,0,8,2
4291f772-f3cf-3489-ac45-dbf6994a1f34,1,1,ST,0,2,1,8,2
a5490410-3f15-3b76-b984-7ced29ebe63e,1,1,CH,2,2,2,1,0
7555e91a-548f-32bc-a730-d24dafe7b40b,0,0,CU,2,3,1,5,0
c283c046-9f09-3398-a37b-ca02bba14385,0,0,FF,1,1,1,1,1
b665737c-e7d7-39c8-8565-2a160661c0c2,0,0,KC,3,2,2,3,0
b42623cf-55e6-3963-9b28-b4218fda0e94,0,0,FF,2,0,0,4,0
7c3e788e-e807-3a78-855b-a7f42bd12b88,0,0,CH,0,1,1,8,1
afbc9c24-054d-360a-80a1-a17ab9d9aaa8,0,0,FF,1,0,0,6,1
dad778a3-b5aa-3a49-8ad9-507f850b58e2,0,0,CU,2,2,2,8,2
5eed1370-5eb5-4eba-a715-e1c269308afa,1,1,,2,1,1,6,1
e4193d45-c5e2-3cfe-9859-30061247726e,1,1,CU,1,0,2,1,1
acd9c194-4582-3da6-bd4a-66b6da8adcca,1,1,SI,1,3,1,3,-1
47a7d9a4-17d1-3571-b945-03bb6f5fbffb,0,0,FF,0,2,2,9,0
e567633d-67cf-3b62-8048-0e0622696a3d,1,0,FF,2,2,2,7,2
8d41fe41-9b87-34ac-830d-b179536e2218,0,0,FF,1,0,2,1,0
f2f8157b-3de3-3315-8dcd-0892c2dae817,1,1,CH,2,1,0,4,0
0c08ce7f-db43-34b4-a2c7-30c180e8be66,0,0,FF,0,1,0,6,0
ee2abb3d-9f4b-3477-824c-97bb04a14ee0,0,0,FF,1,1,2,1,0
e068c9b5-c36a-360c-94cf-61deeb43ca96,0,0,,1,0,1,7,2
6c62238e-6fca-3508-acbb-b083de453a28,1,1,FF,1,1,1,5,2
2028cc8b-ef59-3a7f-a3fe-d90c186822d4,0,0,SI,2,1,1,5,0
a563f0ea-f524-30cd-a3ad-d81c76896a53,0,0,CH,1,0,0,8,1
b64dfb7d-80be-3df8-b0f2-6f99d8df6c81,0,0,CS,2,2,1,4,4
96f5b08a-5b88-38bd-9a11-f8b8784ec295,0,0,ST,1,0,1,4,0
12fb300e-91ff-3c70-9cda-5925274bb7a6,1,1,FF,3,1,1,3,3
5495d2f3-70f0-3df3-a6e6-382a1b689569,1,0,FF,0,1,0,1,1
0cf02ce0-713e-3bb1-b34e-5aeca7453057,0,0,FF,0,2,1,8,2
973d311b-9322-38fd-87fe-8ff8e3b68c91,0,0,FF,1,0,1,8,2
79a934af-64c2-37b2-a459-db3eb9f94bf7,1,0,,0,0,1,1,0
f29e644a-f005-3a29-8221-89fa40b0310a,0,0,FF,3,2,2,8,0
e9f1c3d6-6342-4043-a292-521055eb885c,0,0,FS,3,2,0,4,-2
2f1bccaa-b008-42a6-b4bc-37777f5239d1,0,0,,2,2,0,1,3
dc9e5cef-91c6-41df-832f-5b15ef9664e6,0,1,FC,1,0,0,2,1
5699b498-b8c6-4942-bb58-64d23c6d8966,0,1,FF,1,0,2,1,0
909a7221-f3bd-4d6a-a5cf-a6f58ef161c9,1,1,FF,1,2,1,7,0
05c4e43c-e76f-4df5-9e69-fef1d79aecfc,1,1,FF,1,0,2,8,-2
063ba9cc-c5c9-485b-94ba-44c4a178ac73,1,1,FF,3,0,2,3,3
dc846c22-7f64-4250-a005-8e976915d6e8,0,1,,0,0,2,4,-1
8e0b598b-239a-4174-a320-b065f829e047,0,0,FF,2,0,2,2,0
21af6c9e-230b-4a69-8430-a0254bdbd3ba,0,0,SI,1,0,1,5,-2
6fff814a-a502-427d-a267-26aef4accfea,0,0,FS,1,0,2,1,0
a26ac464-318b-42e8-a74c-37216e789560,0,1,ST,0,1,1,4,3
731fd397-26e7-49b9-8cb0-147b630673ec,0,0,FC,1,0,2,6,6
0c807caa-0302-4343-bd88-36ac4477f9e3,0,1,SI,2,1,2,7,0
23c20e99-20f1-47f1-b838-a75357fd8b88,0,1,SL,2,2,2,9,-1
2d373425-b5d9-4a7c-bd5e-f57f7c09bb0b,0,0,FF,2,3,1,1,0
7154e732-296a-4f39-9837-7c64ac6b85a4,0,0,FF,0,1,1,7,5
8e8c7399-e242-4c30-a04c-53d98fb092f5,0,0,FF,1,0,0,7,-1
9aedcc45-a1df-4913-a3fb-01ad5fab1b3a,0,1,FF,2,2,2,7,-1
8eb07c42-dea8-4b14-8843-91d88abcc7d8,0,1,FC,1,0,2,4,3
5768d2fd-34a8-4e00-b8dd-4a0f8d9efa82,0,0,CH,1,2,0,6,3
9f15def2-ca92-4ad3-bdf7-3b0b2b5f6b79,0,1,SI,0,1,0,8,5
a0a7631c-4b42-4414-9be7-2eac8d0f5bcb,0,1,FC,1,0,2,4,-2
efa4fd2f-3863-43fd-a127-fc22ad28fb33,0,0,FC,1,2,0,7,1
f59054fd-331a-4368-a1ab-925332e309bc,0,0,FF,3,1,1,1,-4
f4a74ce7-b84c-41a6-bc31-7890659b2ace,0,1,FF,0,2,0,6,1
2c972dd7-19a6-4150-86df-1f63a11a1b6f,0,1,FF,1,0,2,5,3
c1cf75cd-7e84-40c7-92f5-d4d4dbe9c75a,0,1,CU,0,1,0,7,1
cdda5add-154c-4ddf-af05-7394136bd7ed,0,0,CU,1,0,1,5,-7
61c07bff-4409-4908-8fb0-d1edc2fb98d5,0,0,FF,0,1,1,2,1
a55dc661-4d59-4e88-a32b-e1025e0b784d,0,1,FS,1,0,2,9,-1
f06db266-ec93-4d69-96e0-dbc995b7e1d1,1,1,CH,1,0,1,2,0
d368693f-d209-4125-92aa-60d470d5c53f,0,0,FF,1,0,0,2,3
c44d93ca-db4f-4329-82ef-57ba81c9f19d,0,0,FF,0,1,1,8,2
ef1fbdc3-5dd8-49ab-89fd-9fe3d84ac48d,0,1,,0,0,2,8,-1
6f93a626-7d26-4b6a-826b-9897f0ec2030,0,0,FF,2,1,1,6,4
9990a940-90c3-4ef3-b7c2-5f6285d80a79,0,1,FF,2,0,2,7,-4
227061e9-068d-4c59-b65d-99b3cd2d4c82,0,1,SL,1,0,1,4,0
d8cdae12-3019-4dad-9956-c49037880578,0,0,FF,1,1,2,2,2
3470ba0b-e7f2-485a-b186-1e763c591fea,0,1,SL,2,2,2,10,-1
edb322de-4494-4322-8c35-f67b7bc775ea,1,0,SI,2,1,1,6,3
e33d85c1-681b-4f51-b093-1d071061e8d4,0,1,FC,2,0,2,5,4
1a266fd1-a832-436b-a433-0937f1d45b78,0,1,CU,1,0,2,6,-1
ddb5a63c-eb28-4da7-b398-34457986788a,1,1,FF,0,1,0,1,0
d3e5203a-b5fc-4612-b7f3-d503dea0d526,1,1,FF,1,1,1,1,0
35e1ba97-754a-4325-8a98-6b324fcefbdd,1,1,CH,2,1,1,1,2
2061278d-b1f7-4e2d-b524-11820be50aad,0,0,FC,1,2,0,9,0
33c1557e-b07c-4760-a393-590d24c7dd59,0,0,SL,2,2,1,4,-3
b63af3e6-7799-422b-9121-31bc01fdb1f3,0,0,CH,3,2,2,1,1
0431a21c-2bba-4799-a435-9cbfbf18168d,0,1,,2,0,0,6,-3
c5088560-4450-4835-ad52-e50c7adb3644,1,1,FF,2,2,1,1,0
2ecf2676-2350-3ec0-bcec-f396a180a75e,0,1,SI,2,0,1,5,0
ba7257c0-c2c2-3246-9b1e-5a65c8ba4fe8,0,0,FF,1,1,2,2,-2
13abfe26-2558-32f6-938d-4a82ac763223,0,0,SL,1,1,0,9,3
1baf705c-ec21-4aa5-8720-77307586e53f,1,1,FC,3,3,1,1,1
b4f6bc46-a06b-4cd1-8256-b012694ac18c,0,0,FC,3,3,1,4,0
4b342363-31dc-46ed-9ce8-ce91653a848c,1,1,,1,2,1,1,1
70f2c3e1-94ae-47f6-a5e8-8efd06b9c58c,1,1,FC,1,3,1,4,-1
b5b4e2b0-8326-43b6-b069-bf041e87b744,1,1,CU,1,2,2,4,0
6df3769a-0f64-438e-9a2f-8d89355c6fbc,0,0,,2,2,0,4,0
891f82e8-ddb4-4054-a511-2b168874e601,0,1,SL,1,1,0,9,1
4b89fd0b-1a31-42f2-9d6a-18da572f6752,0,0,FS,1,1,1,9,0
905dd72a-71df-4f22-8c10-b2bb8abdc921,0,1,FS,3,1,1,2,1
fbd12bda-81ac-4beb-9661-726e7aeab8ca,1,0,FF,3,2,1,5,1
229cfd5c-b511-4984-a8c1-9cc074712123,1,0,CU,1,2,1,8,2
99dd6834-7f78-4f9a-8c27-b4edbe98c93b,1,1,FF,3,2,2,6,1
5411100b-81ba-421f-87a0-b8f6c5ae0825,0,1,CH,3,2,0,6,-1
05c85fe2-8858-45fc-8770-014a9d3bdd04,0,1,SI,2,0,1,7,1
dda6bc76-3e9e-450b-adf5-43d2807a7591,0,0,,3,2,0,7,-1
3e80127c-5c75-4df2-a017-5b233192c8eb,0,1,FF,1,0,2,8,2
27203aa3-2e76-45ab-8e54-8fd6a90a19d2,0,0,FF,2,2,1,9,-1
a208da88-2fc9-4dec-8369-7da5548091fa,1,0,ST,1,2,1,8,5
b6a84374-69e0-4822-9e61-465b69748c8b,0,1,FF,0,2,2,7,-1
a0b55658-c7d5-4134-b4cd-956e12433ec1,0,0,SL,3,2,1,4,1
6cbb760e-e2b7-409d-b6c5-9f420739b718,0,1,SV,1,1,1,2,-2
8ef7e94f-5608-4c24-b77a-8f448b3c0ff3,1,0,CH,2,0,1,9,5
fda4134c-9d9b-4468-8fb6-8b5194386c85,0,1,SI,3,1,2,6,1
c24feef0-d3e6-41ce-a331-fc1bbbb08298,0,1,SI,3,1,0,1,2
722a36c2-1a70-4eb9-8a09-1bfae589eda4,0,0,SL,2,2,2,5,0
45c10c1b-aa97-3d40-8b3b-4cd089b232ed,0,1,CH,2,2,0,2,0
02e21040-c601-330f-81d5-195239590f9d,0,1,SI,0,1,0,5,1
8932fb53-c051-3f5f-90db-dcf72f4c3d9d,0,1,SI,1,1,0,5,3
a909c769-b76a-3df5-9ce5-8cb7012afd99,0,0,FF,2,1,0,2,-1
2f233f45-c278-3798-9fb0-2abdb394d6e9,0,1,ST,2,1,1,8,3
3ab993fa-c8e5-3dee-aab0-b3dc3982c838,0,1,SL,1,1,2,8,5
16cad841-f941-346f-be5e-661086c87566,0,0,FF,0,1,1,8,0
dab86743-f104-333f-a337-bf65c8cc35a5,1,1,CU,3,1,2,3,2
64a78f1f-8014-347e-ae62-93114ec71950,0,1,SI,0,1,1,2,2
3006721c-4090-3b14-8693-b12e1e265fa0,0,1,SV,1,1,0,3,-1
dd92b864-9023-37b5-921f-a22244676f62,0,0,SL,1,2,2,2,1
7dbc6437-8088-3f69-a750-cc2b25cfc50f,0,1,FF,0,2,2,8,2
3ae6e722-4069-30a2-bf13-a9bca9348aab,1,1,SL,0,1,1,4,1
6ca1ab92-f487-3e7a-bd9d-a66773537b2b,0,0,FC,2,0,0,9,-1
ad97d574-7f30-3cb3-b398-3eae9efd02ef,0,1,FF,2,1,2,8,4
423f83e9-530c-323c-a73a-2be8523646f2,1,1,CH,1,1,2,2,0
35bb7fcb-9f93-34c5-9fec-738e721b23e8,0,0,CH,2,1,0,7,3
69941201-fcba-389f-95ee-a6b6df6973c3,0,1,SL,1,2,1,8,4
f5f76c52-7ee2-347d-8e71-a0e1cd57427b,0,0,SI,2,0,0,8,6
29869bfe-7f19-39d1-b0eb-d592885ec0e6,0,0,FF,1,1,1,2,2
7bfbe6fd-c042-3900-a4f6-106fb2f960c4,0,0,SI,0,1,1,7,5
f918061c-6708-386e-bf02-bbd98fd436a7,0,1,SL,3,1,2,2,0
4ecda941-4f7e-428a-8fff-70eb26f5d8f9,0,1,ST,2,1,1,2,2
d8603f8d-357b-460e-afab-e970e27a8805,0,1,FF,1,1,1,3,0
05a9df0a-8e6e-4ea3-972f-7521a8d2b3d2,0,1,SI,0,1,2,10,0
105464c2-bcbf-4dd7-bcd5-4f647bfac698,0,1,CH,1,2,0,2,-1
ccfe3134-49f9-46f5-bba9-dd1d64e8f415,0,1,SL,1,1,2,9,7
f1a4c3fa-04b0-4977-b78e-44cd9f447a4f,1,0,FF,1,0,2,8,-3
b2ba53eb-5c56-47ac-9d90-aae3990c599b,0,0,SL,1,1,1,4,3
3c00c9ce-4168-4757-85d4-4875eaea9baa,0,0,,2,1,2,3,0
55bea070-af9d-41c8-a3fe-74eb30a1ac8b,0,0,ST,0,1,0,7,5
7c2d826b-dc4e-47e1-ae46-0a16491d5547,1,0,SI,2,0,1,2,2
8e26f39a-4132-4426-b933-1b700b83c8d6,1,0,FF,2,1,2,2,0
00533968-fbf6-4784-a2d1-d5ebad2b134d,0,0,SI,2,1,0,7,3
5e770ece-c968-49ff-8baf-45302af95f14,1,1,SL,2,1,2,5,3
1d7e9ad7-b64b-40b8-bcca-b92b541c7492,0,1,FF,2,1,1,8,2
968f7ded-508c-436a-89b0-92dfbccc6ee4,0,1,SL,1,1,1,8,2
eb1729c1-14b3-41f6-acc2-3d66bbb0e26b,0,1,FF,0,1,0,9,0
236c3feb-3268-43f1-bf67-159ee80b1dce,0,1,KC,2,3,1,12,0
9f9d7589-cc0e-4f67-ae22-2069e0daffa9,1,1,SI,1,1,2,1,3
2ed44984-8498-4615-bccd-6f419ca9492d,0,1,FF,0,3,1,7,-1
df68d130-36e4-4540-93b0-1b3fc5940139,0,0,KC,1,1,1,7,3
ca48a32a-c53b-44b9-b667-1001f14c560f,1,1,FF,0,1,1,2,2
e542698b-1173-45fa-a27d-92523db7b967,1,0,FF,0,1,0,2,1
c2fbec05-698e-425a-b71c-9a6f4534e30e,1,1,FC,2,2,1,3,6
fd93e64c-a3a2-4807-86b9-1cca11565a92,0,0,SL,3,3,1,7,0
ab6e79aa-878b-42d9-8b30-2d3378b332a5,1,1,FC,2,2,1,8,5
cfcc40ad-e845-44b3-9044-421890be63e7,1,0,SI,2,0,0,8,4
4bf4f403-2fd8-4924-a0e3-d38d6bb94cae,0,1,FF,1,0,0,2,4
38d8e4e0-b381-47dd-a718-6572f452f625,1,0,CU,1,0,0,6,7
940b57c6-df93-4086-9a4e-a4f03412a37f,0,0,CU,1,2,2,2,0
25f428be-e540-468e-9848-9b15c5714c6c,0,0,SL,1,0,2,8,0
3831df65-f930-468c-bbe1-6f6fc9621b25,0,0,FC,1,0,2,9,-1
4ca1180d-3a35-44bd-afdb-2a56836fc27c,1,0,SI,2,1,1,8,1
949bd920-f532-414a-bc67-dd54b9916f06,0,0,FF,1,1,2,8,3
a8bba6c9-f702-412b-b8f5-e88b8b8611f2,0,1,SL,0,1,1,6,5
16f22030-e321-46e1-96f4-038622409637,1,0,,2,2,2,8,0
61b55ce0-ed83-32df-b7e5-5a0e6c6e8e16,0,1,FC,1,1,1,5,2
8c5ac7e6-0505-47ed-a354-d080b9aa4f3f,1,1,SL,1,1,0,5,0
ccd7b41f-9953-4b40-9d5c-8086d2050dab,0,0,CU,2,1,2,3,0
1949d4d0-c57e-4035-afa3-0885b8e0f10d,0,1,FF,1,3,0,3,-4
766517b4-631d-4266-9383-1e1ceca859c2,1,1,SL,2,0,2,8,0
54a3583f-3905-49f7-b87d-7431c975a557,0,1,FC,3,3,1,9,3
f2eba098-1dde-4889-a864-0e0129727bfd,0,1,FF,2,2,2,9,-1
fb95eb09-63c8-40c6-a1b4-5189a829754b,0,0,FF,1,0,0,8,2
43ae4b05-6de4-460a-98c5-2458bda2d460,0,0,FF,1,0,1,4,2
cdf4fc87-8f24-4a8c-a2d2-a7a7bddbacc9,1,1,FF,1,1,2,4,1
3fd56f01-e2f5-4561-9739-585922e91d61,1,1,FS,0,2,2,3,0
914b63fd-6121-43f3-ac44-c6a31726ab1c,0,1,SL,1,2,0,8,-1
55b3f2e4-2d61-4c5c-a83e-d4080846aa77,0,0,FF,3,1,1,7,1
d21957aa-2fac-4b68-8f42-e0fd3f45a338,0,1,FF,2,2,1,4,2
ed3008fb-a203-4cef-b46b-23cbac413801,0,1,SL,1,1,0,7,4
5fc634b8-29d8-483d-896a-baadadee2dcb,0,1,SL,3,3,0,7,4
3b4b81c6-3a0d-4d30-97ce-f26b3436ba4a,1,1,CH,2,0,1,7,-1
33e17030-7931-4376-bceb-8d19f1edd1f7,0,0,FF,2,0,2,9,0
893edef4-3859-429e-bb37-d7238dacbbdf,0,1,SI,1,0,1,5,5
d65f5863-7b00-493b-964c-7d1105bc5725,0,1,FF,0,1,0,3,0
5c8e0162-0e1a-3fd1-82d5-f905f2495f45,0,1,SL,1,0,2,6,1
184bbd9f-cc6c-3f3d-b27e-d081694ecf91,1,1,CH,3,0,0,7,-1
5cb46e23-49b5-3d00-8a85-ce144626e1b0,0,0,CU,0,3,1,2,3
30a3e559-684c-31dd-af51-8d0d55cede27,1,1,FC,2,0,0,7,-1
024d3778-abfc-3ee2-a847-2250746b4bae,0,0,FF,0,1,2,1,3
b8304802-c780-3f95-bd6d-bf8806cbc8d3,0,0,FF,2,2,1,2,1
1596e755-b295-3d9e-b09a-15fb7b6ec811,0,0,SI,0,1,1,3,5
48f47a9c-ed1d-348e-b83d-739d0f8bc37a,0,1,SV,3,1,1,2,3
77eca764-1513-3cdf-b144-e790b6d08311,0,1,SL,0,2,1,2,0
75a66471-1a36-3ab0-a039-3f267d8bcdc9,0,0,FS,1,1,1,9,0
d578157e-1b02-3f56-b7cb-90bf0ec4f742,0,0,CH,2,0,1,3,0
b54678fc-c7d5-3b76-9aa3-4c007d112198,0,1,FC,1,0,1,5,4
af670255-f818-43d4-b218-65c96a89adda,0,0,FF,1,1,2,3,0
df835a3d-ae0b-4e4b-970a-0188fccf2977,0,0,FF,3,2,2,5,0
9769ea0d-962a-4c52-9a2f-0d2cff153536,1,0,SL,0,2,1,3,1
69f7c97c-e18a-4d56-b316-0fa31f78925b,0,1,FF,1,1,0,5,2
3c89cb26-2021-4808-821b-3fc60e427f03,0,0,FS,1,3,1,4,2
cf6257a1-89e4-453f-a85c-e3d8a6cb0e07,0,1,SI,2,1,2,1,1
d95f5a9d-ce86-45da-a095-929bf812bea3,0,0,CU,2,1,0,3,3
7cd606e6-ce08-46ed-982b-58778ff46a8d,0,1,SL,2,1,1,7,-1
ba492317-f5a2-498d-b270-4eea17857b83,0,0,FF,1,2,1,8,5
73ea3537-35b1-4169-a750-190e03930f44,0,0,CH,3,1,2,7,-1
0037d1c3-5761-4250-8288-8a657a846cc1,0,0,FF,3,3,0,2,-2
f255f43d-d157-4138-b22b-27a2433a3f1d,0,0,FF,0,1,0,8,1
b1242222-919b-4f5f-89d0-cb93ec71a78b,1,1,CU,0,1,1,7,3
680fe260-070a-4e67-b73c-a804dc5a6370,0,1,FF,0,2,2,5,0
11e43bfd-1a86-4fc0-affa-734932fcced5,0,0,FS,0,1,1,8,0
2e6ef7fc-07bb-4140-98a3-fdab15878f06,0,0,FC,3,2,1,7,-1
b0e85280-acd9-4fea-a05e-0b4e843d624c,0,0,KC,1,1,1,1,2
96148b4c-1bee-35ec-9c6d-9ba1625f7d42,0,0,FF,3,0,0,4,-1
c25a3647-c506-3b59-a7b9-41f322386a02,0,0,CH,3,2,0,2,0
c3ed6756-f172-3a8c-a55d-4de404cb55e4,0,0,FF,3,2,0,5,1
d3a2eefd-f24b-32bc-bb9e-afb132351c4e,1,1,CH,0,1,0,5,0
31816fea-3a56-3fb8-802c-99271840ea09,1,1,SL,1,1,1,2,4
c7441b81-4bfc-3395-8924-dea79132bee2,0,1,FC,2,1,2,6,0
5e86d3d5-0ffa-39a6-b5e8-33034a1de534,0,0,SI,3,3,1,1,0
02aef057-040d-3760-94ee-12f25dca0119,0,0,SL,2,1,2,9,0
62eb6066-6793-3145-9ad1-085b5b2c4375,0,1,FF,1,0,2,6,4
030000a6-fdab-3a76-8375-5366e0c21637,0,0,FF,3,1,0,6,0
468c73f6-f363-3b11-a80e-82094de2d7ed,1,0,FF,0,1,2,4,-2
e639fd94-57db-3be9-9888-74ac7eed9d2f,0,0,FF,1,0,0,7,3
1b5e6ddf-e15f-3469-b75a-bb3565ec7cd6,0,0,SL,3,2,1,1,0
de5bf929-7b57-3ce6-8a7a-54b1c0497592,0,0,FF,1,0,1,3,0
cba9c00b-8dc0-398b-b8cb-3c4223c6b80e,0,0,FF,2,2,0,1,0
8f54a912-15c4-3bc9-82b7-5041d949e7f0,0,0,FF,2,2,0,4,6
0276991a-f642-3a9f-b2e3-39b7bcbd35f5,1,1,ST,0,1,1,3,0
105ec7ad-b03b-347f-9589-85f20766518b,0,1,SI,3,1,1,4,3
e756450e-29ee-3df5-b4ec-3ce3a1e1a9b1,0,1,CH,1,1,0,1,0
e0d94874-7932-37d7-a56f-e19cd464106f,0,1,FC,0,1,1,5,-7
736f32dc-2795-40dc-aa33-15ec64918646,0,0,,0,0,0,1,0
9879cae8-3108-3f6f-a64f-99e556ad040a,0,0,FS,0,1,2,4,1
f2a433d1-ed21-4e44-b749-2a32634e54af,0,1,CH,2,2,1,8,1
af4aebc4-6b15-4e05-8703-4667f11ff16e,0,0,,0,2,1,7,3
e10776f6-f0a5-4b80-b3eb-93de93ffb164,0,1,FC,2,1,2,1,0
29e79adc-b9f2-4ea1-ad5c-7938faeeb348,0,1,SI,3,3,1,1,2
f6520cf1-6e69-4409-9ea8-613d3bb043ad,0,1,SL,1,2,1,6,5
a73edc67-0243-4ff7-b9c5-bfc3a6d2857f,0,1,SL,0,1,2,2,0
37bafbd8-2302-4c60-adb8-86b18f212e63,0,1,SI,1,0,1,1,2
2762fd25-c9ad-4cde-a347-ca398a8e10be,0,1,SI,2,3,1,1,1
52bdcb6a-f350-4258-8eaf-365eb92c63fe,1,1,FC,1,1,0,8,-1
211b52a2-03d4-4b5d-8036-e191a4762e57,0,1,FF,2,2,2,4,-2
ceb6aba8-42d4-45fb-a955-35bbe669bd1e,1,1,,1,1,2,7,1
f0ecbff1-5848-4dde-8909-46c300821919,0,1,FF,0,1,2,10,1
36e24063-ed06-4856-8fa4-1dfa2ed122b5,0,0,,2,2,1,7,-3
6d898641-42a3-4650-a5d9-faba4c261170,0,1,SI,2,1,0,1,0
969ea827-e5e4-4b7f-afa7-ad1b8de7e2e4,0,1,,2,2,0,5,2
d7d6b978-a292-40eb-bb6e-8506cb398e4f,1,1,SL,3,1,0,7,4
43e3b8bf-86cc-4163-913e-b8b089688669,0,1,SI,2,3,0,4,0
394ad4d7-32b1-368d-a519-3dafb6c44d88,0,0,CH,3,3,1,8,-2
5658779a-2106-3a80-ae9b-763fbcb10177,0,1,FF,1,0,2,9,-4
5c4077c8-06e5-310a-a985-1e52f00c6551,0,1,FF,0,1,2,7,-1
5448343f-230e-39c2-b618-55ad9646ea26,0,0,FF,1,0,0,1,0
6a7f1292-00db-3d1f-9aae-5cb6b8d16b2f,0,1,FC,2,1,1,3,1
50ff7c1b-52fb-3bed-8a3b-39aae50e323e,0,0,SI,1,1,1,1,0
7cc068c7-e8df-4ba9-a12f-a9a971a8b4d5,0,0,,0,0,1,7,2
20a0ed48-2329-4526-98cf-6af137ee9840,0,1,FC,0,1,2,9,1
9faa5a72-d4b2-41e7-9fea-9d0ff08fb97c,0,0,FF,1,1,2,6,1
31cf170f-a849-4c3f-9afd-9ff8450857a9,0,0,FF,2,1,1,8,5
a9cb2c29-f982-4fd9-a61b-3f4167235e54,0,0,CH,2,1,0,8,4
46a67ef8-8e5e-4c9c-97c0-51a11cfb39ff,0,0,SI,0,2,0,5,0
a790918e-e782-4a4a-9f62-5025a7fbc91c,1,1,ST,1,3,1,9,0
241938f5-484f-4d45-aa94-92b22bc78c35,0,0,SI,0,1,1,2,2
82da690b-2c34-463b-8842-919fcfd9de9e,0,0,CU,0,3,0,6,0
171cc1b0-efe6-44ad-b259-116590ee685e,1,1,SI,0,1,0,3,2
78dcc914-6ee7-4176-ba43-37ff21f0b653,0,1,FF,1,0,1,8,2
def13382-b55f-49a2-9d08-a06e853536e9,0,0,FF,2,1,1,6,3
53ef428e-6061-4882-8297-c50665fed24e,1,0,FF,0,1,1,8,2
b7dc1a35-b153-4bd3-8887-883f71a3a349,1,0,SI,2,0,1,6,1
800a3e68-ea49-483c-80cc-701e10a1f14e,1,0,FF,3,0,2,7,-1
04e4ed46-6f4d-4c9b-a383-876761534b22,0,1,CU,3,2,1,5,2
f65e4347-970a-4614-8d25-ddebc42d8029,0,1,FF,2,0,1,2,0
0a9ed32b-a5f9-4e4f-af16-b37e2755d0d7,0,1,FF,1,0,2,5,0
e400bba5-156e-4a75-a8bd-3b5b59348a37,0,1,FC,3,1,2,9,2
2aa7b56a-a6a3-4461-b418-252b22c19947,0,1,SL,2,1,2,5,-1
f9e436e7-0245-46ee-8962-b616e2f68178,0,1,SL,2,2,1,7,0
7483c82e-ffda-452f-9b88-0019d955e4e0,0,1,SL,1,1,2,2,-1
fd52cc8c-7373-433c-817b-99a804b4a160,0,1,SL,1,1,2,2,0
17257b01-7798-323c-bce8-c2c4e32b925d,1,1,CU,2,2,2,2,5
a9138792-0f8b-4559-a082-494ebf942e08,0,0,FF,2,1,0,9,1
de02c62b-cf09-4599-94e2-b87d434b7ae8,1,1,SI,2,1,2,6,3
09674ca6-e89b-4efe-9679-45dfcd0e95fe,0,1,FC,0,1,1,3,-1
0ae08145-ac43-4bcc-96b2-279790d6b27c,0,0,FF,0,1,1,8,3
9b05c45d-b89a-4d37-9eec-9ee5d75cf57b,0,1,SL,2,2,0,3,0
ec3cd5a9-ac26-411c-a30d-b94bca00b9f5,0,0,FF,2,2,2,6,4
471e4b37-3a12-47c8-9c43-db3f8c523364,0,0,SL,3,3,0,9,1
51169dda-dda2-4a1f-8890-b3f968915951,0,0,SL,3,3,1,7,-1
ae782262-a4d9-4483-98b5-9ea22aa68241,0,0,CH,2,1,1,6,-1
c1162b0f-4490-4710-bb6a-a2cd55c5a6b8,1,1,FC,1,0,1,3,2
adb2d4f3-150d-45b2-97cf-086664a02966,0,1,KC,0,1,0,4,6
7564d0b7-90c6-4ac9-b3d4-78addbb0ffbb,1,1,CU,1,0,1,1,-3
65ca2e49-7519-4441-8411-c43c005445cb,0,0,SI,3,1,1,5,-2
eccb03ee-e05b-4939-82e5-763939b06b3d,0,0,ST,1,1,2,7,3
72934ab5-7635-4f5a-be52-dae294eca37b,1,1,FC,2,1,0,3,0
47312551-a612-4c2d-89fd-0beb08b4c080,0,0,CH,0,3,1,3,0
c0e17fc9-52c0-4bd6-bd71-f8cc84d30349,0,1,FC,1,1,0,4,6
4c7010e3-6415-47ec-a9bf-ad1d00eac249,0,0,SI,1,1,0,9,0
1965b853-c252-4480-951a-1c6e2db915ed,0,0,,0,0,1,3,-2
12e0d513-c3e6-4c4d-a3b4-93f2ba943e17,0,0,CU,0,1,0,3,5
8e4f199b-b99f-49fe-9301-4a37cf9bf3e3,0,1,FF,1,3,1,6,-1
a1d409a8-35f4-4f6f-9bc8-61ebd0c78730,1,1,SI,1,1,1,7,4
9ec3368f-7d8d-4b49-bb67-2b70e8c9a362,0,0,FF,1,1,2,5,4
7fb87aaa-5b59-4e5c-bd65-a95630587c3d,1,1,SL,1,2,1,2,3
53e34cf0-022e-457c-88d4-a0d49e48de70,0,0,FF,1,2,1,6,-1
f14aeff4-9ec9-46bf-9c81-0db3424a1814,1,1,FF,0,1,1,3,-1
8288a18d-2b0e-4df1-a54c-78aa044d90bf,0,0,CH,2,1,2,3,3
0dfca2c0-b332-46dc-8eed-f0bd8864b86a,0,0,FF,3,3,0,5,0
c6dfa914-d903-4610-82c8-37166eb310b3,1,1,ST,3,2,0,8,0
3d6089c7-9d4d-4639-9e29-12de36abec52,1,1,FC,1,1,1,5,-3
b8e86076-774a-4d6a-bf5a-4b804fb4d52a,1,0,FF,1,1,2,2,0
a77113fb-2035-437b-9804-04cc9e22b1f6,1,0,FF,2,2,1,4,0
01e657d7-cbe1-4a6d-bf6c-7a5236054123,0,1,,0,0,1,3,0
c6aeb135-8374-4a87-be21-e3cc7f9c9c1d,0,1,FF,1,1,0,10,1
ca4f319d-147c-40ac-948f-c77349b2d696,0,0,ST,1,1,0,3,-1
39708f79-d328-452c-9961-8b4c3f1ce2c8,0,0,FF,1,1,1,9,4
f8ccc377-b043-4c39-ad1f-31675698a007,1,1,,0,1,2,3,0
701b311e-850d-487d-8e1f-74f8b992bfe1,1,0,FF,2,0,1,3,-1
f19829b4-82f1-4bfc-a546-8148b971c66b,0,0,CH,2,0,1,5,0
e47fdb94-a72f-4a2a-8656-4e9c5022861d,1,0,SI,2,2,2,8,5
cb07cb1c-9243-4eca-949a-fdc4832a264d,1,1,KC,2,0,2,2,2
8e33ceff-45a9-4918-a4d0-610220f6b3e0,1,1,CH,1,0,2,2,2
87c4ad40-454c-46cd-86d6-649f6f25d3e4,1,1,FF,0,1,1,2,1
18d68fc1-ac9c-483e-8d59-7d320efc3061,1,1,CU,1,0,2,2,1
9c4e108e-de6b-4cbd-aa13-d39c0a224faf,0,0,ST,1,1,1,3,-2
671d56f0-7a55-4b28-9daa-e9592d3d10b1,0,0,FF,0,1,1,9,-1
3cfa4fde-2b00-4dee-9db1-4fd9287ab9c1,1,1,FF,2,1,0,4,4
75f8a47a-df39-40a1-8c4b-55e92991e33b,0,0,FC,3,2,1,2,2
8883a82f-8b28-46c9-b8a3-8cb4a918fe54,0,0,SI,2,2,1,2,2
fdcc63e6-cde3-4f92-9cf4-3e43b486bb5d,1,1,FF,3,2,0,7,1
2b2de870-e021-4a9d-8451-49abb5bbaf86,0,0,,0,0,1,9,1
0a507343-7317-4206-b2af-c82eed379838,1,0,SL,1,3,1,5,-1
58137d28-93de-4e39-818b-7dbed25164ed,0,0,,2,1,2,4,-2
1c78b0d6-c020-4726-bff2-d2940d9da8b7,1,1,FF,1,1,1,3,1
604c15e2-83a1-4e81-9be4-73a73731e8e2,1,1,FF,2,2,0,3,1
b40890db-aff0-45af-9a02-0265d53c102a,1,1,FF,1,0,0,3,0
4b8c9959-f49f-4003-a80b-bfd758c7d8f8,1,1,SL,2,0,1,5,2
c7f6ebf2-bbf0-42f1-861e-547fb2b0a200,0,0,SI,1,1,1,7,0
54f59e51-1684-46f9-85e3-087481f0cec7,0,0,FF,2,2,1,6,6
13a7b48d-302b-4a10-8b2a-71dc450b3745,1,0,SL,0,1,0,3,1
8729ecaf-e4c8-4d7a-97c4-89e8a1c97e28,1,1,CH,1,1,1,3,2
5c157587-9212-4ad4-aac2-0af1eb7cd5a5,1,0,ST,1,2,1,7,7
56b957e9-8c31-4f08-9d25-553e52a42d2e,0,0,FS,1,1,0,7,0
22756a3c-4b92-46b9-9851-a82a59f470bb,1,0,SL,2,1,1,7,0
28a234f3-2dad-4470-b655-6391c72ec166,0,1,ST,0,2,1,2,2
0d14a8b3-97e8-4bbd-9ff5-2a8395d686ce,0,1,ST,1,3,1,4,4
12420e31-19b3-4c66-8390-76a2a2614b5b,0,0,SI,0,1,1,7,-4
a194c5cf-3429-4b51-ac79-656666836c4f,0,0,CH,2,0,0,5,0
31f71523-c4c7-478f-a8ea-b564e47e0c71,0,1,FF,2,0,1,9,2
91f86344-8027-3477-b8f8-cffa1ac60e13,1,1,SL,1,2,1,8,-1
769beb8d-c721-3b1c-bc5b-d0477284cfca,1,1,SL,0,2,1,8,-1
8012e27a-39c9-3783-8c04-d4f7ef98ca21,0,1,FF,1,0,1,8,1
1b812c0d-e8b5-3e23-b945-3d16c3c65ba4,1,1,CH,0,1,1,3,-2
dcd51a6c-c9b6-3f4b-8765-1db98589bdcf,1,1,CH,1,2,1,5,-2
f3032c81-0868-3b3d-8023-5dd9802b6a7e,1,0,SL,2,2,2,5,1
c10e3007-13a0-3973-8da8-e1bdc2783866,1,0,SL,1,2,2,5,1
846cbbc5-ab43-3205-a98c-0e5754b6d9e6,0,0,FF,0,1,2,9,2
0d67512c-470b-374d-a680-35d043903fe3,0,0,FF,3,2,1,8,0
33cfe56a-0ee8-3b63-a876-44a59330d98e,0,0,FF,2,2,1,7,3
4498a284-883a-33a1-ac49-66964461f2a8,0,0,FF,0,1,0,6,1
5404c7e9-127f-3d07-b0c3-892ee6ec0cdc,0,1,KC,1,1,1,6,1
01b8e9c9-d88b-35b1-84f2-5e507cbfc418,0,0,SI,2,0,1,8,2
cb7a998a-4387-350b-a12c-0d895c430763,0,0,CH,2,0,1,3,1
11218dfc-aa29-3b71-800f-f72b927731db,0,0,SI,2,2,2,4,3
f0ccc321-c954-3ebb-9e6f-bd09e48dc90a,0,1,SI,0,1,1,7,-1
6c832968-dc15-3c9e-97ed-7b91d8490bed,0,1,CU,1,2,2,6,2
475b45da-4a98-3220-8cdd-c56e1fa60c8c,0,1,FF,1,1,0,6,6
b3e05e94-366a-323c-b2d2-52279e811947,0,0,CH,1,1,2,9,5
8dc2cfde-1096-3d0d-92be-dcaf4dd523d4,0,0,CH,2,0,1,3,1
fbac21d0-7a47-3ea2-9d2f-a1722e10bf76,0,0,,0,0,1,8,-1
11587a36-c8e6-33a3-b544-ae45c5a6e494,1,1,FF,3,0,2,9,-1
82ecfc65-fad1-35da-aea2-b602a1b0eaab,0,1,FF,1,1,2,9,0
9b8231c2-a677-370e-b750-e5d204ea1bf9,0,1,SI,1,1,2,2,3
7cbf03b1-be2f-4854-97a6-6963fbc35d65,1,0,FC,1,1,2,8,3
4cd727c9-85e4-4f8b-b190-9e5af1efae87,1,1,SI,1,3,0,9,0
05f69eea-99be-4f54-a5ab-25adaf6a679b,1,0,SL,3,0,1,9,0
9b25c4c7-18d4-4add-9b1a-5adc59049542,0,1,FF,3,0,1,9,3
a71bc0fc-1a2b-4b42-af71-7eb15c605400,1,1,SL,3,0,2,3,0
10515caf-a05a-483f-9ffb-c0636aeaa13d,0,1,SL,3,1,2,8,-2
00232714-0dee-4b91-a021-dfe278bae94f,0,0,SL,2,1,1,7,3
623cdbd2-4b84-4163-ab43-83b8e364f55e,0,0,FF,2,1,2,8,2
49df138d-167e-4dc8-a085-79032fd1ae78,0,0,CH,1,1,2,8,3
1bb6abfe-fc59-407e-97ce-4953331db323,0,1,SL,0,1,0,9,0
b4b393b3-032c-49da-bfef-2f20eec5f6de,0,0,CU,1,2,2,6,1
43cf2483-9828-4b14-a0df-650ff445c6cc,1,0,SL,1,3,1,8,1
8c6967a5-314f-40c8-9106-7be65bc8b8a0,0,1,FF,2,0,0,7,-1
79c1df53-0a22-4823-a5f5-e24ebb8703bb,0,1,FF,4,1,0,7,-1
8bfaaf17-e7fa-45a5-8574-29471730ef0b,0,1,FF,2,1,1,4,1
4890e85a-de83-4a32-974b-b41cf2f86f68,1,1,,1,1,2,1,0
cc00d1fd-c2d8-4200-a6e6-4128775315e5,1,1,SI,3,1,0,6,0
46cd436f-08a2-4221-9582-9a1561ca0e9a,1,1,CH,0,1,2,3,3
1d37a220-df64-4897-9f68-5a88c4479712,0,1,FC,2,2,1,4,4
dac6658d-fd3a-457f-90ca-fb286fdd09b0,1,1,FC,0,2,1,7,-1
e276c867-2285-4c8d-90f0-f03bbafc6fee,0,1,SI,3,3,1,5,6
e0af0294-3186-48ef-a05d-56908f5547d0,0,1,,0,0,1,7,5
6320e603-439e-480b-b27b-ef2d913442d9,0,1,SI,2,3,1,8,1
d65152c4-18ff-4809-83e3-f039325208af,0,1,SL,1,1,2,6,1
8b6dda36-1f59-49be-9e5b-8eb29bda5ac4,0,0,SL,2,2,1,6,1
99d1afdb-ffc2-414d-8a87-e23043524363,0,1,SL,2,2,2,2,0
23086e97-0216-4b0d-b3d3-5bb36c84e496,0,0,SL,3,3,1,5,-2
74b86d20-8c27-4803-a4b0-e1df332506ca,0,0,FF,3,1,0,2,0
9a9d66e7-0d2a-433f-bd26-9ca29a22b2ed,0,1,SI,1,2,2,4,-1
c050324e-59ee-494e-84ce-7855f52bee7c,0,0,CU,3,3,1,1,-1
8bd918ec-a955-484b-83b9-a29a6dec6cc9,0,0,ST,3,3,1,6,-1
db20ba79-1709-419e-82c7-0247160ea60f,0,0,CH,3,3,1,1,0
53f78be9-8535-4794-be5e-40a5bcd0ffe0,0,0,CH,2,2,2,1,1
a03e0a46-8693-49cb-a719-a9194ebc1ca2,0,0,CU,1,2,1,8,0
1d50d4e0-b2a5-4804-b3bd-69d5307e9664,0,0,CU,1,1,1,6,4
32f08225-498a-4b3c-8a30-66ce55ea07ee,0,0,CH,1,1,1,2,-2
52998654-19ae-4c20-8b98-46f7dd4ba0ab,1,0,SL,1,1,1,5,2
9dac63c9-3115-39da-914e-941859a42c26,0,0,SI,1,0,2,3,1
793ade5a-bb8d-3702-a48e-d29ce30d3c5e,0,0,CU,0,1,1,4,0
45b196c8-c49e-47b6-93fc-5c836979edb0,0,1,SL,2,3,0,3,-1
9c6c4902-36f1-494d-afa4-3ac1a2429a37,1,0,FC,1,0,1,8,0
bf4d8af4-39d2-48f9-8d54-d4727fd9c117,0,0,SL,2,1,2,8,1
3fda7585-265f-4160-b5b5-81ce0f2bed72,0,1,,1,2,0,7,-2
6e5d3dc8-36bc-4f6d-a53c-14114e9d5c78,0,1,KC,2,0,0,2,-1
76e72ed2-cb02-4176-9e0f-6fd53d1cfb58,0,0,CU,2,2,0,7,-4
1e633143-1280-4fde-b337-839e4e5c3099,0,1,,2,1,1,6,3
081ca83b-dc31-440c-85c6-df3c1ce7e8a2,0,1,FF,2,0,2,5,4
10dde548-d807-4c62-ab09-c9ce60c0f257,0,0,FF,0,2,1,7,-2
f1a17d66-628e-435f-aec8-b12da3438fe9,0,1,SL,3,3,0,4,-4
e717b49b-18c8-4434-b1d7-b37d0aba0230,0,1,SL,1,3,1,6,1
cb5033a2-7ddc-4832-83ca-00b226b08c92,1,1,SL,3,0,0,8,-1
3f297c3c-c17a-48e8-b96b-dea5a508fb31,1,1,,0,0,0,8,-1
5ad10264-e2e0-4541-914e-5312764ce56e,0,1,FF,0,1,2,6,1
ea23d9b6-597a-4850-888a-b2aae0f3c733,0,1,FF,2,2,2,4,1
c1e2b0a8-c669-46ed-a195-436b72e65a7c,0,0,SL,3,3,1,4,-1
2c459913-5c3a-40be-a354-3ceef0efb0f7,0,0,FF,3,0,1,5,0
1249f7d5-19e6-474c-a219-c42cb73c4edd,0,1,FF,1,0,2,6,-1
203c8b67-7e98-47f8-ad14-e34f5217f621,0,1,FC,3,3,0,7,3
1b839626-35b9-4c6f-83a4-0575938cce40,0,1,CH,1,2,2,7,4
c13c51d1-989c-3cff-a854-4e401d7bf4b1,0,1,SI,1,2,1,2,1
1771eb89-cd55-33a7-a7cc-da1591a64121,0,1,FC,1,0,1,9,0
bf8c0405-2d4b-309d-92ab-bb9bf3a3eddb,0,1,FF,1,1,0,9,3
979d20d8-2d12-3619-adba-9e834230ffc6,1,1,FF,2,2,1,6,3
e53a7c02-5d5f-31ce-aec7-ef61173d7f3b,0,1,SL,1,0,1,9,-1
f36f31a1-e36d-3eed-82c7-e9d7dcc470a8,0,1,SL,1,0,1,8,2
37fc3647-56af-39af-8016-aab5a8123fa8,0,1,FF,1,2,2,8,0
ec22278a-663c-39f5-a40f-cd19a291eeb4,0,1,SI,0,1,1,2,0
23371f72-b21a-3aad-8fd0-e52c4414beff,0,1,SL,3,3,1,7,0
f8fca22b-7fbd-311d-8f40-84df30aa7b48,1,1,KC,2,2,0,10,0
33b848ba-e606-341b-a0b2-274b8cf019f1,0,1,FC,1,2,1,2,0
c7e27bc1-f39a-32e9-a131-7e35e875e9e5,0,0,FF,2,0,0,1,0
d53766dc-9ff6-3997-96eb-c35334ce0ac2,0,1,SL,1,1,1,6,1
2f9c8003-e497-4628-b2c1-92f5ba8ab1d2,0,0,FC,0,2,1,7,0
9453384e-5d1e-437a-997e-37a01396112f,0,0,FC,1,1,1,3,5
a64f8b51-ff82-4b47-9163-5969d850232d,0,0,FF,3,2,2,2,0
18251d11-e16c-4963-b677-2c892b8251fe,0,1,KC,1,0,2,9,0
7ffccfce-4d6f-47f1-b842-c4770dac5949,0,1,FF,2,2,1,4,3
443e4423-a98f-4be4-92a4-38ecafa320f7,0,0,FC,0,2,1,2,0
db961d26-81fe-4874-aeba-7c4c48005451,0,1,SI,1,0,2,2,0
c6fa79b9-16f7-46d6-9e36-0c855129a35a,0,1,SL,0,3,1,6,4
25587cbb-23a2-4e33-92e9-bde1449439aa,0,0,FF,0,1,2,4,-1
49074087-dfca-40b9-8d3d-b86ad58b8c6d,0,0,FF,2,1,2,7,3
3decb9fc-7cd7-4aeb-a33a-23c7ad6f9a92,0,0,FF,1,1,1,2,1
cc747992-6fd9-4205-9461-a63c705c4a4b,0,0,ST,1,1,0,3,7
7b5b9c75-17cf-4faf-82a8-35809f96f104,0,1,CH,3,1,1,8,2
9aafbdac-e870-4345-942e-3133e487f576,1,0,SI,3,3,1,4,-1
81348d60-5ff4-4d03-9203-905ec264c2be,0,0,CU,0,1,1,2,-1
750c8820-b903-4a59-9a12-865bdbece5e2,1,1,CH,1,2,2,3,-1
79bb6ecd-3378-4c9b-8d23-d9747abcc56c,1,0,FC,1,2,2,3,0
22cc4b02-f5bc-4941-bda4-2af8d1de6746,1,1,CU,2,2,2,5,2
d0ba7de1-1fbe-48a7-bb75-542b1e1b6685,0,1,CH,0,2,2,4,3
313e8b8e-a5a5-4b68-bc74-5f57fdf28324,1,1,SL,3,0,0,3,1
f3d98429-7322-4758-9983-2bee8aa7c696,1,0,CU,1,0,1,1,0
b6f5b0de-c045-4b36-b70d-3cbbb40496d9,1,1,KC,0,1,1,5,0
6587dcc9-9d44-3613-921b-da04d6fad067,0,1,ST,3,2,0,6,2
a68c7283-23b0-3f86-9a72-847f29b58741,1,1,FF,2,2,1,9,6
78a4e28d-d991-3efe-b2ee-d96f60d8e70e,1,0,SI,2,2,0,9,0
895ac8cd-8a65-3b0b-80e9-04223aa8bde5,0,1,SV,0,2,2,4,2
7b928180-e53b-4ec1-817f-d45010f6e0cb,0,0,CH,2,2,1,4,2
4a4aae7e-770e-4b5e-a90a-f93e5aaa703f,0,0,FF,0,2,2,4,4
5b1fc3f1-798f-4e7e-ab3c-d9921817a7a0,0,1,SI,1,1,2,8,0
ad37b368-b196-48cb-a3c3-cf0af357ad02,1,0,SI,3,2,2,6,4
2af52fe5-3cb1-4165-8b56-cb654bfdd546,0,1,SI,0,2,0,9,2
903c3307-2e57-4452-810b-a19ca7b0fff6,0,1,ST,2,1,2,3,-4
720a57a9-5ad6-45bd-a1fc-f3c6dd7d01ed,0,0,FF,3,3,0,3,1
5255d35d-c2fb-4bc3-97b0-7de311dde2a8,0,1,,3,2,0,4,1
05fe5a4c-8ea5-4b44-a96d-c9f1b27c406c,0,1,,0,0,2,8,1
721912c1-b2b1-32c6-9908-1b921db7e9c9,1,1,FF,1,3,0,7,2
bce239b4-7233-3eb8-8a84-6d73880805b2,1,0,SI,3,3,0,8,-2
cc17c2f6-458f-3b31-96a9-76bbe3edf27c,0,1,FC,1,1,1,4,0
ec6a7b7f-b08b-3378-aa5d-9a0caf2111c0,0,1,FF,2,2,2,6,-2
835788bc-a8a4-40b0-a3e7-7947005ad5b9,0,1,SL,2,2,1,9,2
32012682-f336-45ac-8cae-8a97371500d1,0,1,FC,2,0,0,3,0
3c70aed6-e810-456e-973a-ea8b78cb4c58,0,1,SI,1,2,2,7,4
01c9b87e-e8b8-46e8-b1c2-45e479576ad9,0,1,FC,0,1,2,2,2
b257692b-0ff6-49cd-b976-4d2ba33ff47e,0,1,SI,0,1,1,5,1
7be78f92-0240-47f1-9d3a-8e1d9bf4287f,1,1,CH,2,0,1,3,3
437bf29c-6506-49c0-adf5-972ff5270e19,1,0,CH,2,1,1,2,2
1addf292-dab2-4e04-a37f-97068fec4efd,0,1,FF,1,1,1,8,5
dc63b66f-1803-4a5f-aa3b-4773a5086868,1,1,SL,1,1,2,2,-2
b4a63622-8e4c-4da0-a095-6f83ea80858c,1,1,KC,2,2,2,3,0
12a20444-c497-4575-91f2-fbdb0bd7bc1b,0,0,SI,1,1,1,7,-2
e85cdb51-6f28-4171-8e8d-4f4e41d9a21c,0,0,SL,3,1,1,8,0
12554e43-5ea1-427b-8228-3d23975ca05d,1,1,FF,2,2,1,5,3
3d957d81-a799-4587-85db-efcf6e4229d3,0,1,FS,2,1,1,8,0
b1911f01-9bea-4494-a873-3d35e88eae47,0,1,FF,1,0,2,2,0
56dd40b2-ad18-4606-89d3-260ccd2a31d0,1,1,,0,1,1,3,-2
df3331b1-9cec-4cad-89b9-9cded4fe8300,1,1,CH,3,1,1,6,4
fdad00bb-1e7e-4d55-834b-ee21259d5b37,1,1,CH,3,1,2,2,2
6eec9ca1-95fe-454a-be94-ec0646520378,0,1,FF,1,1,0,9,-1
7c66db44-47f3-45e6-b9bc-469be06c117a,0,1,CU,2,1,2,9,3
232232de-8705-381d-bab0-ecd711e78644,0,0,SL,1,2,2,9,-1
1c974960-bd2a-4021-92fd-ad715f38b4cb,0,0,FF,0,1,1,1,0
65eefdfe-ccc6-4858-8c9d-490f58d7c1dc,0,1,ST,1,0,2,4,1
e3c34415-17b7-424b-9df9-6b1d6cee56a1,1,1,FF,1,0,1,1,1
4f3032c0-3785-41f0-80fc-abe99f8b7e24,0,0,,0,1,0,7,0
9e001bfe-4ce1-4dee-9767-304e9921b850,0,1,FF,1,1,1,3,0
c15e4713-b722-4020-a610-23e1541938af,1,1,FF,1,2,1,3,0
168be0ae-14d1-4f16-bbf2-e0f78fd9c098,0,1,SI,1,1,1,4,0
e943ae4f-a69e-4cf9-a0dc-141355be2739,0,1,ST,1,1,1,1,0
3d895ed1-ee48-406d-88eb-3f7f86e00b3c,1,1,,2,0,1,7,5
a5373166-2111-453d-a1c0-f419be2b167a,1,1,FF,1,0,2,4,0
9e773855-0c75-47a9-8edc-d869816e9bde,0,1,ST,1,1,0,10,1
90826dc9-429d-4ee4-8f65-93f9be1171f1,0,1,SL,1,0,2,3,0
821d1e20-baf0-4b3c-9597-64d9c1b80970,1,1,CH,0,1,1,6,1
e4fb399d-ea22-4759-84a2-357e237b3961,1,1,,0,0,2,2,0
9c80deb4-f273-439f-81da-efc4e5ed6993,1,1,FF,2,3,1,2,0
a5185a30-127e-46ad-9914-95d056e35119,0,1,FF,2,2,1,5,1
6e7ce4f2-a6d7-4099-9dcf-b58f8e5b504b,0,1,FF,1,1,0,4,-3
c7b9a67d-822b-47ae-b1f6-5ddf91478ebf,0,1,ST,0,2,1,7,0
03e49636-be31-4c3a-a6a1-1a3fd0ff632b,0,1,SI,3,3,1,9,1
6a42d933-5d56-4816-82bf-97981ad8f739,0,1,SL,1,0,1,6,5
894a12b7-577d-46a8-af68-b61b82aedb25,0,1,SI,0,1,1,3,0
6681c119-161e-4e33-97b9-8eea8404a5ea,1,1,,1,1,1,4,2
49386e73-1a9e-48e6-844a-6ee1217d02b2,0,1,ST,0,1,2,6,0
9efdf661-dce6-41e9-80e5-5bf11e5362d8,0,0,ST,2,2,2,2,0
87639d58-738c-463b-86a4-73d00f0f535b,0,1,FF,1,2,1,7,1
f640e991-dcbd-4c05-8d65-109d152b78e2,0,1,ST,3,1,1,4,6
035128c9-daf3-4467-ac03-87f09af14130,0,1,FF,0,1,2,8,2
a0e0298c-2c5b-4c0f-90ad-53e0d319d807,0,1,FC,1,0,1,5,2
2dd41be3-ce0b-4e12-961e-2ac9e5971aa0,0,0,FF,4,1,2,4,-1
51bcc8ff-17c7-4a36-b482-529c1d46a612,0,1,FF,1,0,1,5,-1
2087bfb7-e31d-4920-be3d-01bdc0811358,0,1,FF,2,0,2,4,1
a4fabb04-daeb-409c-9d1c-34d8a4a8d442,0,1,,2,2,0,3,0
f45c3eda-3198-4798-a1e7-782ed87349a0,0,1,FF,1,0,2,7,3
4130d54d-d9c4-4f34-a371-317c92baf542,0,1,,2,2,1,3,7
359c8ba7-fec7-491a-aa8a-5de8716517ef,0,1,SI,0,1,0,6,1
647fedae-02bb-482c-ba51-d7dfd054a490,1,1,FF,1,1,2,9,1
4d97c03e-0e31-413b-bc64-0a45c0faefac,0,1,SI,0,1,1,2,0
cd196683-62a9-40ca-9295-399af6971927,0,0,SI,2,1,2,7,3
9a0789de-25c7-44e2-ad37-4c3d1eaac37c,0,0,SI,4,2,1,2,0
12cff95a-bc87-4f7c-a315-d1cfe28145ec,0,0,,2,1,1,2,0
f1385e4f-9a7c-3b8b-a46d-a5f2a90171f5,1,1,FF,0,1,2,8,4
014a8a37-183d-3142-8911-b4f41b9e18d5,0,1,SI,2,1,1,3,-1
79599d68-4676-3748-8536-ba5b2294caf6,0,0,,0,0,1,5,0
86fe1716-ed09-3e4c-ba8e-b6ab9f29d8eb,0,0,SL,0,1,1,5,0
cdc85479-6efd-3618-8332-a352a9f10ce6,0,1,SI,1,1,1,4,5
0a7383a6-6fbc-3b39-8743-6d7c5c2abd68,0,1,ST,0,1,0,8,1
54d9e581-bcd4-368b-9bba-a738a11ae73a,0,1,FC,1,1,2,2,-1
219b9e24-f8ad-3f15-bf5a-016a290d8fc7,0,1,SI,2,2,1,6,1
a929db7d-4d79-3b26-8153-3e1b56edb1e5,0,0,CU,1,0,2,6,1
5bec0ef7-fe24-36d6-9ac5-4c9aa02e8646,0,1,CH,2,1,2,6,3
466f4365-5b33-33d9-969e-381e8953d90b,0,1,SI,2,1,2,3,5
95c8eff8-b651-36c8-a722-1e6cd1b1b077,0,0,CH,2,2,1,2,0
41cd6baa-1691-3593-9325-9f96649e115f,0,1,,0,1,0,4,4
398c16f7-d5e4-307d-9724-01d1131baeab,0,1,SL,0,1,1,4,1
40a124d2-c407-4968-9d1b-e269e14aa50e,1,1,SI,0,1,2,2,1
8300e625-82a2-42e4-aed8-da8daa5fdc3e,0,0,CH,0,1,2,7,1
367d3c27-3522-4888-af2b-87eedc333d7b,1,1,CH,1,0,1,5,-1
09edeb9e-96f3-4552-acc2-fecfb07f21ae,0,1,FF,1,2,0,7,5
c554cfaa-a04c-41dd-9846-788c6345f10c,1,1,FF,0,2,2,1,1
85ba93a0-377f-40d2-ae08-c3d82376cb04,1,1,SI,0,1,1,2,0
47586b04-ed12-4eb1-a545-f567a270bdca,1,1,SL,1,2,0,8,-1
156f3c78-99a9-4730-844c-4b95f3d3f5f0,0,0,SI,1,3,1,4,0
9653c31c-99e2-4173-b1d4-d9f4c583a6e6,1,1,SL,3,1,2,13,0
4e95d06c-08b7-45eb-885f-c6e55ce6cbe4,0,1,SL,3,3,1,3,-1
de2918bc-0253-4ca1-94ea-9a67a5d970ac,1,1,CH,1,0,1,9,4
884e6887-288d-48a1-b540-80f69af78c2c,1,1,FC,0,1,2,5,4
99531fe6-b170-47e9-846d-d5611ab66f20,0,1,ST,2,1,0,7,2
6a22d2d9-41f0-4a55-844d-f3bccde7c2f1,0,0,FF,2,2,2,8,-2
eabc5f82-d148-4311-bb7e-46ea486786d7,1,1,SI,1,0,2,6,5
e20feff8-7fc8-42db-b877-13492b4cfbbe,0,1,SI,2,2,1,1,4
6685561f-7877-43b9-bd1f-52d280f72d58,0,1,SL,2,2,1,7,2
45b5a5e1-d51c-4c57-8023-fccf4640a5c5,1,1,FC,3,1,2,1,1
f005ed5e-ee06-4fab-826e-1b7f4db6d3ca,1,1,FF,1,0,2,1,1
00acc194-3e32-441c-b594-e0f63c0d6fbe,0,1,FC,1,0,1,8,1
8e7800e4-bd23-4004-9dba-29e414878630,0,1,ST,2,2,0,6,2
fd2b97d6-42b4-42a0-9057-c3d7749a301f,0,1,FF,3,1,2,3,1
97c353f5-09fc-48ea-94d4-25d7b7d43bff,0,1,FF,2,2,2,3,-1
e18b0079-6e5b-4327-a771-d9e159c64964,1,1,FF,1,0,2,1,1
68844fc7-b1de-455c-8984-e8c2e3bda985,0,1,,0,0,0,1,2
44ea6d27-772f-4fff-80b7-00be9bae56c7,0,0,FC,3,1,1,3,2
46f1a949-98e9-4642-8d6e-43a00b481130,0,1,SL,0,1,2,9,-1
73ba1305-7499-4d97-b31d-8235a55ab733,0,1,FF,1,2,1,3,3
b297271e-bc9b-4ae8-b9c2-690a267b2b57,0,1,SL,2,2,2,1,1
cfccee0f-569d-3d35-9b59-f85f0ac57f0a,0,1,SL,1,2,0,5,2
3e1b723e-0292-3422-b0b7-99a32a0f982f,1,0,SL,1,2,2,1,1
6b689c88-1d2f-3fc7-8529-4cba2edfaf9b,0,1,CH,2,2,2,3,2
bfa3ef00-8230-3de3-8c44-2c69a121f11b,1,0,SI,0,1,1,6,-1
c95ccfe2-657d-334f-a163-fac667ad782e,0,1,ST,1,0,0,4,2
e5168e41-49ed-3518-87db-1d7a5b55abea,1,1,SI,1,0,2,4,2
56c1d585-596e-3edc-99f3-ea946a983a68,0,0,CH,2,2,1,9,3
60475a27-a3e4-45a5-8cf7-136489ca2bda,1,1,,1,0,1,2,-1
c1d3979a-3ba4-3ef1-b1fe-15b87808b5e2,1,1,FF,4,1,1,2,-1
fcc87f5e-ea9b-39ee-876f-e09dc8217f03,1,1,FC,2,2,0,8,3
ea3a92d5-c03a-3821-a9e2-4f5dd9be33a1,0,0,FF,0,1,2,9,1
080059a2-5e14-317d-a376-79d3376482f8,0,0,FF,1,0,0,4,1
e893d0f3-d2ce-3a2f-8081-4bc7754e54f1,0,0,FC,0,1,2,1,2
1e088d7f-1a6e-3e5c-ab00-6ceeb3ea75c0,1,1,CH,0,3,0,5,4
273012e5-81ca-3b1f-b853-16404accdb25,0,0,FF,0,1,2,3,2
9fd4525f-95f4-3e13-a5a8-202936b75170,0,0,FF,2,1,2,1,1
30815311-d55f-3ad0-b53a-dd290d476aa4,0,1,FC,0,2,1,5,2
9882b429-b83e-33ec-ad70-af0c3b90c127,0,0,CH,1,2,2,1,1
ca55a6a0-a88d-37b6-81b2-39a8e7edb018,0,1,SI,2,0,1,4,0
695e8909-76ad-44db-9d86-ac3da55bdfc6,0,0,FF,1,2,2,1,0
d9f6fd07-8de7-4d31-a725-646ddd757a5d,1,1,FF,3,1,1,1,0
33645219-2a80-4aa0-a969-aa96975559c3,0,0,ST,2,2,2,7,4
0120cfc1-2257-4ee1-8c9f-a880149fe11c,1,0,ST,2,1,2,6,-1
b0111503-d09f-4d68-9cfb-e95633112fc9,0,0,CU,2,0,1,1,0
5f42c454-4e22-30ec-aae0-74984d5d20f2,1,1,FF,0,1,2,3,0
1bebd1e4-1faa-395d-824f-0cb1fb16a5f6,0,0,ST,3,2,2,1,0
e5ebe787-8a16-3df2-a6ff-121d75ada981,0,0,FF,3,1,1,5,-3
06711776-ec0d-33ba-9cec-ef78f1adf023,0,1,FC,0,1,0,1,0
3e748302-786d-39d0-a00d-578e60197a51,0,0,FS,2,2,0,4,5
61ae2a49-6ed3-3d10-b343-322229093f86,1,1,SL,1,1,1,11,0
55298377-a5a9-4421-aeee-f27cab5630dc,0,1,SI,2,1,1,1,0
c13eda91-c461-4f19-b73e-24f8741c35ec,0,1,FF,0,1,1,4,2
19835a85-254a-4f60-9425-db9492d218d0,0,1,KC,1,2,2,1,0
5e28dee9-b981-4024-8cc7-14435be22875,0,1,SL,0,1,1,2,-4
5d4ff3b5-cc91-49d8-a4d6-b0d6ac936e72,0,1,SI,0,2,0,8,0
cfb4ab47-4b1d-4250-ac55-dccd7b310b0d,0,1,FC,1,1,1,4,0
ec90215a-d189-4847-8519-fa0122f921b4,0,1,SI,4,2,0,6,-1
7c8371b5-5713-4940-bc6e-daa7d1b908c9,0,1,SL,1,1,1,7,4
eebdf4ea-6a5b-4065-8925-93fac8125c87,0,1,FF,1,2,0,7,4
5e0ec7a1-d9a6-4ab1-8a61-b9ec0884a4ef,0,1,FC,3,2,0,2,-2
bc78f4d6-f717-4262-a3b4-8fb6e2d35d94,0,1,SI,2,2,2,5,-7
645cad1f-756c-4b0b-a468-fb197df95ad1,0,1,SI,2,0,2,5,-7
174a25a6-7654-4d7a-82f4-dba753801684,0,0,CH,3,3,0,4,0
567ab852-16d3-4391-9d6f-154a2e10ace0,0,1,SI,0,1,2,2,0
85d4f532-09d8-498d-bf95-fbba5020be6b,1,1,FF,2,2,1,9,4
4fea49db-58a2-49d6-9ebf-810aa2aceacd,1,1,SI,3,1,2,9,4
1e097e60-2c4d-4ea6-a4d0-eb6d0a82adc1,0,0,FC,1,2,0,5,4
e6dea604-9ddf-49f5-a82f-24d2a0f366b0,0,1,SL,1,1,0,7,0
b451a8df-5e17-4226-934d-b921804f4e8a,0,1,SL,1,1,0,3,5
515dcf7f-f7bb-4ad7-b10a-c5b3871d67f7,0,1,SI,2,1,1,3,3
0c7a4758-8bdb-4654-af37-977fa5b2acd5,0,1,FF,2,2,2,1,1
10c43787-d1f2-4621-b028-608dd74f7b8b,0,0,SL,1,3,0,2,0
12ce454e-8fe5-4177-8bae-c42b719d0ae9,1,1,SL,1,0,1,7,4
7c2a5fd0-09a7-43b8-87be-f3158b656648,0,0,SV,1,3,1,5,2
55571e12-63cf-4f92-9a1a-d6a841ae9fdd,0,0,FF,0,1,0,5,2
e24f2013-2db0-4a1e-a306-588c8c2739d5,0,0,KC,2,2,2,4,-3
54c020c8-ef0e-4aab-b844-cb3d5593d56d,0,0,SL,3,3,1,2,0
39e9ee08-aa3f-46f2-a585-91896e0d9445,0,0,FF,2,1,2,7,-2
34979dc8-3de0-46d0-aaef-a58d9b7decd0,0,0,ST,2,2,2,2,-4
1359d5ff-24cd-43c4-bb3c-adee2635588e,0,1,FF,3,1,2,1,1
5c82d853-03b2-4c85-bb2b-23ba348cf970,0,1,SL,1,2,2,4,-3
dbf3641c-a446-4040-80ae-2d6326385f76,1,1,,3,2,0,6,4
b4048c7c-2815-4b80-b9a0-c5734a8714ac,1,1,FF,3,1,2,9,1
3d83ae3c-9f68-4299-8222-8523000a0b7f,0,0,,3,2,1,4,-2
b1dc7ffa-79b5-4d15-b178-2678917e8e4f,0,1,SL,2,2,1,4,0
f541989c-daa9-45fe-a84c-7fda546da436,1,1,FF,1,1,0,3,0
152e738b-01b5-48a7-a177-960892acda45,0,0,FC,2,2,2,4,2
de2d2994-98f5-4569-a148-d5f6e9899cdf,0,0,FF,1,2,2,5,5
91dddebe-9480-49b4-af60-a7df5e3874f0,0,1,ST,0,2,1,2,0
23369460-e8b5-43f0-8e4e-097814cf6729,0,1,SI,2,3,0,5,2
28632df7-7ff8-4aab-96a2-245e608a853e,0,1,ST,1,2,0,3,-1
710b39f8-134b-4a18-8fa6-cfe659a8cf6f,0,1,SI,0,1,2,2,0
82fe8cdc-8ad2-48b8-9385-30f2f052a324,0,1,FF,3,1,2,5,1
663dbaae-2a88-3a2a-a4ed-7e2611fcc81e,0,0,SI,1,0,2,5,-2
c7a8e5cf-a4c4-3aa5-a1e3-f0c6e2cc9cb4,0,1,SI,2,0,0,5,1
28fcc6d8-07dd-3764-8698-a7d1dc476f10,0,1,ST,1,0,1,6,1
70b7de6f-dca1-3111-8ca0-279ad0c2ef40,0,1,SL,1,2,1,2,1
d3231fdc-2a59-3e2a-ba10-51be4918ce00,0,0,KC,2,0,2,2,0
eef50cab-5a84-3c3f-8735-c5f0a501595a,1,0,SL,2,2,1,7,-2
453dfc66-740d-421e-8ba9-7d8ede46dc10,0,0,,0,0,2,4,-1
d8812f85-8bd8-3a15-bdd2-44ba9b60cb02,0,0,FS,1,1,2,10,2
f8c40b5b-0cfc-46ca-a8bb-525b2b6c357d,0,0,SL,3,3,0,3,0
c71c9434-4490-47d9-bbcf-13a32881f7cd,0,1,ST,2,1,0,3,0
1663d223-aae3-465a-8a49-e52fae8339b6,0,0,FF,3,1,1,9,-6
d5b6794b-8af7-49c8-8301-9a161c5a81f8,0,0,KC,0,1,1,5,-1
cac8c4bb-0f58-4be8-a150-66a5fe91622a,1,1,,0,2,2,3,-1
6efaf186-6779-4457-8750-d7fa9f5f3c9e,0,0,SI,1,0,1,5,0
c00bedc5-a111-4d19-a303-0dd6d30ea8f1,0,0,,0,0,2,5,5
8b9b515f-3bb7-4213-9bcb-fba194465e08,1,1,SI,3,0,2,6,2
e22619d6-2c48-4a22-a83c-b87ce55b6eac,1,1,SI,3,0,2,3,-2
b1679c58-133a-45eb-8663-089bed799733,0,1,FC,1,1,2,4,4
1dbf96f5-6b8a-4e83-b2ef-0a560e477534,0,1,,1,2,1,9,2
4755a9d7-dba8-44c0-8ee0-2d046724c74d,1,1,FF,1,1,1,6,5
4b3c2c43-3a34-47d1-819c-a0df5737b4a4,0,1,KC,0,3,1,5,0
ee8a9e37-31c9-4fd6-8d63-2c61055bc73b,0,0,CU,0,2,1,8,0
6d301f94-27f6-4ff2-b353-26cc1e8e7904,0,1,ST,0,2,0,8,-1
4034fb0e-aa89-4625-8150-cb40dde0feb7,0,0,FF,2,1,0,7,0
9751b516-5584-4505-bd63-23820848cecd,0,1,FF,2,0,1,9,0
f2cead3a-30f6-4673-b3c3-b436520f57ad,0,0,FF,1,0,2,8,1
fa9344bd-1cbe-4e42-ba33-7169e1711346,0,0,CH,0,2,1,7,5
64f6c634-b150-471d-851d-d65ff9fbaf41,0,1,ST,1,1,2,8,1
d1bae723-0f1a-4405-8f63-b1ac206dc25c,0,0,FF,2,2,2,2,0
83ab6dfa-fdb0-4bd4-8e9d-82ac1b70159e,0,1,CH,0,1,2,6,-1
18f6bbe6-46fb-478b-9a31-c7a5d429735c,0,0,CH,0,1,2,5,4
20382915-91f6-49f3-a243-c5bcb9619685,0,1,SL,2,0,2,1,0
ae362794-0952-4fe4-b36a-cabec58ceb66,0,0,,0,1,2,1,0
00c9d484-2c8d-457c-bf0c-03e857184b06,0,0,FF,3,2,2,8,0
bcfb0721-b421-4e17-9ec1-71218f588a3d,1,1,CU,3,2,2,1,-2
7fca5cc3-27c1-4ba5-bed5-799256f2999c,0,1,FF,1,2,2,6,-5
9502b768-3838-44bb-8cbd-e9466db3559e,0,1,SL,0,1,2,3,2
d18442f8-47a3-36f2-a5be-497d4f661f35,0,1,SI,1,1,1,8,6
387d4eab-fdb7-355f-a16c-c613c60ce605,0,1,FF,1,1,1,10,0
c5e18d3d-7f73-3140-91d8-bbca2114b5d9,0,1,FF,3,2,2,6,2
10408d5d-0f28-4f4a-95a1-b57c2928860d,1,1,CH,1,2,1,7,2
632af8af-6638-44aa-8331-10a1d01976f7,0,0,FS,1,1,1,8,-1
1f573606-e8d6-4f10-8f8c-c18065aa414a,0,1,,3,2,1,8,-6
664f26d6-d243-43dc-8aed-036c1e46db16,1,0,FF,1,2,2,5,1
9a7c49ca-16e7-4931-bbdf-619f85741b9c,1,1,FF,1,0,1,1,0
0bd6a20c-3396-434e-8613-097d6afecab8,0,0,FF,2,1,0,8,6
a704c828-17aa-4c8f-b701-ddabb042e95a,1,1,FF,2,0,1,9,0
40963f0c-f974-4063-b528-4a169fde2bed,0,0,SI,2,1,1,4,-2
5debef1a-83cf-4593-b1e5-1c75249221fe,1,1,FF,2,1,0,5,2
c0a6d031-31b8-443c-88ff-4aea2e9b2279,0,1,KC,0,2,2,3,0
d1d6537b-0c02-454c-ac6a-d1f36271b482,0,1,SL,1,0,2,7,-2
3cee465c-c201-4449-985e-c932935b5d20,0,1,SL,2,1,0,8,5
50984c6d-6b84-42c1-a59b-a16ac8ef1d27,0,1,SL,0,1,1,8,3
1e2133ab-bbf6-410d-9656-82869ab685db,0,0,FF,3,0,2,5,2
ac7bc46b-3791-4f32-b0bb-ed5a8853bbc1,0,0,SL,3,0,0,9,4
21c14fc7-6048-48c1-81d8-1d10d82f31d9,0,1,,0,2,1,8,-1
c099ce22-5769-32d8-951f-0b2c808f7578,1,0,SI,1,1,1,9,-1
a4e958be-3232-3b62-a849-fad82b5872b2,0,0,FF,1,2,0,5,-1
d549a272-16ba-34eb-b12d-607e02e70ef5,1,0,CU,0,1,1,5,1
fe5c0af9-1a63-3c28-ae84-9a1f6d7fe426,0,1,SI,3,1,1,3,1
34318625-f2f4-3d12-ae1b-7ca67a6ff0d7,0,0,SL,1,0,1,4,3
4250acc1-101d-3da0-8308-ab56bc42cd22,0,0,FC,1,2,2,10,0
45baeeb2-cbdd-3198-8938-a3faad84966b,0,1,FF,3,3,0,5,-3
6cb0354f-66c6-316c-81f1-060d60e8d6b2,1,1,KC,1,0,2,7,3
bff35c8d-6827-31ab-9f91-ab3e0fe1ba78,0,0,CH,1,0,0,7,3
dd0e7c00-02ee-30af-9d19-21dd45b5e437,1,1,CU,1,2,2,3,5
e7245119-e416-3bc0-8a91-cb6485798faa,0,1,FF,1,1,2,10,0
a7ed9a5f-2d54-3fb0-a678-41687dfb790e,0,0,CH,1,0,2,7,6
e1829cfd-1809-382c-a99a-475b18e29db7,0,0,FF,2,1,2,6,2
ff5253ae-e4d3-3142-b589-3c482bfea9e9,0,0,FF,1,0,2,6,1
ae3f62f4-6412-3d74-a34f-a9185304723a,0,0,CH,1,2,1,2,1
3243a644-65fb-3740-9868-9428dc0a595f,1,1,FF,0,1,1,2,0
15bd4da8-c427-4c4d-a319-fda90cccaf0c,1,0,,0,2,0,6,5
bd21d5ef-066a-4b98-9826-b67044b5b6e5,0,0,FF,1,0,2,6,2
546f0f05-26bd-42df-b409-fb6033e96fb7,0,1,SL,2,1,1,8,5
fff8fc80-5316-47f6-96db-78a2c9758acb,0,0,,0,0,2,2,-1
c7e83aca-4059-42f7-80ae-98201a545b76,1,1,SI,2,1,1,6,1
71d4c6d5-6d47-4e49-80ee-2a36f95e2c8f,0,1,FC,2,0,1,5,4
d6785f14-c452-4488-9d24-c72aa9c14d16,0,1,FS,3,2,0,5,3
8cfe48cc-e878-4482-807a-4dfa3d838f2f,0,0,CH,3,0,2,4,1
4351be6b-5ea3-43dd-88f2-0dd6fa2f4296,0,1,SI,3,0,2,2,2
fcdd0d1c-f923-453e-a510-714618d67a06,0,1,SI,0,1,2,2,0
41dd2d7a-bce5-47fc-812a-5f4e62acba52,0,1,SI,1,1,1,9,-2
bcc8236c-25b8-4061-b958-d9f133e3455f,0,1,FF,1,1,1,8,-5
ecdcb558-4a4d-4b43-8920-b971077907e0,0,0,FF,0,1,2,8,1
4043d6f3-5fef-44c7-b936-92b1f931e497,0,1,KC,0,1,1,7,0
c64a7018-8d6b-4848-a594-a62037555a22,0,0,,1,1,1,3,2
b3d4aa03-2beb-45d0-8c5e-065145c0549e,0,1,SV,1,2,2,2,1
081913df-9691-4537-bb7d-a0868b512414,0,0,CU,3,1,0,6,4
0912b762-49ee-4bc8-a7c7-7ff1e28dfe5d,0,0,FF,1,1,0,6,4
62103a69-8e22-4ad6-9621-960bc3946bc8,0,1,SI,4,1,1,3,-3
53af3548-af92-4745-a88c-fec2a4e11d76,1,1,FF,3,3,0,2,0
5775500d-0714-4a3e-9b0c-ee50eb49265e,0,0,FF,0,1,1,3,0
bf8eee8a-2473-4185-90f3-6a052acf5a3c,0,0,SL,2,1,1,3,0
3625c0a8-c98b-45e7-919c-965f1e0e3b61,1,1,,0,1,0,4,1
0a89fd71-7838-4f31-96ea-aa67ff0a8515,0,0,SI,1,0,0,4,1
b95a0f6d-bd83-47a3-8e50-320aae61fb38,0,1,SI,0,1,0,3,1
8507367a-f42d-4584-bfe0-898eac668d69,0,0,FF,1,1,0,3,-2
ceda9c36-defb-4309-bb67-acad76461e43,0,1,FF,2,1,2,7,3
4064c109-0ce1-4143-ae25-6284e668ae9c,0,1,SI,0,2,1,7,-2
e5449cbd-e770-44b0-b7bd-195bf1ae921c,0,1,SI,1,1,1,8,1
b7d8ff16-d521-4aa0-9cfc-b80313840253,0,0,SI,1,1,2,4,1
501cbcdc-283f-4115-8fba-61a98a2e17a1,1,1,FC,1,2,0,2,1
37425f00-5e87-4cbf-b4f7-a671155e1447,0,1,ST,3,2,2,1,2
b40a7ce0-3bf4-4d71-9d17-f3687f9e392d,0,1,FF,0,1,2,4,-2
ce064e87-7174-4495-ac28-34574c2cc1b3,0,1,FF,0,2,1,7,1
b6250c10-211e-498e-8bf2-c6467df7b6fa,0,0,FF,1,1,0,9,3
ed3072cc-6281-463e-b913-446d236b8f94,0,0,FF,3,2,1,3,-1
5178e29c-f4f5-468b-82fd-e987807671d9,1,1,SI,0,1,1,5,3
af02b4e5-ec40-4d5d-a374-d220b15bb085,0,0,CH,1,1,1,8,0
758b97a6-9492-44de-b4fe-b5a400329bb6,0,0,FF,3,2,2,1,0
5f8481b7-2098-47f1-8be3-7c55d1df86e7,0,0,SL,3,2,2,3,-2
5525227e-238c-4956-a45a-151631255bcb,1,1,CH,0,1,2,5,1
1640c828-0c13-4d71-8993-0d24d13f0c8c,1,1,KC,2,0,0,4,0
1eb77f26-9bc0-41bf-b4f0-6ff3b781a43b,1,1,SL,3,2,1,7,2
48814f86-63c7-44c9-9cc1-b9e308897cff,1,1,CH,1,1,2,8,0
b6f71825-0d4c-4bca-9247-82efaaef4af8,1,0,FF,1,0,1,6,6
f0d430f0-3c4f-46ef-860d-060b9ce6c0a4,0,0,FF,2,0,0,6,4
081ebde8-f84f-450d-831e-ff44dd268686,1,0,FF,2,0,2,8,0
ce74121b-95c7-41d9-b465-190a41e45dca,0,1,SL,2,2,2,9,0
f5eeb0dc-27a8-4bc1-8dcc-fa872d405377,0,1,,1,2,2,4,0
fccecdeb-6114-4e42-98ea-3cd81938a328,1,1,FF,3,2,2,1,-1
85e33184-9975-42a9-8940-3c90636529d4,0,1,SI,1,1,2,7,0
4e516cc4-2bf7-4f50-9f59-1bda5d607e20,0,1,FF,0,1,2,9,0
8cdaf764-cb66-48e2-a1ba-637b4db153b6,0,1,FF,2,1,1,7,-1
006aef2b-be3d-41ed-818e-2a97aa55a6f0,0,0,FC,1,0,2,9,0
edbe0f2c-c93d-46f1-9162-3ee9b167be83,0,1,SI,1,0,1,8,1
7a8fbf89-18ec-4936-b99c-92327d16de22,0,0,SI,3,3,1,2,1
c0b6b8c4-9167-4e13-8faa-515f018ac410,0,0,CH,3,2,0,6,3
38567752-44f3-4005-a557-8547c9be618f,1,1,FF,1,1,2,3,2
7e555a39-9a03-4caa-8b79-5b78bb1ef2b6,1,1,FF,2,1,2,1,2
c0a5998f-03c9-4aff-83aa-982512155e4f,0,0,CH,3,2,0,2,1
a38d7afc-0444-42c2-b45e-8107729d675e,0,0,CH,3,2,1,3,1
9ca67b08-be95-4fd1-8d59-1b61f89ce7a7,1,0,FF,0,1,2,1,1
32fe8965-0030-4584-aab4-13d1ff56bdc7,1,1,SI,1,1,2,1,1
c2555c4d-d76e-4b1b-b581-41033d601df6,1,1,CU,0,1,1,4,2
28871bc6-d5af-4160-a00f-8a7b75aa8ca3,0,0,SL,2,2,2,5,2
360b07a4-ff2e-4b5a-94f6-37432653e44f,0,1,FC,0,1,1,6,1
12ac7641-fafc-4694-b1b5-c98a5af3d2cf,0,0,SL,1,3,1,7,-1
dcef82b4-4b1a-4960-b71d-030df28e278f,0,0,SL,2,2,2,8,2
970b49b9-f01e-4fef-953f-a591ace9ac0b,1,1,CU,0,1,1,6,-1
90baf546-2134-45d2-b8c8-1feb2a151fc3,0,1,CU,3,3,1,3,3
6e5d0485-3025-40b9-80e3-632bc44d4b37,0,0,FS,2,2,0,6,-1
ca89d715-e53b-4e81-b45a-3e29083b4f87,0,1,SV,3,3,0,2,0
25aa6f46-a2bc-435e-9e0d-01ffaa3cc455,1,0,SI,0,1,0,5,4
c09cc17b-37a2-4aea-85fd-6ffe3237119f,1,1,,0,2,0,5,-4
dc3423ed-6b0e-4972-8df7-b88951e60357,0,0,FF,3,3,0,3,2
0123dc0e-b6e7-4316-bac8-d7749d3debe1,0,1,FC,2,2,1,2,0
9f845974-59be-4a4d-a971-e70fad03ea2e,0,1,SI,2,1,2,5,4
fb877b8c-b461-4d3e-a97e-946a82f04258,0,0,SL,2,3,0,8,3
020c3760-6c27-4bce-a0c6-dfaa94c7f339,0,1,SL,1,0,0,7,-2
82aa5bcc-c757-48f2-a1f4-60d7f1d22089,1,1,FF,1,1,1,2,0
bf24608f-c6fc-4e2d-8f87-18f59c102bf5,0,0,SL,3,3,1,4,1
fa8c159b-cf08-3ec2-9664-344641063ecc,1,0,SI,2,1,1,4,1
cbbb2f73-c553-3be5-a6d8-cd01bb46c427,0,0,FF,2,0,1,1,0
68cdca54-c34b-3fdd-a145-2d8b18300680,0,0,,2,2,1,1,0
d03c28e1-00cd-3bde-9bdf-35ce1f468f69,0,1,SL,1,2,2,8,-2
defcee16-c5e9-3f61-9ab4-b09c7c562fe0,0,1,FC,2,1,1,4,2
31667c64-cc84-3440-bc77-67c9bd1c6432,0,0,FS,2,2,2,2,-2
2da16207-c4f7-3f1f-a07e-f57654a15edd,0,0,FF,2,0,2,1,1
32661002-e043-3d31-8f37-094c25c7ea0f,1,0,FF,2,0,1,6,0
81119b61-b25a-3f14-affc-5dfbc5c8ea32,0,0,FC,1,0,0,6,-1
85206b6b-e9c1-3129-8b0c-12a62603c3e1,0,0,FS,2,0,2,6,4
dc89af12-99b0-3644-ac86-a7d79a01ed8d,0,0,FF,1,2,2,4,0
be5ee9c1-98f2-3cca-b881-0c6bad74545f,0,1,FF,1,2,2,1,0
32b2c88a-8021-3aae-b761-5634ce04457e,0,1,FS,2,2,0,6,0
bc6d6e51-8caf-337e-93ba-fdb40a74fb5e,0,1,FF,2,2,1,5,1
23756f54-d539-3191-9968-660e89be1379,0,1,SI,1,0,1,1,0
dd6a04ab-dc4d-344f-9290-dfa410cc161c,0,0,FF,3,2,1,1,0
353210fb-a3af-34d9-903c-f92fd377ef0a,1,0,ST,2,2,2,6,2
ace59ff8-1dc3-35c2-8fa4-7239c9b615f2,1,1,,1,2,1,4,1
d5dacb06-60e9-48b1-bb46-769904ad32ac,0,0,CH,1,2,2,2,-1
9abf9785-ed73-4c30-8b2c-505f6cbc09df,1,0,,1,2,1,7,-3
9fd8d82a-7782-4f79-ab90-17a8a53abaa8,0,0,FF,1,0,2,3,3
97ef0a5b-a522-4646-b160-8603f27026dd,0,0,CU,1,0,1,1,2
fd3930eb-698c-4e44-8d3d-9e34acd36127,0,1,SL,0,2,2,7,-5
313b6acc-e537-4890-bab3-6d3729ae16e2,0,0,CH,2,1,1,2,1
62020a33-788b-4736-a587-624e29a4ea68,0,0,KC,1,1,1,1,1
f78083a8-3c3a-403f-8a76-cafc2ae9078c,0,0,FF,3,0,0,4,1
5a6a25d7-8d95-4921-be09-706951381a40,0,0,,3,2,2,7,-3
7689f620-f48d-419d-afcf-a146cde008be,1,1,CH,1,0,2,3,2
f9bd7a49-3162-42b6-83f5-c77b30ce9662,1,1,CH,0,1,1,3,2
226b1ac2-7117-499b-a1dd-2846a0831498,1,0,ST,0,3,1,1,0
46c6cd95-58a5-4c84-9e0f-e2924dc03dcf,0,0,SI,3,2,1,1,0
6ef859ea-61d1-4ace-8eea-b563274728c2,0,0,FO,2,2,2,7,-1
1b0ce9a6-f3c5-48bf-9ea1-1a9f7fee28ff,1,1,SI,1,1,1,10,2
4234d4da-74b7-4c38-97f3-0fcc0ad0c0e3,0,1,SL,0,2,2,4,0
ce1d7b3a-78a5-496e-b95f-48ead060790a,0,0,FF,1,0,0,6,1
337028b8-9f93-4611-9491-7f6ebc2c2595,0,0,FS,3,0,1,5,1
648d2fb9-6502-4df6-82d5-bbe5f925c111,0,0,,3,0,1,5,1
6b5069db-b149-4da7-8525-e010ff72a480,1,1,CU,0,1,2,3,1
3daadefb-4fc3-456a-a722-378f741e9c13,0,1,SL,0,1,0,7,2
9a4ac3ff-e573-44b3-85d1-1b34bd900dda,1,1,CH,1,0,2,1,0
8665f9f2-5ff5-4f92-b629-99a20247d0a9,0,1,ST,1,0,2,4,6
ebe1b00d-496c-49b5-b3cf-85f331bba6a7,0,1,FF,3,1,1,3,-1
0d34e294-0a90-4a1b-9b8e-cb18fee51f6d,0,0,CH,1,1,1,6,2
795c73b2-a5a3-4d46-b6b4-c116bdf2d5f3,0,0,FF,2,2,0,6,0
6602f52b-8bf8-420e-8a1e-4062be8972d7,0,0,CH,2,1,2,8,0
fb658102-d9d5-4f8b-8c74-a40481f3bcf9,0,0,SL,3,1,1,3,1
9e7af03f-46fc-4ef2-a731-5307427f621f,0,1,,0,0,1,1,0
e312addf-dadb-462c-aebc-b50236a78c9e,0,1,ST,0,2,1,7,0
9aaab2e2-0d83-4887-8b0d-49fc960a0f1f,0,1,SL,3,1,2,9,-1
812a6269-9662-46af-b2a7-c2b64b141b4a,0,1,SL,2,2,2,7,0
ad34b013-af75-4bb1-b119-31b59f0fdb07,0,1,ST,3,3,1,4,0
bdabefca-2319-4747-bae4-1a010af80823,0,0,SL,3,2,0,9,0
5901bd7f-bb29-4fb7-b32c-bd57e9957a22,0,1,SI,0,1,0,6,1
a7a0c94f-05d3-41dd-94d0-0b032c301a4e,0,1,FF,4,2,1,3,-1
9d20ed1b-44a0-44b4-a78d-84352a712875,0,1,FF,1,2,1,4,-1
deaf8efd-62f0-4356-9097-b8e2b199212a,0,1,SI,3,2,2,2,1
9606d862-b214-4c21-b305-18e0e85f055c,0,0,CH,1,1,2,3,2
a786387e-55d7-4ff0-9aaa-b8ea6948bd52,0,1,SI,3,3,1,1,0
285fdf64-72e1-470e-baea-88e7421e1049,1,1,FC,1,0,2,5,2
f0ecc6e5-932a-4e89-b297-1e0849e92bb2,0,1,FC,2,1,1,6,-1
1518e11d-7999-4a00-9430-e05884d159cf,0,1,SI,3,3,1,1,0
fdc1e28f-0b3b-4e72-9c4a-d48f38abc52a,0,1,FF,0,1,2,3,1
95217db7-7d2b-4b34-b266-d7660b1dedc8,0,1,SI,2,2,2,5,-3
32d40f89-ce15-469a-9551-b7948a348016,1,0,,3,2,2,9,2
c0a2eda9-636a-42f7-b2fe-8571b7afa840,0,1,CH,1,0,0,9,5
ff0f445d-6e1e-46ad-bffd-1e8baec40bb8,0,0,KC,2,3,1,1,0
a36953f5-963f-4bd3-8827-10f014514825,1,1,CU,1,0,0,9,2
87b9fe41-ab1e-40f3-a1cd-ed2e29d15f21,0,1,SL,1,1,1,4,4
8dadcca8-86e7-47dd-9e62-69755c2a47fd,0,1,ST,1,2,1,6,2
cd3a0eb7-d930-4a7e-b977-6987c7f3bd76,1,0,FF,0,2,1,1,0
eda3d076-676e-4822-a6d6-d2d5cc54b8e7,0,1,SI,2,1,1,5,1
08ad5ea4-9ffa-4279-8234-821947144fd2,0,1,SI,1,2,1,5,1
98643251-9dad-4ce8-8c22-e7a96894fd7c,0,1,,3,2,0,3,0
51d5d7c8-aecf-4558-b7dd-630d16fe1d04,0,1,FC,1,0,2,2,-1
bdb833e1-af77-4b68-a98c-8252d7bba6a8,0,0,FF,3,3,1,3,0
0bae9bd3-ad1a-4088-a0cc-78d068277baf,1,1,FF,1,2,2,3,-2
422b8194-47da-38fe-ab06-922413812710,0,0,FF,3,3,0,8,4
dcc91b7d-5351-3083-91bc-11a87c3238b9,1,0,SI,1,0,2,6,3
b322e281-f104-4261-b5e7-f369888b9224,0,0,SL,1,2,0,6,-1
8e821af4-f745-4db2-bfa1-ea9098580ce1,0,0,FF,0,3,2,4,-3
14bda401-7df7-4e5c-95b2-12fa75b0ecce,1,1,SL,0,1,0,2,5
c9e67e9b-f6bd-4947-a3ce-3bfd1aab0b87,0,1,SL,2,0,1,3,-2
de6cf982-a339-4e8e-9b96-84e1beec7da7,0,0,FF,1,0,0,1,0
f5fac43e-b750-48fb-8073-c3b84b27b4d0,0,0,KC,2,1,0,1,0
d87f9ab8-5aca-455a-a539-d8b888749d49,0,0,SL,1,2,1,7,4
65de9962-1b06-485c-b98a-0dd11e127612,0,0,FS,3,2,2,3,-4
be6af2ce-1422-41b1-bb5b-d7a5264579f1,1,0,SL,2,1,2,4,1
3952f5b0-b8f6-4059-b7d7-ec3a5f467926,0,1,FF,2,1,1,5,1
d0c8ea79-398c-4507-95d7-22163cdf0e79,1,1,SI,1,0,2,3,-3
9a80495e-0c09-41c2-b067-521a833b8137,0,1,SI,2,1,0,1,0
f96d5203-b8bc-43b1-a64b-e6708e9cd331,0,0,SL,1,0,2,8,-2
301f6b86-7f3e-406a-9919-fdaf629447d0,0,1,CH,2,2,2,7,0
f8c20fe3-803c-4d17-9beb-75e40c34ab04,1,1,FF,0,1,1,4,1
23811327-33d3-47e5-af9c-85a818516efa,0,0,FF,1,1,2,7,-3
15848359-90b8-4702-ab5d-66b1a195b2fa,0,1,FF,3,3,1,3,-1
214fdc49-2475-4ca5-aecc-3b3796a80011,0,0,CH,3,1,1,4,1
ec9b712e-8377-4954-a1e8-0eb2aa326d4d,0,1,SL,0,3,0,2,2
8f9ff867-5fec-4e58-84bc-aee6263e48d7,1,1,,0,0,1,2,-2
601fb5c7-9348-42ec-aa3b-171b09af6f64,1,1,SL,2,2,2,6,3
1db81591-2b0e-4f94-b474-dd792b89ce0b,0,1,SL,0,1,2,3,0
209d7075-c04c-48d7-b8fd-3fb14c8705cb,0,1,SL,1,0,0,8,0
674b3093-3c6c-4b0e-9b31-8fcd8986274b,0,1,FC,1,0,2,5,-2
99658b6f-ba2c-4bc7-8143-d4cc2d798daa,0,1,SL,0,1,1,3,-1
e944a07e-5f5a-43da-b138-1f44a2f19043,0,1,FF,2,2,2,8,4
41b2ca0e-53ae-434a-9ae0-e1045e60bc35,0,0,ST,2,2,0,2,0
f586af2a-3d15-4af3-af49-ab7bd18c434a,0,1,ST,3,2,1,7,-1
91ea55ed-2ae5-4ee9-9466-598067941c0b,1,0,SI,2,1,2,7,2
8ab3eb63-2c18-413a-90bc-adf79f76f1dd,0,1,SL,2,1,1,5,0
d66dedf9-b57a-4034-af49-64dd8a75e28a,1,1,SI,1,0,1,2,0
09310cbd-7a4e-4005-9eee-f820a4b17728,0,1,FF,1,0,2,2,0
0f75755f-d0c5-4afd-99bd-4940bb45b7e7,0,1,FF,3,2,1,2,1
412c3c9f-ae96-4507-bfc1-5d1f8ce5ff2b,0,0,CH,2,0,0,9,4
312a822c-e196-4cf1-a90c-4225370b99e1,0,1,FC,0,1,1,5,0
c4c17917-cfaa-4daf-983f-173effea4c5d,0,0,FF,0,2,1,8,1
1495254c-64a0-4503-907c-ca98238c6c74,0,0,FS,1,1,2,8,4
5c329797-949b-4906-95be-608331c8d9c5,0,1,SI,1,1,1,7,-2
8f71d530-6493-4cc0-a10c-135120168b7f,0,0,SL,1,1,2,2,2
fa558885-402f-4773-9950-26a71fad0781,0,1,,1,1,2,6,-1
23ff7adc-542c-4efc-a03a-853954589834,0,1,ST,1,0,0,7,-2
4eec1c45-3c73-44f2-b4e1-464ca1f78e6e,0,1,FF,2,2,1,7,-2
9fb12087-ab28-45d5-bc4d-f1d8a86a06e1,0,0,FF,1,2,2,6,-1
7d0c0c5e-256f-4a84-9f66-1a214cd1e049,0,0,FF,2,0,2,9,3
bef19546-eeb7-4786-a881-2d5419df4895,0,1,FF,3,1,2,9,3
7edf1480-74f4-4d74-afdb-8f0706ec3c16,0,1,FF,0,1,2,6,2
f2489963-35a1-4749-b0a8-fe8247119904,0,0,CH,3,2,2,3,0
88a67f90-b254-4e74-8f9f-7f7ed8d0a059,0,0,FF,3,3,0,4,-1
ab61acf1-2e62-3bc6-8811-99a62f675ecf,0,0,FC,3,2,2,9,0
b366ca43-9220-3ee4-8046-fb4651963df8,0,1,SI,1,2,1,3,0
c5ed9659-b662-34e6-89ca-5d00d86d9ab0,1,0,SL,1,1,2,4,4
8155071c-1cb2-3a78-a41a-f79235cbc0ed,1,0,SL,2,2,2,5,-3
8ac4914c-cd0e-3adc-9e07-b00257905be1,0,1,SI,0,1,0,5,0
45d17231-bc20-3613-b853-7ebd8639f209,1,0,,1,0,2,7,1
b7abc21e-31e0-3b1e-9f3e-1ad9c47e89dc,0,1,SI,2,1,2,5,0
05869669-9f5a-30d1-9b91-d92feaef8514,0,1,FF,3,1,1,6,4
de3f12b5-1900-38c7-9818-d9be3d221a0f,0,1,SL,2,2,2,2,0
1ad7e785-4c98-30c8-92d3-e21bc280684b,0,0,FF,3,2,2,7,-2
aa03eb85-a0d8-348b-a232-0a7b159ffd76,1,1,FF,2,3,0,5,0
bacc06cd-d0a9-370d-ad6e-43d68cb24390,0,1,FF,0,1,2,6,5
3bae7efa-8342-3ae1-bb25-846d028686c2,0,1,FF,2,0,1,8,5
9f802065-ae72-367e-ba95-9fe77627bdaa,0,1,FC,1,1,1,4,3
d60e6f3e-5ec1-32bf-ba93-c36f5f56bd2e,0,1,CH,3,2,1,9,-1
0fa35ffe-0412-34b7-af17-23c495fbcdc7,0,0,CH,2,2,2,4,1
a0eadb51-c1b5-40de-8a89-a5ae933d5607,0,0,,0,0,2,9,-1
58395bc3-b8e5-37d4-971c-6f26f73bba10,0,1,FF,2,2,2,5,0
90b832ca-45d0-4d0b-b5cf-b44943737315,1,1,FF,1,0,0,6,1
dee246eb-0ed7-42bc-a0c3-de8cf5b5991c,1,1,CH,2,2,1,2,0
da21e4cf-dd7b-42fb-b964-60d269269089,1,0,SI,2,1,1,5,4
3125e746-b7c7-4805-ae50-46ef23d4cc37,0,0,,0,1,2,2,3
7a451e2d-eff4-45d6-9b5a-7fc2f6ebc102,0,0,FF,2,2,1,6,6
d70c4cfb-2dd2-4ca8-9607-d20d9cd5210c,0,1,,1,0,2,4,2
56486e82-aa33-4449-abcc-e252ce4c2888,1,1,CH,2,2,2,8,-1
d668bb98-7bf7-4d6d-940f-dac289daac94,0,0,FS,1,2,2,1,2
0193a831-5ae1-42cc-9c97-ccb51a9d0edd,0,0,,0,0,2,3,3
0dd2e73a-1c1e-4e7d-9525-7e202936ad77,1,1,FF,1,0,1,8,2
5de4518a-8267-47d2-aede-3d7ba71ac7b0,0,1,FF,1,0,2,8,3
178c9272-9c71-4bed-a372-6eca5c985d0e,1,1,ST,1,1,1,4,1
15e84a1d-3360-4fb9-be17-87eeb272c9ba,0,1,FF,0,1,0,6,5
e0c82036-5b9f-4e6f-90cf-b9c8a387a492,0,0,CH,1,1,1,2,4
a17867f4-4e23-32b3-ad0b-6114a156c319,1,1,SI,3,1,1,7,0
f195440f-2d53-39be-85d1-76eeea22dce4,0,1,SI,1,0,0,2,0
3acf15b7-181a-4466-835a-2edc8ae864d8,1,1,SI,1,1,1,7,0
6ce98754-1a15-44d5-87eb-6f3609369aad,0,0,SI,3,0,2,1,2
f50fac04-64e5-4061-8448-c5f90753a3e5,1,1,SL,1,0,2,5,-1
8daaa19d-edb6-4b4e-af09-52f81db61c51,1,1,,1,2,0,6,3
e6194ab9-b92f-435d-8aae-382c97ec7c70,0,1,FF,2,2,2,5,1
05ccdc1d-034a-4cb0-8d56-018b20d3aa74,0,1,ST,1,0,0,2,3
579c0977-7387-4e8f-b632-05233fdfcca6,0,1,FC,0,1,0,5,-1
bb4486bc-c2e4-4485-a694-8a05b597719d,0,1,SL,3,2,0,1,0
2e122cd3-bfe2-4ad9-b89b-7f882bff8657,0,0,FF,1,0,2,3,5
08d446f1-4a68-48c2-a5cb-e9e3e8e51185,1,1,CH,1,1,1,7,4
b24f2cce-fc41-48cf-a37d-0cd776288a2f,0,0,ST,0,1,2,3,0
82b4d432-7a09-4634-893d-4bf50fa15e40,1,1,SI,0,1,2,7,-2
2b055845-e328-4e26-a4ea-8c17886c007b,0,1,CU,2,2,2,4,-2
67fcaf1d-62bc-4b50-9a41-d01e70cd69b2,0,1,FS,1,2,2,7,-1
d5370f74-4204-49ff-93ee-8b16f7b5decc,1,1,ST,3,2,0,8,4
89238120-f8ce-4b67-9664-7464f921d43d,0,0,FF,0,1,2,1,0
495da7e1-7358-4c68-8e05-2034826094d9,1,0,FC,2,1,2,8,1
eaccb2ec-fbb1-4161-a9eb-21432a9cc4db,0,1,,0,1,2,5,0
1b2a698c-989c-45e7-bf06-2bb30e8334ab,0,1,,3,2,2,2,-1
9a376072-9f79-42a2-bfa2-67d8ee01a33e,0,1,KC,1,2,0,2,0
1dd3a7d8-0e00-4600-88d0-52f5f6e76cde,1,0,FF,0,1,1,6,3
8ad05505-0b83-4432-81f9-c1266ce55be6,0,1,FC,0,2,2,6,-2
5efb88a1-8fe4-41f7-9d9c-b271db3336fa,0,1,SL,1,1,2,4,2
aeda29ad-6c37-41f9-87e7-f09b8f0a4045,0,1,FF,3,1,0,8,2
fb838d30-3496-4400-9b74-59c74a598d01,0,1,SI,1,1,0,9,-1
7eb8a67b-cc1d-4fc4-bb60-d2bbdce2eb22,0,1,FC,3,3,1,5,-4
b4799c11-5d0d-496e-a432-9d2d03dfeea6,1,1,FF,1,2,1,1,1
ccaad330-afab-4d00-b6c6-aa7258ef3212,1,1,CH,3,2,1,4,0
ec86805c-6095-4e80-a68f-a78c6375b46d,0,0,FF,0,2,2,4,5
3f8f8dad-cb06-4d77-afc8-b0838b8225c5,0,1,FF,3,1,0,4,4
869ff53a-a87f-490c-ae61-0d845c10ed89,0,1,FF,3,3,1,8,0
1af87b0b-7319-489f-87bf-1e3479aab653,1,0,SL,2,2,2,3,2
9ba2ea69-b7cd-4a15-ae63-c080cc0f2d3d,0,1,FF,1,1,0,9,-2
23e30832-a875-479a-a05d-21878b264d18,0,1,SL,3,3,1,8,-1
7c5a6bb8-e018-461b-88a7-f3c2ab93e7eb,0,1,SL,2,3,1,7,3
d0ee545f-3a7b-4388-9b3c-d413993d6b65,0,1,FF,0,3,0,4,-1
d4b73fd6-9784-3b03-ad1d-d7ba5aa1de9c,1,1,,0,1,0,3,0
bc7e9f9b-c83a-38be-8479-476d52a1dc5f,0,0,FF,0,1,2,5,-3
f69a15ab-993e-3838-bb65-c5b6ad8a2f58,0,1,SI,1,0,1,7,-2
7578e4b7-8659-3e80-bc67-5c36e3619a85,0,1,SI,2,0,1,2,-3
2d421853-046f-3404-80f1-7aea1be7fcbd,0,0,ST,3,1,0,2,-1
55bd4989-d53d-3e0c-814c-c413579fbf9f,0,1,SL,0,2,0,9,-1
3151c24e-b73d-3d73-912b-c7b40592787e,0,1,FC,2,0,0,2,0
ee3bcbc4-dcb7-3b85-b012-a23f085f8cc5,0,1,SI,1,0,2,5,5
8c623d97-fc99-3460-ad55-8214a58ebe74,0,1,FF,1,2,0,4,-2
a769783b-17a3-35ba-9727-12ff665046f0,0,1,FF,0,1,0,2,-3
5e704ab6-14c2-33df-96e3-2b556bd32d8a,0,1,SL,1,2,0,2,2
16d9faa3-93ec-3d48-b925-4038f1566d3a,0,0,SL,1,1,1,3,1
bb543f49-170d-335d-b6f6-f3bda24b2b17,1,0,SL,2,2,0,3,2
a60198f8-768b-3e8e-912f-c31267121c21,0,1,,0,0,1,7,3
b7d2b5a1-9599-4012-83e3-0bb3f4381e7d,0,1,,1,0,2,2,2
c608aff8-bd31-4d2a-9c9c-cbae01f6946b,1,0,SL,2,1,2,7,2
29c02019-de34-4e2d-a753-7eba15c035ac,0,1,SL,1,2,2,6,-1
48e8d56e-8ea7-4b16-ae74-5a47e41ea71b,0,1,SI,1,0,2,7,5
5c4d6f21-fc4b-4d85-a60c-dff14a3fe492,0,1,SI,1,2,2,8,3
3a6d036f-081f-49d0-92fc-021084385fb0,0,1,SI,2,2,1,3,0
f53c0ea0-fff4-48e2-b58b-637021848448,1,1,FF,0,2,0,3,-1
9efa8aa0-3955-44dc-861a-84008020bad1,1,1,,1,2,2,5,-2
a26aba2a-4707-4f98-b0ba-6dd87958cfb1,0,1,FF,1,1,2,7,0
5a99ab61-9ffb-410d-b0dd-54b98c8ebfb6,1,0,CU,0,1,1,3,-2
70b5b90d-b61d-4f29-8939-a278fe591f41,0,1,FC,0,2,2,9,4
d0d3e895-6a16-4fd6-b126-a2e78da8ed24,0,1,FF,0,1,2,6,-3
e0c3780d-2724-48b7-b3f2-f67869cf5edf,1,1,FF,3,2,0,8,0
96b3ad05-62d9-4acf-bbe1-9f732bc914c1,0,0,SL,3,2,2,7,0
156e891b-7e2f-4668-a8d3-e0717e15bf70,1,1,CH,0,3,1,7,1
67bfb349-3a4d-4f25-8a1c-1cd548ee1a7d,1,1,CH,1,0,2,7,2
5524ce53-25f6-429c-8c1f-7372e018e433,1,1,CU,2,0,2,1,0
332af1e0-6652-407a-8fc1-145a463d1a40,1,1,SI,1,3,1,1,0
ea918e88-b9e2-46e5-ad9e-fed2f8eab867,0,1,SL,1,2,2,5,2
5339efa6-de54-471e-9e0b-84df2a59b16f,0,0,SL,1,1,2,1,0
ab0773cf-8e04-47f1-bbe2-e3a0e54f488f,1,1,FF,2,0,2,1,1
4bfe15c7-4052-474a-9f50-ebea06b8c3d2,0,1,ST,2,1,2,2,4
ff50c0b5-4aa8-45a4-8383-8f1940c649c8,0,0,FF,2,1,1,5,1
276b6603-0c70-42af-8fa7-8dd230acb0e6,1,1,FF,0,2,1,1,0
543f29f9-70de-4d40-b43c-a2caee0eace8,0,1,ST,1,0,2,6,1
306b1d83-2f4b-4bb6-829d-dd321aa8767b,0,0,CH,0,2,2,6,0
51337254-4f55-43e6-be43-0fc994f368c7,0,1,FF,1,0,1,3,3
e1021d99-cf13-4941-bc01-0e589e59d18c,0,1,ST,0,2,0,1,0
f91cc4f5-d2ab-40ba-8175-b47b94ef9b36,0,1,ST,1,1,2,5,-1
67d0d73c-c8bc-47ec-be53-fc8b16e83602,0,1,FF,1,1,0,7,2
65902cab-cbe3-436a-aecc-a679203b989b,0,0,FF,0,1,1,7,2
7aae3795-43b1-45cf-a67e-dd4f3e139a40,0,1,FF,3,1,2,1,-2
00f24f83-e216-4aca-b912-79319c828532,0,1,FC,1,1,1,9,0
b5501700-6694-4507-bae6-0c8275177025,0,0,FF,3,2,1,7,0
c25760ca-bf4d-4a24-a752-e72cd7eb1931,0,1,FF,1,2,2,3,1
547ac8dd-e26e-4640-adb5-379564621f91,1,0,SI,1,0,1,9,2
5d90dcaa-9cc7-43e9-8684-3d3788300773,0,1,FF,0,2,2,6,5
b100880f-18b7-4852-8095-b2a087dadc44,0,1,FF,1,0,1,7,3
faf724aa-ffba-475a-aa1e-964b827b1310,0,0,SL,3,2,2,1,0
7d67a885-0c2a-3bd8-b445-74d028564fc8,0,0,FC,0,1,1,6,1
fa278eb1-391e-3d5e-8982-7b7436f1117b,1,1,KC,1,1,1,1,0
4ba3a8a6-8b78-3a3c-91d8-1941545fe895,0,1,SL,1,1,2,9,0
c89ba435-71a3-3c3b-b2d3-b7505364fb6b,1,0,SI,2,2,2,7,0
4ee38d69-97d7-31ef-b36a-a09ac415842f,1,0,FF,1,0,0,3,-2
72bd8b53-c9c6-3ccb-b98f-4016be186efc,1,0,SL,1,0,0,3,0
e29088af-b4be-36d9-b54e-113790749036,0,0,FF,1,0,2,4,2
1e5ded26-1a9a-37f5-b541-1cbc89b03a5a,1,0,CU,2,1,2,4,3
63c93b46-7664-3de7-bd2d-0a348161da66,1,0,FF,1,0,1,6,4
7e949ef5-38b7-4a2d-9678-e2aa6c620932,0,0,,1,0,2,3,-1
d17c193d-f6ab-4150-a91e-d57ef31a781a,0,1,SL,1,2,0,9,1
851fdf65-7fe3-47f4-beeb-33617d48d760,0,1,SI,0,1,0,8,1
14d18fa4-6bfe-4fe2-a1b9-614af30d02b9,1,1,CU,1,2,0,4,-1
72a5e4b1-ecab-4242-9e96-6a0d00b3e6d9,1,1,SI,0,1,1,3,2
76b3abba-999f-432f-88d8-accc6f4ebdf8,0,0,CH,3,3,1,4,-2
b822d117-bcd2-47a6-9b6c-daafb9f0b776,1,1,FC,0,2,0,2,1
09b47965-9121-4bef-88f9-1feae1c33ad6,0,0,CH,2,1,1,5,2
7887d64c-9864-4b07-bacf-997889a38938,0,0,ST,2,1,2,3,2
08b89a95-6eaa-481b-913a-4aa0819578e9,0,1,CH,3,3,1,3,4
c1d86d0d-f9a2-4b11-89f6-47710280b75b,1,1,CH,2,1,1,6,-2
801ecde4-c6aa-4688-ba73-048fd14c5e0c,1,1,FF,1,1,2,1,0
9a7a3226-1d75-47f4-a961-72b62d3607ac,1,1,CU,2,2,0,8,0
09d91ca3-271e-477c-bb6d-457ae84532ac,0,1,FF,1,2,2,3,3
d21c5fbb-d373-42c1-a6fb-ef1659bad0a4,1,1,CU,1,0,1,5,6
977c39d5-93f9-498f-a13e-4bab975e6bbd,1,1,SI,2,0,2,1,1
ea0116d0-504b-4cbf-b8cf-4d02952f412a,0,1,FF,3,2,2,8,3
649a7314-376a-3589-8d5b-fd21989c18a1,0,1,SL,2,1,1,8,2
4dde2b60-52ad-3ba5-8c87-0c4a19d8fb80,0,1,SI,2,1,1,6,-6
09e58c6b-2f97-3f00-b9ce-5836e3517328,0,1,SI,1,2,1,8,-2
af7bfe85-8b5a-3bf3-a1f6-6e160610b7a7,0,1,SL,0,1,1,6,2
03ee0445-f24d-3b43-be42-8a626892a14b,0,1,FF,1,2,1,5,5
2d002b65-a121-3e62-9ed9-c6905dde61f1,1,1,CH,1,2,2,1,3
1427709a-73d7-39c9-b8bc-2872c722c400,1,1,FF,1,0,0,2,0
04855f81-6b86-3b37-a53a-c5df4362065d,0,1,FS,1,2,1,5,5
7ec7fe77-542b-3f71-ac8b-c843ce42ef00,0,1,SL,1,3,1,9,3
a3d9bd20-d844-3d66-bd26-f54f5cd60bb8,1,1,FF,1,1,0,4,1
8f12e2af-0a21-3542-8ce5-1bf7860cf0a3,0,1,FF,2,1,2,5,0
718944e7-b87d-316c-979a-f178dc79b9cd,0,1,CH,1,1,0,5,0
63c23a57-7815-335a-9b00-8ed20772b4a2,1,1,FF,1,2,2,5,3
0dc95fbb-2af0-34b5-aa27-20879e2e0410,0,0,CH,0,2,0,6,4
39a80ca9-c54f-36cc-a967-cc7e01f3ec15,0,1,SI,3,2,0,6,2
0a8f1dbd-5c3d-331a-8f84-9b72f9d32d2c,1,1,CH,3,0,2,7,3
cd6d9f75-b92f-375f-aff8-16a221eeb0d6,1,0,SL,1,2,2,7,3
8d92f6dc-1ddf-3c42-befc-cd2768dd1b24,1,1,SL,1,0,1,5,5
909662e9-3b7e-32a3-a34e-f57ed7866561,1,1,FF,1,2,1,8,2
53c43962-43b6-3cb2-8662-b8dd655511f3,1,1,SL,1,0,2,2,1
9199c642-df8a-30a0-86f2-ce5d0953e14b,0,0,CU,1,1,1,6,2
ddf98ec9-4e32-3daa-8c92-be4c3cfe670d,1,1,SI,0,1,0,12,0
4ad111f2-dc37-3f4c-862f-2045a73cc313,1,1,CU,2,0,0,2,1
b4c675af-e1da-3562-894c-aec3d29f3201,0,1,SL,1,0,0,4,1
f3932884-75d2-33a8-aa11-f9b3769c6f8c,1,0,FF,3,0,2,3,1
98f1e9ec-6aa1-3989-8951-42eb50863093,0,1,FF,3,1,1,7,0
34b669d2-2193-3c9e-8187-159028f8e6af,0,1,FF,2,2,2,6,0
5765baf6-7284-3e74-ad95-e24eb09a3c6f,0,0,SL,1,0,1,4,0
42124bfe-a332-3e01-8273-1d5bc876b39b,0,1,CH,1,2,1,9,-1
2915c326-51bc-3d0d-90b5-751b1655017b,0,1,SL,1,3,1,8,1
17b5aad7-3ed3-3b3b-9f01-460c4669ce34,0,0,SI,0,1,2,3,1
1de0bff2-6088-3ea0-a6db-89e8660745d9,1,0,SI,0,1,1,6,3
754772f8-5188-3cc8-ae8d-78072cc87dce,1,1,CH,1,0,0,6,3
db3fbbec-28ef-4eb4-9378-2cabb1e1501e,1,1,FF,2,2,1,1,0
288d023e-47d1-49d5-9d3b-8a777add59cb,0,0,CH,3,2,2,3,-5
c4b63831-44e4-4d10-aa81-e6ee3634f632,0,0,FC,1,1,2,5,-1
b88ef8f2-96fb-43e7-b403-2daed3a68130,0,1,ST,0,2,2,2,2
864cc368-8465-48ba-a4b3-a8b7e350db1a,0,1,SL,2,2,1,3,2
c251514f-a42d-4973-8081-24d8eda1464a,1,1,FF,3,0,2,3,2
a91b190a-fbef-4318-b034-d2b92b928b8d,0,1,FF,1,2,2,4,2
ff6061bb-6f34-42d0-8150-7a5ee1703282,0,1,SL,3,3,1,3,0
863792f2-6128-42eb-a49d-b71aa0995d00,1,1,SI,0,1,2,6,2
cc8e4256-ce60-4bdd-9f07-68eebf887986,0,0,,2,2,2,6,3
f9e58eae-c437-4f75-9f6e-5490925b6570,0,1,SI,2,2,0,6,-1
8b6eb69e-90f5-4ad5-bed0-e5530575b7f8,0,0,FF,2,2,2,3,0
b1a45d9f-72eb-4e51-9cea-349ed70a12eb,0,0,FC,2,2,0,1,0
8e97ec3e-3b3a-4689-8c93-4f41dc7af93c,0,0,FF,1,0,0,1,0
ca6e0e40-f302-4d4d-a2de-cdbaf8c05e85,0,1,SI,3,3,1,3,1
e7e9aa1b-8362-4c28-85c9-155e5c4fd91d,0,1,,0,1,1,1,0
82958513-cb40-38de-bfc6-dfc201ca9de4,0,0,SI,3,1,2,8,0
2c3bfcbc-3257-32b7-b7a7-3240d9c2875e,0,1,FF,2,0,2,3,1
62790968-a9e7-3821-8de8-197371115107,0,0,FF,2,2,2,1,0
de344d69-3109-30ff-a962-7286f042a35b,0,0,,0,2,2,1,0
cf58a098-1e2b-3fe7-bab9-1097f6b1fd46,0,1,ST,3,2,1,7,-1
507c4fdd-6889-36b5-bc0d-969bdeac606e,0,1,SL,3,3,0,1,0
d31fa0a1-2bae-361c-a751-01fc2b184ccd,0,0,FF,2,2,2,2,6
7c9e2398-e4c0-3f10-bbf2-10c8bde908f1,0,0,FF,1,2,2,5,2
b3e99069-0971-38a9-bac1-6235b3832383,0,0,FF,3,3,1,3,0
82f65f15-1081-3460-b4e5-b7a61df27915,0,1,FF,3,3,0,2,-1
808603ca-f418-3151-a183-45c35d0cb376,0,1,SI,0,2,1,1,0
78b77a16-66d1-3225-af10-6bebc1e23db6,0,1,CH,2,2,2,5,-5
9407d755-9709-387c-b351-bf1866ec0886,0,1,,0,1,2,3,0
1a21dc62-13a6-34f2-ad7e-086d9a298a9c,0,1,,1,0,2,8,-1
993e8c11-c80b-3bdb-b66d-5052af724280,0,0,FC,1,1,2,1,0
e4b1f3c0-d269-4739-872d-c15d976438a1,0,0,SL,2,3,0,7,3
76207006-d0ce-4b92-be61-3fa596ea0278,1,0,,0,0,0,7,7
95fe6065-d5d6-4e86-80d2-b9bab4bac493,0,1,SI,0,1,0,8,2
71cad671-070b-4534-9df0-c4f728a2ad42,0,1,SI,0,1,2,6,2
636bce95-d1ae-4140-9b03-194de9be0641,0,1,FF,2,2,2,1,1
ea842bc5-18ca-41fc-8b93-c5c20e34b4c7,1,1,FF,1,1,2,8,3
5fb042f3-ffbe-40d7-971d-76c417ae70ed,0,0,FS,3,3,1,8,2
03438e60-d39c-4287-aaa1-8f1a08de28aa,1,1,CH,3,2,2,3,-1
beb9ea26-86a7-4e8e-9d36-a629502fe47e,0,0,ST,1,0,1,4,0
47bf5e4d-a351-4c1b-9249-bbbb71968aa1,0,1,SL,1,0,2,3,0
b6cf79f1-705a-4649-8b06-9fdefac1ec15,1,1,CU,1,0,2,6,-2
86c7af18-209d-453a-9326-25dc0a94adad,0,1,CH,2,1,0,5,0
cd3e661a-8970-4a8b-ab36-57ec4f73ac0a,0,1,FC,4,1,1,5,3
9dd6d18f-bd73-48fd-9dc6-2b2291c2ff3b,0,1,CH,2,3,1,7,5
8cdf80cd-3d1e-449d-93fc-6e9eb9cce57e,0,1,SI,3,1,1,5,3
137016fc-a5e6-4892-ac6a-6ba475a5e3cc,0,1,SL,2,0,2,1,1
3894bc02-c560-4805-951b-5bd90ff93be7,1,0,SI,2,1,2,9,1
08204089-2f21-4f8a-9f03-312034f11414,1,0,SL,1,1,2,6,7
0d2781a7-49d3-45a8-9bb4-ebb342cdf4a0,0,0,FF,3,2,0,4,2
320f4e66-241a-4323-94c2-e1d6d0674ad7,1,1,FC,0,1,1,8,4
1330b355-0865-47f6-aa50-0cb2e05c1bc2,0,1,,2,2,2,2,0
da344eb5-eb5b-4138-b8eb-be62def9d1a6,0,0,SI,2,3,0,6,-2
05918e6e-3ca3-4583-b0d2-4905744d6c7e,1,0,SI,1,3,1,3,2
3894b152-758f-309b-a700-d687904cda59,0,1,SI,3,2,1,9,-1
98e86d9d-8def-391e-b023-a3efc0400315,0,0,FF,2,3,1,1,0
9f92858e-cdcb-3136-b026-da26cd99b71f,1,0,SL,2,2,1,5,2
ec5d841c-c7ec-3a2c-bb4d-eade67e579ab,1,0,SI,2,2,2,1,0
51cfa04f-9f86-49a4-86ec-5049e81f9d76,1,1,FF,0,1,1,3,-1
487f96da-848e-4355-9a01-b18f8a792c51,0,1,SI,1,1,2,6,0
72160f3e-5de5-41a5-9a04-a2c5cfba0d96,0,0,FF,2,1,2,6,-1
6bf29d7f-59a1-4253-b72d-0b2165180295,1,0,SI,3,1,2,8,2
9b515e37-8d39-44b9-9a6a-97b08c3f47b3,1,1,CU,1,1,2,2,1
333771d7-0379-4656-9db5-27bf03342ee2,1,1,ST,2,0,1,8,6
b15609ef-3322-4b79-9f3e-0b34a16e3aec,0,1,FF,1,1,2,8,-1
14c27eba-42ba-4fec-9138-feaf6effd876,0,1,ST,1,0,2,7,8
3f93fc1b-5ae1-42ef-997d-57f81bc1ae5c,0,1,SL,2,0,1,9,-1
eba9ffb9-6cb3-423f-9c87-02a69cfd4036,0,1,FF,2,0,0,9,0
1d5af4ae-bd73-4592-a49b-43dde2230cba,0,0,SL,0,1,1,10,2
2f50878d-1872-48d6-90c9-727afbe078aa,1,1,FC,2,0,2,2,-1
caaa6849-56bb-455e-8fe3-516b384e4114,1,1,FF,1,2,2,2,1
eb28303a-259c-4734-ad60-9ff07a6d905a,0,0,FF,1,0,0,6,1
53684839-2c28-4db3-a7b0-d8ade7c5c5db,0,0,,0,0,1,4,3
c26ad335-ef05-456a-a661-7dccb1f74d1d,0,0,FF,1,0,2,2,1
eb9243a2-29af-4fbd-8783-ca91bc1433bb,0,0,SL,1,0,1,7,0
fb243684-6d1f-499b-94db-b6d7f0d6eaac,0,0,SI,1,0,2,9,0
c9448262-0235-4de5-85a7-71ef2771d6d4,1,0,FF,2,1,1,11,0
ec7a372e-53b9-4988-99b7-615efdf78e9d,0,0,SL,2,2,0,6,3
bc5e9eae-55b0-4b29-9533-c157de06ae82,0,0,SL,3,3,0,6,3
c854de98-033c-44d1-b87a-9be183de1876,1,1,FF,1,0,1,2,4
785b65e6-1422-4bce-b587-f703e127cf35,0,0,CH,1,0,2,6,0
035159aa-e131-471b-84db-8c092f8e60b8,0,1,ST,0,2,1,6,-1
5ebc21c2-0f10-42c0-b060-f3cb648f4d60,0,1,FF,1,2,0,5,-2
2e8bb483-d8db-4cf3-ad80-acc21b10d359,0,0,FF,2,0,0,7,1
eadd8f74-4de3-40e5-ab5d-413bd2329321,0,1,SL,0,1,0,9,0
f786e9f4-d1d8-461c-98e0-e68b93ae12ba,0,1,FF,1,0,1,2,2
d34de315-560e-4bce-ab02-95294d4c9b5e,0,0,FC,1,1,2,3,0
4548dfa5-683d-47b6-b54f-b02eb468567c,0,1,,0,2,0,8,1
25f4cb20-82e8-40de-ba42-b2401daea2b0,0,1,SI,1,1,2,9,-1
fd36fca4-5a53-4a42-8ea3-1c02b5dacaa1,0,1,SI,1,1,0,6,1
c5476c42-734e-4e6c-9fa4-069fab94f30f,1,1,CH,1,1,1,2,0
5f5dfa11-1d32-4312-b82d-e9e9cdc203df,1,1,CH,1,0,1,8,1
a622cad2-6d4f-4432-984a-5c76e1bed616,0,0,FF,2,1,1,4,2
6aed003e-a523-4410-85b8-2d0b4a7edee8,1,1,CH,2,3,1,3,-2
0a952279-e984-40f5-b8d2-b9976b3219cc,0,0,FS,1,0,2,8,2
dfa9c59f-7787-4928-bac2-ebafe9026011,0,0,CU,1,0,1,2,0
769539f3-9f49-4d27-9225-89c2ffccf34e,0,1,SL,0,1,1,3,1
26591496-c2fa-4642-bfb5-608f492bf818,0,0,FF,2,0,1,1,1
d4dce6a8-9d38-47b0-9ecb-e9415fd38999,0,1,SI,0,1,1,7,1
e49aa639-ca44-4a96-a220-eff9d839cb97,0,0,KC,1,1,2,3,6
f888240d-7d5b-4b4d-8c38-6f31801baadd,0,1,FF,1,0,1,7,1
e00d8da4-2d85-41d7-8440-fa5ff2a72fd2,0,0,,1,1,0,1,0
f028771f-0fee-4f58-8ec4-4413e1264c47,0,1,FF,0,1,1,7,2
d5a00ad9-5fbd-4a70-a2c7-76b477247722,1,1,FF,3,2,2,2,1
f23a816a-d8bd-4107-8b09-4832921a3667,0,1,SL,0,1,1,6,1
07dec56c-015b-48b7-bc21-73a58a6765bd,0,0,FC,3,2,2,8,0
313bbabe-f39e-4e23-a42a-a91eed6a5677,0,1,KC,1,3,1,2,0
2935e1b0-976f-4591-834c-44e42db5cafe,0,1,,2,1,0,8,-1
535630c6-de40-397f-a4b5-cb022c211838,0,1,SI,2,1,0,8,-1
ec0bd365-c888-3b87-9db6-7e92c1265e41,0,0,FF,0,1,0,2,2
3b3f574e-6007-397e-9270-34e5425633b6,0,1,FF,3,3,0,2,-1
08189f25-f0cc-328f-86b9-87e6c3b00756,0,0,,0,2,2,5,2
4240622d-6e37-37f1-987f-e8d38c263ac9,1,1,SI,2,2,1,6,2
f19c85f0-c724-3df3-9922-f87fe6c4b516,0,1,CU,2,3,1,7,-1
b222e694-cdf1-3985-8400-74728d14ca2a,0,0,FF,3,3,0,9,1
2c144c09-b8f4-3651-a779-ac2b6f29c82d,0,1,ST,1,0,2,1,1
f25f4aa6-f104-3446-a243-19c078ffbdc1,0,0,FF,0,1,2,1,0
52e0414e-41a3-39d9-9730-54c723003fa4,0,0,FS,0,2,1,1,0
dc83a196-df26-3546-9676-204b388a3471,0,0,FS,1,2,2,3,3
84280ca0-2002-3e58-b07a-918291aa4a01,1,1,CU,1,1,2,5,-1
f7feae0b-7511-321a-990b-224a068f655e,0,1,FF,3,2,2,2,1
a91504c3-0817-3970-9262-93d6bfe5fa95,0,1,,2,2,1,6,1
626b1c6c-2a47-3ba8-aaf9-2f3e7439f189,0,0,CH,1,0,2,5,0
73ec954e-62f7-3221-a513-8b15ae086c0f,0,1,FF,1,1,0,8,2
d2f5289e-ccb3-3667-9ff4-ed30e4d654fb,1,1,FF,1,1,2,2,1
dd3607cf-0025-3361-a5c5-ee95ffb06074,1,0,,0,1,2,2,2
1c33f5ff-39cd-391c-b018-c7612f252f43,0,0,FF,2,2,1,4,1
f42f28c9-82b1-3876-b25c-60411205410c,0,0,CU,3,3,0,1,0
48309ee4-b22b-4ec8-b1d4-cb52e46021a9,0,1,CH,2,0,1,7,2
138596ba-11f5-4878-bc07-580d17344fe4,0,0,SI,2,0,0,9,1
800415ff-7abe-4855-ad2a-83af90916573,1,0,SI,1,0,1,6,5
f281d5d3-a157-4371-a3b8-c1cb994d79aa,0,0,,0,0,2,6,0
1da77bfe-28b8-4c10-a0ea-201cd2168f3f,0,0,FS,1,1,1,4,-1
980e2d6a-a1e2-4b73-95a6-ad593f2c40d4,0,0,CH,3,3,1,5,3
20714e0e-3e47-4407-96b9-00f38a774aed,0,0,,0,1,2,1,1
5227d01d-a796-4a78-ada3-93d3af45fbc1,1,1,SI,3,0,2,3,-1
b3880bfa-867d-4f54-ba9a-a09fee601fcb,0,1,SL,2,1,1,7,2
3fcd0939-4f88-4d15-b173-504f5aed624a,0,0,SL,2,2,2,8,4
73acd19a-4acb-4fa0-adcd-e7163ab0c3b5,0,1,SL,1,1,2,2,2
2c109d5b-9526-4b9b-a3e8-77c2d2c043be,0,1,SL,2,2,2,1,3
1ec88e56-056c-4385-b194-93b643cd0a17,0,1,FF,0,1,2,6,1
46e95111-161e-4f81-a418-b0ae1c303d7f,0,0,FF,2,3,1,4,1
e35a6590-1917-4a8e-abaa-580aa6f1c240,0,0,FF,1,0,0,9,3
778c8a8c-e1fe-4371-a7b8-e7d475d67dca,0,1,FF,1,1,0,2,1
25edb58f-3cff-4d39-880b-367520fceaeb,0,0,,1,2,1,3,0
f834c70a-89f7-4d72-b75e-6a9aa2968f37,0,0,SI,1,0,0,4,1
9304838f-a57f-426e-b555-c3a593ce089a,0,0,FF,2,2,2,6,-1
bf4bae71-997d-45be-beff-68bdafc1030f,0,1,FF,2,3,0,6,5
3dd816f5-2ccc-46fe-b0cb-5ccc78922139,0,1,ST,3,2,1,3,0
bf4f58c6-c1d5-4570-ae8c-6fa394fb71ec,1,1,SL,1,1,1,13,1
e679138d-3501-4596-be31-9a89f28f38c3,0,0,CH,1,1,2,6,2
a783dbe8-3ed8-40de-9e73-3df4f94f353c,1,1,FF,2,2,2,5,0
22f40eb6-166e-4827-9039-3c369cb64ab2,0,1,FF,1,1,2,3,-1
59832d51-0458-41e6-9500-a26da71c664e,1,1,CH,2,1,1,2,-1
d7d30867-7ea2-4a0e-ac0c-baaaade02d4e,0,1,FF,0,2,2,3,1
8f1689cb-5a14-4bb6-b973-a5b2a3fa7ada,1,1,SL,1,0,2,3,0
280675de-f065-4d8e-9a66-e6638d2914d9,0,0,FF,2,3,0,1,0
855cceaa-3589-407d-977d-5003991b10c4,0,1,SI,2,0,2,6,3
7021fc23-4e27-4bce-a37e-945c29a78537,1,1,CU,0,1,2,1,1
633697fb-216f-402c-8432-3b1c4143f6e1,1,1,,1,0,2,1,1
9b9b587d-b026-4e14-912c-2a1e59122d48,0,1,FF,2,3,1,1,0
e26d2a9f-81aa-48e2-b595-55bb5056d9a8,0,1,KN,1,1,1,4,-1
e087e6e8-a002-4c67-b8a9-2d0ef70bce07,0,1,SL,0,1,2,3,0
7aa40571-5d35-4d9f-a25d-6ce5fd130d50,0,1,FF,1,0,0,6,1
3a77e74f-0b37-4653-adce-a6306f7c10de,0,1,SL,3,2,2,7,-3
86f01fa0-18aa-4128-b0c4-76a64a861eed,0,1,SI,1,0,0,5,0
4ddd586e-3c33-4330-856b-14c2767465df,0,1,SI,1,0,2,7,1
cb232142-5bb1-4b23-bf96-0dd976555cb3,0,1,,0,2,1,6,-1
5122dba1-5f54-4047-a247-f47b4867fc27,0,0,CH,1,1,2,1,0
73293ccc-e482-4ebb-973a-c74f93f10976,0,1,ST,3,1,1,1,2
ecd71a55-87a1-4620-bacb-5b24a1de1778,0,1,SI,0,1,0,8,1
9be619b3-4198-3597-8ce8-a833ff032f9c,1,1,SI,2,2,0,6,1
7445c33d-677d-3335-89d5-ca9924fffd8e,0,1,FF,1,2,1,5,-1
66011f6a-69c6-4a78-9fde-f732fd4d390b,0,1,,1,1,0,5,0
49098a17-2fef-3b51-9a2a-e1844aae9658,0,1,FF,0,3,0,6,1
643e6a06-9d7e-31ed-9f15-2a0334e2b23c,0,1,,1,1,2,7,2
e773ecc1-dbe3-3ac6-9535-a255b58693e3,0,1,ST,3,2,1,4,2
b4b2892b-ad25-319c-8e67-0d7ea6481e5e,0,1,SI,1,0,2,2,0
15205b2f-6f15-37b3-b60c-2863557b9457,0,1,ST,2,2,1,5,1
40b812ae-521d-365b-8474-5ac6a312ae13,0,1,KC,3,1,2,2,0
f9cec9a7-d100-4422-b266-203ec2c8a627,0,1,,2,0,2,7,-1
f6860b8c-197f-3fbf-9dbc-f184f1ab5174,0,1,FF,1,3,0,5,-3
67f870f9-37d6-3894-863f-5deccf9ef78c,0,1,ST,2,3,1,2,-2
4ffdf7b6-d9e6-30c7-8c65-107ff9049eda,0,1,SL,2,2,2,6,-1
7ca866c0-4b31-3dbd-9e88-8a84c7934ed3,0,1,FF,3,2,0,8,-1
d37742c3-9ed2-334d-873d-f246bfd44df9,0,1,FF,1,2,1,7,0
204a9100-7585-3d45-acb0-df59c138f1d2,0,1,CU,2,2,0,7,0
b4769779-a21f-3d32-8c0d-d127d9a9fe3b,0,1,SL,2,1,2,8,1
a6ecb337-7048-3004-ab4d-92e4c37928e5,0,1,,2,2,1,2,-3
8e4ce4c5-54f5-30dd-9aa3-8e6eec257bf1,0,0,FC,2,0,1,6,0
3e782e91-7c2e-3f03-b818-1d6049fd1705,1,1,SI,0,1,2,1,3
88ff12be-299c-3144-b3b8-cd84a5908367,0,0,SL,1,2,2,5,6
be772766-a9c9-481d-bdaa-12afec4e26ca,0,0,FF,1,0,2,9,0
f24c4400-fcff-49c7-aabd-ae33173350b1,1,1,FF,2,1,0,3,2
406978c4-34a0-4389-aa2e-1014a3641772,1,1,FC,1,0,0,4,-3
bace00fe-ed94-4747-88dd-88775c113f43,0,1,FF,1,1,1,6,0
b1854951-ab48-4b7b-a5fb-745c389437ec,1,1,FC,0,2,2,2,0
f6f2ce37-d6b6-4300-9c21-3ea3a3d4bd53,0,0,SI,1,0,1,5,1
802d913b-0e92-4d4d-a3ea-a75679f7aab8,0,1,CH,3,1,0,7,3
3b127827-9326-4412-a104-a96d4ce40485,1,1,,1,1,1,2,1
819d0eb5-dd3e-4116-9fda-6996df01d1f3,0,0,FF,2,2,1,7,3
2ce90096-22c2-457e-90d2-1e8b673bb324,0,1,FF,3,3,1,8,-1
2b05c7f8-7876-455a-a4c1-956779219928,0,0,SL,1,0,2,6,3
b975bf81-2c06-427d-92bb-5a7acea6e135,0,0,ST,2,2,2,7,6
6d4192f8-bb07-444d-8a96-48c614ce2369,1,0,FC,2,3,1,8,4
bbf86e8a-6cd4-4727-995a-8e1e53d811cc,1,1,FF,0,1,1,5,0
ea50837c-1294-30dc-b2db-70a04b523bf5,0,0,ST,0,1,0,6,0
661bcc75-f765-3e59-9c87-053b62d5dd41,1,1,SI,1,1,2,3,1
7c688f78-dbe7-454e-a90f-cd67fed9307e,0,1,SL,0,1,1,7,0
ab2fa64d-7626-43fb-a813-30ee69cea211,1,0,SI,0,1,1,7,2
000b7043-56cf-4765-a7ff-ad529bf36e39,0,1,SL,1,2,1,5,4
91f1fb13-43e6-47de-ae36-e1cd81d1b927,0,0,FF,1,1,2,2,1
535d2894-e244-4416-9e06-cf9727fc1180,1,1,SL,1,0,1,8,1
8275208f-2231-41b6-885e-a90c6d655c8d,1,1,SI,2,0,1,6,4
1ee5dcba-2767-49a4-8396-efeb51af44f1,0,0,FF,1,1,2,1,-2
72a435e8-be31-4a40-857c-7a1a11f81a07,0,1,SL,0,1,2,5,3
206dc150-0833-4353-b641-b29ebf356acc,0,0,FF,2,2,2,6,-3
f9338da4-e9fc-4075-ac2d-e7b7ba5d1dd9,1,0,KC,0,2,2,2,-2
cbb9cef0-e5b3-4d47-93a4-1ec9e2612a33,1,0,KC,2,2,2,3,3
bd363ee5-6871-4fa3-add6-25bbea628873,0,0,CU,1,2,1,6,-1
de8fe53c-5ec9-48bc-8910-8ea704661c68,0,0,SL,2,2,2,9,-1
2d5c6eec-20d5-4751-8fc1-2ccd2b418dea,0,0,CH,3,3,0,6,-3
6012605e-53b8-4585-9bf6-024cab3c43e2,0,0,CH,2,1,1,5,6
4066e385-8af6-3769-b17a-44cf1b4cbed3,0,1,SL,1,2,1,4,1
55f588ab-90fa-3411-b1e9-8ed7d4a23d90,1,1,CH,3,1,1,4,0
c77e17ec-d2e9-31d2-99f8-19723c70eb02,0,0,FF,2,1,1,4,3
7644a55a-281f-3ffd-af49-e9da3f46ee0d,0,1,SI,0,1,1,2,-2
1d40da0b-9601-336f-b012-79357eb69fee,0,1,FF,1,1,1,6,0
fff42aba-3846-333d-8ce3-16bcb639e36e,1,1,FF,1,2,2,2,0
c04c6583-777b-36fe-88d0-df25bce19b3a,0,1,SL,1,2,2,6,4
b8b234b4-8e8a-38dc-a61a-a624459819a4,1,0,,0,1,2,8,1
c9408848-1011-331e-8e6c-510ea360974f,0,0,SL,1,1,1,2,0
2dda7137-0591-33ef-9560-46edb78314f1,0,1,ST,1,1,1,7,5
78a98abe-2972-307c-8340-a21d28848abb,1,1,FF,1,2,2,2,1
ef2bdee2-38d9-3926-99d7-c27f35b78f8a,0,1,FF,0,1,0,4,3
273ae8e4-2bff-3468-87d2-b1da87779df6,0,1,FC,3,1,1,4,0
a9c125be-d05e-3a9a-af60-ec72109f0c0c,0,0,FF,2,1,0,9,-3
626fdf0c-5283-43ac-9c26-ab49d00b401b,0,0,SI,2,3,1,8,-1
8b0cc52f-4c5f-4753-9ba5-329c9cc0d198,0,1,SL,1,1,1,9,-1
8b1ecb0d-a4cf-4779-9730-be6510f69923,0,0,FF,3,3,1,8,1
dd3ada02-ca2b-44a3-bfb0-4fde065ca1d8,1,1,FF,2,0,0,7,-2
5d6dd701-13f2-4074-8502-b229db5575e5,1,1,CH,2,2,2,3,5
e4f924ff-6aa5-4d14-8a33-c2ab589951e8,1,1,FF,0,1,2,8,3
67577e1d-a8cd-4741-963d-09da87efe6bf,1,1,KC,2,1,1,2,1
252058ae-26da-4da9-ac29-2e401fbf439e,0,0,FF,3,2,0,6,-7
4089bd8b-b3de-4e9d-a7a3-3c5a70d3a336,0,1,SI,3,0,1,2,3
54354059-652d-4160-827b-6431fe1c722f,1,0,ST,3,2,2,8,1
9c501921-8d0c-4e91-aa5b-7db7efda1f49,0,0,SL,3,3,1,9,0
3e126bf9-245c-4df2-85ff-29a0b4a1d582,0,1,SL,3,2,1,9,2
0ba80280-6f19-485c-b733-e8ad1da096dd,1,1,SI,2,2,2,9,0
0b733905-5d08-44f7-9c06-45d612004bf6,0,1,,3,1,2,8,1
f4a80a47-c254-4dcb-bd71-909eb8615d5a,1,1,FF,1,1,2,2,4
3e2551a1-7cd7-472c-9f2f-d26568040722,0,1,ST,3,2,1,8,0
19acb8c5-f6d0-405f-9e14-923b403c1430,0,0,FF,3,0,1,3,-6
7f8ad638-9a48-48e0-a4ec-f4813196fde2,0,1,,0,1,2,3,0
fd33f70c-aea2-4918-9416-ae5e98e39359,0,0,FF,3,1,1,5,0
ab30817c-db3f-44b1-9b20-b290bb04a0d2,0,0,FF,1,1,0,5,3
0f499167-7944-3556-99b1-9357fb03a0e6,0,1,CU,2,2,2,3,-1
2679f43a-09f2-4f74-a161-de98694e303c,1,1,CU,3,2,0,3,0
005557bb-d8ad-4596-bdb8-a23b94065cc8,1,0,SI,1,0,2,4,2
cf1e90ac-f42c-4d18-b1f0-36ee4b778624,0,1,FF,2,2,1,6,2
6b93cc8f-f0bd-4269-89b5-c670ad0830e3,1,1,CH,2,2,0,7,0
b8f098ec-77e2-3923-9509-7eda1ca3ebab,0,1,FS,2,0,0,9,1
4ce2f450-1da1-3572-b188-5190cbab04fc,0,0,FS,2,0,1,4,2
e8445416-bd29-3830-bd4d-a1ff4eee13b1,1,0,SL,0,2,2,2,0
9e6cf98a-27bd-3c70-96ea-08a586806cf5,0,1,SL,1,2,0,7,1
837e2d05-ead8-3f22-9fd6-7e1040d2d5be,0,0,FF,0,2,2,7,-1
3835382b-12f2-35d5-8d9d-5789208be4f1,0,0,FF,2,1,2,7,5
a0e71d85-ce4a-3c84-b7ad-3a8f2e656bee,0,0,FF,0,1,0,9,-1
6137a1be-2de7-3738-a294-86e080ba1dcf,0,0,FF,3,3,1,8,0
7fc3ecf5-b42a-3046-b563-7e91a87d7ef5,0,0,CH,3,3,0,7,-2
ad72d780-8118-30c7-86e9-215a408a2e05,0,0,FS,1,1,2,4,-1
6046637f-97cf-3362-b307-e1bcc2274ae9,1,1,CH,1,0,1,6,-1
c6f67d4e-f62d-3f9e-b348-084d7b1318db,1,1,FF,2,2,1,5,-1
a027f4c0-57ce-32c0-bd39-66270aaf3d22,1,1,CH,0,2,2,2,-3
5c44a1cd-8b05-3c73-8b90-8fa094679175,0,0,FF,0,1,2,8,0
a03ccdaa-495d-3949-b62f-a09d9afa774e,0,1,SL,1,2,1,6,4
1a4e635c-e083-3682-90fe-3ec77ac3dec0,0,1,SL,1,1,1,9,0
7f845802-08a3-4d8c-a152-b6fb5ccf8e81,0,0,FF,2,0,1,8,-1
d1ab9b29-fe81-43ab-8e2b-86a5d52d4339,0,0,FF,1,2,0,10,0
a1eb3666-94a1-4e62-adbf-a9fbcf4e2137,0,0,CU,3,3,0,5,2
ed604149-17b8-4634-82c8-eeda553cf31d,0,0,SL,1,2,2,9,-1
d090d351-c8c2-4c19-8036-d576e321d214,0,1,SL,2,2,2,10,1
21f5032c-d043-4b27-8951-4ac4f08dbf6d,0,0,FF,1,0,2,4,-2
4231d6cc-20c1-450d-92f4-dcdf2b49311f,1,0,FF,0,1,1,6,1
03dc4237-472c-49fc-aaad-393d3ae539ca,0,1,SL,1,1,1,3,-1
2d9bdb5b-3a0e-4bce-be9a-848620b8a872,0,1,,0,0,1,2,2
c6c03b90-31e5-421e-937b-22dd2a6acfc8,1,1,CH,3,0,2,4,0
f5a95518-8c3d-4f06-b2d0-09f071067fa5,0,1,FF,1,2,2,4,0
c24a9096-60b3-492f-9466-79fcd112e70c,0,0,SL,1,1,1,2,1
9eaec2f3-766d-4c90-9d96-7f2631796d92,0,1,SL,1,3,1,9,4
05e9fce2-e2d4-4de6-bd47-d99d80df01ce,0,0,FC,1,0,2,1,0
1dbb2800-0f08-3955-bb59-e9afd5fb30de,0,0,SI,3,1,1,8,3
419ba5c8-a957-4281-ab2e-94289ad43b4a,0,1,ST,1,2,1,3,-2
130cae29-15bb-41ad-899f-540191acee3d,0,1,FF,2,0,1,6,0
255ecd81-4a80-4b8b-8146-efc6cb7cd04e,0,1,FC,3,3,1,7,2
40126313-0d46-469e-ae40-6aabd5c319e4,0,0,ST,3,2,2,4,3
10e392fa-9093-47a1-904d-feac4a43d7d1,0,0,SL,0,3,0,5,-1
492de53a-c288-4362-bf5a-721f0fed8f77,0,0,FF,2,0,1,1,0
7e0e59a9-e0a7-448b-bf4d-f8ddab63cd2a,0,0,FF,2,2,1,3,-1
f6284927-0df6-4df0-8786-0dacfbe8ed5d,0,0,SL,1,3,0,1,0
6dad1c93-eeea-40db-82b3-bc196b174dfe,0,1,FF,1,2,1,3,-1
3d18fc69-1d17-4b55-b017-1507f469cfa3,1,0,ST,2,1,2,6,3
2bb9ed3e-0daa-4883-bd75-b9dcadf44de6,0,1,FF,3,2,2,3,0
a77b812d-abdb-4e63-9a9f-3ab217e5a38c,1,0,SI,3,3,0,8,3
034da04e-2529-4fc8-a295-b38ed35ed67f,0,0,CU,1,2,1,5,3
a50e4fb9-d45c-472d-a07a-06dd7fbd3290,0,1,,2,1,2,9,-3
0c798067-ac39-4f25-a89d-bb100f5c11ee,0,1,FF,1,0,2,9,1
fa521852-ec33-46c2-bf9d-17606a3fde66,0,1,FF,3,1,0,8,1
1729983f-5ade-468f-8904-e579d9946043,0,1,SL,3,1,0,7,2
1eaaabd2-5e56-4f8d-b6c9-6bc18dfa7914,0,1,SV,0,2,2,2,0
26533579-9759-4594-98bd-13a90ea44ce2,0,1,FF,1,2,2,4,3
9cc6c6d9-c2af-4921-b72c-e284b1ed1876,0,1,FF,0,1,2,9,0
5e6045a8-4599-43c6-9568-d01e58276af2,0,0,FF,1,1,0,2,2
ee84e347-e3a7-48bb-9f04-0c638bc9236a,0,0,FF,1,1,2,9,0
7808c55a-5fbc-41ad-9b19-833429efe1d3,0,0,,1,1,2,5,-3
2f1885c6-93ac-43a1-92fa-56d9b46b6bfb,0,1,ST,1,2,2,9,0
ebb4b5f5-9ff3-4685-99f4-cc12e2796de3,0,1,FF,2,2,2,6,-1
d68e04a0-c1e3-42ee-817c-1dc53e5f364c,0,0,FS,1,1,2,5,-3
aba973eb-5048-48d1-b4d9-7484988e24f2,0,0,CH,1,2,0,10,1
f8153653-4247-4855-bb8d-2daea429e498,0,1,SL,3,2,2,6,2
5f6b9e13-a1b3-4597-8cd5-298628a0ca6d,0,0,CH,0,1,1,2,-2
565c5577-116a-4b0a-b802-a3390941cc34,0,1,ST,2,2,1,4,-2
659a3487-9e20-4762-9148-4ccceb6e928d,0,0,SI,1,0,0,9,-1
33661662-6651-441e-8e53-88b02929a377,0,1,CU,2,1,1,7,1
bef22712-0dd6-31b0-aa05-f29c524bf610,0,0,FS,1,2,0,3,2
6c80e4ae-fba3-39ad-9224-33fcd966980f,0,1,ST,1,1,1,6,1
78038422-318d-3bd3-8819-1c7ff6350706,0,1,FF,2,2,1,4,1
484fc6c9-08f2-3564-952b-ab25050bf440,0,0,KC,1,2,2,2,0
c6410528-b0b7-35b2-ae24-a686dd453519,0,0,FF,2,0,1,3,0
31bb4232-acf7-3135-91b5-63e90a2188e5,0,1,SL,1,0,1,9,3
d9848016-391b-3d93-a9a3-12cef55b7b67,0,1,FS,2,1,0,8,2
fa804acb-f780-3529-bb68-7cdc08d78b20,0,1,SI,2,2,2,6,3
3957c2ea-d178-3560-9c5f-4d723ca30e25,1,1,CH,3,2,1,4,3
079f998f-74a1-3e90-8472-3f789be6864a,0,1,FC,2,0,1,9,-1
6af868d9-9120-310e-be2e-c75f6e143473,0,1,FF,3,2,0,5,-1
85f6d48e-8637-3890-b77d-46dfb2df4c00,0,1,FF,0,2,1,7,0
a1b498eb-2b05-32e1-ba45-0b0301960117,0,0,ST,2,0,2,6,-1
aefe5e6a-37ff-3da9-af00-6935e4d33268,0,0,SL,1,0,1,7,1
4a25d2f8-6c16-310b-8d2f-8c064ca87d60,1,1,FF,1,1,2,8,2
180fab84-e2c6-3b29-a9ab-160f57db24e1,0,1,SI,3,3,0,9,1
63ac3e11-59dc-38ec-b637-2c35697a3557,0,1,SI,1,2,0,2,1
2d3fcb47-ea3f-3567-bedf-43d4768a5528,0,0,SI,0,1,1,6,3
c942ef13-1764-3617-866e-8022944c0932,0,1,CH,1,1,0,3,-2
456412a6-ef37-30b0-b2a0-b04c5752bb0d,0,1,SL,0,2,2,7,0
f180e74f-27bb-3611-8801-f6e4861a8597,0,1,,0,1,0,8,1
40add4ac-6f47-4c92-9ab0-ab361d999ac0,0,0,ST,2,0,1,7,6
3ec0d22c-1670-4c6c-a8d6-1feeeb407232,0,0,CH,3,1,2,3,0
1d3c8a93-250d-4625-97c5-b47cd1b28079,1,1,FF,1,0,1,1,1
12c87062-a37f-4005-9a65-0f78858c3237,0,0,FF,1,0,2,6,0
00505b5a-eb1a-4edc-b3f2-28e3eba54558,0,0,SL,2,1,0,9,3
e690776e-1f0e-4dcf-af93-ac1aa1763d0c,0,1,SL,0,1,1,3,1
c81852a8-cca2-4d7c-8eb3-79043a4b00c9,0,0,CH,3,3,0,8,1
11478860-389e-4857-8695-b82be7b689c4,0,0,,0,0,0,4,0
7b3d9e07-7eec-4511-8d35-e7964683a271,0,0,FC,1,1,2,4,3
4f0c056a-63c6-4e36-8513-869feb87964b,0,1,SL,0,1,1,1,0
3ee73655-166e-48d0-8b7e-fe4b74c28a67,0,0,SI,1,0,2,3,0
a27c60d0-48fa-4398-9e80-df600548ce41,0,0,,2,0,1,3,-1
73c68bfa-cc11-435e-8f6c-baedd581fb8a,0,0,FF,3,3,0,10,1
a6cc903b-1c6f-41c7-863b-f7415bb21d12,1,1,ST,0,1,0,1,0
e44147b6-7924-4af6-81c5-4540645cf7f8,0,1,FF,1,1,0,7,-1
ddeb9d82-4b4f-4018-b0bb-d46a35b40f70,0,0,CH,2,0,0,2,0
49b55657-289e-42d4-b6dc-cf98b9079186,0,0,FF,2,1,0,10,0
e2e6ce1b-8e80-49ce-9644-1d7f0b9ef685,0,1,FF,0,2,0,9,-2
49a134ae-e85d-483f-8d3c-eba7eb3eac9b,0,0,KC,1,2,2,1,2
cfef6983-d0d9-4cf3-b4d7-3976464dbda9,0,0,CH,0,1,0,6,2
633c8d8a-643b-4135-a612-110119e34e6c,0,0,CH,1,1,2,2,0
4859bf60-3be4-4713-85a8-e35407554352,0,0,CU,3,2,2,4,2
1c464350-447d-4299-804e-0cdf687985e0,0,0,SI,2,1,2,2,0
70951c9e-3636-4496-99c3-241e83e9230d,1,0,FF,2,1,1,9,2
c3e42d68-e2ee-436a-8f26-0267461211d7,0,0,FF,1,0,1,2,1
32d6c2f3-a4e6-4221-9085-131ff5b13817,1,1,FF,2,2,2,5,3
5bff63ef-af2c-445d-851d-6a00c3f4e243,0,1,SI,1,0,2,3,4
8cfc1d78-e8db-4fe7-89c0-743208dfba1c,0,0,ST,1,2,2,3,-1
ef12595f-b8fa-4a49-b1ca-9ee9b9317089,0,1,ST,2,1,1,3,-1
75b0afc3-11f0-41ec-9ceb-d6216d9854ae,0,1,FF,1,1,1,3,-1
6caa82fc-3825-4c8f-b372-d6bdd40ed22b,0,1,SL,1,0,1,9,2
593fb090-1a38-433c-88c1-f59015b87b15,0,1,SI,1,1,2,2,2
a3cf2cda-2780-475b-a4c5-7083c298ac93,0,0,SL,1,3,0,5,2
50563710-4412-47cf-9db5-5209fdeeab03,0,1,ST,0,2,1,10,2
3bd87832-5bae-4e58-a0fe-43bb6b886523,0,1,FF,1,0,0,5,2
de1b1e4d-027a-49bb-a333-1c3ece8c3e5a,0,1,FF,1,1,1,2,-1
7e821d1e-cadf-4f24-bce2-39a698bfe83e,0,1,SL,1,2,2,4,0
5b5d5319-302e-49b2-8c08-3a3a134227c9,0,1,SI,0,1,1,3,0
9db4f21d-af79-447c-b176-43483b4bdd13,0,1,SI,3,1,1,4,4
3b0adcbf-24fe-419f-ba26-69a28572ded5,0,1,ST,3,3,0,3,0
caecc84d-1988-4c67-b3ac-932efd6bf1dc,0,0,KC,2,0,2,3,0
91a3ca5a-4f2d-4d1f-b085-63677afb6f5b,0,0,FS,2,1,2,7,6
b1110236-02f7-4444-8cee-bb0a4bc644eb,0,1,FF,1,0,0,3,-1
5bedc6f3-5cbd-4489-8abf-8a64cb52c094,0,0,FF,1,3,1,3,-3
54eb2dca-7191-4734-9b43-2559df6375fb,0,1,SL,1,2,0,9,-2
72141a06-423d-4acb-9f77-16c3826c7300,0,1,SI,0,1,1,2,0
5c53068b-1238-425c-b682-6c5f47752f09,0,0,FF,1,0,1,9,2
35061687-871e-445f-8aa0-678372201c83,0,0,FS,3,2,2,3,1
917761e3-76e1-435c-b810-5e4a1bc3adf9,1,1,CH,2,1,2,5,-4
4f5c7d6c-f83e-4511-93c6-dc0830c415cf,0,1,FF,0,1,2,5,7
aaeca10e-6eb6-3c19-a512-e4852f123765,0,0,ST,2,2,2,3,-3
3a77bd33-c0f9-3e32-88fc-59c0510556c2,1,1,FF,3,2,0,3,-1
57e640c3-fac7-37af-b3e8-70885fc361a0,0,0,,1,2,1,5,2
79acf68e-6ca6-3b9d-9702-d5ac0125d789,0,0,CH,1,1,1,5,-2
db60b9d6-3499-3311-af7b-4002b6fa9801,1,1,CH,0,1,2,5,1
22347088-3886-3c70-b174-5fd9c9c42a0a,1,0,FC,1,1,1,5,0
561a5ed6-dc46-3522-b040-f20fec471270,0,0,FF,0,2,1,9,-1
03b28c6b-7829-3db7-a55c-6d6f04e74eae,0,0,FF,1,1,0,3,0
770a0c90-c6e3-3d87-9841-26a5113a11fd,1,0,CU,1,2,0,3,-1
0f16cbd4-29e4-3a03-926a-f98e2cb5c658,0,1,SI,0,1,2,9,0
a95b7356-eea0-3555-b2ee-c4a8ec529f7c,0,1,CH,1,1,2,5,1
b52476a9-a979-31ba-974b-0bbeee0c1805,0,1,SI,3,3,1,4,0
1aff9ef8-c841-3a2b-b27a-438b2c330ebc,0,1,FF,1,1,0,4,4
e4af1d18-3a8e-395c-95db-797f6cb269e9,0,0,SL,2,0,2,9,-1
d6cb66a5-446b-3fd1-a062-0f5cdcf66817,0,0,CH,3,1,1,4,-1
8b117db3-edd6-3ac9-8bdb-ce4ef9af3486,0,0,FF,2,0,0,5,0
f36d07e1-cca3-36a3-8ebf-dc02b5cd410d,0,0,FF,1,3,1,4,5
de275aa1-a30f-3d25-ac40-c78510d0a49f,0,0,FF,1,0,0,3,2
b2d3e31a-b612-30b6-b65c-a514204a8dba,0,0,CU,2,0,2,7,0
132ad8f4-dc01-3f5e-9c88-19b2c8980df1,0,0,SI,1,0,1,3,-2
bf2efea9-2a79-304a-85fc-6f847eb8abdc,0,0,FF,1,1,1,7,-2
70f01266-bf5b-356b-9261-ca79a0dfa70a,0,0,FF,0,1,0,3,2
405bef5a-23ca-307b-8c1a-a8dac3cec4f4,1,1,ST,1,1,1,5,4
426edfc0-64c4-346f-ac39-624907947da9,0,0,FC,2,1,2,4,1
3e3145f2-19c5-30d6-bf64-d2e3652aaf53,1,1,SI,2,0,2,5,1
ab25689f-8c17-3826-8d32-f1ab75f5e634,0,0,FF,0,1,1,2,-4
88e96df1-42e6-32ab-8c2a-c23dc48c89dd,0,0,CH,1,2,2,1,0
48ebabf2-f699-348a-a2fd-fc4524f96bc3,0,1,SI,0,1,1,7,4
89c0aa47-6e3c-3c6e-9f60-f94480bc4d27,1,1,FC,1,0,2,3,3
c90bafd0-cf2e-3693-aaeb-bef54f13e305,0,1,SL,3,3,1,9,-1
f6105b8a-d951-49d9-a84b-62dde3e02eb4,0,0,FF,1,1,2,9,-2
6fb293cf-4a40-4437-9b4a-064ca9e71d5f,1,1,SL,3,3,1,5,5
5835cafe-96eb-45a0-b3c0-25bff0114b8b,1,1,FC,2,2,1,1,-2
3cb28e49-0d2e-4852-a084-5ae9d5636f2c,1,1,CH,1,0,2,5,0
2f57f31c-950f-411b-90a7-cfb4f20964ee,1,0,,1,0,1,7,2
104e02d2-f12c-4ea1-b17d-494dd82a509d,0,1,FF,2,2,2,1,0
78852045-d16c-3542-a605-a9ba9f8b5c2d,1,0,SL,1,1,1,2,0
5cd102a3-d68d-3ce9-98b3-09dd92c9e28b,0,1,FF,2,2,2,3,0
f2e3a697-b1dc-3ef1-841d-35451e4dde95,0,1,FF,2,0,2,5,1
10873769-9cb2-39f4-b453-3addb633466b,1,1,CH,2,0,1,6,-1
ea4b408d-6aa1-3cd6-bc7f-837b6ef26a16,1,1,FF,4,0,1,6,-1
c318fc6b-73f6-32cb-b121-24f510ded2fe,1,1,FF,1,1,2,9,-2
a4b10abc-fef3-4de1-9fbf-8594e8b3ec0f,1,1,FF,1,2,0,1,0
3b4dbb74-808e-4e26-b793-0437265a97ee,0,0,SI,1,0,0,5,0
201bb6c1-e49f-4da5-8b2d-3882d89ecf93,0,0,FC,3,2,0,3,1
12d2d600-3556-445d-988c-299f9976eb92,1,1,CH,2,1,1,1,-1
3728c0ff-b4d7-4d3c-baf4-c05a1f6efcc1,0,0,CU,3,2,0,1,1
337bf56a-75e9-4eab-b52e-1b813b61770e,0,0,SI,1,1,2,5,1
cdb33d6a-5327-458e-ad47-8b170353c7e0,1,1,CH,1,2,2,2,7
46ba39b8-0873-4f23-9ad0-a299992c8627,1,1,SI,1,1,1,1,0
a2b479d9-eb6b-4226-a0f6-1f5851293768,0,0,SI,4,2,2,4,5
512fd8e8-e2f5-4844-875a-7cf57e892603,0,1,SL,2,2,1,3,2
69c95482-6384-4e8b-b268-65a688ccfd64,0,1,SL,1,1,2,3,3
39a632b3-96cd-4816-b9db-7f68f538eb90,1,1,CH,0,3,1,1,0
bf069c0f-cd28-49de-84e6-ee5b72ee6373,1,1,FF,0,1,1,4,5
fb38cc80-f9c0-469d-82de-205740b776f4,1,1,FC,1,2,2,3,-1
044ad73c-42a5-4115-95db-f4cf4a4683e3,0,1,SI,1,1,0,5,1
e18c160a-9d3c-41aa-ad3d-2d93d8f3bb0d,0,1,FF,0,1,1,1,0
e067c999-d529-46fb-b067-cf1dadec6c02,0,0,FC,1,2,1,5,0
03b6fcfd-695c-4cf4-a2e7-a7cb6bebe619,0,0,FF,1,0,2,5,0
bd2cd23d-31f5-4bb2-8e40-f1d1fe467948,1,1,SI,1,1,1,3,-4
37a39728-3b03-4707-a32a-fb3efe78c0b8,1,0,SL,2,1,1,7,1
88454523-bc94-483e-abb2-249e18cb883a,1,0,CH,3,2,1,5,0
c66cb0a7-6db6-43c3-99c7-2179ec39ef92,0,0,FF,1,2,2,3,0
1ca31411-3303-4339-b241-60104c3a01ae,0,0,CU,1,0,1,9,0
95acd064-821e-4629-bed5-84a48874f54f,0,0,CH,0,2,1,3,3
259b8863-8fa2-48fc-9ab3-8298fdd101ca,1,0,FC,0,1,2,5,1
afef2f45-aed6-4814-8353-586ffedb134a,0,0,CU,1,0,1,9,3
a0d0cf17-d715-49ac-9542-87270ef37273,0,0,FF,3,2,1,9,3
8df6eebc-0e9a-4aac-bc29-f90885fa80d3,1,1,FF,1,0,1,1,0
6040b562-6eb8-46e7-b2f1-b31b8d501318,0,1,CU,2,1,1,8,1
c048a6c1-cab7-4508-9877-da428402d5af,0,0,FS,1,1,2,1,0
60f59a70-3c34-48b9-9368-1761c9f64f61,0,0,SL,4,2,2,3,0
1ffee6cc-8a81-43db-82e0-4a70fd836b75,0,0,CU,2,2,2,3,0
3cadd240-47da-4656-9bd4-32fda8c78dea,0,0,ST,1,2,1,7,1
729f5ed7-23cc-4daa-86bc-8b8ecc8da5be,1,1,CH,3,2,1,9,0
bb2a8d55-2cb9-48ba-9c2b-72b631cea2d1,0,1,SL,0,1,2,1,0
21b895ef-a7c0-47b6-b29e-88198a7733db,1,1,CH,2,2,1,1,0
983a780e-24f2-4fe3-9cc8-d5a568a3c7fd,1,1,CU,0,1,2,3,0
f0949150-5b6f-463f-81d8-307a2908992a,0,0,CU,3,3,1,1,0
35d804c4-106c-4504-a703-211b87268784,0,0,CU,1,0,1,1,1
2d0a115b-bda7-4bef-a681-301d91a8fc98,0,0,CH,0,2,1,1,0
829d699d-56bf-445d-80b5-d05ea54290bc,0,1,SL,2,1,2,6,1
01632d7a-1655-4d4b-89c2-c204b571a6dc,1,0,SI,3,3,0,3,0
a8892ac2-3798-4b30-a832-b79d175f4a98,1,0,SI,1,2,2,7,3
574f6617-2662-41c0-b416-a11c48ea58cd,0,1,FF,1,2,1,4,-2
a1b0505f-6f10-48a7-9d1f-9a69c001f180,0,0,FF,2,0,1,1,0
2c23ba1d-955f-4d80-87cc-9b4c804c50a7,0,1,FF,0,2,2,7,0
40d8ff46-cd41-4121-9ea5-07cff6320c9a,1,1,FF,1,0,1,1,0
32349f66-88c5-42b2-99b5-0d466264c72a,0,1,ST,2,1,2,1,0
5375800f-e605-4699-8fb1-bf0957b0864c,0,0,FF,2,2,1,1,-3
b8d79eaa-4b1c-4fe3-8c60-958b54c5a296,0,0,CU,1,1,0,9,0
6ca32f14-12e0-4089-9d79-2dbb6db38446,0,0,FC,3,0,2,3,2
01ca550a-12f7-4949-9cd6-eb96b59e9c0b,1,1,FF,0,1,1,6,1
66566e49-fbd3-40b5-929f-1959c16be190,0,0,CH,1,1,0,8,1
64dd0687-4fab-4768-8429-5f40b171468a,1,0,SL,2,3,1,9,2
afee4ffe-94de-4f89-bedc-dfc0d61e2b6a,0,0,FF,1,0,0,7,1
bbd54b6a-1610-4f40-996f-a4106625c495,0,0,CH,2,0,2,1,2
ae2719ae-f5dc-380b-8368-c9e78068651b,0,0,FC,3,3,0,6,0
5cbd616d-bedf-3f55-93ce-59c38437b225,1,1,,0,0,2,5,-1
deb46dc9-2639-3f96-a46b-985175321d08,1,1,CH,1,1,2,1,0
b814e452-4f29-3974-9b05-73a0f69813ed,1,1,CH,1,1,1,8,3
bb97084a-5c67-3c86-aaec-11b5000786f9,0,0,CH,2,2,1,4,0
f04879fa-bbe6-37ed-8189-674a5ef27bc0,0,1,FF,0,2,2,2,0
a905e0b4-f80e-3d45-b0f0-42c16da5293c,0,1,FC,2,0,0,9,-1
ecf3ed69-42fc-4b99-873c-640080d96764,1,1,,2,1,0,2,0
a3f29c3a-14f4-3376-baec-0051a0d0f243,0,1,SI,2,1,2,2,0
1b121b41-ef05-365b-aef3-fae486044ac7,0,0,,1,1,2,2,1
d8c05ed3-c1e3-4996-9319-a8bdfb5ba8a2,0,0,,0,0,0,9,-1
c6b7b5c1-6ba1-38be-83cf-10c2fcdc492b,1,0,FF,1,1,2,3,1
2cb7d598-d12a-4463-ac0f-127ca981e4d5,1,1,SI,0,1,1,3,1
4ad7be50-765c-4ed5-9019-07143f682640,0,0,,0,0,0,3,-5
ae288aac-c9b0-4d68-9ac0-aa48bda252b9,1,0,FF,3,3,1,8,-3
440e6d1f-be8a-431d-847f-c0b57274ff20,0,1,CH,1,1,1,9,-1
f7f2fdb8-6d46-4f25-9651-a1427425d817,0,1,CH,0,1,1,9,-1
8fc9cb1a-1edc-489c-91f5-a58c453d39e3,0,0,FF,0,1,1,3,0
87e8b5da-4e18-4e62-8c2c-abb9b346aa58,1,1,ST,1,3,0,7,-4
21268b12-2267-4613-bda4-88e88eb38f56,0,1,SI,2,1,2,7,0
0793819d-6767-402f-8e91-8cc218f6a2b3,0,0,FF,2,1,1,8,-3
2c6a6b55-e1f1-46f2-a767-e0fc08deb5e8,0,0,FF,1,0,2,3,0
01f44bb6-7f68-450c-aea5-516ddff64981,0,1,ST,1,1,2,4,1
388f1dcf-f2bc-48b3-9421-2c24273896ad,0,0,ST,1,2,2,2,2
1b719b6d-916b-4522-8ddd-b040fb748e99,0,1,SL,2,2,1,7,-1
5a76253a-4545-4c03-b0a6-7f006691c030,0,0,CH,1,3,1,9,-1
b017554e-ca94-455e-825b-b6ac5c6b77ad,1,1,FF,2,2,2,2,0
07de3b3d-44e3-460f-90e2-5ad89cd65912,0,1,SI,1,1,0,8,5
3e385fce-0a1a-42aa-a5dc-7f3da3922db2,1,1,CH,2,3,0,3,1
a8a6b3a6-b525-4ae6-8b99-5d7f8074ab89,0,1,ST,1,1,1,3,1
b19a5261-50c8-4890-8594-e206379ae45f,1,0,SI,1,2,2,8,-1
c975379f-e72b-4702-93e3-1fed26a21d73,0,0,FF,0,1,0,8,2
9a772a4b-c808-414a-ba1a-6c0aad48bdfc,0,0,CH,1,1,2,5,1
5d7c6ad3-819c-4c37-ac11-4f7822074d60,0,0,CH,0,1,1,6,4
33939cc2-2228-4c6e-bc29-404e31bf4336,0,0,SI,1,3,1,2,0
81738f9c-143a-467d-ab55-e547b88ac6c0,1,1,FC,0,1,0,2,-1
0303a1de-aa91-43c2-98cc-571e89e065bf,0,0,FF,1,0,1,2,0
c1b92e2b-9b0e-4e0b-9b30-1346212e8a09,1,0,FF,1,0,2,1,2
5451761c-6db1-41ee-a285-7e44fbc3ae1e,0,0,ST,0,1,2,3,7
8b7c5f52-8f25-4c3e-9f57-7d704cdbc0f6,1,0,CH,1,0,1,4,3
d72ae65b-1c4d-4460-8b1e-c0127412276f,0,1,,0,0,2,8,5
a4fe6230-6b86-4a22-bdc9-a5d1fd1e8677,0,0,KC,2,1,2,2,0
073776b4-d89f-43ca-b6cf-1b835784894a,0,0,FF,1,1,2,4,-1
30620c17-93ca-44b6-87c4-8e127fcf4f92,0,1,SL,2,2,2,6,1
b804ae96-c973-4cdb-8a83-36dfedc70e26,0,0,ST,1,0,0,8,3
d243435e-4ac7-37b8-a30e-44848a07789d,0,1,SL,1,2,0,4,4
80d3930a-6eb1-4311-9eba-b9f0f6265320,0,0,FC,1,1,0,9,0
e972150c-d40e-45af-bf50-2d27e5c28d4b,0,0,SI,1,1,0,2,2
bbace037-3906-4ffe-a63c-06249cba5193,0,0,FC,0,1,1,2,0
6904e50a-4b54-4a76-b2a6-d0e68b7db674,1,1,SL,1,2,2,9,0
33fe13d2-abf6-41e2-9aa8-30cd4c58ac4f,1,1,SI,2,1,1,4,0
f5971ec8-e800-4f47-9993-eee95be88194,0,1,SL,1,2,1,8,0
1a7b9e45-c446-4096-b60c-21e2aad5cb1d,0,1,SI,3,3,1,7,2
72915e70-71b6-4ef3-835c-685f03e0b2d4,0,1,FC,1,0,2,2,-1
2e8c27fc-c6e7-46e9-a8ea-ec08e79f8b4a,1,0,SI,2,0,0,9,4
a90ea2f6-a6fb-418b-a01e-de80f66954b2,0,1,SI,0,1,1,6,-2
175b51d3-fc56-4842-9314-3da6ab985fa5,1,1,CU,0,1,1,2,-1
28e38b1a-3e0c-47b5-8ec4-d31272054ac4,0,0,FF,1,2,0,4,6
bf7c6526-2721-4c0d-9818-5fba2034ed63,0,1,SL,0,1,1,6,2
7bebda2e-28f7-4eca-a8f8-c671ee1bcba6,1,1,FF,2,2,1,8,1
38e8ac35-30cd-401c-8823-672c7d9972d4,0,0,SL,1,0,2,2,0
4c9ac84c-84f9-4102-9033-c8a5ad8d364a,1,1,FF,2,1,0,2,1
6ac0158e-0ce6-467f-944c-c0e7bced4655,1,0,SI,1,1,1,4,5
a5cd8d04-e716-4e48-b28a-01996b59dc61,1,0,FC,1,1,0,2,0
3c29276f-160e-4481-84d0-a977514c7bba,1,1,CH,1,2,0,4,-3
d5491245-092b-4ff9-a2d3-96cbc4cd1d27,1,1,FF,1,0,2,3,0
585c0881-3d25-44d4-9a35-d8436ebad552,1,0,SI,2,1,2,4,-1
894f56ce-be2e-47af-b09c-d6764f33d608,0,0,,1,2,2,5,0
4bc4d7cb-8333-4366-88ae-d760296abcaa,0,1,SL,1,1,1,4,-2
560d2be7-e69c-4f6e-917f-2c37053e5f98,0,1,SI,0,1,2,2,1
914bc9f5-481b-41db-9c5e-1d056d1508c1,1,1,CU,1,2,2,6,-1
5c4fe83a-b080-4a02-b516-017d9e695c84,0,1,SL,1,2,1,5,2
229eac74-01c8-472a-841d-add73e82f77f,0,1,SI,2,0,2,8,3
01807949-c38a-426b-8ab6-ada32ced42f9,0,1,SI,3,3,0,8,-1
0723cfb1-f7a2-3b3d-8823-48b9f17684c3,0,0,FF,2,0,0,6,1
ac347fed-c59c-30f9-a4fc-ba5550f98df9,0,0,SI,0,2,1,2,0
9bae7e64-dda5-3bbe-9706-587923bb85b8,1,0,FF,0,1,1,3,-1
4b2219e5-0cfe-35b4-8dc2-10bf24abd85a,0,1,FF,2,1,2,2,-1
6ba1ddd0-7962-381a-81bf-2210353aad30,0,1,SI,0,1,1,5,3
41b7dbb9-c5a0-3d5b-9364-f0ac9b7280ac,1,0,KC,1,1,1,4,3
0972e59b-f8e6-350b-bb1b-379d481c9777,1,1,CU,3,2,2,3,-1
03eb8792-a143-31fd-bbbe-a5d39bd80b94,0,0,FC,0,1,1,4,-1
c3a1cf76-fded-38e9-b794-3ec0d786c10e,0,0,CU,2,1,1,6,-1
1b01cad4-3c36-3266-80e3-bfaab4ace4de,0,0,FF,3,2,2,6,3
21593901-7d07-37c7-9b62-c719f8d2d4fc,0,1,CH,3,3,0,6,0
f4d4811f-ab6b-3121-a1df-aeca0626f8fe,0,0,FF,2,1,1,6,0
4838e8f3-b6ca-319c-94d2-59c532402969,1,0,FC,1,0,1,8,0
f3aa1f49-5c4b-395a-ad9b-167eb20d090b,1,1,CH,0,2,1,2,-1
304a3eb5-e6f4-35ef-9735-2ebc4b8b59dd,1,1,SL,2,1,1,4,-2
e6ede70c-4c56-367b-a575-28fcb8a37197,1,1,CU,0,1,0,2,-1
7e97b295-fd4d-3df3-9f28-a36dbc9f56ef,0,0,ST,3,3,0,3,0
477fde2b-1a0b-32cc-ac5a-7b159c29a583,0,1,ST,1,2,2,4,1
b961df26-a49b-418f-a0c5-ad25d476fc33,0,0,FS,1,1,0,2,1
6002f2ab-ac10-4639-b20d-4471ec7e5b35,0,0,FF,3,2,0,9,0
b8c222da-e693-468d-950c-795d9920dbb7,0,0,CU,2,3,0,2,0
f23e68b5-7db5-4f03-9357-79eef8ee26b6,0,0,FF,3,3,1,5,-3
67d70f23-5453-49b7-8d0b-467dcf1a0664,0,1,CU,0,2,0,2,0
5c83f5d5-8782-4799-8f1d-f11bd0fae412,0,0,FC,3,3,0,4,-3
e5469f38-8bf8-448b-9706-3a48899aba1f,1,1,SL,1,2,2,4,-2
3a7c3e46-2500-4848-a1c0-d30d8d73fc5e,0,0,FC,2,1,1,8,2
ddd893ef-b980-4528-94ee-e0c87e49d5af,0,0,FF,3,0,2,6,4
2c192dc2-1b29-4dc6-b327-659df7af67e2,0,0,FF,1,1,1,3,3
36a695f4-bf19-48fc-b008-c630ccf6b5f4,1,1,FC,0,1,1,1,2
43356345-bd65-478c-810b-4119145ce3c1,1,1,CU,1,2,0,6,2
34f4da6d-b96a-399c-8265-cd6415fbeefb,0,0,SL,3,2,2,5,0
dddfb19c-eb8e-4bce-beab-706af98074e7,0,1,FF,1,1,1,5,3
97d2ecdf-46eb-4806-b5e6-03a99c78be04,1,1,SL,3,2,2,5,2
a08e0a32-74dd-4557-ab34-e622fdc34905,1,1,SL,2,2,2,5,2
238dfa4d-0e9d-4ab1-b6ca-4dcfe81cfcbd,0,1,SI,3,1,0,8,-4
2af1d4fa-5113-4169-8f15-d885874afd7c,0,1,ST,0,2,1,8,-4
4c44f49d-a5b9-490f-8be9-30143b4c2201,0,1,,0,2,2,7,-1
0735dc93-e0c1-40d6-ace9-2a6a891a223e,0,1,FC,2,2,1,7,-1
67084a80-fe78-4a39-8025-c91adf211e44,0,1,SI,1,0,2,5,0
625e85a7-f81b-4b7d-bb77-1880a5d431ef,0,1,SI,2,2,2,5,0
6268fc3a-21ee-4269-825a-82a8c5f4e06e,0,1,FF,2,0,2,9,4
d0971a2a-7913-4271-9a4b-08042aa16329,0,1,FF,1,2,2,5,2
07172656-0406-0043-000c-f08cd117d70a,1,1,,2,2,2,5,3
c4c940be-07fe-420c-8638-3f32534b9508,0,1,FF,0,2,2,6,-1
3e58cd0b-1fb6-42a6-8b40-d335dc68fdc5,0,1,ST,0,2,2,6,0
3a3118ea-81a6-42bd-b3cf-bac5d8b3528a,0,0,SI,1,1,2,1,0
a9895105-83a9-4f33-9a5a-1f1b75a0f1bc,0,1,CH,3,3,0,9,1
63c052c7-8022-44dd-ac63-f2f0f52fb880,0,1,FF,1,0,2,4,5
b76828b7-478a-4e06-a032-d5144a0b5536,0,1,FF,1,2,2,4,5
59e41b15-3deb-4f26-bdf7-f1e177a82524,0,0,FF,1,1,2,5,2
0cba4282-225c-472b-9f77-6bf460087e59,0,1,SL,2,0,2,5,3
004f404e-4a3d-40ca-b2b0-1ce762fedcfd,0,0,FC,1,0,2,3,0
d7686082-3711-4fd7-b971-cb743eb9a1ee,0,1,SI,3,2,2,1,0
d9c74db4-42a3-4cda-a2c8-8a86b3a669e4,0,0,FF,1,1,0,6,-4
77f31680-0919-4c4c-b646-8d547a19fa2f,0,0,FF,2,1,2,8,-2
0b43943f-6d2f-48fe-a33a-4aa21aa1ea83,1,1,ST,1,0,2,4,-3
cccd7cb7-6ef8-4d02-b9be-6f881736a7e1,0,1,FF,2,0,2,3,0
78d052bd-370c-461e-bc97-9ee02b5b3668,1,1,,3,1,2,6,1
8c62e264-07d2-4ed6-a9e7-25e53392d226,0,1,FF,0,1,2,1,-2
19362ec5-2e7c-4404-9083-4d32ac538a70,0,1,FF,1,1,1,4,-1
a3042a3a-7314-4c8b-8491-83d4acc516c5,0,0,ST,3,3,1,6,-2
3ae1fa33-9de4-4520-98b4-7fb72eedcd23,0,0,FS,1,0,1,3,1
c3c25230-ab57-41ea-81cc-dd0faf7e1095,0,0,SI,2,2,1,1,0
08835872-68ac-4e45-8358-4de0263b002c,0,1,SL,1,0,0,8,4
eef40201-effb-40a2-8590-ac513792ee40,0,0,,0,0,1,8,4
c6e39cf1-5bc2-47d9-88de-4853318fac3b,0,0,SI,0,1,2,8,0
b2f46b50-983d-4c05-aeb0-96ca146205e2,0,0,FC,1,1,2,1,-2
259b6e92-877b-4152-85dc-08e09fc79b0c,0,1,FF,1,1,2,2,2
220d251a-9945-4d04-978b-d5621d9ae67f,1,1,CH,2,1,2,3,0
c0de82da-25ca-4c70-a9df-71bdbfd08478,1,0,SI,1,1,2,3,0
51ec4006-5a1a-46fc-b1e1-fecf90795df1,0,0,FC,1,2,2,3,-3
1720353b-4ef3-4e6c-8869-0751f2dd5d31,1,1,CH,1,1,2,1,0
e8d18712-511f-4c05-9a37-ec05a4a9e8fd,0,1,SI,2,0,2,5,2
3b32c663-87c7-42f5-9c30-d498054057da,1,1,FF,0,1,0,1,0
eb24405a-d8ac-450b-9b11-a2de950f1179,0,1,CU,2,2,2,8,-4
8fc16a1d-cdf0-4091-b548-2d5892a889f7,0,1,ST,1,1,2,8,2
01092ef3-40e7-45f9-9986-0fe1f5fa660d,0,1,FF,1,0,0,9,3
5a822252-1e05-46d1-9fa6-42124591f035,0,1,KN,1,2,0,1,0
d544e0a2-e051-4812-94d4-62c64e6714ff,1,1,FF,0,2,0,9,5
eb046c91-e200-4c85-bba7-205a47b00629,1,1,FF,0,2,0,9,4
558ba9c8-fa29-43cc-8163-7a498071ffce,0,1,SI,0,1,0,1,0
4a0d105c-0d6e-4983-9d77-dffaa5e19514,0,0,KC,3,2,2,5,2
8cfbf46b-d7b3-4120-8f61-bacf77a9a354,1,1,FF,0,2,2,7,3
7cd02cad-8735-4f89-b8ec-dfae94435037,0,0,FS,1,1,2,2,3
be797ac7-9b67-40f3-8a04-e0b64dac3c2d,0,1,FC,0,2,1,2,3
da0564be-62d4-44e8-8743-51536e941da0,0,0,FF,2,0,1,3,0
cd511a84-cd8a-4808-bba8-338e8ae0ab82,0,1,FF,3,1,0,1,0
b6c69463-c879-4941-a57c-59d211b59071,0,1,FF,2,2,2,8,3
59435974-ff9c-405c-ad56-45ede1561726,0,1,SL,1,1,1,5,2
3a11dc9a-2a75-40fe-ba12-3cd64aea1c1d,1,0,ST,0,1,1,4,-3
98fa982a-b7d7-4dbc-9618-4a2aebd9d926,0,1,CU,1,0,1,5,1
58d92400-a00d-469f-9ec2-907db1b690ef,0,0,CU,0,2,1,3,-1
a99b96bf-33ad-498f-9eee-ed7890dbb92b,1,1,CU,2,1,1,7,2
ae074616-e427-4096-ba1b-e1b0eda697e2,1,1,SI,1,1,1,7,2
c4fae970-9a38-4200-a2d3-02b8e9337535,0,1,,1,0,2,3,0
520f8c8f-4a0f-4a12-98ea-4977c2368ddd,0,1,CH,2,0,2,3,-3
6caed059-ed7a-48c7-a594-fa91a8d8ac9d,1,0,FF,1,1,1,2,3
8356179e-fd50-4977-aa95-15037058486c,1,1,SI,0,1,0,1,0
eb133923-d6aa-40f9-b949-ac5b602e6b30,0,1,FF,1,0,1,1,1
462cabf3-a037-4796-9faf-03172bfdc3eb,0,0,FS,0,1,1,9,-3
db11a120-d9a4-4792-8608-678b683167e2,0,1,FF,1,0,1,7,-2
c90651a8-11f2-4baf-b6e3-91ca7e94bd0a,0,1,SL,1,2,0,6,6
3dfb3908-ec75-416b-8120-75151886399f,0,1,,2,0,0,5,3
6f5865fb-e265-3fb4-aa4f-a8c8ab65f0df,0,1,ST,1,3,1,7,3
cd79c7fa-f911-3f76-ac40-cac34a35f20b,0,1,FC,1,1,1,6,6
80640c45-7f6d-3632-b40c-b5d9807d650c,0,1,SI,1,1,1,7,0
77b5a86f-97b6-3068-912b-4dde00310b37,0,0,FF,1,2,1,1,0
f9d0dbc4-b677-3088-b384-ef3cbb2088af,0,0,CH,2,0,1,3,1
13c97b3d-d970-3f08-a15b-1067be42b492,1,1,FF,3,1,1,7,0
fe9155fc-0e5e-3201-ad00-90a5b261c634,0,1,CU,2,2,0,1,0
68ad1b83-3567-3735-a604-c5818bc5c8f6,0,0,CH,2,0,2,2,2
759a3c74-2b24-3f6d-ab55-ff841f4acc32,0,1,SI,0,1,1,3,1
5bb4a9b4-0c39-3c79-9871-ac5aad1f889f,0,0,CH,1,0,1,1,0
4dbb8f62-278e-4b4b-b405-06a17f47aa23,0,1,,1,0,2,9,-2
cb5c3b47-1d24-34c8-9075-093f2b9ba34a,1,1,FS,2,2,1,9,3
3330d9d9-4223-37bd-8bad-8ca8e402c306,0,1,ST,1,2,2,9,0
be515995-fe85-3b59-a83d-0aae20f1d858,0,1,SI,3,2,2,6,-1
b246cfa1-49cb-32e3-b814-fc0bcecf3916,0,1,CH,2,0,1,7,1
fe4d677f-e3b1-342b-ad35-849ac4852421,0,0,CH,3,1,1,7,2
d24e7392-0799-31d6-9ba8-923b13471c5c,0,1,SL,1,0,0,7,2
2c9cc82e-771e-3d7e-a19b-4b8060be3744,0,1,ST,1,0,2,6,1
44978dc4-df54-3ea6-b141-ea80a5fb9593,1,0,KC,0,1,2,6,1
0c0e98bd-9c2e-383a-b4fe-30c3c699c4be,0,1,FF,1,1,2,3,1
d2600614-1549-3c8b-995a-63992d06ee43,0,1,SI,2,0,2,3,3
b805097e-b3aa-356d-9009-0da138882ef7,0,1,KC,2,2,2,9,0
c5a20806-9ec0-30fb-8bc8-e74fd328cdb2,0,1,ST,1,0,1,3,1
80696043-3bac-3744-86ca-862275761069,1,1,FF,3,1,0,1,0
092dfacb-237f-3e6f-9144-a09e1578de69,0,0,FF,3,2,1,1,0
dfced956-b67b-3204-bce7-8f8905b06325,1,1,FF,2,0,1,1,0
227881aa-46b0-37b1-9bbb-d7b81c6ff130,0,0,FC,0,1,0,3,0
891718f0-9a39-37be-b3ed-6843983872d4,0,0,CH,1,1,2,4,6
c0b30078-3a5c-342c-b00c-521293c79b0d,0,1,SI,1,0,1,3,1
847a7021-a777-3685-b86c-12836364581a,0,0,ST,2,0,1,4,-1
13f9e190-3361-30e9-9863-4fae5b7495f3,0,0,CH,2,1,2,1,0
70daeafe-dc69-48ba-bc4f-81e22841a2a5,0,1,ST,0,2,2,2,2
55b35aec-781d-4a12-b16b-18e21ac4c203,0,1,SI,2,0,2,2,2
3d6fd28d-5efc-490d-bd15-fff38f47ea7f,0,0,CH,0,1,2,4,-3
d8292e39-c55a-444a-a52d-89e82fd15149,0,1,FF,0,1,1,5,2
0caa3130-b356-48a8-acd0-7a13120f56c3,1,0,ST,0,2,2,5,3
28f84c1b-5510-4a83-8fb9-923b9e0775a7,0,1,,0,2,0,3,1
481d80e4-dab4-4a19-b939-45d2da87ecd4,0,1,SL,0,2,1,3,-5
151c204a-9131-4b80-9fd8-21fa0ec86cfe,1,1,CH,2,0,2,5,-2
ebd2186f-ab0f-42f8-8c2b-e36ef8043592,1,1,FF,4,2,1,3,0
b87ecaf0-3665-4cbc-a152-5244fd68fd39,0,1,FF,2,0,0,2,0
113e6aa0-6c7b-472a-83db-10d273f53cc4,0,1,SI,2,0,2,2,0
1a112935-ed02-4885-a0b6-d35aea075fc0,0,1,SL,1,1,2,3,-1
778b09c2-2c72-4656-ad75-3a0b29e87cbc,0,0,SI,3,2,1,6,1
5c55b2fb-80d7-4eff-a2d1-5ef6369e4c81,0,1,SL,0,1,2,8,-1
1f23d2dd-7750-4f94-a15c-38b3161a65b6,0,1,CH,2,0,0,5,-1
9f24bffd-aa2b-459a-9fe7-c50021cfe775,0,1,SI,1,1,2,4,2
f5ca237c-50cc-4038-8829-d703387e4e8b,0,0,FF,2,0,0,9,0
198f299a-6f96-4fd9-ab29-ba791a331c9e,1,0,SI,2,2,0,1,0
1b0dfdaa-290d-4d70-a94f-1f13f4b3ca58,0,0,ST,1,1,0,1,0
8a5ae90d-3bec-4856-96f4-4768c261ed9c,1,1,SI,3,2,1,1,2
4714c278-3a17-4ed1-8e41-239b0bf95b85,0,0,CH,2,0,1,3,-2
bc569697-d511-4b11-bf8d-fa3e826747c6,0,0,CU,1,2,1,5,-1
d93ad052-f5e0-482f-8049-78f6155a13a4,0,0,CU,1,2,1,5,-7
64524ef1-aef4-49c0-9b89-571e7bd7e14c,0,0,FF,1,1,0,7,0
3e05edb2-ded1-42af-b1f9-87a7ed6b5aad,1,0,FF,2,0,1,8,0
4d00f03a-215c-4b5b-8214-a2dc477a5d7e,0,0,,2,1,1,5,3
1d51d8c8-bc75-4e1d-bdf5-8a5efb789dce,0,0,FC,3,2,0,1,0
e64b476f-70f0-47fc-812b-d01e9a190a4c,1,0,SI,1,1,0,1,0
b43df02f-7fda-46d5-a0ed-3de0a4a2c721,1,0,SL,1,2,2,7,-1
fe96f5a5-86ff-4f49-892a-4e8aba524f6d,1,1,SI,0,1,2,1,0
463703a1-83e8-41a3-a04f-82cecae4e795,0,1,FF,1,0,1,1,0
038ff454-9fb7-45d4-917b-313061f4f894,0,1,SI,0,1,1,1,1
fa9c670c-ecb6-442f-b30d-efda2cb8520d,0,0,KC,1,2,2,6,3
b77bf94b-5430-41e0-9d1c-6352c5a02162,1,0,FF,0,1,2,2,1
fb128d2e-55ea-4d66-9f37-029a09ef9c15,0,0,CU,1,0,0,7,0
aa279245-b068-4b52-bc5e-c13f80dfbac7,0,0,FF,4,2,0,7,0
6f06b5e8-314b-4a03-9cfe-8dcffb3e3bf5,0,0,FF,1,1,0,8,-2
d1514a35-298f-49bb-97b3-f5a6b81ef159,0,0,FF,0,1,0,3,-3
0fc1567a-d5ce-45ab-a9db-ef4ca6cfd8da,0,1,FF,1,1,0,3,0
db91effb-7d9a-423f-999f-6244cb9d8960,0,0,FF,1,1,2,1,7
1f8da44f-a963-448f-bf4a-431417a4af96,0,0,FF,1,0,0,1,0
777bedfa-cced-4b90-af4c-a8759dcb6fd7,1,0,FF,3,2,1,7,-1
ae5faa32-9572-49d4-a474-382cd7d76c5c,0,0,FF,3,2,2,6,1
dfd10a25-b146-4be7-8ded-44773e8c26de,0,0,CH,2,1,2,8,2
5495b89e-802f-4bf7-bf3e-4c2fa69eb672,0,0,,1,1,2,8,2
4ff37fd3-26f9-44ba-bdc9-67eadab76cce,0,0,SI,3,3,0,7,1
b8e14e08-41b1-40e0-b3f5-fc9878198cbf,0,0,FF,1,2,0,7,3
f6307040-5816-4031-9a41-8cc759c87e77,0,0,FF,1,0,0,1,0
4d73811c-240a-4b7e-8098-29585c100d22,0,0,FC,1,0,2,4,1
c1dc2c60-5cd3-4a22-89b3-a1dad71d1e2f,0,0,FF,1,1,1,8,3
5b8d06d4-d115-4e94-8546-7cf29810eb0f,0,0,FF,0,1,1,6,0
00e16725-39a6-451c-93f7-142ea12cb08c,0,0,FF,0,2,0,1,0
28f39289-fc7a-4627-9b61-7dc7b58609a1,0,0,FF,1,1,2,4,4
337f8dca-bf85-4af0-8659-04956ea72a51,0,0,FF,1,0,0,1,0
5602aeec-7563-4192-b55e-4207acb35665,0,0,SI,1,1,2,7,1
a5c7e28b-9992-458b-be54-ec04b7661ed4,0,0,FF,1,0,1,3,2
0de83b7b-e1fa-441d-a102-458a053250bc,0,0,CH,1,0,1,5,0
40e1d594-9aec-4bf2-b4c4-31b8e4a48ac6,0,0,FF,2,0,0,1,0
5db46bb7-7442-4db0-a831-0376368cc5f4,0,0,SL,2,1,1,7,-2
8b45ab8e-95ac-499e-8a7f-216a512aa3f6,0,0,FF,1,0,0,6,-1
63a23f43-a2f0-4505-8c59-5a5e2f9f3718,0,0,CH,3,3,0,1,0
2d9c255f-2a39-4997-92dc-dbfd9e8f6d14,0,0,SI,3,2,0,5,1
d6718c59-3409-4b8e-8139-01c36d57a079,0,0,CH,0,1,0,1,1
be4ef18e-26e9-4cba-8e52-0b3a1e8dae13,0,0,,0,0,0,2,6
d4cfa24c-ed75-48e4-90d5-5bdb1031ff1f,0,1,SI,2,2,2,3,-1
2774c895-d713-4f70-8c41-8207c622aab5,0,0,FF,3,1,0,1,0
7272a31b-94ac-426e-8b65-57314cfe1c44,1,1,SL,2,3,0,3,0
a081808f-7008-46a8-864f-810e1e42fa3c,0,0,FC,2,0,0,1,0
1ac08c8a-0619-4077-b9ea-3f258b32970e,0,0,FC,0,1,0,1,0
89efc0ef-4c65-4942-aeaf-f57b7eba0023,0,0,SI,0,1,2,8,0
9ee70a20-7d30-4d0d-899a-a56184976101,0,0,SL,1,1,2,1,0
b0485f64-d3a3-401a-9c36-8fbac737949e,1,1,SI,2,2,1,5,1
d4463b2e-9dd8-4d07-89fd-493c2bc7f869,1,0,SI,0,1,1,3,2
254906ee-6e47-46be-ac2c-b7c0b58982f7,0,0,FC,2,1,1,8,5
35bb7a8b-a7fb-413c-a349-074b4dddae94,0,1,SI,1,0,1,9,1
1bedfadc-bbf1-4513-8694-2f02b864309c,0,0,FF,1,0,0,1,0
f2f98691-f5dc-4307-986f-aa20c2dd5883,0,0,KC,2,2,2,6,-4
f0b327ba-64d3-4de6-8c2d-4a70ef941488,0,0,FC,3,0,1,3,2
6541bae2-d010-4c46-92a3-aa034aaa7b5c,0,0,FF,1,3,0,1,0
d382c1cc-6083-4db0-9ccd-c77ba80b86c8,1,1,CH,1,2,2,7,3
00689c3c-76f0-4329-9cb0-52815416705e,0,0,SL,0,1,0,5,3
245a760e-832b-4cc0-9dcc-22e6550335a0,0,0,FF,2,1,1,8,0
378db28b-38dd-4b7b-911e-bbf5bd39ebf4,0,0,FF,1,0,1,10,1
ed75bd72-7d90-47e4-a344-f690367989ff,0,0,SI,2,3,1,4,4
08653c8b-98cb-4cc1-af13-2f3d0758cdbc,0,0,CH,3,1,2,2,2
b22a64eb-0654-4f96-bd39-445837b33583,0,0,CH,1,1,0,1,0
a572ae9f-99f7-4eaf-9ce4-a3e4baddf160,0,0,CH,0,1,0,3,-3
f08ded36-aac3-48ca-9b66-de3443cf918d,0,1,ST,1,2,1,1,0
45cceb06-fd9c-4382-a2f5-dd33ca93d71f,0,0,SI,1,0,0,1,1
12245156-65b0-454d-9f13-bfb91e85e7d1,0,0,SI,2,2,1,4,4
4d9bf48a-7b34-4544-a5db-7b19cad3d7f4,0,0,SI,3,2,1,4,4
7b550448-cefc-47cf-83b5-a08cf5e75d34,1,1,SL,0,1,1,3,1
059cfda9-8cde-4032-8735-9a59b50d0228,0,1,FF,1,0,1,1,0
a32b0537-192f-4bd6-9218-83d76b1aa713,0,0,FF,0,3,0,1,0
30207852-8727-48eb-8db7-c74b9f6df9d2,0,0,,1,1,0,1,0
ffda7f0a-9841-4d62-8eae-275514e8cedb,0,1,FF,2,2,0,1,0
0d7ec619-a7b6-4867-8d2e-59afa45ae067,1,1,SI,2,0,0,1,0
56e4bb2d-4199-4b41-a87d-553eb6e49313,0,0,FF,1,2,0,1,0
218abae3-496b-4f27-830b-472073753294,0,0,,1,1,2,6,4
262d8ccf-2ac0-47b4-aee6-5b61e2c5b1f4,0,0,FF,1,2,0,7,1
75504926-c059-408b-b97b-ed13410b7ac8,0,0,FS,2,2,0,7,1
4a8ba4c7-6853-4ef3-96e0-a0d787b1d2a1,0,1,,2,1,1,1,1
609a792b-eaaa-4d8c-a318-ef1173b6b8c2,0,1,SL,1,2,1,4,-2
862f2ed2-7456-40b5-aa19-2d19ce76523e,0,0,,0,0,1,7,0
e6e27a09-ebac-4103-9711-b9985c495bd4,0,0,,0,1,1,5,0
ecef3af9-61fb-4b7e-8074-116fbe4910b7,1,1,,0,0,1,1,0
d16a50a5-7368-476f-ba5e-9a0f2a726ae1,0,1,SI,3,2,1,1,0
f6cf3db9-c5fd-47f8-9321-6c933a94149a,0,1,CH,1,0,2,5,-2
e362b981-f5d5-4c81-bbea-2a4decb41ff6,1,1,FC,1,1,1,1,0
d7e91ad8-f8e1-3043-af41-4f044dd84ab0,0,0,KC,3,3,1,5,-3
be90065a-5d85-31ee-be62-059ca0602c01,0,0,FC,0,1,0,1,0
4f6408a2-6197-38bb-88b7-e28a5e2ced07,0,0,FF,1,0,0,3,-1
01552803-192c-382a-98e9-af93ae579bfe,0,0,FF,1,1,0,4,0
347a469a-93ce-31c2-90e5-d2ec4747550a,0,0,FS,3,2,2,8,-1
1bd78286-92c7-4f77-b006-db6a8941291c,0,0,,0,0,0,9,3
a866eaac-77da-3142-a6ad-111129735cc6,0,0,FF,0,2,1,9,-2
82b37570-a57a-3e5f-9ab9-265970dc5059,1,1,FC,2,1,1,2,3
787c353f-b9c5-339b-8d90-1c239ab40ea2,0,0,,2,2,0,1,0
6f7b11a9-61c3-3514-aff9-eebf6c59c3b5,1,0,CU,1,1,0,6,0
c723764d-6447-30a9-83b7-684f07c08681,0,0,CH,1,1,0,3,-1
57395887-9829-3e94-af5e-706cf4b72fcd,0,0,SI,1,0,1,1,0
ec1c759f-04a0-35bc-bdeb-5627629aaeb0,0,0,SI,2,1,2,5,-1
441608d5-762d-3d87-afa5-fd682c532a53,1,0,SI,1,0,1,7,1
03bd2ea3-f4b9-3c35-a0ca-07908caf98c9,0,0,CH,1,0,1,2,6
9bed7b40-8b6d-3292-9f0e-4a5558a97f20,0,0,ST,1,1,1,9,2
b62e6894-33ab-361b-9688-e8a2142e1876,1,1,SI,2,1,0,1,0
67ef1bd0-2c66-324d-b91f-c256102f05a0,0,1,SL,1,1,2,5,0
6caf07cb-aa1e-42fc-839c-1a1467884348,0,1,SI,0,1,2,3,2
1065b80a-d066-4e25-9605-9db93b830b17,0,1,SI,1,1,0,2,0
41f267f0-49ec-4bc2-b1ae-ebc732b5cc1d,0,1,FC,1,1,2,7,2
a33d7432-c74a-4f11-8d95-bae13bc525f8,0,0,FF,1,2,2,10,1
2f49370c-7aec-48a2-9537-00d74e18416f,0,1,ST,2,1,2,4,0
fbb4023d-6f02-4c8d-9cbd-9d0cd60bdd0c,0,1,CH,1,2,1,6,0
a002f9fb-9e25-4178-a5c6-c449c7e304ec,1,1,SI,1,2,2,8,0
ff484c06-4f74-41c9-946b-f5de1b6f8a19,0,0,FF,2,2,2,1,0
088d025f-7ca2-40a0-b339-07150e35eaf7,0,1,FF,3,3,1,3,2
31ccd1f5-2aac-47bb-a177-2e776c07958b,0,1,SI,2,0,0,6,0
c229fbda-a12f-42cd-b606-64701d25673e,1,1,FC,2,1,2,2,0
73e40896-9ef3-440b-ba65-749b92e1315f,0,1,FC,2,1,2,3,1
aceb0850-c4d2-40da-8170-218f3e6a8a6b,1,1,FF,1,2,1,5,-3
4d376e1b-0fbc-4ca1-99dd-fb9d8ce3c428,1,0,SI,1,0,1,8,4
4b2c7c5a-9ce8-3a5c-ae57-bec1d6a8325a,1,1,SI,3,0,1,8,0
002f135a-8cdc-3e57-a511-8040bfdabfaf,0,1,CU,1,2,0,1,1
2d3dcbd6-f10a-33db-92d4-6169cf5d8023,0,1,SI,1,0,1,3,-1
8a041f6a-21b4-3875-8541-4acdad1ca066,0,1,KC,1,2,2,5,3
86311895-50a2-3847-a7d2-e66478879c5d,0,1,FC,3,3,1,5,1
9d6e4ba3-ef8c-321d-9693-e907dd43675e,0,1,SL,1,1,1,3,-1
beca5176-314f-3999-987b-2b327a527e95,0,1,SI,0,1,0,3,4
0c9fa71f-f39c-3b57-8605-0fd767bfd769,0,1,CH,3,2,0,2,0
63775cff-7e4b-3fdb-a63f-b15c1fb834a2,0,1,FF,0,1,2,6,2
abbeabe7-0f46-33d0-8a8c-c614a90a53e2,0,1,SI,1,1,1,3,6
bf5bde5b-f451-3320-be16-d0ac5e82c55d,1,1,CH,1,0,2,3,0
4fd86624-0b41-3851-bc9a-d63474369903,0,1,ST,2,2,2,1,0
26747fb6-2faa-3065-bc95-45e1c4e14cb6,0,0,FC,1,2,2,2,0
da86d31e-afd6-346c-9cf4-69751ffcfcfe,0,0,FF,1,0,2,4,2
c9fedf52-7913-3192-afb0-766bc204b66f,0,0,FF,2,1,1,6,-2
402becab-39b4-3980-b262-1e5db3f2b67c,1,1,SI,2,0,2,4,2
16826db5-913b-35d0-8b82-30df19ae7e7c,0,0,FF,1,1,1,3,0
2830526d-e358-3272-8054-b39c34ef733a,0,0,,0,2,2,2,-1
7cbd9406-fd9f-3ae4-9d68-de67ce9c72e3,0,0,SI,2,3,1,2,2
4675247c-5c5c-36b4-8055-2736ba70afb9,0,1,SI,1,1,0,9,5
ea861dfb-8f87-358d-964e-f208d7f7ec48,1,0,,0,0,0,6,-1
47dab470-ad69-3388-9d6b-d8ca5a1609b3,1,1,CH,1,1,1,3,-2
6cac06b8-4bf3-4817-98da-79acdb6ffbd1,0,0,CH,1,1,2,5,-1
02698fb0-f7d4-4ae0-b03e-c8b3de9694fa,0,0,FF,2,1,2,5,2
5e545088-e0c3-4a7c-bc52-c5f68b9c5e3b,0,0,CH,2,0,0,9,3
0379257a-4fc4-40d2-bc01-2ad9c0e55ca5,0,1,FC,1,1,0,5,0
30a4e552-0fa3-45f2-aa80-296553597b99,0,0,CU,2,2,1,5,0
3b7c44ad-1f02-4882-9b53-4e3bddaae9cb,0,1,SI,1,1,2,8,1
3e5b5ed9-f337-478b-a998-085a54cdf070,1,0,SI,2,2,2,6,2
f9fc3120-ef35-437b-bf85-7b9c4143a232,1,1,FF,3,3,1,2,0
ef915a91-9a3e-4e95-b6e1-69c933f8de81,0,1,SI,0,1,1,4,1
26a6017b-7430-4956-be58-217ef0f53f33,0,1,FF,2,2,2,7,5
006ec94f-23d2-3021-a0be-84360a93fa20,0,0,ST,1,2,2,7,4
5e92b18b-b460-338c-b2a4-7309ec59939b,1,0,FF,3,2,1,1,3
f57ea7ab-cfa7-37c1-8386-d640f462c5c4,0,1,ST,1,2,2,8,1
bb97d95e-d1bc-3321-aaae-6ef35c27fb97,0,0,FF,3,3,0,8,2
794c66da-f7a3-3ae2-b375-cb62135ab55f,0,0,SL,3,3,1,1,0
814e1e01-70cc-38b3-a2ee-6c9e986c4141,0,1,FS,1,1,2,6,1
4a5d40ab-5d6c-364e-8f31-5f68f85b885c,0,0,CU,3,3,0,2,-2
ff8ffc6c-0d3a-39c7-97ce-774385e37ea1,0,0,SI,3,3,0,3,3
d0601330-e3d3-3376-99ea-578cb940dc2f,0,1,SL,0,1,2,7,4
85086eb1-025f-4ae4-a52c-919196e1ebd0,1,1,CH,2,1,0,2,-4
375a6be7-b8e5-43f8-9fae-221cbcff13c6,0,1,CH,1,0,1,8,2
82968eec-cd4c-4170-9ad3-f1b300e969c6,0,1,FF,1,1,2,2,0
7e2e4b3c-9c5c-4d44-b745-58b30281b5f1,1,1,CH,1,1,2,5,-2
5ae87d29-596e-4a50-9837-5cb639c10ff0,0,1,SI,3,3,1,4,0
f7a71dfa-bf9b-489e-b795-7b4186afe1f5,0,1,SI,1,1,0,5,0
346a1896-25da-4968-ba8d-ebf2b6a31c31,0,0,FC,1,2,2,8,-1
5eb3957e-e300-4d48-9256-5e515380cd88,1,1,SL,0,2,0,7,1
f5d615fe-3992-4af8-85ef-3a849ea72510,0,1,FC,2,0,0,9,-1
115cae87-bf86-475e-9ff8-67ea66bec6ce,0,1,SI,1,2,1,7,0
29fa8679-db9f-4656-8f76-196ab025f2be,0,1,FF,3,3,1,9,1
6e64ad1e-0d0f-4bfb-a4eb-69612791a8e4,0,1,SI,1,3,2,8,0
79a1798b-be69-42aa-96f3-377a04381a03,0,0,SI,1,1,2,7,0
3fa4d9aa-30d8-431d-b248-016283b75ce1,0,0,,1,1,0,8,3
14233121-fde0-4e67-9498-c16e6dac6011,0,1,,1,2,1,3,1
4ce4e0ca-4266-43cb-a2de-267e06e6fbfe,1,1,FS,3,2,0,9,2
63abfa86-e1b2-4a89-8fda-a6cb8861ccf5,0,1,CU,1,1,1,2,0
382d7b86-cb99-407d-9382-f568622d42e6,1,1,FF,1,0,1,2,-1
d2c74c9d-479b-4fb8-a134-6cf08f416b6f,0,1,FF,1,0,2,5,1
23610a04-cf85-44d7-af0f-a5a4389349f3,0,1,FF,1,0,2,8,2
3bca02ad-5911-4d37-86e0-4e80fecbb536,0,1,SI,3,2,2,2,1
8294c5aa-4293-4e97-a1fd-972290e340ab,1,1,SI,1,0,1,8,0
bf609a59-6fd3-40a5-999a-e01f7476585a,0,1,SI,2,1,0,6,0
638f7f40-37e3-4c85-9774-0e08c433491c,0,1,,0,2,0,2,1
2565c5b9-1cd6-4ba5-9409-87fd7cb0a204,0,0,FF,1,1,0,7,-2
80b0ec49-ed9c-4c42-9935-ee6b51415f91,1,0,SL,1,2,2,6,4
34e6586a-7cf1-3b63-8d40-d7f8a13e7d22,1,0,CH,2,2,2,8,0
d4b69c88-abff-409a-8d29-cfa7f247b6e8,0,0,SI,0,2,1,8,0
42284a5b-318d-47f7-a972-34a697b65620,0,1,FF,3,1,1,4,-2
322a8422-9a22-4e1b-9006-3209c06af48f,0,1,FC,0,1,2,9,0
c4e17629-b6ed-4755-9eff-dd41efc5773f,0,1,,0,0,0,7,0
88fcbbc8-d8cc-4ae6-bed7-047490f105e5,0,1,SL,3,3,1,7,3
a9cad854-b21a-4168-84cf-18987ede5c13,0,1,SL,3,3,0,7,0
49b45cfd-ff0c-4a4a-a400-9e7446410e7e,1,1,SI,1,1,0,7,0
092312a3-11e3-48ad-b9ae-fd5afe0c8edd,0,0,SI,2,3,0,3,2
8bf85cd4-d857-4ae7-bfb0-b277756eaa50,0,1,FF,1,2,0,4,5
b783d841-6d35-42f3-9376-ec5d141acfb2,0,1,,1,1,0,3,-1
6aeb405d-bf50-482f-bd2b-7165da18aea7,1,1,FF,3,2,0,5,5
41900ebc-e2ef-400e-95c8-719ec9afbd8f,0,0,FC,1,1,2,8,4
f34331d6-33ed-49a4-8e30-c680217784d4,0,0,KC,2,1,0,5,2
20e61521-1eb5-4711-a5de-9c75fca990bf,0,0,FS,1,1,2,7,1
b34fba61-c6f7-4544-988b-d55b3c982d6c,0,1,FF,0,1,2,6,-2
599ad06c-3df4-4bc0-afb2-26e2cb135aaa,0,0,CH,1,2,2,6,-3
95822f2c-3592-4edc-9a98-c6247342dba8,1,1,FF,1,2,1,2,0
02941b28-a0ee-4f45-94b5-89d13655bf53,0,0,FS,3,1,1,3,-2
be8831e0-3bf0-44d9-9f80-8d476ad4a3d9,0,0,,0,1,1,5,-2
8b265355-013d-4643-a63b-11b7090ccdb1,0,1,SI,1,1,2,6,3
1471a8f9-ace8-47c6-be33-e7f93da37329,1,0,SL,2,1,2,6,1
adfc0b62-86f9-40f0-bc66-7d3e367bbc44,0,1,SC,1,2,2,5,5
a45dd515-6bc3-4b36-ac16-8bc0347f1b0e,1,1,FF,1,1,1,5,-1
2364d832-6872-41bf-9d3f-b0cf57cb8716,1,1,SL,0,1,1,2,-2
6014cf4c-0f27-4b57-8232-4df62bbcfb9b,0,1,FF,2,2,1,7,0
94330c1b-8ff8-4a7e-8017-963652efa3fa,1,1,SI,3,1,1,5,1
fc79ed7f-cc58-4cbe-91b1-320274b81a00,0,1,FC,2,2,2,5,-2
f00838ad-ae0e-49e2-864c-17402749cc5d,0,1,FF,1,2,2,7,-1
71358b2f-bb8d-4b9d-893e-63b59251b2cb,1,1,ST,0,1,1,7,4
e45042cf-6b5a-49f8-ba38-65dceba9053a,1,1,FF,3,1,0,7,3
fe0ffde5-2b02-3fa4-a096-0a9424b3d5a8,1,1,FF,2,2,1,4,1
00e63486-918b-3595-87a6-0f6fcbae1ce8,0,1,ST,1,1,2,8,0
e2098fc0-2f0e-300c-b404-67213a6b72a6,1,1,FF,1,1,1,3,0
0ef9a1bf-a620-382f-97e2-0fa649e91f46,0,0,FF,2,2,0,4,1
b8baf374-fa99-3768-bc3f-79c4c039128c,0,1,SI,2,0,2,4,3
405f6778-d1a2-3372-b93e-e57d702ca972,0,0,FF,3,2,1,7,3
fdba7e3c-4af1-3e59-bb54-075d10902279,1,1,CU,2,1,1,3,0
913e8a96-acf3-30e2-8cd5-7c42c86c2429,1,1,FF,0,1,2,4,2
1a93d7d7-6ba8-3d25-9f99-d01dc369df3d,0,1,FS,1,2,2,7,1
c38aa98d-9ed5-4857-8430-b011accff862,0,0,FF,1,0,2,4,0
1e22d068-3ff1-4b9a-90e7-1bdb49932396,0,1,SL,3,2,0,3,0
f044c4b0-2b1a-4d20-86bd-29313627275b,0,1,SI,1,3,1,2,3
7108ed6e-6dcd-49db-aed6-5948d0394f70,0,1,SL,3,2,2,6,1
d12aafdb-9594-4c83-a1a7-666a9b3164ab,0,0,FC,0,1,0,9,2
e05e02d5-ed6b-4666-a4a4-2066d6a759fc,0,1,FF,1,2,2,3,0
74c07ba9-200d-406a-ae0c-f3683afcdbea,0,1,CH,3,3,1,4,0
6a835f7e-f308-4ab4-bdb4-522e83d4956f,0,1,SL,1,0,1,4,3
14a05394-4874-490a-91b7-6c5ed6a7918d,0,1,SI,0,2,1,3,0
3a982517-ad35-443e-af81-a30a1d30bd22,0,1,SI,0,3,0,3,-1
cc329cba-e007-4a49-8794-18beb9ba3fdf,0,1,FF,1,2,0,1,0
05d440b4-4e24-4974-87f2-75887bde4828,0,1,ST,1,1,2,5,1
7112a1c0-f085-40d6-a4d6-cb3d8b58d86c,0,1,SL,1,3,0,7,2
151ffc3a-fdaf-41e6-8cf4-c50b9ff945dc,1,0,SI,0,1,1,6,4
f7a47397-fb32-49a8-8ebc-60ca2e12e08c,0,1,FF,2,2,2,4,2
d302a09f-6bb4-483f-9e54-f7ae2b8f86e7,0,1,ST,2,2,0,2,0
fe430198-cf0d-4a3d-9540-f119e4983f39,0,1,SI,1,0,2,4,0
f686ca82-c424-356e-8b5c-e77cda53b68f,0,1,,1,1,0,1,0
d51ae6ca-9c85-3f3d-ab66-593b5cd449ce,1,1,,0,2,1,5,1
68e451cb-cbc2-36e5-90ec-258bc0bd9ea0,0,0,CH,3,3,1,1,0
dd4f33c4-2e5b-3573-942a-44a4ecc609ce,0,1,FF,0,2,0,3,0
fd38fb09-2afd-3e90-86a4-e84c1dee6485,0,1,SI,2,2,0,1,1
aaf76723-4e65-3133-a459-6349a6d50e38,1,0,FF,1,1,2,3,2
fe4543ec-fdc5-3634-81e4-6a0bdeb88336,0,1,SL,0,1,0,3,-1
4f4a14a4-970a-3edb-9f17-081782bc1186,0,1,FF,3,3,0,2,1
b85f6194-dc1c-49b8-b830-4faca39dac16,1,1,CU,1,0,0,1,1
5a557ac7-787e-4d56-99f7-3de8205ddf7f,0,0,FS,1,1,1,9,6
1203c499-ec2f-4beb-a6cb-f0ed2c74325d,1,1,FF,1,0,2,7,3
2c4d1214-6043-43ba-8fe4-417d7ec5585e,0,1,FF,0,1,1,5,1
29ff65a2-f500-4b4a-a319-b6f3d6ec2b44,0,1,FC,2,1,1,3,2
057ffc44-f35f-460e-9f50-a3bf586969aa,0,1,SL,2,1,0,9,5
e27a9f19-3ca3-4696-a2dc-d06ca849634c,0,1,CH,0,3,1,5,2
fe8b9ae6-ba2b-45de-bcf4-30b1270e6510,0,1,FF,3,2,2,3,0
eb5b411d-fc7f-45c8-86d7-a9beb464f118,1,1,FF,1,1,2,4,5
abd1be78-85ac-4c17-a04e-51877ae74e3f,0,0,SI,1,1,2,4,5
2554ae39-7e05-4809-b4a5-2a0bf1cd2403,0,1,CH,0,1,2,5,1
dbc37b91-bb5e-4b78-a2d1-b28cb477d153,0,1,SI,3,3,0,1,0
d0332dc3-959d-44e4-b07b-003fd9b45049,0,0,,2,1,1,1,0
2cbf092a-1138-4c2b-863e-2d3073b33640,0,1,SI,3,0,2,8,2
67727128-44fd-436b-9150-76b197a8bd2d,0,1,FC,0,2,0,1,0
40d40a16-0da5-4d40-b14c-7b4e1c8084fb,0,1,,2,1,2,1,0
53b6cab3-e93c-4d94-a69c-6e852a788e73,1,1,CH,2,2,2,8,5
a37626dc-7f79-4349-9c42-ba7e1a378db0,0,1,SL,2,3,1,3,-2
285f39c0-2ac8-48fd-8c39-c5dd7eb37682,0,0,FC,0,2,1,9,6
e554c1c0-4546-4dfb-b4a2-ceff24ef09ba,1,1,CU,0,1,1,1,0
0dba9220-e4e8-484a-a75a-be920d162486,0,1,FF,2,3,1,3,1
f0b5887b-db8b-41ab-8399-562da7256dcb,0,1,FF,1,0,2,7,3
f5ab819d-0ee0-4169-a8fa-fe3dccc57adf,1,1,FF,3,0,1,3,2
e3cbffd2-8c17-4f26-bb3c-b1cfaa4a00ed,0,0,SI,2,2,2,1,-1
e616d0d2-596e-4af3-91e2-5e18504ca388,0,0,FF,1,1,0,5,4
2c10bd19-6bcf-451a-a505-df568e224430,0,0,FF,2,2,2,1,0
bb573732-2147-4a3a-8e31-2addc42c9b8c,0,0,FF,1,0,2,8,2
c88bdc62-f6f5-4629-9084-14875144d79b,1,0,FF,1,0,2,8,1
9187ec1c-3420-45fa-8a80-55652e016a05,0,0,SI,1,1,2,3,3
319f6a4f-49db-410a-ba60-e6ccb6333c10,1,1,FC,3,2,1,3,-3
664a4568-e75a-4923-b8ba-86ac17f74ed3,1,1,CH,2,2,0,5,0
53269e3a-e50c-4794-9b74-c10aacabf518,1,1,ST,0,1,1,7,-1
775a2ff2-c075-4917-b773-c40b5ae1c169,0,0,SI,0,1,1,1,0
b0ac2b70-d13e-4e6c-836a-6f4e1b485466,0,1,SI,3,1,2,4,5
ca244c37-5b85-4567-87b6-220ad02ed4f2,1,1,FF,2,2,1,3,1
f080fed7-588c-4fc1-abea-5f5595165061,1,0,FF,1,1,2,5,4
109c4eeb-8081-4847-9648-4af15a81e787,0,0,FC,3,3,0,4,0
98a5617f-6fcb-4b11-a0bd-2424eae2eade,1,1,SI,1,1,2,5,1
86ae846d-9188-4388-8649-8fb5950db82f,1,1,CH,2,0,2,5,0
64d1529a-79ef-420a-a970-aecf08c4966a,1,1,SI,2,0,1,1,1
96116a41-70a8-47de-9753-01b1c397c12b,0,1,ST,1,0,2,5,4
2307798d-6cf8-4dae-be22-226f4f0a5e4a,0,0,FF,0,1,1,3,2
940b190b-ab6d-4f7a-9f81-454a59180f63,1,1,CH,3,2,2,1,1
cb57f2a7-e974-44cf-b455-34e9c0196f48,1,0,SI,1,2,0,10,1
0cf325f3-18bf-4db8-a441-971814a08b1c,0,0,FC,1,1,2,3,1
3a789643-fc43-462c-9503-0770eae3d97c,0,0,SI,3,1,1,3,2
38268b68-ba12-400d-965f-551cb9562e38,0,1,SI,2,1,2,8,1
d69da079-0c1d-482c-9be5-f3df43280513,0,0,SL,2,2,0,9,0
9468332b-732d-42d8-a736-df844180f94d,0,1,SI,2,2,2,5,4
4a59d24c-d21c-4271-a5ac-64023831f103,1,1,,1,2,1,7,1
be6acd88-56df-45e3-ac26-c7009059fd82,0,1,ST,1,2,2,2,0
9c01f21b-c6df-430d-bb1c-cc3fc02eb227,0,1,SL,2,3,1,4,-1
bc6b587e-bc0b-4230-925d-397468c995e7,0,1,SI,1,1,2,6,-1
92c612b0-00c4-47a5-ab5d-3a4b949058d1,0,1,SI,3,2,2,6,-1
43ba4cab-ecba-4f35-82e0-49d9d256b7d9,0,0,FF,1,2,2,4,1
4d1455fd-196b-493e-9564-24261b529d92,0,0,SL,3,1,2,3,-1
3f432024-c300-442a-9f36-1cb061b49dec,1,0,FF,1,0,2,7,0
ccd15aa9-590a-4378-b74d-c28884710eb6,0,0,,0,1,2,1,0
f8fc6aa5-0114-4125-b7c7-cf5d100bfcd2,1,1,FF,2,2,1,3,0
99622c30-a101-4973-b990-a82d893045f4,1,1,CH,3,2,1,6,-6
8af522d7-1fc4-438a-a89e-2cad529f6992,0,1,SI,3,3,1,7,6
f60bbb37-d506-4396-b6ee-688cf31fcc5a,0,1,SL,0,2,2,9,0
4cb90c29-0cb8-4667-81e3-a37af9bea364,0,1,ST,1,0,1,4,3
dd367a41-840d-45bc-b6c4-c46e3afbdef8,0,0,ST,3,2,1,4,2
a3c5d033-dec0-4eba-a33e-3340265b9f89,0,1,SI,2,0,0,5,3
8e43b24b-c2b3-4577-89f5-730a8ceb788d,1,1,CH,1,1,1,2,1
62d3e701-025d-46b3-8ec3-537e70383ff2,0,1,SL,2,0,2,9,-1
cc250580-42f7-4273-b3bd-880242bc1232,1,0,FC,0,1,2,7,7
5aeea44c-9909-4128-b24e-b701d0b83fe7,0,1,SI,1,0,2,6,-2
32c3212a-7526-4789-aa83-15372df56f6f,0,1,CU,3,2,1,2,0
6980d594-ad26-4d4d-ae67-d8472b8dff80,0,1,FF,0,3,0,2,0
2545e2ab-b72b-4cf2-ad34-9f7748cafee4,0,1,SI,1,3,0,8,4
d392ae9f-7aaa-48fb-bbc0-245a7df74300,1,1,FF,0,1,1,7,2
486cb605-ac74-450c-abe5-dd72a479d404,0,1,SI,2,2,2,7,-3
874c422f-3a43-4b4f-9fe3-eb13b09f6e17,0,1,FC,1,1,2,4,-1
9e499a06-7e91-4706-bd49-0cff6e024ec9,0,1,SI,0,1,2,2,0
d76deed2-b40f-4212-b01d-3fc9ae6a46c6,0,0,FF,2,2,1,8,0
b4b50092-01f0-38a3-a442-70d0f71bafa6,1,1,FF,1,0,1,2,0
f1b82093-fb83-3dd2-9e30-9a206501279e,1,1,CH,4,1,1,2,0
803daf64-0ecd-3d58-925f-4b212d17efc8,0,1,SI,3,0,2,6,4
1f1f7aac-f5b2-33e9-a5c8-4a84e0e8124b,0,1,CH,4,2,2,8,0
970ba105-d908-33d3-969c-d900645e8df5,1,0,SI,0,1,2,5,1
418534ca-474a-3aaf-b146-d931921f9bf8,0,1,SL,3,1,0,5,2
8a5487be-fb9b-351d-adcc-7b755722cd3b,1,1,FC,2,2,0,6,3
49224ef8-cd54-4538-961f-1f7b21bdeff6,0,0,,1,1,0,7,3
a11d1588-d1fd-33fc-9890-2399609954b7,0,1,SI,3,0,0,7,3
c18670e3-3692-3a5d-b27c-0023e022f177,1,1,CH,2,1,2,2,-2
8ae4a7bf-11a5-3796-a8c9-f2a52d7ca36b,1,0,SL,1,3,1,4,0
870eab0e-9383-37be-9876-a3bcd498318a,0,1,SL,2,2,0,3,-1
92badc3c-c3bc-39c5-beb7-0a4682c9b3b7,0,1,CU,2,2,1,8,-1
d8fa3f9c-2a0d-3c08-a3ed-fdfd21ba8cb5,0,1,,3,0,1,2,3
83855979-d8fd-3523-af63-1e8baa2763fa,1,1,SL,2,2,1,4,-1
20f7f9d5-7ab9-396f-b1f9-bd5ad2e67871,1,0,FF,1,3,0,1,0
14bc6b48-a774-3400-a3a0-8f479ae0202f,1,0,SI,3,2,2,2,2
bb32c8ac-ff91-3a5c-939f-a44b1d92ddce,0,1,FS,2,2,2,2,0
76421dc1-8f83-3ebf-a10b-9f78a6313002,0,1,SL,0,1,1,9,3
f4fa324a-0a73-3cfe-9d6e-f84b2d3a28d6,0,1,SL,2,0,2,9,-1
18ee9dd3-e37f-32cb-9152-e2a0dc7c2c87,0,0,CH,2,1,0,2,0
c0424264-48ac-3630-89c5-7e784b212cc1,0,1,,3,0,1,4,-2
785310f4-012d-36d8-8fd2-9ef6c179d060,0,1,ST,2,3,1,9,-1
e8a4877d-f56c-356f-aa04-fbd4c4915eb3,0,0,CH,0,1,1,9,1
47d75471-2623-37df-b4ba-56eec5aa91b8,1,1,SL,1,1,1,5,2
3941f87d-e92e-346b-860a-4233d7da85f5,1,1,CH,1,1,1,3,0
cf9fb95c-bdef-369e-be84-ef2b292d2144,0,0,FC,2,0,2,4,1
adb8aff4-679d-3609-a85b-928b10cc8283,0,0,FF,1,2,2,4,0
e6b872df-70c8-338b-89fe-ec55273a562b,1,1,CH,3,3,0,1,-1
e86be707-1473-34cd-b578-86178023c9dd,0,1,SL,3,1,1,2,0
2d7c198d-138c-3675-b8bc-d1c0a21ddfe4,0,1,ST,0,3,1,4,-1
095664ae-1365-3371-841e-141d7776d471,0,1,SI,1,2,0,7,4
773a962b-9154-3cda-a001-0777d6971fc2,0,1,FF,3,2,2,6,3
4f8671e8-ae8a-3fa3-aa0d-ab1eda9e363b,0,0,CH,1,1,2,4,4
0297ee76-7d48-37ed-9832-1cb7528e45ab,1,1,FF,2,2,1,3,2
7f86fbea-62d8-334f-81af-3ffcd0b3765c,1,0,SI,1,0,1,6,-1
bb1f0e7a-8fc1-38cf-ace0-7ff102f4bfa2,1,0,,2,1,2,7,-1
91aa7536-dd5c-36d5-ae8f-0b163c348f37,0,0,CH,1,1,2,6,-1
35e95e02-1c83-37a0-b63c-615f1eeb70a7,0,0,SI,2,0,2,2,3
268b1bdf-ff00-3598-9931-9e889e2e4fc6,0,0,CU,2,1,0,3,-1
8835577b-9c6c-33bf-972a-97d3509ae751,1,1,FF,1,0,2,2,2
82dbe769-d6f5-3594-970b-a781336ab93a,0,1,CH,2,1,1,4,2
76820e0d-1fa9-35ff-8567-029ac79abf0a,0,1,FF,1,2,1,8,4
06cdf672-df24-32e1-a9ff-27ee0510c25a,0,1,SI,0,2,1,4,0
56632361-691a-3037-89f5-346cc76a4108,0,1,FF,1,0,1,3,1
44cc1f1a-ec9a-31b1-8b7c-78b0bcfa6c8f,1,1,FF,2,0,2,3,0
d2174511-b91b-35ef-931d-e9c6364f9359,0,0,CH,3,1,1,10,0
07e6afa6-6a4d-3d1e-9f50-fae86bc7651e,0,1,SL,0,3,0,3,-1
00279be1-38d9-3064-8ff7-7b1010138619,1,1,FF,0,1,1,2,2
e66dd460-22f8-38c0-87db-d652e08bcdab,0,1,CH,1,1,0,7,7
4a7efae0-e031-3072-84d4-1a88ba2c8096,0,0,FF,3,2,2,9,-1
6dd573ea-d76e-39e2-8aaf-595cc9b7f4cf,0,0,SL,1,2,2,6,-4
3e0606ef-3a7b-3c97-8766-6fd7e8a95f95,0,0,SV,3,2,2,4,0
0ebc0fe3-a7b4-365f-a5b3-6b4dd9742a0e,0,0,FF,1,2,0,8,1
156d3093-a792-3b4c-a08a-8adb6a91cd38,0,1,FF,0,1,2,4,0
df17f2bc-beec-37c7-bb7c-4ba83ba452f6,1,0,ST,2,0,2,4,5
0288aa4b-60b8-494e-bcb2-28000dd275dc,0,1,SL,1,1,2,6,6
1a7efc94-50db-4955-8638-fe2a69e9817e,0,1,FF,1,1,2,9,1
41c326f0-5c97-4ea6-9012-9f9e32539447,0,1,SI,1,1,1,5,1
2b88c910-4e54-4fb5-a1f9-a322a8513aaa,1,0,SI,2,1,0,7,4
dafb79b5-4ff1-4b6e-98e5-db0b67170891,1,1,SI,2,0,2,3,-2
0e96e483-14a4-44bc-91b2-344203f5ec04,0,1,ST,3,1,0,7,-2
61655e25-7c68-49a3-8cfe-413049ae3bd0,0,0,,1,2,1,5,0
b9ff1664-f8e9-4954-9cbd-e214c9c976d8,0,0,SL,1,1,2,9,-2
29aa85be-63da-4286-9860-94c2e4661b96,0,1,ST,2,2,2,4,4
11184940-facf-3b89-a3b2-600eb721c218,0,1,SI,1,0,1,7,1
70672578-bd35-482f-9e68-603f4a0485c5,0,1,SV,2,1,1,3,0
4a519e02-e299-48a2-9cf8-3bf8dda11df5,0,1,ST,2,2,2,7,4
3805080f-ab80-4224-a2bf-e842645972d2,0,0,FF,1,0,0,3,1
349b95ce-7310-40a3-b3be-a6bd8183e91d,0,0,CH,0,2,2,1,0
b456fbb9-779c-3a0b-8b3b-616bf6bd7d8f,0,1,FC,1,2,0,2,-1
4d2748f6-ee25-3c14-a26d-198c5b2402b7,1,1,CH,1,1,2,2,1
0b47fcde-5fb2-36f3-af3d-3be2713502db,0,1,SL,1,2,2,8,0
a1d4401c-eb9b-3393-85ec-c81e1a5a23de,0,0,FF,1,1,2,1,0
409c31d6-66ae-3f9d-b9ca-75fa1855bd1a,0,0,SL,3,2,2,7,2
35d6743b-d44a-48a9-acf0-1e13ee7ae5fc,0,1,,0,1,0,4,1
6c1e3472-924b-4caf-a7a3-d15668e81cf7,1,1,FF,1,1,2,3,6
eea42539-0293-4df3-8d48-2350e825712b,0,1,CU,3,2,2,6,4
b70928c2-45cf-4309-a964-b913ed6ae4a8,0,0,FF,0,1,1,4,2
34460252-3cf7-44ba-b3e2-cec36f8d7c06,1,1,ST,2,2,2,7,0
39098130-7e91-4bac-a0c9-463085d3554c,0,0,ST,0,1,1,8,7
31c7717d-a968-4b91-9ed3-b509e3c2f99b,0,0,KC,0,2,1,6,2
1a0ee7f7-a272-4260-addf-28444d2249b0,1,1,CH,2,0,2,3,-1
c111c557-c2fb-4fcb-9bc6-f15a70371e48,0,0,CU,2,1,1,7,0
b6ae2be6-09bd-47be-a048-1493707223e6,0,1,SI,3,1,1,7,2
6bd666cf-2da4-43c3-bfff-3a83abc77bea,0,0,CH,1,1,2,3,-2
6c8f5bef-f815-4811-89be-30d48486fc48,1,1,SI,3,2,1,5,0
fa1123ed-108e-4035-9d36-8447efc2496f,1,1,CU,0,1,2,1,-1
04c15442-6f95-499f-a305-71b12c2e08e4,1,1,CH,1,1,2,6,-5
66079790-8415-4b0a-810a-afb9b55fb607,0,0,SI,1,2,2,8,2
43344c63-0bd2-444e-996b-81c6af25f976,1,1,FC,3,3,1,1,0
cb32a7d9-224b-4bb9-9f02-8698cff84428,0,1,SI,3,3,1,1,0
6aaf7173-4e8d-485e-963c-06f7f0df7d4a,0,1,CH,1,1,2,2,1
fa0d8479-042a-451e-a45a-4d31dcecdc9c,0,0,SL,2,1,2,7,-1
98dab87e-6d96-45eb-9077-68668a041eff,1,1,SV,3,3,0,6,0
52b9e10a-7ae3-4f0d-8ead-1f6d7af94870,0,1,FF,2,2,2,6,1
5a151529-9fb5-4073-b02c-a6ffdd15da98,0,0,FF,3,1,1,3,-3
be6b2806-af87-45fc-ae8d-d9ae61fd2248,0,0,FF,2,2,2,7,3
9eb50b10-4bc4-4c47-b562-a5dd5156e74a,1,1,CH,1,1,2,6,0
05b49d04-aad4-4cac-8a7c-9ddf06b91792,0,0,FF,1,2,1,5,0
f23fd3e5-7eae-4391-a86b-2d7162db0942,1,1,FF,1,2,2,2,0
745f8d90-7bfc-477e-9679-36d32575fd54,1,0,CH,3,2,2,2,0
31286d9b-1df8-4148-a4a2-9528e40aff5e,0,1,FF,2,1,2,7,-1
ceb035d6-5f1e-42fe-b126-51ffd116d387,1,1,SI,1,1,2,9,3
d0bdf050-8e4c-4280-9e1a-f3c1b2f055a2,1,1,,3,1,1,9,0
43bb3e02-ce87-3f70-b091-7ba789140d3c,0,1,CH,1,1,2,5,-1
846e6eef-812f-313a-b2b1-1eff477453f7,0,1,SL,2,0,2,5,-1
9b6b282f-5b56-3698-b2f1-17c271a4582c,0,1,SI,1,1,1,8,6
33903334-56c5-34bc-bfc8-019614b33759,1,1,CH,2,2,0,7,0
9df3f9e2-8dec-368c-81f6-881ac622200c,0,1,SI,4,2,2,2,1
9ea13827-ae3a-3a7d-8410-f75ce58b9ace,0,1,SI,3,2,2,7,-4
a6ee446f-11d0-30c1-a763-d71155079b72,0,1,,3,2,1,2,2
8286a801-29c7-46c7-a3a3-a2663c93ddd0,0,1,CU,2,3,0,8,2
f9cbcf00-2092-4eef-9b02-47f736e98357,0,1,FS,2,2,2,6,3
fc23a1c8-a6a5-4ab9-b3e2-55dadcb857c1,0,1,SI,3,1,2,4,0
3b18db85-d045-47a9-bf7f-c9c5796d34e4,0,1,FF,1,1,2,2,0
52cee571-8fcf-4032-b11f-78d5065d6c46,0,1,FF,1,0,1,2,0
f9111d68-cd2c-479b-8e55-e1f12f960b70,0,1,SL,3,2,0,4,-1
601eedc1-2786-4f58-9945-f923b78d94dd,1,1,FF,3,1,1,2,0
e2e7ea47-84c8-4ecb-a455-4e8d0b06ddec,0,1,SL,2,2,2,14,1
b3a38f98-a3d7-421a-9d87-3c16e57e10e3,0,1,FF,1,0,2,14,1
df2d789f-a41f-40b7-bbae-620e94a02d27,0,1,SL,1,0,1,9,0
ae1fd9b7-e79f-488a-807d-e1dcaee07e9f,1,1,,0,0,1,4,0
430f215f-f8ab-458d-883e-00c58afffc6b,1,1,CU,3,2,2,4,0
ce97ba69-e0e1-479b-8334-61f0d8cdc385,0,1,ST,1,2,0,9,-1
c3df82aa-9b98-4006-95a4-59ddbbcee550,0,1,SL,1,1,1,3,0
7e472152-c91f-44b5-a1e0-f52e903c632a,0,1,CU,1,2,2,1,0
bc9a7fde-0b76-4442-bf5b-c352b7e8c40b,0,1,FC,1,2,0,4,1
27d5ec7c-6c07-404a-92e1-6f619579bacc,0,1,SL,1,1,2,6,0
25da6a08-778f-43fe-b295-33302d9afa06,1,1,FF,1,1,2,8,4
1cd83b8d-2314-4763-8645-9edb7298188c,1,1,FF,3,2,0,8,4
903db28a-1a4a-438d-b041-00f0ccc440f2,0,1,SI,1,0,2,4,-1
947a70c0-6380-45e4-89b5-8b9001fe0317,0,1,SL,3,1,0,8,3
f8310ce9-5f97-4916-bae6-c895d977c7d6,0,1,SL,1,1,1,5,4
49be7dda-3ce2-41ef-8062-08a1481c0b3e,1,1,FF,2,1,2,2,-1
5c9fc67e-9793-49da-b4c3-4856aba3e134,0,1,SI,3,3,0,8,-4
512abb56-024a-4fec-9a18-59c1fbd0fba4,0,0,SL,1,2,1,9,1
5dcd80be-d0d1-40b6-9b22-bd17af2e355b,0,1,FF,2,1,1,6,4
e30ed77c-7c85-4734-b0e4-ef86c584399e,1,1,CH,1,1,0,6,2
17937cce-4565-497a-9426-4e5674678d44,0,1,KN,1,0,0,4,4
6c2d8d56-6aec-4be9-9fc9-de4deca34cd9,0,1,SI,1,1,0,4,4
8e745590-5f9b-44dd-95a5-4bf5fec38b42,0,1,SL,1,2,2,6,-3
87a3b670-e855-4123-9231-b52d0084697f,0,1,FC,1,0,1,4,1
77bd597e-6d73-40bd-928d-2c9538752e53,1,1,FC,1,1,1,3,1
621f0b80-5122-4b0b-9843-09c7e214a380,0,1,CU,0,1,2,1,1
f9c857ab-ad15-4e3b-a168-a40c67aad7fc,0,1,SI,2,1,2,7,2
2f108f6c-a9b7-40f4-a429-b6bfec988621,0,1,SL,1,1,1,7,2
e3b3dbf2-fc5b-4c6a-8b3d-d058bc7f6604,1,0,FF,3,1,2,4,5
ebc55bdf-fc8e-4fe2-9d5c-53b78b5b130d,1,0,FF,1,0,2,4,5
d32bd3ec-faef-42b7-8aa3-761823515ff7,0,0,CU,0,1,1,1,-2
b1ba870f-5546-38f7-8ba3-3d5602586d41,0,1,FF,2,1,2,5,-4
3b5e1b33-3a3f-34e2-845a-e11c19f891cc,0,1,SL,1,0,1,4,4
6bc7d7cf-8933-33d4-860e-dc8df5bef4f0,0,1,CH,0,1,2,7,2
8e5bf69d-d399-39e7-ba4c-10bd8c9d0747,0,1,,0,0,2,5,0
33ab5954-7411-3b17-822a-1cc5c38eee93,0,1,SI,3,1,2,5,0
71aabe44-6a83-36c4-a687-00e7826817bc,1,0,FF,2,2,1,5,-2
7647413c-8a3c-33ca-a676-f879fae2dd62,0,0,KC,1,2,2,1,-1
f334844e-7a6d-368e-bb5b-a96b946c95aa,0,0,ST,2,0,2,8,1
edaefe81-c303-3354-b44a-b92b5f576f35,1,1,FC,1,2,2,5,1
6fa87432-05dc-33e0-b09f-acfc02de9030,1,1,CH,0,1,1,4,0
10f68c4b-410c-33a9-aa85-59c4dc834901,0,1,SI,1,2,1,1,0
2bce3bfc-7a06-3e17-9878-f66373b54e85,0,0,FF,0,1,1,8,4
4f43c028-3d94-36fd-86f3-a6c635563384,0,1,SI,0,2,1,1,0
c01cf3b2-28e2-3322-9195-e8c3032be0cb,0,1,ST,1,2,1,1,0
7c8b7ad7-6895-366c-939f-29a5ce30ee02,1,1,FF,3,1,0,7,3
dd056c6b-2ec0-3c92-b9d8-5d9119e58e0e,0,1,SL,2,2,1,1,2
77b18222-522f-37c0-a36d-0fe0960cfd04,1,1,ST,1,0,0,8,1
3f23372d-40f8-3783-9730-4d2fd42331b0,0,0,CH,3,3,1,3,0
4e37558f-7636-3a63-a121-a4c730db28d1,0,1,SL,2,1,1,8,1
1dc18df3-fc98-358e-af50-3e71e2fbfa17,0,1,SI,3,1,1,6,-2
ebdc484c-e642-3b7c-ada4-b6b1ffbd8e47,0,1,SI,3,1,2,6,8
3dbc5ca0-8166-3c05-bec5-59985296617d,0,1,SI,1,1,1,7,-1
85b897a4-83d1-41ee-a028-da7bba331b8e,0,1,SL,1,1,1,5,5
c0ec186e-16b9-4687-a036-5305cdf30c4c,1,1,CH,0,2,2,4,2
5006818a-17c3-479c-933e-b63289a6a91c,1,0,ST,2,1,2,3,3
e8f53bbf-edbf-4079-861a-2bd723f3c176,1,1,ST,3,2,2,5,1
c629004b-a270-4c3c-8110-cd7e27a17d9f,1,1,SL,0,1,1,8,-1
5fa6bf02-5eb9-4553-9c68-3bd967a504d8,0,0,,2,2,0,3,0
4c2f6b5a-14da-4c1d-a0e9-28446b7c0e9e,1,1,FF,3,0,0,1,0
4347ca5d-8c64-4371-96b0-dc1f506a2c2e,0,1,SI,2,0,0,8,-1
73d00f12-43c3-4417-9c50-9dccbf3e754b,0,1,FC,1,0,2,8,4
17067d1c-f30d-4ddc-a611-282647b09f04,0,1,SV,3,2,1,7,1
d571bb99-ab09-4f9b-b851-c21bd5f36598,0,1,FC,3,1,1,1,1
126bb5f9-d341-4d9a-b56e-57ba528c9ed6,0,1,ST,1,0,2,3,-1
6d114700-e12b-4fcc-b2a4-798fd74ba975,0,0,SI,2,1,0,8,0
76f87c7f-9291-48bd-8386-f364da3f8933,0,0,CH,3,2,0,8,0
d8d9067b-bfbd-444c-bc4e-9fdd8a69f52a,0,0,FF,2,1,2,6,-4
28a2b5ee-862c-4cf9-b3bc-2b7b968c6211,0,0,FF,1,1,2,6,-4
9d059c28-29fe-455c-a55d-4eb0f3b53fa0,0,1,CU,2,2,2,6,4
1cca03c7-827d-4899-85ad-a14033494aae,0,0,SL,3,3,0,1,0
cde837d0-a006-4dfd-9fbc-0b0d6f1a52e9,0,1,SL,2,2,2,6,-3
9d309421-982f-41af-827c-f2e49abb1e6d,0,0,FC,3,1,1,9,0
ac06c5a3-a823-4319-9fcd-f3e95fd2dab1,1,1,SI,3,1,1,7,0
2e2ce0ed-3697-4e60-b0a2-6c3062882a7f,0,0,FF,2,0,1,6,4
98e1ba42-afd9-482b-bd3b-831ea788e6f1,0,0,ST,1,1,0,1,-3
ba6c7bf4-c5aa-43f7-8319-ab5afc4c748a,1,1,FC,2,1,2,3,1
fbdd7929-a264-4b09-bd57-2482c86c2e72,0,0,CU,1,1,2,1,0
ca390bb7-450a-46bc-88c6-e6a73dd8e178,0,0,SL,2,1,2,5,1
5982b549-9fca-47c8-b1a2-7534e057f007,0,0,,0,1,0,1,0
eaaf3f04-f5ef-44ab-bdcf-b1c9d8ed087a,0,0,CH,1,0,0,1,0
55d95a60-4393-46ee-ad56-f622698d9a40,0,1,ST,0,2,2,6,-2
329dfdbe-183c-4f44-94db-3084b7246584,1,1,ST,2,1,1,4,1
e0c7f59a-1c1f-411c-9885-14b8dde8e92a,1,1,FF,1,2,2,6,0
d69c672a-382a-48b0-8f3e-f4188d26a003,0,1,FF,1,3,1,2,0
1f05b71a-44b1-447f-9864-44db266a3783,1,1,FF,1,0,2,6,1
2443b5e5-bcf4-4fb5-b444-2fdb1758c69e,1,1,SI,1,1,1,7,2
103604ae-0025-3410-a47a-81f7cf8fdff5,0,1,FC,2,0,1,6,1
31b32943-3cae-3086-8529-d6b3629dfb4c,1,1,ST,1,1,2,5,2
809984ca-459c-384c-a47f-6284d023101a,1,1,CH,3,3,0,3,1
90a71b78-39af-3b52-b090-7554d30ae929,1,1,FF,2,1,2,3,0
e76e7e23-711a-3ba6-9763-2a79ab02b731,1,1,FF,2,0,1,6,1
ba8f905d-9bdf-364f-8d79-4e7547136cc5,1,1,CU,3,2,2,1,0
59210930-ff1f-3d1d-adea-f846fcfd008f,1,1,FC,1,1,2,3,1
301528f5-9b17-3df1-9f72-f992d3cb5204,0,0,ST,1,0,1,4,8
7d3cd4f2-34d3-368c-b326-746661079443,1,1,SL,2,2,2,4,-2
27de66ef-2760-30ae-b60e-9b4c4c16d88f,0,1,FF,1,0,1,5,3
398f6d90-a77d-3125-a307-0e063a089719,1,1,SL,1,2,2,6,-1
b684662f-2cf6-3ab4-b4c8-110fc164fa1c,0,0,,0,0,2,7,2
1345d8d8-d8c1-3d3a-8425-8d42a2a5a6a3,1,1,SL,1,1,2,1,0
2ad5e307-4b2c-3893-aea1-614e3c87f680,1,1,FF,3,2,2,3,1
aa44db18-b365-3a92-9b08-cdf8da9afa63,0,0,FF,0,1,2,7,1
6f015521-6761-3bf8-8f47-77b5958b4fc7,1,1,FF,0,1,2,2,2
26193e19-f9be-43ab-89b4-18e5d7972a46,1,1,SL,1,0,1,4,0
055b987d-90c0-4f32-baa2-2f66974fba79,1,1,CH,2,1,1,6,-1
3becf208-d09e-46dd-a195-e963c91e8b7e,0,1,SL,3,3,1,2,1
be22d9f3-6219-4ab7-9f8d-7c098640da93,0,1,FF,1,2,0,9,2
9924ba94-bce4-4caf-82eb-144b1614ea19,0,1,SI,0,1,1,6,4
698e141d-bbbb-466b-8f46-4e017f47b20e,0,1,FC,0,1,0,7,-2
b46b105b-cf25-4021-9e0f-6c0b575e7353,0,0,FC,1,1,2,4,4
cf99272d-5801-4488-8562-e05b98b3121b,0,1,SI,2,2,0,5,2
a9abdcc2-90b9-4803-a813-e839ec38e02f,0,1,SL,1,0,2,6,6
bec6f423-640b-4201-b319-5631b058109b,1,1,FF,2,0,2,5,-1
91b87037-aa30-4d26-b7cd-9c33de6ef1d9,1,1,FC,3,3,0,3,0
d5162ea7-ee26-4982-ab4b-a0525e8d55f3,1,1,SI,3,3,1,3,1
ee582d9a-2c32-4343-a65a-fe8a25962aee,1,1,SL,1,2,0,8,1
e8aa9267-24e7-45cf-84c7-81bdbee06026,0,1,FC,2,1,2,6,6
851a9bb7-337c-4130-8804-ffe36861210e,0,1,SL,1,1,2,11,1
274a8430-7a50-3001-be5a-7e43045aa854,1,0,FF,1,1,2,8,3
06ca378f-ed74-3f2d-a885-38d05277074e,0,0,CH,2,2,1,1,0
f89ac6e3-f966-30bc-bbf5-6e4277d3c7c3,0,0,CH,1,1,2,2,3
839c2f63-7e50-31b7-a796-26f76888a081,0,0,FC,2,0,0,1,0
d1c1b943-bb5f-3df9-aaa2-e27e17c3fed5,0,0,SI,0,1,2,9,-1
541b0f8b-e800-379f-8798-3cbad837e2da,1,1,CH,1,2,0,8,2
b90ba841-6c50-3ae1-990c-fc8081cd7fcc,0,0,FS,2,0,1,3,-1
34ec79eb-e631-39c0-b9f3-0474469cf15e,1,1,FC,0,1,2,7,6
24a6cede-f7da-3bc8-b60b-b058449a80aa,0,0,SI,2,0,2,7,2
b061f97c-ed08-4dd3-9c11-6dfcfca4974d,0,0,FF,1,1,2,4,2
95eaa368-771b-4d03-853f-340f921ab10e,0,0,ST,0,2,1,6,-3
8530799a-c8c0-47dd-bd97-c8ef9d0d3305,0,0,FF,1,1,2,7,-1
eb580966-5962-413b-8c02-9ccc6c3f4c0e,0,0,FF,2,2,2,6,0
acd1a0d7-3250-4f30-bc3e-508c7c61ea99,1,1,SL,0,3,1,3,0
dc89d5bf-3d7b-4822-a397-fe712e23e4bc,0,1,SI,2,2,2,8,1
e4911940-2023-4b7f-b622-e3f682e78e96,0,1,SI,0,1,1,8,-1
1e486797-f8f0-4656-8a58-3c6eadbbb211,1,1,SL,2,2,0,1,0
2709a55e-1172-4097-aa6a-7b708c66d1e0,0,0,,1,1,2,1,0
3eb66b21-251f-4d76-9acf-ff838594260b,0,1,FF,2,2,1,9,4
674381a1-0a84-4708-9be4-43db0f963094,0,1,SI,2,1,1,1,0
283055dc-4b58-4593-b700-9a3111279ca8,1,1,,0,0,1,3,1
c3c4091c-706e-4f8b-a35b-e33e90cec80c,0,0,,3,2,0,1,0
3f6b11bb-93cb-46a3-a845-b5bf8c71c5c7,0,0,FF,1,2,1,1,0
c9f8b118-1e7b-4148-961b-83ec4c7e3699,0,0,,1,2,2,7,-8
ab7653fb-1a30-4849-ab8b-6caf672730d4,1,0,SI,2,0,2,7,5
d7762e64-6a18-4a30-b61c-07d7668487c1,0,1,FS,1,1,1,1,-2
1ffe84a4-83f1-4e0f-9a19-278a6cb6b27b,0,0,KC,2,2,1,4,6
ff1f93af-744d-4948-ab20-469303ed8694,0,0,ST,2,0,1,3,2
55b10a3d-4f5d-44e3-a562-ef2efa690145,0,0,CH,2,1,2,6,3
36da4a9c-49dd-3252-980d-47783d083da1,0,1,SI,0,1,0,6,4
eca01fcf-d7a6-3c73-9048-4e74bc5059ea,0,0,SL,2,0,2,9,0
6842aabb-5caf-3ac4-8578-aff7c51fe9ca,0,0,FF,1,2,2,2,0
22dd81ca-ea18-4279-ae63-3eaa3359a171,0,0,CH,0,1,2,3,-2
4ec8fd39-a538-4cde-bc65-0b215502b3a0,1,1,CH,1,0,1,4,3
59bdc97f-a4b8-4969-8419-ec959d8d3873,0,0,CH,2,3,0,8,0
719e2823-3185-4033-850c-98730d2632e0,0,1,SI,1,0,1,6,-1
5ce6475b-7bc9-4b2a-bc61-a33de33b3357,0,1,SI,2,2,0,6,-1
40c81f76-ef59-4fd0-b701-a4143eb3a914,1,1,FF,2,1,1,1,0
f24b1bfc-d3c6-4864-af81-cad8a82d5e77,0,0,SI,2,2,2,2,0
e469ecd3-556a-4ee4-8782-a4c3ca6c1a27,1,1,FF,1,0,1,8,4
7fba575d-3521-4ce0-927b-136918e8cc98,0,0,FF,1,1,1,3,1
727de7b6-4477-4bad-82c6-5a05580300b0,1,0,SI,0,2,2,6,3
45eadfef-3521-46c3-a09c-4c25d120c9c5,0,0,FF,1,2,2,5,1
0dd378d4-6a00-4da2-870f-920358d24a76,1,1,,1,1,1,2,3
a049bcda-93b4-419f-bd6a-9e278771fec1,1,1,SI,1,1,1,2,3
18265505-7aa6-47e0-8c0f-d10b360958c7,1,1,ST,1,0,1,2,0
b12a838e-fbf4-438e-93b8-ba856b888330,1,1,FC,1,1,1,1,2
6bd71151-a725-4ff6-a3ba-1bc33b9cedf5,1,1,CH,2,1,1,1,2
a1714ab7-056c-4cc0-b2fa-db6092e18e3f,0,1,FF,0,1,1,3,4
fd054f3d-e841-4653-976e-39bc1de525be,0,1,SL,1,0,1,9,1
ba2ed048-d4aa-40de-815f-08d78badf96c,0,0,FF,1,0,1,4,6
d4846fda-85b4-3e56-9514-7516724bc83d,0,1,CU,0,1,0,8,3
14b337c9-9750-348e-bd79-0a7261710cb6,0,0,CH,2,1,1,4,0
66484002-b680-3bb7-8a0a-699edc3c5a47,0,0,FF,1,3,1,6,2
9c549c03-6de0-3c60-9366-1a3e17b929bd,0,1,FC,0,2,0,9,0
035486a5-9068-3302-b310-8721074c9d78,0,1,SL,2,0,2,8,-1
88a05bcc-ebb3-3df4-bf53-0610e411fda3,0,1,FF,1,0,1,7,2
e10152ba-9f91-39c0-b8d5-a206ad4a3e7f,0,0,FS,1,1,0,2,0
557417ba-c78e-39f0-b799-fd711b3bfa1c,0,0,FF,1,2,1,6,-1
2bc902e8-b713-3222-94af-a1678abf0e41,0,1,SL,1,0,0,6,1
07c01e83-32a2-30cc-acfb-29ce0c7f679d,0,1,ST,2,0,0,9,3
8c437c99-7896-36a7-8c28-1dc8ae8e9c1f,0,0,SL,1,0,2,9,-1
2c2ee7e8-9fbc-334e-a754-348d180ca1d1,1,0,SI,2,1,1,8,-1
3a5a28c9-aa7f-37c2-b1f1-99085d491d1c,0,0,FF,1,0,1,8,0
6a66e8ee-356b-3936-8229-1b23381964fe,0,1,SL,1,2,2,9,-1
cf5915d4-bec7-334b-89d2-9f2c91c8b801,0,1,SI,3,0,1,3,0
40587565-8e39-30d6-909b-cf0f443c981d,1,0,FC,1,0,2,8,5
b7ab613d-c483-3d10-aab7-6eaaa6da8723,0,1,ST,3,0,0,3,3
19c6e23a-83f2-3096-a2f0-3ec4eb2a926c,0,0,FC,0,1,0,9,-1
8ada07cf-3004-3d95-9714-5c59989b6b68,0,0,CU,2,1,1,6,1
ea7835a4-33bd-3226-a80d-8a829a286aa9,0,0,FF,1,1,2,2,-3
400b4476-05e5-362a-87ba-a0e8c8337326,0,1,,2,1,0,6,2
03e0ea9e-56d4-39ab-bf71-77eba7c4632c,0,0,FF,2,0,2,3,5
07773176-0276-0013-000c-f08cd117d70a,0,1,,1,0,2,4,-1
fbf21118-4e6c-3cb4-ab3e-225eb30358d6,0,0,FF,0,2,1,2,-1
24d9bf78-4af1-3731-809e-08dbadd863a8,1,0,ST,2,1,1,6,-1
cb4db169-7711-3434-81e1-b24758a22ef8,0,1,SI,1,0,0,6,6
af249365-e6f1-374b-9076-4201e144c8ce,0,1,FF,0,1,2,2,0
7523498d-c67e-3177-92a0-cc32e268b2bf,0,1,SL,0,2,2,1,4
72f330ca-7da5-3d22-b7b1-de90f9da84ce,0,1,SL,1,1,2,8,0
e7253d9e-8003-3528-81a0-acccaa809bca,0,1,,1,1,2,9,1
c2c55761-4024-31ea-9588-b4c6fd760b6f,0,0,CU,1,1,2,1,3
76a7df83-34b3-3b70-9710-147fea77b906,0,0,SI,2,0,2,2,0
f8ca9f2a-baa2-33de-9e71-4c3bf5d550ed,1,1,FF,1,0,2,7,0
07b0d14a-16cc-3e27-be87-31df6919507b,0,0,SI,2,1,0,2,-2
ab879fd6-3762-36c3-9e7f-4dc03f338b85,0,1,FF,1,1,2,9,0
0146d582-e472-361d-bcf7-15667411e50b,0,0,FC,2,1,1,3,3
f2ddc57e-efcb-3575-b075-c6bddf912514,0,0,SL,0,1,0,9,-1
a6c2b3a4-95c7-3e2e-9e0e-f1860a7c95be,1,1,SL,2,1,1,3,1
9f9be57d-18cc-3d89-9252-3e896a220c9d,0,1,ST,1,0,2,4,2
fcae20de-0694-359b-9a98-7fc34bca3258,0,1,SL,2,3,0,3,-3
c4ef6b3e-b1c1-37f5-b13e-c4142148adbf,0,1,FF,1,0,1,9,3
360e47f4-f14e-3fa5-9508-b3003aadc95f,0,0,FF,1,2,1,4,-1
de0b6ac1-ecd6-4026-beb7-03c14c7ccfce,0,0,FF,1,1,0,4,0
81d92c79-9065-483d-8992-cfd59e36544a,0,1,FF,0,1,1,6,5
2a7b0028-ef13-4c73-9188-334dc4914955,1,1,SL,2,1,1,6,-2
59dd6fe0-869b-4f91-a98a-7536778e5f24,0,1,CU,1,2,1,1,1
10611f5f-c3c9-4490-bdf5-150607f50e09,0,1,,2,1,2,8,2
4f67f428-c4c8-476c-8fd4-ba410dccbfae,1,0,SL,2,0,1,6,0
ecb47086-d7ad-4fca-a6f1-8c8fd0946c67,0,0,SL,3,3,0,7,5
b738466f-4705-496d-bea2-3896d02098d4,0,1,FF,2,0,2,8,0
f75fde82-dafe-4eb4-89ad-a06caba98bc8,1,0,ST,2,2,2,5,1
2d82b63b-5606-4b18-93d9-7dd532edbadb,0,1,SI,2,0,0,7,0
090b9091-162b-45c5-a5e5-40635ae33fdf,0,0,FS,1,1,2,4,0
68c3265f-88b4-440d-a93f-c5587203a912,0,1,,1,0,1,4,-5
9cc2a769-0a4a-4675-8adf-0c84cd1c49b4,0,0,FS,1,2,2,1,3
c684e964-a19e-4d77-8232-43174562ca9e,0,0,SL,2,2,1,9,-1
b70691fc-bd6b-4cfb-8e62-b8ce3abdcb22,0,1,SL,0,1,2,8,2
e6c9f32c-71ec-4eda-bc8d-85ac146b4e86,0,0,FS,1,2,0,3,2
b39330a9-e2a3-48a6-bafe-cfa02ac466e4,0,1,ST,3,3,1,1,0
cbde122c-cd98-47de-91bb-f7142efcaaad,1,1,SI,1,0,2,7,2
69eabdf0-0add-4fe0-875f-89d7d721cc6a,0,1,SL,1,2,1,9,2
4455e17c-2b05-337a-99db-531f08bbce43,0,0,CH,0,1,2,6,6
30856a87-ac80-37fd-b371-be634c187588,0,0,ST,2,2,2,6,-1
1aeebd5c-0465-3fd2-b7d4-e0b0795f32b1,1,1,SL,0,2,2,3,-1
bdb21fc1-7117-364e-8825-9aede27e755d,0,0,CH,1,0,0,1,-2
c4b545d1-2ba7-3a66-bac2-3948241ec3a9,1,1,SI,1,1,2,2,1
86b83422-7e28-30c8-b825-4f43a88fe161,0,1,CU,3,3,1,8,3
83028106-6d4f-3e1f-9530-d1fe49836e1d,0,0,,2,1,0,4,-1
93043c34-ffda-3a9c-8ebe-255c9d2d6723,0,0,FC,1,2,2,8,0
18d08b01-7708-3f26-a4a9-4115ab67be46,0,1,FF,3,2,1,8,0
cee25b1e-6702-391d-ae98-3ede60376b5e,0,0,SL,1,0,1,6,2
10307a99-c72c-3e86-88bc-30ebda1ad5d0,1,0,FF,1,1,0,7,2
88af568a-554a-406e-9eb7-3ae568cd2322,0,0,SV,1,0,1,4,-2
f7e0c2d7-87d0-4e22-88a8-b23e842e90b3,0,1,SI,0,1,0,8,4
ba75b11e-115c-4d11-85f0-66199df4519a,0,1,FF,1,0,2,5,2
e9cc8a1c-bfe9-4fa3-aa1e-d36f51380d0b,0,1,FF,2,2,1,5,-1
af9cdca1-e597-4c1b-b7dd-b5dd15ecb34c,0,1,FF,3,2,1,6,0
38a42408-e5bd-42a2-a85b-ab5ea193e0ef,0,1,FC,0,2,2,9,1
2d857a11-24f3-4a62-9f41-5043197d92fd,0,1,SI,3,2,1,3,0
4ce573f7-e093-425d-863f-3b9fda057686,0,1,KC,1,0,1,8,0
7740dfbd-b6f5-44af-93d7-a6d0ed40dbd6,0,0,FF,1,0,1,8,0
4c556d40-6f81-4721-93b6-7828f89b0734,0,0,FS,1,1,2,1,0
b073cdc2-56f8-4f2e-a60d-ce57a629bfe6,1,0,,0,1,1,5,-1
f853b886-5805-371e-a92d-7984f6d4ae59,0,1,CH,3,3,1,1,0
e4c5a321-9f88-3e79-b6bb-464df7666a02,0,0,FF,1,1,2,6,-2
314c3d79-ba8e-43d8-a30b-0a77b33ab5a6,0,0,FF,3,1,1,5,5
ec41fea4-8880-4db2-8235-a420c6e06447,0,0,CU,3,1,2,6,-4
1e8325ec-ddf9-462d-a599-d5ce98ec4852,0,0,FC,1,2,2,2,0
40e02103-b929-4613-8e79-daacd4ffdf9f,0,0,FF,0,1,2,10,3
e29bc89b-2388-4d0e-a2fe-f6a36217f520,0,0,FC,3,1,2,4,0
75f175f7-220c-4002-8d5b-e76e419b46f9,0,1,CH,2,2,2,4,0
deaeaf5d-dc29-465b-979b-bc820378b9c5,0,0,CH,1,1,2,3,3
4bb8f501-fef0-4896-98ac-2c9826f862fe,0,0,FF,1,0,0,2,1
30c2565c-7805-401b-845b-4e09420ce240,0,0,ST,1,2,0,2,3
6bffd8e4-fbf2-4140-ae71-ca266587f8b1,0,1,CH,1,1,2,3,1
837316e8-c393-40a7-9999-6d52c574984a,0,1,FC,2,0,2,8,3
09529514-8923-4a47-9433-519958195e4f,0,1,FF,1,0,1,2,1
236ea6fe-13b4-4c4e-802f-8796f5c00166,0,1,SI,1,0,2,6,1
e8f50e9a-b367-4945-bf5d-93ff12e16895,0,1,SI,1,1,2,2,0
c0dd2f96-97e7-4dfc-85b4-63de682ec500,0,0,FF,2,1,0,2,0
8c8af296-b9be-4b78-8046-d9e846b2e7d0,1,1,,0,1,2,6,-6
9c92365b-8c94-44f6-b163-4122500ef3d0,1,1,CH,1,2,2,5,6
b9675c12-7cc6-4f20-b257-6cf38d46472b,1,1,SL,2,1,0,2,1
4e368d2c-a184-49ce-8e4e-80d5a6ff6f87,1,1,FF,2,0,1,5,5
23e05f4a-5f51-4e79-95c8-d63a8b370ce3,0,0,FF,1,1,0,9,-1
a2a4f627-55a1-4c2c-8890-67932471df13,0,0,FF,0,1,0,5,1
8ea05cda-f67f-46eb-90e8-ff8b1ed41a94,1,1,FF,1,2,2,2,2
8bee9ea9-9db1-4712-8616-fb8d6405545e,0,1,SI,1,0,2,8,1
2645ddc9-b1e2-4239-ac64-39b987103476,0,0,FS,1,1,1,7,0
7a5a3096-56a3-42d8-9a09-41faf47fe082,0,0,FF,2,2,2,3,0
4b349758-236b-4085-8171-cfb84764b9b4,0,0,CU,1,0,1,8,3
4b66c249-8d9f-480e-8c66-1f8c1d7842f0,0,0,FC,1,0,2,6,2
e9a31150-0767-4a39-b7f3-a2ff7eaadf4a,0,0,FF,1,0,2,3,0
4ca024a5-0915-4f35-8cb1-10030d1ea90b,0,1,CU,2,2,2,4,3
001656c5-4816-40b3-993d-18c48ed63951,0,0,FF,2,3,1,2,0
febde5ee-8735-4156-b7ee-a85ceb60c7bd,1,0,SI,0,1,0,6,2
82c92793-c537-4a16-a11f-7beeb4e16288,0,0,CU,2,1,0,2,2
4eeed489-debd-4856-a672-0efe1d3a93a5,0,0,FF,1,0,2,6,3
9bee2b48-1d9a-478c-a467-3243cdf38c40,1,1,CH,0,1,2,2,0
ebb5312d-5ef2-4329-af77-8a4129586df6,0,0,FF,1,2,1,6,-1
4d28210c-35e8-437d-9674-0109ecd8c4bb,0,0,FC,1,0,1,5,3
32cfbdc8-464f-42c5-819b-a0d5f2fa5c6d,0,1,SI,1,2,2,7,1
e2d499c9-30a2-4429-8dcb-e4465969dd6d,1,1,FF,2,1,1,6,-2
ac9eb08a-0f3e-4a4d-b753-1e289fa7a632,0,0,FF,1,1,1,4,3
61dccfdd-6391-4859-a8ad-1db037e3e931,0,0,SL,2,0,1,4,3
e88b012a-6b1f-4b42-827d-fd437ff031d2,0,0,SL,1,1,2,2,2
0df91022-a6a4-430f-b1d8-8e91abef7d32,1,1,FC,1,1,2,2,1
221df289-4a43-41b2-9c75-4411e082806d,0,0,CU,3,3,1,5,0
0aad6328-e8f7-4e06-aded-c4af4e736b11,0,1,ST,1,2,2,8,1
32037f5b-41b7-38a0-b700-0773adcfaf49,0,0,,1,1,1,5,3
790e4383-762e-36d8-bd98-198049f54954,0,1,SI,2,0,1,3,-1
28619249-e988-3da8-a6f7-b6e22a57db2f,0,0,FF,2,0,0,9,0
73dd7e81-5f66-39cb-941d-07feb160a2f1,1,1,FF,0,1,2,10,1
cfd1e102-3dd4-3782-a526-571996525afa,0,1,ST,2,1,2,8,1
4f56dd59-0b51-3c5e-89c1-08d1949aa42b,0,1,SI,0,1,0,8,0
68141fb8-dde6-3d6d-a404-ceeb8382002f,1,1,FF,1,0,1,7,2
8355d3cb-3322-3805-a0d8-366f6d11bc47,1,1,FF,1,1,1,7,-1
97aa47d5-a58f-3f3d-859d-c76de88b3ceb,0,0,SL,2,2,1,8,0
6cf3072f-3662-33c9-9945-29fcaedd074b,1,1,FF,1,0,2,4,2
f6a64a57-fb35-3b74-b6d7-e10e00ebc13f,1,1,SL,1,1,2,8,1
e5d4a950-1da4-32c6-9cbc-2234de573f10,1,1,FF,2,1,2,4,0
26639c5c-7ad7-310c-bbe7-7bb70d6827b5,0,0,FF,2,0,2,2,-1
744eea7f-6ab0-421d-88ef-f3f4565151e3,0,1,,2,1,2,6,3
fb95acce-b2ac-31a2-b8c9-fc9fff860817,0,0,CU,2,2,1,4,1
11db90b9-8cdd-3d98-b992-db0e61aa345e,0,1,SI,1,0,1,10,1
46b1d47d-3ad8-3f67-8131-a72bded297c2,0,0,CH,2,3,0,8,1
5eff7371-09ea-42b9-8f92-392e9159607e,0,1,FF,1,3,1,9,4
c1c49548-938c-4e06-b65f-33a6ca8fc75c,0,1,ST,1,2,2,9,4
93f16da1-3f0a-409d-94e3-bee4bbf9d5bb,0,0,CH,1,2,0,7,1
2a0df81a-e2df-441a-b905-d3590058b7b7,1,1,FF,1,1,1,9,-1
652f269c-acb8-4d50-ae1b-740ac0763a71,0,1,SI,1,1,1,9,4
651aaf06-2b92-4ba3-af93-84b6f1c3b3aa,0,1,FS,3,2,1,10,-1
8c9fcddb-b1f5-4988-844e-bf856568f70a,0,0,CH,2,0,2,11,2
0024d974-960b-460e-ac05-886d1eea7fb9,1,0,FF,2,0,2,2,1
a516e1fe-3d31-4c1a-a307-cc72f108a663,0,1,SL,2,1,2,8,1
9486bec9-5618-4647-af03-d0ad430151f3,0,0,FF,0,1,1,6,3
f715ef19-eaf2-4f4b-8f70-285c8ffcca26,0,1,FF,0,3,0,6,3
878273f6-821f-4291-91e1-001a8bf092ba,1,1,CH,1,2,1,7,2
da394727-6488-496a-9532-ac78d2047509,1,1,SI,3,0,1,8,3
8da9623c-4158-405b-8d17-4e11272c7e46,1,1,CU,0,3,1,2,1
446a328d-048e-4aa0-9075-2d2376ab88e0,1,1,SI,0,1,1,3,-1
8c834235-7415-3ea0-b03e-e5281d72790f,0,0,FC,1,0,0,1,1
31b32ab7-38bf-3ccb-8e9d-a4748057682f,0,0,FF,1,0,1,8,0
d06adf24-e895-3017-938b-793ecf05554f,0,1,SI,3,2,2,5,-2
947b1a10-7409-3ecf-960d-137104fbbbbd,0,1,SL,2,0,2,3,2
95c00352-6776-3daa-ad05-de6ad2687bb3,0,1,ST,3,3,1,10,1
eae07fea-7edd-3b1f-aa7d-3a20fe2456d6,1,1,SL,2,0,1,8,0
6b283faf-9681-311c-a320-413310fb6912,1,1,SI,1,0,1,8,0
95863d6a-b01a-3814-bb12-86ef0683e602,1,1,SI,0,1,2,3,0
db7ef371-2f1a-37c5-a39f-b95713cc3861,1,1,SL,1,0,1,1,1
b16b516a-b56c-3ef4-aede-cc42355666bf,0,0,FF,1,1,1,9,0
d14c9d2e-604a-3c97-8594-ce991ce569a2,0,1,FF,2,2,1,9,-1
f59d1d18-1738-3cd4-8b61-faa8c25fac97,1,0,SI,0,3,0,5,1
65f52d08-5f7e-3ed5-90fc-30c61d38d638,1,1,CU,0,2,2,3,-5
a2375a33-a790-3260-a230-414dddf56a07,0,0,SL,1,0,2,9,-1
9786d154-8883-3096-8194-5a3eeb4256cb,0,1,,0,0,1,8,-1
2f72d02a-aa3f-4a89-88ac-07cfc3ebb10a,0,1,FF,3,2,1,2,1
84367e82-50c8-4914-a989-7a32d33f5748,0,1,SI,1,1,2,9,-1
5d16f507-5335-432c-bcf9-aaca57ce6148,0,0,FF,3,2,0,9,-1
65167d21-0e17-493c-8db9-5642591c75d8,0,1,FC,1,0,1,8,0
e789fdee-2b7e-4e27-abe7-575ad2ce9064,0,1,SL,2,0,1,7,1
ad74d5c2-e463-4473-b72c-97d44c964b02,0,0,FF,1,0,2,9,0
c4ecfcdb-8cc5-4e0b-90c9-39b5358842c6,0,1,FF,0,1,2,7,2
e87f452f-8129-4d42-8b09-eb7af96a9d98,1,1,FF,0,2,1,4,3
fa91cb34-1b7a-42a5-b4a8-d0d3ba2c7ea6,0,1,FC,0,1,1,6,3
4b053021-4e04-4f08-9dc5-b6d0131525cf,1,1,FF,0,2,0,3,0
009de769-e5f7-4348-a88e-8d043d7d21f0,0,0,FC,0,1,1,5,-3
d6592dbc-f17f-48f3-bbb6-8f6347b85ee6,0,1,FF,2,2,1,2,1
60a31c2f-1ada-489c-909c-9f5bc5b078e9,0,1,SL,1,0,2,6,-1
78d43d7d-699b-4afe-964d-9616621a5767,0,1,,0,0,1,8,0
cfc840bc-1d8b-419d-880a-94cdc716a0fb,1,1,CH,1,2,2,1,1
0a8ec55e-446c-4f0a-975e-25302df57754,0,0,,2,2,1,7,4
c2e93d92-314d-40dd-8419-7d1392ee5fff,1,1,CU,0,1,2,3,1
6cac2cc4-aa03-4f79-83ae-d934ba419550,1,1,CH,1,0,1,6,-2
ea770a2c-ee2b-4140-93b1-2a41973dcb4b,1,1,FF,1,0,2,3,1
71fd83a5-2560-4964-9645-e3943320e33d,0,0,SL,1,1,1,4,2
16ad5f57-b472-4f60-bf7f-b25a198e25e0,0,1,SL,1,2,2,8,1
e93c295a-180d-47d7-95a7-ac948bfdede0,0,0,SL,2,0,0,3,1
882ca441-c827-4aa7-b4b8-4590636d8312,1,1,SI,0,1,2,3,0
08854789-5f6f-4677-8f46-036d455f9e24,0,0,FF,0,1,2,2,0
9451b1df-ec8a-4763-9105-db512d158d6e,1,0,SL,3,2,2,7,2
86ae417a-2b9f-4362-85c6-58edd07043f3,0,0,FF,2,2,2,6,4
f2e64a3c-f83b-4036-86e9-7befc5d489d1,1,1,FC,4,0,0,2,2
424ae55e-b314-4d57-a66c-710af15bfa56,1,1,,1,2,1,2,-1
dba9c69c-c966-4cdb-8abd-8bb13063a830,0,0,FF,2,0,1,3,0
91276a63-4b5d-403d-b947-159da54ae69a,1,1,SI,2,1,0,8,4
beff8eff-8d0e-488d-821e-ef7dd797851a,0,0,FS,3,2,0,7,1
bbaff331-1b5c-4174-a32b-78d1cbe5734b,0,1,SL,3,3,1,8,0
acaabc3d-95dc-4266-bb34-b5f311dba224,1,1,CH,0,1,1,10,1
d5274756-c604-4a4d-b64e-6f388fcf6ce7,1,1,FF,2,0,0,3,-1
dfd9748d-c86d-4998-abc8-7f3093562e80,1,1,SL,3,1,1,3,-1
10dedc94-7295-4152-be8b-02871684d407,1,1,SL,3,3,0,1,-2
ad896dbd-8dd0-4e0c-8d03-8af94831e0f9,1,1,FF,1,3,0,3,0
e843be7b-e539-4ebb-a3c6-cdb5de21a31a,1,0,SI,0,1,2,4,4
bfebfdd0-a4a1-4c14-8289-5b1cff2abf2e,0,0,ST,3,2,2,3,1
1fbbe6ea-9508-4601-9092-d13668ebad69,1,1,ST,0,1,2,8,1
956a6c56-7d69-3b13-bee8-5595be4a779d,0,1,FC,2,0,2,7,1
d1a3a92e-41f1-3cfd-bc85-fdd4c0268da4,0,1,SI,1,0,2,6,1
919d99ec-1485-3a13-b430-e44dedc8cd3d,0,0,FF,3,0,0,8,-1
3957f378-e951-3a47-909c-8144fa6a7012,0,1,FF,3,1,1,4,2
f42c9be9-a42d-3b40-811c-f4d8ae3e2ad2,0,0,FF,1,0,0,6,2
a77e8c42-5708-3533-bf93-35c51693d4d3,0,0,SI,2,2,1,4,0
da789a13-7449-37fd-a736-3e00ee9463a9,0,1,SL,2,2,2,7,-2
906a4892-b03a-36d0-9286-2fddc3473b2e,1,1,FC,3,3,1,8,5
059ef7fd-4edd-420e-940a-8eddc9edfef9,1,1,,3,1,0,1,0
b5184d6e-0515-318a-87da-368c19f5b262,0,0,FF,1,1,2,8,0
38cde5a0-2d16-3ae1-a18d-fc15d4012cb3,0,1,SL,1,2,1,2,3
6d79dcf1-1ee8-315f-bde0-7965e8371f46,0,0,FC,2,1,0,9,-1
2d74c2ea-856b-3e2c-aa79-995a81b6db5f,0,0,FC,1,1,2,8,-1
30c00e4e-997b-3545-adaa-939e170db96e,1,1,FC,3,0,0,7,0
3823a209-befd-32cb-b13e-77407f56dc32,1,1,CH,0,1,2,2,1
0ee25056-c761-36f1-a222-20bac69d80a5,0,0,ST,0,1,2,5,1
ce2ef27a-86d8-33d2-be33-3368922cc58a,1,0,SI,3,1,2,8,-1
8a840958-20d7-4eea-ac32-97386ef1c567,0,0,ST,2,1,2,9,0
270e9487-1906-41d4-b890-e8cad1bc135d,0,0,FF,2,1,0,8,-1
caf030a0-ad58-4019-a592-6b411def4418,0,0,CH,1,2,2,9,2
f8d2bc40-2955-4ded-9794-a24e7cbdf7e5,0,1,FF,2,1,0,8,4
e2a31e79-6565-42e9-aa16-bf427ddd5af8,0,0,ST,3,1,0,7,-2
3615caec-de4d-4f54-ad36-03ad42ff20a0,0,1,FF,1,0,2,2,-2
f8041bad-5a37-481e-8dde-e04e8369ec06,0,0,SL,1,1,0,9,-1
6a83eecf-c1a1-4765-baf9-d0ddc38fdaf5,0,0,SL,2,2,2,8,2
f810b646-a525-4048-942c-34cff7bcc6e9,0,1,ST,3,3,1,8,0
ad93611b-9c0e-4441-9448-bfb6b0b31c22,0,1,,2,2,1,2,0
c022837f-cbaf-435e-9e97-088e4eb565ad,1,1,FC,0,1,1,5,3
b88edfb0-862e-413d-b739-7042e5ef918d,1,0,SI,3,0,1,5,1
f0ecb5b1-1e0d-4b96-a9ac-94ae28c9ed9e,0,0,FF,2,2,2,7,1
ab8a734a-efde-42e5-8679-37ade494f36a,0,0,CH,1,1,2,2,1
2168c448-3269-462f-9619-7833c9886418,0,1,FF,1,0,0,3,-2
4bac76e3-ca27-4c23-8ee0-73a07d6fe08b,0,0,SL,2,2,1,2,2
dba794c9-3928-477a-98b7-b0e52a1a7090,0,0,FC,1,2,1,7,3
37aeb00a-1f39-46bf-b693-bcf5cd383bc3,0,0,CH,2,2,1,11,-1
231b4045-3e9c-4d3e-a2b0-16a5f6f4e255,0,0,ST,3,3,0,3,0
e189c360-7a4c-4c70-b9ea-19271824f290,1,0,FF,2,1,1,7,2
9228d6b6-ce66-4ecb-a7a6-a2e0a45e67cd,1,1,FF,1,2,1,2,2
3863c3b2-1ef9-4d65-8fe0-bf2fe50a4e22,1,1,CH,2,0,2,2,3
71efdae9-9e62-4cc5-9294-85fc1b031cd9,0,1,SL,2,3,1,7,-3
aa6ef31e-2322-366a-b19c-ddf3b57c7b24,0,0,SI,1,0,1,9,-1
e78eb60f-e242-37ca-a11e-8558049633f7,0,1,CU,3,2,1,7,3
2573af2b-6430-3d67-a534-20aa49eb133f,0,1,SI,0,1,1,7,-1
998a3e53-1b31-3b0d-bf68-2aa7ded48577,0,0,SI,0,1,0,5,1
89c352f2-811d-3eff-940c-a5d64e9258e8,0,0,FF,3,0,1,5,3
31c9d77f-e2d3-37f4-83f4-46c25d78f70b,0,0,CH,2,0,2,7,4
5b2bfb76-c99a-3f82-8baf-0040a65b7330,1,0,SL,2,0,1,7,0
7215f1c0-4c0d-385e-9b6d-20ee30954ce2,0,1,SL,1,2,1,6,5
cd18440b-5174-32db-a445-aea399c1571d,0,1,FC,2,0,2,8,5
950df1bc-9019-3f04-adcf-9d029cefd088,0,1,SL,1,1,0,2,5
762934b5-825d-3792-8616-35a8c020125d,1,1,FF,3,0,1,3,-1
d0a8ab62-7920-45cd-8587-6f9a05fbcf5c,1,1,,3,2,1,8,1
ad023cfc-dda7-3d93-a39b-0c71467a2be3,0,1,ST,1,0,1,10,3
e6bb44d0-6a11-3439-a4c0-7ebae1600b4c,1,1,FF,2,1,1,3,-1
31b78804-1c2d-310b-99c4-94898c5a6fd1,0,0,FF,2,1,0,8,2
0d0e752e-5541-44e4-82f9-615ff863f26a,0,1,SL,1,2,2,6,1
a62f4f9a-33cc-43a1-8304-6502a45e30be,0,0,CU,2,1,2,4,-1
9c91d663-c3cf-444a-bea5-c5b4f46e4f35,0,0,FF,1,1,1,2,1
2ce7e586-fe45-4720-a13a-359a09e77e9c,1,1,SI,2,2,2,8,4
c2b492ff-f54e-4ff3-88f9-fd081ad44c2a,0,0,FS,0,1,1,10,-1
d712f410-f071-4d69-8fb7-190fd2ec95fa,0,1,FF,1,1,1,7,5
0c5aa3d0-6c8d-415b-b905-29d1750285d1,0,1,FC,0,2,2,2,1
fc75af93-50af-400d-ac7f-96f1b1d40439,0,1,FC,1,1,1,7,2
ecb07d8b-4767-440c-9530-112254de5db3,0,1,FC,2,0,0,3,0
3a04a0e7-826f-4400-9404-087c31cc4fa0,1,1,FC,1,2,2,8,2
f74780ca-e235-4622-b431-cdf93204b630,0,1,FF,2,1,1,3,-2
ee3e312e-f18a-4553-a863-038db29eff77,0,1,ST,1,0,0,8,4
14f87290-b538-4304-9083-3906ee7eda98,0,1,,0,0,1,3,1
af8f69e3-3349-45d4-96cd-b7af0c0afacf,1,0,SI,0,1,1,5,2
3ef71926-aff7-4a7d-b428-0b58a950aa46,0,1,FF,1,0,0,7,1
fd0cc1d7-bd72-4f99-b15f-176a2a150073,0,0,CU,1,0,1,4,3
f6ed2fe0-3776-42cb-aac6-88affb93c3c3,0,1,,0,0,0,7,1
b89197b7-3e6e-328f-9367-89d484a7195a,0,1,FF,0,1,0,4,2
ef6fef3c-56c3-3072-8cf8-4098545eb794,0,1,SI,2,3,0,3,2
eb4f50a4-bbf1-3512-8e5a-93507fa4601a,1,1,SI,2,1,1,3,-1
9f6bc70a-2bbd-3861-b6aa-c53c4ca5dbe1,0,1,FF,1,1,1,3,0
8be16fbe-61e9-3b78-8c57-a44bf5ff4848,0,1,,2,1,2,5,0
3dfe0091-62d3-3eaa-a475-086f32f95157,0,0,FC,1,2,0,5,1
4c622cc6-584e-3805-85b6-b27ecd532c27,0,0,FC,3,3,0,2,2
a1e44312-7b08-3681-9113-a2343b351669,0,1,SI,3,3,1,7,2
f24fe28b-65f3-3209-8f49-097b4f40c6c4,0,1,FS,2,2,2,2,3
11b45d3a-3b76-37d4-9c81-81309fe26539,0,1,ST,1,2,2,5,1
dbdfea2c-92f4-3d74-855e-1193ec9dd13d,1,1,KC,1,0,2,8,3
f3bc3679-2ceb-49d0-a143-09bc55133499,0,0,FF,1,2,0,2,1
6766f3de-571b-47a6-8449-2f31c154c754,0,0,FF,2,0,2,6,2
c41506d0-25b3-4716-a1e7-85b179df21c5,0,0,,0,2,2,2,-1
a7061ccc-e0a7-40a8-bcdf-65d5923c78df,0,1,CH,3,1,2,1,0
72940286-f23e-482f-9830-11198c1016bf,0,1,,1,0,2,9,4
d6eac2a5-0760-4689-a0c9-60a146b891fd,0,0,FS,3,1,2,9,4
f07832cf-2bfd-4973-a58f-fdef951f6c86,1,1,FF,2,2,1,4,2
616a2d61-e96c-3c18-b969-9205d528b898,0,0,SI,0,1,0,9,0
4b7d4233-0e94-3094-89b3-e33601aaa2b9,0,0,ST,1,3,0,2,1
bb5f194e-e6a9-3cc8-a77a-7006123178c7,0,1,SL,0,3,0,7,0
5693eb65-893e-3a4d-b457-43ad6c52a062,0,1,FC,0,1,1,6,4
02ec3834-02ff-3bcf-ae0c-45907e9159c7,0,1,FF,0,1,1,9,-1
9300897a-5794-3263-b04e-49ebc716c3d2,0,1,KC,0,1,1,3,0
ded1264c-2fb9-4358-b0f7-e6bc88c205c7,0,1,SL,1,0,1,8,1
2267fb01-e01b-4080-a2d4-5f66ce5d2418,0,1,,3,2,2,7,-5
2579ef09-54d9-40ec-b383-750afd86c6a2,1,1,FC,0,1,2,3,1
d7508596-f856-4e71-8122-b7ea20d2dac7,1,1,SI,2,0,1,3,-3
adb1dd6a-4fa6-4290-a540-2b738343da88,0,0,FF,0,1,2,4,-1
9805f511-4b66-4a26-8ae7-4dad53989dcb,1,1,SL,1,1,0,3,1
7e5fecc3-8613-43b5-8f1c-771d6411046b,1,1,FF,1,1,2,8,1
662c2784-d4f0-4e65-87c1-0e7bd8173962,0,1,CH,1,2,1,1,2
3c6a8883-7957-4238-87e7-827f91814fdf,0,1,FF,1,3,1,8,-1
2e69e7a4-1183-490d-a1b9-233b60438d22,0,1,FF,2,2,2,6,-1
a3d70021-4733-46e6-96ea-15c434d2c82a,0,1,SL,3,3,1,11,0
11c50641-8936-443f-a4ab-99d04e4409d4,0,0,CU,1,2,0,4,2
e789e5dd-4750-4217-a9ab-c90da30ac97a,1,0,FF,2,0,2,7,0
dcd1ce49-b3f5-4710-a68b-aad58b693cb4,0,0,FS,1,1,1,2,0
5ee30dac-5e75-4993-8c2e-dc85e18fca39,0,0,FS,2,2,0,8,-1
c2275f4f-71a2-4395-9d86-284da638bf3f,1,1,SL,2,2,1,5,-4
7f7b5fd0-355f-4a63-9091-e2ba07d32e22,1,1,CH,2,0,2,2,3
9d32cf96-fdee-4ad8-859a-775fd876f5a9,1,1,CH,1,2,2,4,4
b531e3e3-ae2b-4ca9-9b64-3162bcf84c43,0,0,SL,2,1,0,2,3
ee11e8c5-62e5-4894-a102-3e5a464cecbd,1,1,FF,3,2,1,8,1
0b40afee-b408-499d-b5d8-8d07ac880648,1,1,FF,2,2,1,8,1
0f2ca065-948a-4c59-a0e0-d525a35ef70f,0,0,FF,3,0,0,7,3
8f9d56dc-4d76-423d-9e42-4f84cba93d65,0,0,FC,0,2,2,7,-1
7de11812-a8e3-4ef8-b638-4257fddbd1a4,0,1,SI,3,1,0,2,1
1fe1ae72-285d-4518-a381-92d45ab243ba,0,0,SI,3,1,1,5,0
36f074a1-a1a1-40d6-9b87-b3f66bc92074,0,0,FS,2,0,0,5,-2
24e69c66-5a33-49cf-9965-14966f0c9687,0,0,,2,0,2,2,2
555969ce-7b58-49f7-8242-345a7aec5779,0,0,FC,1,1,2,6,4
73dd0aa1-aee5-4575-aabe-9054a94de79c,0,1,FC,2,2,0,5,0
8a01a484-8499-4691-8164-97984c616776,0,0,,2,1,1,7,-1
fd319ef0-2636-4e7e-bbd4-109f60b14bda,0,0,CU,2,0,2,3,0
054ab5eb-84bd-4418-8e22-bb567297aafd,0,0,FF,1,0,0,6,0
408b5d3e-bc6b-4a9c-a6df-505067e6423a,0,0,FF,0,1,2,6,1
80b43480-18dc-430a-9eea-2ace9d93bd07,0,1,ST,0,3,0,8,0
0b51698d-9188-40d5-a92e-763445dd2ae5,0,0,FF,2,2,2,7,-4
1d19634a-cf9b-486f-b6fa-608db9d8496c,0,1,SL,2,1,0,9,-1
f99ddec8-0764-4cb1-8e86-340521c7a474,0,1,FF,3,2,1,3,0
e3b1fce8-ab82-427c-80c3-40953ced4051,0,1,,1,1,0,1,-1
789d2768-c5ea-49be-b4fb-e2db6401e0c5,0,0,,0,0,1,2,1
8fcab67f-56f6-4696-916a-4306f3c424b7,0,1,SI,1,2,2,6,1
b8a07cce-2f10-46af-aad2-625b7ba0bfa6,1,1,FC,1,0,0,3,0
3df16f06-7ba6-4d4f-8873-79891be0810e,1,1,SI,2,0,0,3,0
e171d4a8-854e-40a5-b402-bcb30231de68,0,1,SI,2,1,0,8,-4
5996a11e-66c7-47d7-9402-1ee97fbc03f3,0,1,FF,1,0,2,8,1
c9b47230-f85e-4f55-8e74-c4d817ccb83e,0,1,SL,1,0,1,1,3
97d72bf9-7bbd-4989-be8f-18f90758b655,1,1,FF,2,0,2,5,2
347b2b10-b71e-451c-b291-f628898b5329,1,1,FF,2,1,1,2,0
bd4e0101-90f5-473b-86c7-5f8edbd339db,1,1,SI,2,1,0,5,1
a0e9e6d4-c7d4-4f05-8220-68b3cdc7c496,0,0,SL,1,0,1,6,4
a094b1c1-7158-44d4-ab42-85802cf491d8,1,1,FC,2,1,1,1,0
0cd12a65-189c-4fb1-a3fb-ee7514475bc3,0,0,FF,1,1,0,9,2
70d7031e-0298-49f1-9574-416e798f409e,0,1,,0,0,1,2,-1
ca643b83-644c-4bd4-8c5f-161600d7a1d6,0,0,FF,3,2,2,6,-1
f0e5f24d-1ef1-428f-8df4-ebe7eae819ec,0,1,SL,0,2,2,9,0
bb5f6135-c2a5-41eb-845b-4b3c55030b47,0,0,FS,1,2,2,5,-1
f31cf801-2658-4300-944b-cb14e995b5b4,0,0,FF,1,1,1,3,3
9a3748ab-d984-427d-9e4e-31534c83e0cc,1,1,,2,0,2,4,1
a0f1d0e3-8b75-4663-a62f-5969e46ec0fd,0,0,FF,3,1,1,6,-2
015ae037-b928-48f8-b03c-2f8222b01823,0,0,SL,3,2,0,3,2
eb4968f8-6673-4f9d-8e3d-2fa6b2c1b7e2,0,1,FF,1,1,2,8,6
3ccfff5d-1408-4feb-be69-13fc02bedc3e,0,0,FF,0,1,2,3,6
488e67b6-5fe8-4959-a74d-19a5d85f501e,0,1,FF,2,0,2,8,4
2a9efaf6-d9c5-4cd9-a842-1073a8de6193,0,0,FC,1,0,2,3,7
ba538a26-9167-45a0-82f1-be657ec349ee,0,1,FF,1,2,1,9,-1
c5f0383b-4596-3db0-a2b6-b9c4b682bd38,0,1,SI,0,1,0,9,3
c6d9efc5-5a91-3908-9983-4bb6aed9a1c0,1,1,,2,0,1,3,0
e6051d0d-2ead-3269-93fb-85322d180952,0,0,CH,1,0,0,3,1
027d1c9d-8953-3574-a22d-82e701069ecd,0,1,FF,2,0,2,2,0
1ea8427f-0539-368f-804b-8535d2bbc3cc,0,0,FF,1,1,2,6,5
7ad1cfa4-90ae-33dc-9a46-8fcd00da37bd,0,0,FS,0,1,0,6,3
eb1f3127-ce89-35ec-94ae-9d1ca89f6962,0,1,ST,1,0,0,4,-2
a8f15814-37f4-3aec-9232-f5dacb5b6832,0,1,FF,1,3,1,3,1
d6003573-f753-31d5-ba34-fb659de0a12d,0,0,CU,0,1,0,8,0
c429a619-81ef-3f6c-a1cc-7c53c1473e36,0,0,SL,2,0,1,5,-2
594fa841-4b88-3128-9a0e-265ddb3b2fdd,0,1,ST,1,2,2,6,-2
ee6dbe93-5d8f-399d-a516-a61d6ee33547,0,1,SI,1,2,1,7,2
ff206ac2-aa45-3268-a241-262750683bb5,0,1,,1,2,1,3,0
caa7d9b7-ea23-3e2d-b060-d1bbf23316f9,0,0,CH,1,1,1,5,-2
9155edc2-aa6b-3e5e-805a-23955d6e6dc9,1,1,SI,1,0,2,9,0
71c24f2f-0b13-3f0d-be5b-b65184d6fe2f,0,0,FF,1,0,1,7,1
daccd8ac-f9c9-3f18-bac1-c4379abeb820,0,1,SL,0,2,1,1,0
d55709c2-a366-3a1f-a17a-7a5426e44313,0,1,FF,1,1,2,4,0
dd407414-454e-31d5-92e5-87bb91ec49b0,0,0,CH,3,2,2,8,3
a8dcb10e-64fa-36e5-b4ca-3cee077e7721,0,1,SL,0,1,2,5,3
a70b7ee2-90fd-46b8-b36b-f745df0cfeba,0,0,,3,2,0,4,1
17f37a05-7b31-3e55-b11e-1e25068dbb5d,1,1,FF,2,2,2,3,-1
ba1fcacd-f94d-311c-a95f-24c43905af98,0,0,SL,1,1,0,4,1
253959c9-481b-3873-90b3-7bbed57747ae,0,1,SL,2,2,2,7,0
542d3ad2-e2f1-3440-acac-11ce4c08abc4,1,1,KC,1,2,2,2,1
2646fdff-3238-3113-ae8f-229089a0ee0f,1,0,SL,1,1,2,5,1
e1a648ae-aa0f-3454-b6db-5b485b6c9dc0,0,1,FF,3,3,1,2,0
1c4256a0-20c1-37f0-9b49-10d65ad92b6a,0,1,FF,2,2,2,4,1
285847f7-40ff-3a8e-a837-355a5be62545,0,0,CH,1,2,1,2,1
7194be30-e589-35be-a4c2-da0446cf018d,1,1,CU,1,0,1,9,1
6cb3f4bd-543b-3904-a728-86027f7773b5,0,0,CH,2,2,2,8,1
00f930c6-d820-4aa3-b380-85aa40a76f81,0,0,FF,2,2,1,1,0
565c4964-12b1-4bf8-a325-3c386582ac1f,0,0,FC,1,1,1,3,-1
6107bb6c-b41a-44e4-a66e-9b6741933b33,1,1,CH,3,2,2,2,0
93d58fad-a68f-4b00-b797-74fae81523ec,1,1,FF,1,1,2,4,0
9093c4ec-ad47-4ce0-b78e-60e961423d63,1,1,CH,2,1,2,4,0
9ef49329-0a9e-4723-8a14-6d7dbcab3675,0,1,SV,2,1,2,2,0
69f6b3eb-5207-438b-86d7-a09dfc7a1808,0,1,FS,0,2,2,8,2
f72fdd1b-adfc-4d0d-b0d8-563afa8b77e6,0,1,ST,3,2,2,4,-1
d7c7c937-920a-4295-932b-bbfdcd289411,0,1,FF,1,2,1,4,0
28653e7a-fadf-4224-be70-db57a017dfcc,1,1,FF,2,0,1,2,1
415f6d2e-1ccc-45f8-bb28-bbea061d3ac2,1,1,FF,1,3,0,6,1
ccde6dc7-b3c5-48ea-b83f-07d94257fc48,0,1,SL,3,1,2,2,-2
7a22ced0-9455-497d-b277-61a8554876b3,0,1,ST,2,1,1,5,3
4ea93f4f-96e8-4537-84d5-c025680e15d7,1,0,CH,2,1,1,5,4
c6705038-b13e-4f59-851a-16359122938b,0,1,SL,1,2,1,9,1
7efcb069-a04f-4d0f-95cb-e1996c0bb23d,1,0,FF,3,2,2,3,-2
24bfd147-3eb4-4f94-af7d-d4a102b751b4,0,1,FF,0,3,1,8,1
0b7464ef-ac9e-41f3-899e-e7f87b3e3669,0,1,ST,3,2,1,5,-3
46c5f95b-ea22-47c6-bc66-4469c02555b2,0,0,FC,3,3,1,7,-2
e969ab9e-df76-4cda-8e8d-798c0ad7ef47,0,1,FF,2,2,1,5,-2
4fbce435-2bdb-4203-b3f3-db5975d1dbf3,0,1,SI,0,1,0,3,-1
f391834a-2a3e-456c-b05f-fdea5f0cd906,0,1,SI,1,1,1,7,3
2f6262ca-1431-47da-b7be-b30bc6d5a4a8,1,1,FC,1,0,2,2,1
b6338741-2396-4366-9fe8-b9b976a74985,1,1,CH,1,0,1,4,-1
3bad4e61-c2cb-4fde-838a-a7aea3031499,0,0,SI,1,0,0,3,3
08df738a-6cab-4ce0-824f-6b41a8d93b19,1,1,FF,1,0,1,2,-1
46be35c3-10a9-4274-9823-25e986f2c724,0,1,FS,2,1,2,1,2
6a3c33b4-2d57-4021-bb02-f0f1fb06ea7e,0,1,SL,0,3,1,6,0
f6e1fe9a-ff40-4054-a2a7-4d069c022945,1,0,,2,1,1,6,1
c9b6da5c-eff2-4577-bf91-3c4a1dbc2a7b,0,1,SL,1,0,1,3,5
f7c0669b-b9ac-4310-8b25-8b8a751e0a7e,0,1,FC,1,3,0,5,-4
52b522b7-5fed-4bac-9b93-6c31470d5bc3,0,1,SI,0,1,1,5,5
8f10ee53-c30a-422f-bb7d-daedd9038645,0,1,SI,1,2,2,8,-1
25f868b5-1941-45df-b6c5-22fa8aa26801,0,0,FC,2,2,2,1,0
4b153bb3-46f9-4f95-ae37-70a8eed797cf,0,0,CH,2,1,1,2,0
23bc1dde-f54a-49a6-a086-c5cca4e3d327,1,1,CH,2,0,2,5,2
c45d437e-90b0-4f7a-855b-24dd153305b3,0,0,CU,0,1,2,6,3
b2edb113-e58c-4f01-a6c9-a3898d973f1c,0,0,KC,2,2,2,1,0
448df179-89d9-49af-8ec7-2b052a899942,0,0,FS,3,2,2,1,0
2931e859-a700-35dd-af0a-b8cf0ee87ba1,0,1,CU,3,2,2,2,-5
d31f9f2d-7eec-3560-aab0-aa372be474d3,0,1,CH,2,2,2,4,1
660335e9-ca95-3a35-9c0c-7e6ddfb5b2e4,0,1,FS,2,0,1,2,0
14364c97-8094-35e2-8726-17990fc31779,0,1,SL,3,3,0,1,0
37ee0510-69a8-31d3-9050-dd926c63e204,0,1,FC,2,2,1,7,0
5e712d33-9cd6-336f-9d8c-3a4bb1b3e690,0,0,KC,1,2,2,4,-2
8a1e9c9d-60d4-350f-a038-32bcbafeff04,0,1,ST,1,2,2,8,0
b2d393df-f31e-3aac-8db2-3f17909fab92,0,1,FF,2,3,1,8,1
94e87077-63d0-32e8-a90c-cb5e7ec866eb,0,1,CU,2,0,1,7,3
0194f39c-aaff-30e4-bc2e-a0a2176c4684,1,1,ST,3,3,1,1,0
87be49b7-bd85-3209-b3e8-e5205f3cd645,0,1,,0,0,0,7,2
a28526ed-b0f6-3abb-b347-59d5fa7bea43,0,1,FF,1,0,2,4,7
48867f25-c9d8-30b3-9a3d-238054851871,0,1,,0,0,2,6,6
5356f518-e2de-366a-86a9-d0fde565aae7,0,1,FS,1,0,1,9,-1
92f8e8fd-0be7-3e36-b921-cc162cdb9838,1,1,ST,2,2,2,4,3
a55dbfb0-6e20-379f-b89a-bc6c4f2ea5f9,0,1,SI,3,3,0,1,0
8a6048d7-78c6-4913-8745-7bebfa1e406f,1,1,,2,1,1,3,0
ab652c7a-4aaf-38ca-b708-216d1dae019a,1,1,FF,0,3,1,1,0
35dab630-62f3-3156-9616-862731a10161,0,1,ST,1,2,2,7,-5
9c46c45f-3ca6-3bfa-bdb8-a3b555cf0ed8,1,1,FF,1,0,1,1,0
de53c92b-1b58-3612-b8ae-e5cc4b71e6dd,1,1,SL,3,3,1,1,-1
e67c7f76-e450-3f95-bcd0-4d9d92740d4c,0,1,SL,3,2,0,1,0
e4308627-e214-4bc5-923e-669edd0d1c01,1,0,FF,3,3,0,1,0
04289c98-422a-46e4-8efc-20b3fbff1506,0,0,ST,1,1,2,7,2
44bcb548-8d39-4631-ac58-e5aa61c942eb,0,1,FS,1,2,2,1,0
f833bf02-eafa-491a-998f-b3b4465ec4e3,0,1,SL,0,1,2,8,-4
4f1618c5-57b6-4454-9949-8d45d266c6d9,0,0,FF,1,1,1,5,1
7ac85e63-37b1-45a1-a945-8baed090fc8b,0,1,,1,2,1,5,2
384c9ab0-6e71-4730-acc4-8bc16a948891,0,0,CH,1,1,0,9,0
1a385b2d-e16c-4884-9a38-d24cd110dc4d,1,1,FF,2,0,1,6,2
ecd40c81-a38c-4ad2-b341-7bd8f7804e52,0,0,SI,1,2,2,4,5
b8ed293d-fbc8-4c94-bde3-a965a3c82a63,0,1,SL,0,2,1,1,0
9522d023-30ae-4abf-a842-56ae3e50552c,0,0,SL,1,0,2,8,5
036c5249-4902-4c7b-a737-6efcea8071d1,1,0,SI,1,1,2,6,4
91585b3f-8797-4c54-81f7-06c5e2795889,0,0,SL,0,1,1,8,-2
b6773540-0ac6-425d-a7b2-8c5a02ef3caa,0,0,SI,0,1,0,1,0
83da4917-2430-4067-a061-1ad7002697cd,0,0,SI,1,0,0,1,1
193bff99-0969-4ae4-bf70-5e28b3b0b2a2,1,0,SI,3,3,0,1,1
78050ecf-f502-48b8-b2ed-07895e0cbeca,0,0,FF,1,0,2,5,-2
f4834d20-29aa-477b-9786-4903b596f12e,0,0,SI,3,2,1,1,2
ada84405-87f3-4687-93f6-82811050888d,1,1,FF,0,1,2,8,2
0c884b97-1214-497b-9600-b649917b6a78,0,0,CU,1,0,1,3,2
580b2ab8-abf3-4b78-951e-f1bff747b268,0,1,FF,1,0,1,1,2
2955a9cf-ea46-4157-a95c-7214c3fbefd9,0,0,SI,2,0,1,9,-3
49e05dd8-164c-4332-a968-cf2b887fe67b,0,0,,0,0,1,1,2
e19a23c2-f5e6-43b8-9404-527f41e00aa5,0,1,KC,1,0,1,8,-2
f03e08f4-e56c-4d07-b8ea-c29c5679c312,0,0,KC,2,0,1,8,-2
32455b22-ace0-40de-be80-4d9f872d5f0e,1,1,SL,1,0,2,8,2
cb30e13e-d766-46f4-ae52-6c4a834725d3,0,0,ST,1,0,0,8,0
a946b8c6-df9a-4c55-9f44-c642024bdb53,0,0,FF,1,0,1,5,1
84caed22-356e-4e9b-b01c-8b0e5535dfff,0,1,ST,2,1,2,5,1
0ffb1ae6-1e75-4e5e-8254-7c1d93f34371,1,0,FF,1,0,2,2,2
6c3a6f8a-f66a-495b-9187-a548412d25b9,0,0,SI,2,1,0,7,3
f483f207-5efd-4e7c-ae49-627fc71035d0,0,0,FF,1,1,2,7,4
d2fae880-0800-4dd3-891e-e92b0955ca93,1,1,SL,1,0,0,6,2
3ca3225d-dfa8-486d-95ab-6ab6e0aa5440,0,1,ST,0,2,1,8,1
af095d89-ef5c-4c7d-9a63-ed7de401cf67,1,1,FF,2,3,1,1,0
4e6c37ac-28d7-46ef-8ee9-5b9f0e2a3867,0,0,FF,2,2,1,1,-1
f130f5cc-6c84-4213-a4c2-466c7e69d208,0,1,SL,2,0,1,6,0
4e1b9267-a58f-44f0-b23f-b3fea4e66d53,0,0,FF,2,1,2,8,-3
98c5d60b-e18a-3be8-a00d-22cb42fb13b3,1,1,CH,0,2,1,5,-1
5b3f0055-975d-30ab-bda5-9a2713cd3fc2,1,1,SL,4,1,1,1,-1
f4996726-3ddf-3c9e-8cbb-9a2f7840574a,0,0,FF,2,0,1,4,2
04a44c51-5fb0-3dda-ba98-4cf3ee1ccfd3,1,0,CH,1,1,0,7,4
ba1d23c4-40e6-3699-92b9-810269de5d9c,0,1,SI,1,1,2,5,2
84031c8d-d215-3528-ac98-e6a9ce886d32,0,1,SL,1,2,2,1,0
5f33d882-063a-3f3b-b773-3d181cbce91e,0,1,SI,3,3,1,1,0
d4af429c-ba5a-3060-9094-ce91f500ce1a,0,1,FF,1,2,1,9,0
158cf732-c6d0-3fe2-b740-707fc5173777,1,0,SI,1,0,2,1,-1
becc4a17-f01a-366c-8802-faeed7bc5265,0,0,SL,1,1,2,9,-1
ea118ea4-808c-3cb1-adf1-31a253d104df,0,0,FC,1,1,0,1,0
29995dda-f003-3344-b9df-84e309374a8d,0,1,,1,2,1,1,0
7927e084-4b82-3fa3-8b17-2a608ad80f17,0,1,FS,2,0,1,7,4
3a73d0ad-2020-3a8b-936c-889abdce2ed2,0,0,CH,2,2,1,8,1
3c4bd0b8-0cbe-33e8-8620-79cc8093a75b,0,0,FF,2,0,1,9,1
101204ae-6aeb-37f1-bc59-6f38ebdab599,0,1,SL,3,3,1,3,-1
83c95724-84d4-3124-a0cb-599cf189f712,1,0,SI,1,0,2,2,2
a2097a07-476e-3412-b27f-255257de9f7e,1,0,SL,1,0,2,7,0
f5fee668-036f-3861-9046-257bdd313e8e,1,1,SI,4,0,2,1,-1
1ddfefe6-fd8a-3be6-a7c9-205c151bb4ab,0,0,CH,1,1,0,6,0
e40718c0-e7d4-3f24-bf90-fc7da68b4193,0,0,SL,1,2,0,1,0
50b7edfc-8a8d-3c1d-b47c-8b56979d96b6,0,1,SL,1,0,1,1,-1
ab958f8e-754e-3ebf-b9da-14355ee7cd5f,0,0,FF,4,0,2,5,-1
ce79c22e-b624-3e67-b826-45c60111d97d,1,0,FF,1,1,0,1,0
37b3b26c-b5e9-3165-9784-719a55149d0d,0,0,SI,0,1,1,3,0
67dada40-475f-3cc9-8cb6-a2569c701867,1,0,SL,1,1,0,8,2
32d1754f-b63d-359e-96a3-71deac2ab90b,0,1,SL,0,1,2,9,-1
32127d6f-c149-3d3e-886b-79c4052a9c6f,0,0,FF,1,1,0,6,-3
85f9d890-9b3b-3600-a81c-0f790d8fd3ba,0,0,FF,3,3,1,8,0
3f2505f3-e0ff-3d29-b1bc-83a0a753d089,0,0,SV,2,0,1,9,5
1eb0edb8-5817-338c-b99b-169370e6ec6c,0,1,ST,1,0,1,6,0
5da26600-27df-3b47-a07b-16206dd28828,0,1,ST,1,0,1,3,-4
7f430d91-0e91-3668-a9a3-bb8b158fa405,0,1,,0,1,1,8,0
002fd796-cd19-3cc5-b3a3-d47e3d4a729b,0,0,SI,2,2,2,4,2
740d9044-161b-3055-82f2-21fbe7d8a903,1,0,FF,1,2,1,1,0
471d1930-4538-3ce9-a33a-f11cac1ea982,0,1,FF,1,2,1,4,0
a13d5b11-c111-36b0-bf58-f96976fa65a4,0,0,FF,1,1,1,6,1
2b325468-9a4e-3c3b-a813-e60de1a854b3,0,1,ST,1,2,1,6,-1
3754d14f-ccd1-3725-9290-a16209be9ece,1,1,CH,3,0,2,1,0
1ea526bf-dffd-4560-a031-018dbf6f41aa,1,1,,3,2,2,1,0
544540ce-084f-33df-ae0d-082eb70d1502,0,1,FF,1,2,0,7,-1
f8f8cdb3-b78a-391e-a487-b887f9ec0cc2,0,1,SL,0,2,1,8,-2
3d57b3c3-3a15-3c72-9bdb-23c045f040f7,0,1,FF,2,2,1,1,0
67b2ba1e-6f3b-3b2b-841f-e3f69a5a0616,0,1,SL,1,1,0,8,5
0b63c2d2-531a-3280-8dfe-99891ca96370,0,1,SL,2,2,0,7,4
9e2d645d-f783-3ff1-9d8a-7e19a181b55a,0,0,FF,0,1,2,8,1
c4ea0714-0e04-3aac-858c-041f4df89ca9,0,1,ST,2,0,2,7,0
312ed931-336c-314b-91e9-90785911b98d,0,1,SL,1,0,2,8,-3
ba326d9f-a90f-4009-a3b7-a3e0197ad93c,0,0,CH,0,2,0,7,2
654fe76a-cd1e-492d-b2f8-3791f8e0cd9e,0,1,,3,2,2,4,4
3db70ece-fa2c-4eea-bfc3-38c72bbe6004,0,1,CU,2,2,1,6,2
38618e12-8000-4a14-b0fc-f185410b50d1,0,1,FF,2,2,2,7,0
91317944-ec65-3cca-8dce-f83e4ec08b6b,0,0,FF,0,1,1,3,1
565559e5-b074-3cf2-a0b0-bf47ff181d6f,0,0,FF,1,1,1,9,0
7391d322-a1bd-3997-b32f-a85acc7e4df6,1,1,SL,1,2,2,4,2
615a5fa5-f8a4-308e-b1b2-384598d7226e,1,1,SI,3,3,1,1,1
08ca2f2e-07dd-36df-9646-423fecc50ee8,0,1,FC,2,2,2,1,0
04152a7f-4532-3bcd-80c6-832553c08556,0,1,SI,2,0,0,4,0
48792f2e-9133-35d4-bf43-47bffdbf7861,0,1,SL,3,2,2,9,2
6f46c564-be95-3225-9e84-13a6a10e283b,0,0,CU,3,1,2,7,1
2d4b5c60-5982-3207-b7aa-43c820240866,1,1,ST,3,2,1,7,4
0449733e-e0bf-3bce-9570-41218b3e081f,1,1,FF,3,1,0,6,0
3473fc56-ab52-36dd-bb18-29449cf7bcb7,0,1,SI,2,1,2,7,0
08b0fa7e-fea9-3303-8e1f-9a384e862742,1,0,SL,3,1,1,1,1
3235c2a2-41fb-3004-a01c-78a6a1090ce7,0,0,SL,3,3,1,1,-1
141c3308-3712-4582-8d21-1bed188ca5a0,1,1,SL,2,2,2,3,-2
fee34d29-6805-44f5-b6fd-372022a11ef6,1,1,CU,2,2,2,2,4
6da666d5-fe82-4fc5-b617-0f4f43aab17a,0,1,CU,0,1,2,5,0
95306a9a-84ed-4d2b-9aad-41cc95de0123,1,1,SL,0,2,1,1,1
440c0706-d955-49a4-bcd6-d9ecbb93f48c,0,0,FF,1,0,1,2,-1
62c279e9-eadf-4cb0-8987-cb99d468be48,0,1,CH,3,3,0,2,-1
6870060b-b620-4f1f-98f1-b1ae7ce859c6,0,0,SI,3,0,2,9,-2
30d36b03-1d43-4871-a0ee-c1ed5dc51ea7,1,1,SL,3,3,1,5,3
b637bbea-ca7f-411c-8f85-fe5962027643,0,1,FC,1,2,1,6,-1
b8581981-018f-4ba0-b1f9-72a41f5edf24,0,1,FS,3,3,1,3,1
af354eaf-f473-4e38-bb23-ce909a54a09a,1,1,SV,2,0,2,7,3
e53658c6-f900-472d-80b2-920b7831534e,0,1,,1,1,1,1,0
938189d4-98e2-472b-9663-6eaee982c3b7,0,1,CH,3,3,0,5,2
13da745e-82d0-48bb-b1e1-65bc0ea9cd8d,0,0,FF,1,3,0,6,0
f34e695e-4336-4b2b-a75a-4d57277c66db,1,1,FF,3,1,1,1,0
bcf3b37e-706b-41ef-b0aa-1a900d09c27e,1,1,FF,2,1,2,5,2
51534997-224d-45f7-8bf1-60f1e6e50a90,0,1,,1,2,1,1,2
01fab241-d5b5-49f6-98e7-c6ccdf07a72d,0,1,FC,1,2,0,6,2
6724b55a-f464-4a2b-9c9f-d9c70d00961d,0,1,FC,1,0,1,6,2
4f8f109f-3eb5-43c7-8207-d5180b352932,0,1,FC,1,1,2,1,0
78fc137c-8b7f-4643-9689-35ac51d64934,1,0,SL,0,2,2,8,1
6c0b5fc0-76a2-4e63-9c52-f2bc73a4fb05,0,0,,0,0,2,9,-2
8d79a444-f515-4999-b1fc-8235aae48a00,0,1,SL,3,3,1,1,0
6d82ef41-94e1-44c8-a7e4-f4e63ba723dc,0,1,FC,3,3,1,6,-1
47c41c9c-385d-4924-a00b-b8d5c9b4c1d0,0,0,FF,3,1,2,1,0
e2c50b95-aa8e-45e1-b2c4-f24b0315d6e4,1,1,CH,1,1,1,5,2
0acc3b9e-1939-3c54-b112-45131062824e,0,1,SL,1,0,1,8,5
3e34f93d-48da-31fc-a4ac-7a4a2d6c08f7,1,0,SI,2,0,1,6,2
47d9c409-14a2-3f22-8df3-5a217e2440e1,0,1,SL,1,0,1,1,0
26fcb909-e43c-39bd-853c-bbce7137fc48,0,1,ST,1,0,1,4,1
0eba4e88-5603-31a4-adeb-d63c9f34b438,1,1,SL,1,0,0,6,-2
4dd51939-3744-311c-aadd-d378e7c5fb3c,0,1,FF,1,1,1,3,2
78b116fc-11d5-3d85-bcf9-2bcc869ee595,0,1,FF,1,1,1,4,0
c789508a-fdab-312a-be62-f832f668c1f3,0,1,FF,1,2,0,4,1
7297e0f4-dc74-3412-ab4e-c58907dae9ba,0,1,CU,1,0,0,4,-1
d648c578-b60a-3b3d-9e1a-cf0403d43740,0,1,FC,1,1,1,5,-1
187d0a40-a5b4-3b7d-91c9-c5c5b05831f6,0,1,CH,1,1,2,6,1
741be583-9059-3e92-9f81-d819eedfba86,1,1,FF,1,1,1,6,-1
662eef7f-8d04-3915-a04c-137532e0912a,0,0,SL,3,1,2,8,0
c539b405-f712-33b7-aef3-b9466bb8da1d,1,0,ST,1,1,2,1,1
90c8e4b0-b3e0-3dc5-a740-a9c567edba2a,0,0,CU,1,1,0,1,1
df06ba28-581e-3eb6-b40a-73646bb38fe3,0,1,SI,2,2,2,6,1
66a73642-ab9b-43f5-a133-c5efdf20a2bb,0,0,SL,2,2,1,8,4
cad333e6-770d-3f33-8ed8-2edd73fcc5a5,0,1,SI,0,1,0,3,-6
3da02488-865f-3644-8b6f-d2750084a1a1,0,1,ST,2,3,1,8,-1
48f7f0cf-6ab2-307c-9f78-8022bbb8170e,0,1,SI,2,1,2,6,-5
12c024bd-a3c4-4b65-998f-6b69e5aae56f,0,0,,2,2,2,6,-5
0c6dc21e-9a56-3240-8d29-35577d8c9791,0,1,SI,2,0,0,4,-1
ff5e352f-7ea6-3065-ba9f-9437ab5e8535,1,0,FF,2,1,1,1,2
a756565a-7617-31cf-8728-7f0ccc6abe8e,0,0,ST,0,2,2,7,-2
f6ea875c-b135-3e2f-b93f-eeb1c85b92b9,1,1,CH,1,2,2,8,-5
aa6cf32c-3be2-3963-a6a3-a977caf8edd6,1,1,SL,3,2,1,1,0
1e431cc0-8c53-39a9-8a19-531eaf8213af,0,0,FF,1,1,1,7,5
082a0ddb-519d-36ca-ad97-887740105e58,0,1,SI,3,0,2,6,2
86266702-bf3c-453d-b347-7eb1c9e87d19,0,0,,0,1,2,3,-2
f55e4130-f795-300f-9086-135f851a3aa9,0,1,SI,0,1,2,1,1
f4a5478d-a308-374a-8dfc-53021c91c30c,0,0,SL,1,2,0,3,2
87d4d83b-08dd-326f-a867-cbd523bdc7ba,0,0,FC,1,1,0,1,1
fc82ce63-4261-3e26-8723-79d8f571c082,0,1,SI,2,1,2,7,3
77f18201-ba97-3ad7-a108-a673e579a259,0,1,SL,1,2,2,8,1
33cc0d4a-95ad-35ff-808e-938d6450adcc,1,1,CU,2,1,1,6,1
a3acf747-bdf0-480e-b295-3c23b43cd928,1,1,FF,3,3,0,2,4
0cc33bf8-2b9f-446a-a831-6925b6aa92cd,1,1,SL,1,0,2,2,3
0ac342fa-5d08-4bee-a8c8-33810e8af59d,0,0,FF,2,2,2,2,1
54a2ee9a-4634-46c4-b474-d96bfb40df97,0,1,FF,1,1,0,7,5
a2f15c0a-745d-4119-ae33-36c05e5ee795,0,0,FC,1,1,0,8,2
603b9aa7-6fbf-4bce-9682-0f5588f9a3a3,0,0,CH,1,1,2,5,1
d2a0e6c8-8f62-4158-a375-164cdbc2158e,0,1,SL,4,2,2,7,3
be6fc7fd-5382-410c-9b73-6a50a57a0978,1,1,FF,0,2,1,7,4
2c37938e-de6c-4019-8168-5b31509337e1,1,1,CH,1,1,2,6,1
da695ac9-01b9-41a3-96e0-022d9a0c29bb,0,1,FF,1,0,1,2,3
6d1f3cc9-3faa-4efb-bc49-33b3abd73684,0,1,SL,1,0,0,8,4
09c78273-f5b8-4692-b67e-7e7d20b4a79c,0,1,FF,0,2,1,7,2
698b041c-d879-487a-959f-41368db63a6b,1,1,CH,1,1,2,4,0
ba0c41bc-9118-4824-8306-7dcf3de766c7,0,0,,3,2,2,3,-1
48df3331-18a8-4d09-9f18-9807d6c812b8,0,0,FF,1,1,1,5,0
c4884d56-197b-43c8-962e-bcdfc2650e01,1,0,ST,2,2,2,7,-1
1b006df8-a413-4b17-998b-7c03534b2d6c,0,1,FF,1,2,2,6,1
a6f1c9a4-d20b-494a-b92e-204ea40a21e9,0,1,FF,3,2,1,5,-1
2ad5f9bf-d5e2-4dc7-9f96-ddce183608fc,0,0,FF,0,2,1,2,-1
2546cac0-5f57-4b1e-b008-f9f2b9d9e111,0,1,FC,1,1,1,5,-1
e6d818ab-5f2d-4c9b-b2f9-d45f7dcc8009,0,1,SL,1,0,2,4,3
982c8b00-14a5-4396-ad1b-0448615df2cc,1,0,FC,2,2,2,7,-3
9373470d-67f7-4c38-b838-e0b8a7876696,0,0,CH,2,2,2,3,0
4dc228e6-efa2-490a-8f93-0124466e8752,0,1,KC,1,0,0,9,-1
7f6abd88-407a-475b-83fb-9d55ac433417,0,1,SL,1,1,0,3,0
18b1ef38-4581-4980-ad78-dbc05abbce42,0,1,FF,0,1,0,9,-4
16aa9969-ca54-4326-ac2b-d6c13094c18e,0,1,,0,0,2,9,-4
3adce113-6c60-4766-8e9d-b3209ba02e6d,0,1,FF,1,2,1,4,1
848cd262-44a3-4b0e-9afb-38f2446a5cf3,0,1,CH,2,1,1,5,0
ecd39513-a42f-425a-9b88-29028cdd85da,0,1,FF,1,2,2,9,-1
0d794dd3-ad79-4fef-a436-4b324af007d7,0,1,FC,1,0,0,7,-1
5d9b386a-ec9d-422f-8fef-67497bcfefdf,0,1,FC,3,2,2,2,2
da52ad48-13b4-4293-8736-eef7fadd45e5,0,1,SL,2,0,2,9,0
1fdfb00f-41d3-4aee-b4ea-44d8b0fb986d,0,0,SI,3,2,1,9,-1
3c215ba8-4bc7-489e-a922-8cb5bad68bab,0,1,CH,1,1,0,7,7
faf010a9-d6bf-4009-864b-08be95e534f2,0,1,SI,2,1,0,2,3
20100635-7f89-4613-bd8b-fea8515a2ce5,0,1,,2,1,0,5,-5
53955fab-fd29-4cdf-80e6-f356113a72d5,0,1,SL,2,2,0,5,-5
f7b103db-4a65-49cb-adf4-b96e94949f1f,0,1,SL,1,0,2,9,1
24118d70-d568-4332-8e43-1e901917bbb9,0,1,SI,1,1,2,4,-1
6da133d4-a56b-4b29-b6b1-cf803bba8ea4,0,0,SI,1,0,1,7,1
95a81587-eb95-3e06-866f-7f77abe9dc61,0,1,SI,1,2,1,5,1
36f1378f-5f3c-36e5-bb2a-524b34dedc51,0,1,SI,1,0,0,5,2
b89e1336-3d24-342d-94d2-b7a994a37e2d,0,1,SL,1,0,0,3,3
fc08045f-238f-3cff-bc9d-c663c9b0c9a5,0,1,SL,3,0,0,3,3
6a705926-6d94-3970-acbf-716dbdf88c40,0,1,SI,1,0,2,7,2
7a9697ad-ce3e-36f7-bdb6-640bebda13d0,0,0,FC,0,1,1,9,5
099e45c8-2710-3a67-92e5-6542fbcca519,1,1,SL,2,0,0,6,1
59e1507d-afbc-3758-a25b-84cff3090ce7,0,1,FC,1,1,2,8,1
f944e711-57d6-3ca5-95ee-168ad3faf277,0,1,SL,1,2,1,5,1
fdcb2dc2-66d0-36bd-8819-1494b93fea1e,0,1,SI,1,1,2,6,0
fda905b8-20ae-367c-a93a-1f5cf7576bff,0,0,,0,0,1,8,2
074c5eed-692d-3f72-9db6-7f47bdcaccce,1,0,FF,2,1,1,3,0
25a643fb-7c5f-3c26-8454-81d0d0d1aaf1,0,1,SI,1,1,2,7,0
593227ac-a2d0-3edc-9670-bd7d5a4a9a76,0,0,CU,0,1,0,2,0
3e14a17a-10da-37c5-aaf2-3fe7f6fc17ef,0,1,SI,0,1,1,3,5
c964849b-a53f-3981-8a9d-1ade4cd15168,0,1,KC,1,2,1,2,0
83261b5b-3170-3067-a8d1-7069ba92c846,0,1,SL,1,0,0,7,0
8c12598a-3b91-48c3-ba10-9e10af526005,0,1,FF,0,1,2,8,-1
d1d1780e-c90f-4573-8703-87f3be041ea3,1,1,,1,0,1,6,1
a014cf0f-0d43-40c6-b421-46bc22fcd4bc,0,1,ST,0,1,2,4,2
d008f8bc-54a9-4575-a790-82a9a1132bc1,1,1,CH,1,3,1,9,0
b1a6bb8f-d17f-4d08-8414-ac05bda94eb3,0,1,SI,4,1,1,3,0
3e97ee77-ac0e-4cf5-b1a2-5d20625ecf25,1,1,FF,0,1,1,9,0
6309c5eb-883b-4f6b-9f90-6ccfe169004c,0,1,,0,0,0,2,3
765aa297-cf59-491c-98cb-ef7603187f99,0,1,ST,1,3,0,11,1
81763f25-822d-4ed3-b93a-15e1c0d72976,1,1,,0,0,1,8,4
4bbd21e7-8e14-442c-a90b-aca19cadb795,0,0,FC,3,2,2,4,-2
97b69d52-51e2-4719-b119-94a0c43b74a4,0,0,FC,2,2,2,3,0
4d79b257-7032-4789-931f-4d3905151cea,0,1,SL,1,2,2,6,2
d8d66e18-2dd0-4176-a546-a7301296d269,0,1,ST,1,2,1,10,-1
7c1d82e7-5882-4d5d-9eb2-4cd484da990b,0,1,SI,1,1,0,7,-1
1d4a826f-4abd-4ed3-bbde-5a78c14bedde,0,0,CH,0,2,0,3,3
a1d8e0e8-794b-417d-a8fe-f667ce77a574,0,1,ST,1,2,2,6,-3
04e357cf-fb1c-4b6e-8b12-b338dd4f0cba,0,1,SL,3,2,2,4,1
21a60877-f74b-49af-ab05-3f33c1651612,0,1,FS,0,1,2,6,-2
d03d11f0-93a1-4277-a656-f453569b1ee5,0,0,CU,1,2,2,1,2
0a7dff0e-8c12-40ed-9375-c7a39a454d8a,0,1,SI,2,0,1,4,0
6524b64e-64ba-4f4a-b9ac-a6d2aa07ae69,0,1,SI,0,1,2,1,0
caeb6275-db3a-4087-8c89-3fe1f9339513,0,1,SL,1,1,2,1,0
3f377024-3696-4550-9f9a-b71b1ebcb636,0,1,FF,3,1,2,3,1
af28c516-7cb3-46b1-a78d-fe5e2207e06c,0,1,SI,2,1,0,9,-2
11278de7-14db-468e-a022-f9728d24e672,1,0,CU,2,2,2,7,3
963ea5e1-8f14-4e62-870b-14fd5ab185fa,0,1,SI,1,1,1,6,0
61dd8d69-b465-45bf-8978-31a406ccc852,0,1,SI,2,1,0,4,0
6d527168-241d-47d7-9e1c-2420854c1513,1,1,FF,1,0,1,7,3
b3708b69-33c8-4182-9b82-86a3fd8d5008,0,1,SI,1,1,2,5,6
564721a8-fb84-4a68-8b87-8fdebcdb71e8,1,1,FF,1,2,2,3,2
2f1d7084-55fe-3e05-ad5f-0af355de87f3,0,1,SI,2,1,1,4,-1
dcb3f142-5de9-3c72-ad33-f9822bd5e3fd,0,1,FC,3,1,0,4,0
0e859594-0455-35a4-8cea-e4cff6f48b0e,0,1,SI,1,0,0,6,1
4a8f5db3-3400-30ef-bc6b-55a8c9b3a6f7,0,1,SI,3,1,2,1,0
a20d2a1d-0889-3b57-ace8-df862bd08557,0,1,FC,1,1,2,1,0
f6e553a0-8102-3d31-a01e-62dd8d34d7b6,1,1,CU,0,1,2,3,-3
58dce3bf-a9de-3114-8250-5da8feb4160c,0,0,FF,2,1,1,3,1
81d8a349-6cd8-3abf-86ca-872ef69b33ee,0,0,FF,1,2,1,3,-1
1790e1e3-aab8-3b2d-bc55-7385e69b1930,0,1,SL,1,0,1,3,1
505357b1-c757-3802-9fd7-d36e6962a797,0,0,CU,1,2,0,1,0
45378952-9d6a-3626-844a-1c601517096b,0,0,SL,3,2,2,3,1
4a8ee5c3-2e9d-389e-8b27-01ec85810457,1,1,CH,2,2,0,5,-3
4b0af98a-5059-318f-8f0d-8188283d87f1,0,0,FF,1,0,0,3,2
1dc21b05-4418-3f50-b356-dc78a5890b36,1,1,FF,2,1,2,6,1
fa0da27c-47df-3350-9e83-c8946a02b4fb,0,1,FF,1,0,2,3,-2
9d3bcc18-21ae-3784-8a53-a617c878f2a5,0,1,FF,1,0,1,6,0
20f64c60-fc4b-3915-84b5-96d91bc4c1f6,0,1,SL,0,2,0,1,0
ed326e0c-7f75-3c67-8d9c-3f439464267e,0,1,ST,2,2,1,3,1
671db632-777d-3a43-a5bc-487c95262f36,0,0,CU,0,1,1,1,0
96aa8f97-ec26-37a2-8a3e-7324e8c1b965,0,1,SL,2,2,1,8,-1
e5afaefc-8700-34c7-9ac0-da96a32e3721,0,1,ST,1,0,2,4,3
296bd4bd-2d52-3f3d-861e-0c8b072d457d,0,1,ST,1,1,0,8,1
e72123a6-7f2a-3642-8b69-d1d282aee242,0,0,FF,3,1,2,1,0
31bdb91c-ec18-32d7-9fc9-210861600952,0,1,FF,1,1,2,3,0
ae971dde-0547-37a4-8dc4-e4c55e955e84,0,1,FF,2,2,0,6,0
cfb6b58f-6036-309b-993b-5e468fac6d05,0,1,CU,1,1,2,1,0
719d094d-caca-3671-8f00-1aa1a3664b6f,0,1,SI,1,0,0,2,0
cfc2a3a7-8d5c-3a43-96b9-08de324bcc20,0,1,CU,1,1,1,2,1
4aa28d38-e358-36eb-8486-dad101063fd1,1,1,CH,2,1,1,2,0
0a07629a-dd36-362e-9d59-686aa3941bda,1,1,FF,0,3,0,6,-1
119bd868-7071-36c1-b1c1-c5fbca6af8c8,0,1,FF,1,2,1,4,-3
4d129f7a-078c-38d8-a52a-9636e9af9e3a,1,1,ST,2,1,2,6,5
00a0c8f1-610d-3a50-ae72-4c78867c798a,0,1,CU,3,2,0,2,1
1fcc5788-8626-315c-8b97-3c67d37295b0,0,1,KC,1,0,2,9,0
503fc548-55da-3d5f-831a-1c2a7e8bc03d,0,1,SI,1,0,2,8,-3
69058ea1-f9b2-39f3-b9c7-7cb10d14f30a,0,1,FC,2,2,0,2,0
a8169478-540a-304d-aa1a-7d96d3bb6b3f,1,1,FF,1,2,2,9,-1
25839b0f-d267-3e7c-a936-bdc0abca742d,0,1,SL,1,1,2,6,0
3ed33f5b-a03c-3588-b56c-5518f000a353,0,0,SI,3,1,1,2,4
0ff79b6b-0407-3cce-9eb7-ed23e8f13055,0,0,FF,2,2,1,5,-3
02e68851-e61e-33b2-bdf1-eb420cd06013,0,1,FC,2,1,2,7,2
33342267-997c-3362-9674-c74e96eb8174,0,0,CH,3,1,0,3,1
fbc0560d-2029-32b0-9cbf-21e1f1ff715a,0,0,FF,2,2,0,1,0
5df60c03-ddc3-3733-94f6-896a2be31a85,0,0,SI,2,2,2,4,3
e9b74004-fa93-392e-b18a-a7d34b6a8950,0,0,FF,1,2,2,9,0
da07f6e4-3d78-3072-be68-b07be6c6ae68,0,0,FC,1,1,0,4,4
e36add62-76c0-3924-b4cb-f3c2ca00f4e4,1,1,SI,3,2,2,4,0
1e05d6b2-dd9b-36b7-87eb-296d31e5aea0,0,0,SI,3,0,0,1,1
044004be-77b5-32bb-8805-9091d3d63051,1,0,FC,1,2,1,7,2
d67ed515-6bad-45dc-b32f-ab974cc9d1e3,0,0,,0,1,0,1,-1
9807c3f2-ee81-377e-b49b-4772a56301f4,0,0,FF,1,0,0,1,0
dce59cab-f69b-3f2b-8fa9-24fc82021f15,0,0,SL,2,2,2,7,1
3525e3ce-0110-37e6-8f94-89fe209b9642,0,0,FF,1,0,2,9,2
5f48d4a8-b9e7-3d2e-85e9-a99938e62079,0,0,FF,2,2,0,1,0
3dac2f83-74e7-3460-b7c6-c58b0a4dabaa,0,0,CH,0,2,0,1,0
ba392eed-c7da-3c77-813a-1c9173651873,1,1,SL,1,1,1,1,3
e149ce4b-5be1-4bc3-b30c-b0d639cf5115,0,0,SV,1,0,1,2,-1
3b5ef3c0-c003-47c0-9735-bf6bf6535084,0,1,CH,2,1,1,6,2
d168460f-2dac-4cb7-86e7-f125176caeb5,1,0,SI,1,1,1,5,2
5f045123-7a25-4873-a240-c0b8a44edee9,0,0,FC,1,1,2,4,1
e5d2b341-07f0-4068-8437-5b919f25c601,1,0,FC,2,0,1,3,2
6364e8c5-667e-4768-a9b5-7e2abcceab93,0,0,SI,3,0,1,1,0
b66395f0-1612-4667-9e75-fe95bb6ada62,0,1,FF,3,3,0,1,0
eb6f7312-a2a0-4508-a40f-4dd25e638158,0,1,KC,1,1,1,3,1
f7f4c4be-c285-4353-9a08-bce6a9f16436,0,1,ST,2,1,2,3,-2
36347d90-53cd-4f8f-92d6-9de2cb788f1b,0,1,,0,0,2,3,0
83d0a75b-99c1-43be-b6f2-7a68e4da84f2,0,1,SI,1,0,1,10,0
4b639d0f-956f-4952-9abf-683b5f28e738,0,1,SL,0,1,0,7,-3
18343687-fce9-4377-baf4-6b38c66b91ed,0,1,SI,0,1,0,1,0
b19b5ca1-d1b4-46b6-ab6d-31aa0d2861ed,0,1,SL,0,1,1,6,0
aea51040-eb9a-4d39-946e-605e331eaf0c,0,1,FF,1,2,1,6,0
448547d7-ebbf-4309-836e-22a1938b832d,0,1,ST,2,0,0,4,-4
bc4f51dc-82e0-4c24-8996-cf3ae4463f59,0,1,ST,1,1,0,5,5
0e301568-b8de-4a81-8a79-937cd2b45279,0,1,FF,1,0,0,1,0
dca8067c-c22a-4e08-947b-176845a7fc95,0,1,FF,2,1,1,5,-2
1e1ba3ba-68cd-4e1d-8355-28b926cb5b1f,0,1,FF,3,1,2,6,0
cba34b95-617d-41d4-8140-ed26206a93d5,0,1,,0,0,0,10,-1
a4191347-addd-4d73-9da4-74f3c205100f,0,1,SL,0,1,2,3,3
228a267a-5e43-4e01-9cc1-acbb04c99637,0,1,ST,2,2,0,4,1
1f3e3840-6037-420b-9511-1c6bbc95d560,0,0,FF,3,2,2,9,-2
cec1c8e4-2065-42f5-8756-00db9b9ffa42,0,1,FF,1,1,2,9,2
48b2f358-4ae0-4042-b777-19c1134208b0,1,1,SL,2,2,1,4,-1
0b19d5cf-1cf9-4c7d-9c25-9285e24729f2,1,1,FF,1,2,2,7,0
fa567084-7a7f-42fa-9909-3873bd90ccf0,1,1,FC,0,1,2,7,0
5a28120e-cdf8-4341-b5c8-b99ab8db128b,0,1,SL,1,1,2,5,1
1cf64cd7-1a87-4506-a189-861fe09ae114,1,1,,0,0,1,5,-4
08b48822-d41c-4e8e-9945-49169c32e29f,0,1,FC,1,0,1,5,3
02d7af6e-34e2-47cd-a55d-84e94b34458c,1,1,FC,1,0,2,4,-1
154c9654-2e3a-42f1-a81a-c648a02d0170,0,0,FS,0,2,1,3,4
4807f729-41e0-490a-8592-72033ced78ae,0,0,FC,0,1,2,8,-1
5271f433-5050-40cf-bf1a-b16b7a0a1b11,0,0,SI,1,0,2,6,0
ef7c3b0e-f0df-4ed8-a52b-9dba6d04e9a6,0,1,SL,2,0,0,1,0
5bc2ab19-17a0-4538-bb8e-4172f7e3b6f0,0,1,FF,4,0,0,1,0
9fb3c994-d954-40be-a0a4-8e5dab25c022,0,1,ST,3,2,0,1,1
d0ee595e-6c5c-4763-8d59-360ba57c77b3,0,1,FF,0,1,0,1,0
ebafe6d8-42a9-4846-981c-d958d13b3efb,1,1,FS,2,2,2,8,-1
aeefb6d1-2311-479f-8628-183a7650bec1,0,0,SI,3,1,0,3,3
555ef529-d227-4e9c-958d-2b49a5a07c7a,1,1,FF,1,0,1,6,0
858d4a7e-0047-4362-8cb9-9ea1d05f6c0b,0,1,SL,2,1,2,5,0
9c1e3e64-0488-4154-86d8-1fe411880ce8,0,1,FC,0,1,0,4,0
a7c3ec7d-007f-4841-b122-35dd6caf0666,0,1,ST,2,0,2,2,5
e8279d0f-29fe-444b-8ee3-795bd7e33dfc,0,1,SL,1,1,0,1,0
aeb10d8c-fb0c-4262-9241-59149867543e,1,1,CH,1,0,1,3,0
0e387f80-1282-40dd-ac2a-37d8a0588a0d,0,0,FF,1,1,1,4,-1
df67334e-9a4b-479a-9a19-f3e87eae797a,0,0,CH,3,3,1,6,-3
694b0d28-3eed-493d-aa83-304587347226,0,0,FC,2,2,2,3,0
cfe9ef68-f68b-4fbc-ad93-4cbf9dd1178d,0,0,,3,2,2,3,0
e90201cd-ead1-473c-aed4-4e6a80c6759f,0,1,SL,2,2,2,8,-1
7466e0ea-dee5-4725-95ba-59e9b92456e0,1,1,SL,1,1,0,3,2
1c358753-b657-4b9d-88e5-e79721cb54a1,0,1,FC,0,1,2,6,3
0e73407b-fe97-4b1e-9777-92b901040159,0,1,FF,1,0,2,8,3
f98d9146-2d87-44d0-a9d6-e18486b02da6,0,1,,1,0,2,4,2
bec84800-25fc-4fbc-8c13-59e424e98863,1,0,ST,2,1,0,6,-1
100cd12d-181e-4427-ada1-b03db0a54065,1,1,FF,1,0,1,2,1
fae1db94-c42d-4d90-af83-515612c80b25,1,1,SL,1,0,2,5,-2
af496e38-2855-486c-a7ec-85b17836b3ed,1,0,SI,1,0,1,6,-2
839c3cfa-29f3-4b98-84aa-8153b6bca73c,0,0,FC,2,0,2,8,5
5e51dfeb-0fd4-4aeb-b44a-17eb977cfe64,0,0,FF,3,3,0,8,5
a8faa374-d86a-4adc-8d9c-0141d85ca9b4,0,1,,0,0,0,7,0
fa05a58b-11df-4e48-b7a0-dc1c31d575fb,0,0,FS,1,2,2,7,3
0a4c8f1d-a185-406e-9a63-0d7d2ac4b86a,0,0,SI,1,0,2,7,1
42e97e71-9e35-4af0-8c11-4ffa4074a972,0,0,,0,0,0,4,-2
e8b0b44b-35a8-4e85-89b8-31013a3daf40,0,0,SL,0,1,0,4,1
842e0644-f328-4444-b0de-8674746e6bfc,0,0,FF,4,0,2,1,0
0bc51782-be78-3798-a216-99a15bc19f0e,0,0,FF,1,0,2,8,2
cf775f09-613c-3e7b-a20b-40b91243c829,1,0,SL,1,1,1,2,1
0efa1f32-175f-3b38-a356-b92e5443ca09,0,1,ST,0,1,1,7,4
e9d891a2-4c91-34eb-97e3-e463a1a9e40a,0,1,SL,0,1,0,7,3
e68e04e1-e437-30e8-b2cd-9be1525f558e,1,1,SI,3,1,2,6,-1
c5fbf56a-5eda-34d1-8513-5fa0a7c00f6e,0,0,CH,2,2,1,6,2
633aa0d9-c6a7-3310-b4d1-bd1dc9ce32ac,0,1,FC,1,1,1,6,5
e179b7e9-d760-3a58-b95a-499d38ecdd6a,0,1,FC,4,1,1,6,5
b3846d0b-562b-33a2-869a-853c31118703,0,1,SL,3,2,2,6,4
79e73a22-56d8-3c14-964a-72b776a3a00c,0,1,SL,1,1,0,6,4
f6d35c2e-cf56-329f-9af9-45461f8f73be,1,1,FF,3,2,0,2,0
3aff53f8-76a0-3437-924a-7692f3a1f0a0,0,0,,0,1,0,11,1
d1a82c5f-5ab3-3e39-9633-f4919680c2d8,0,0,FS,1,0,2,4,-1
f98b1223-a9fd-3fb3-895d-df0c5aabc2b4,0,0,FS,2,2,1,4,-1
ec0b279a-7a42-3f18-9c6e-d86b446c6072,0,0,SI,4,2,1,5,3
d816e849-c9c6-3e9e-ade4-0224f271cbe9,1,1,SI,1,0,2,7,3
a517fbff-2709-3fc9-a8a4-26378a4bed02,0,1,FS,1,0,2,6,2
71784ab5-bea4-3811-879e-45b64f300fda,0,0,SI,2,1,1,2,0
28d9a82b-325d-387e-8f64-11b320ad0d15,0,0,CH,1,0,2,5,4
6fc37fb8-cfb0-3666-a0e6-226052d7ac92,0,1,SL,1,2,1,3,3
183b950e-457b-3bd7-9c73-e95934846dca,0,1,FC,0,1,1,3,-2
63075983-5b40-3018-8f4f-3ce4f78ee63b,0,1,FF,0,1,2,9,4
188be1dc-c332-3ffc-9378-ecc3619f3793,0,1,SI,2,0,0,2,0
b4e8074d-3bc9-3c23-9aea-6261fc12d447,0,1,FF,1,0,0,4,1
1ccf0c36-77d6-39a2-bc2b-bd11225fb4ca,0,0,FF,2,0,0,3,5
d97739a9-6a96-34b4-bcf8-a108be8e2132,0,0,CU,2,2,0,6,4
51c1766a-d2e9-33ac-921c-81f5e25334e7,1,0,CU,1,1,2,4,2
72e6f064-765a-3cb4-840d-54ef1593eae0,0,0,FF,3,2,0,6,1
9e4af616-181d-311e-8ec2-6f1c5091d709,0,0,CH,1,3,0,4,1
aa0043ff-318d-3e00-bae4-5c1d658df21a,0,0,FC,1,0,1,2,1
0b8b46bf-a035-31d2-afbe-623f0ff04d7a,0,0,FF,2,1,0,2,1
a47208fb-7876-3681-bc3d-c929e1dbc03a,0,0,FF,0,1,0,2,1
19053767-16ec-34e1-b60c-601aedf90d0b,0,0,FF,0,1,1,8,3
59be1b8e-db33-3722-97ee-88b3d38174d8,0,1,,1,2,1,5,5
2b508c36-cf28-3bbb-9909-bd4010a9d86d,0,0,FF,2,2,0,2,0
2113f148-aeb6-3d9c-956c-b5ad0aa2c1a0,0,0,FC,2,1,2,5,7
e2fc372a-1b92-3820-af9e-04b796623a39,0,1,ST,1,1,1,2,1
4a6010c8-665e-3351-9b63-e2498b4a7140,0,0,CH,2,2,0,2,1
1ee665a9-e5d4-387d-8596-86c4102e24f3,1,0,SL,2,1,2,7,-1
b5c1945b-0903-3092-9bb2-cda179e51444,0,0,FF,1,1,1,9,-1
4d0ff743-d4c4-3500-8fbb-8030e64e934a,1,0,SL,1,0,2,2,-1
7f117842-1ef8-34cc-8eaa-6b1c55b7cfb0,0,0,FF,1,1,2,2,-2
c035a854-3c96-3305-90c6-7cf1739c5ab5,0,1,SI,3,1,2,8,5
cecc9d2a-99e7-342e-b319-1d38513c5981,1,0,ST,0,3,0,7,5
89c0d1b0-b160-340d-8dd5-132ad18621ed,0,0,SI,0,1,2,3,3
3ee2702b-c660-307c-a1b2-eef27820e28a,0,0,,1,0,2,9,4
86f6211d-f8ac-325d-a55d-690e6a47457f,0,1,SI,0,1,2,2,0
3ce782a7-3ab1-415b-924d-8727e26377fa,0,0,SI,1,1,1,5,-6
28b2ce56-e7f0-4f87-a223-1b5b681a2bec,1,1,CH,2,1,2,7,-1
c64977c3-e467-4816-ada0-b72c78ed7c9c,0,0,CH,2,0,0,5,0
5f4db546-fe68-4de8-9216-58b9a4e5d3ff,1,1,FF,0,1,0,1,0
922d3965-cf0a-4667-9ec9-59b64e3e18dc,1,1,CH,1,1,1,1,1
ab7f13c0-85b7-4c76-8d06-cbdc3193c2aa,1,1,SL,0,3,1,3,-3
b2f96b85-31ce-4bed-bcdd-f34d905f8f2b,1,1,CH,1,1,2,3,-3
3689332b-aecd-4d4f-9f02-2bc43876774f,0,0,ST,0,1,0,4,-5
4f13841a-dcd9-4977-8de8-ded5e053077d,0,0,FC,0,1,1,7,-3
a847babe-61e2-4961-8203-1a8761b9e501,0,0,KC,2,0,1,6,2
e6dd1d44-fb1c-4ce7-a94c-95a3ec6dc63f,0,1,FF,3,0,1,4,0
c6455ec0-6768-47eb-911d-8352f682d315,0,0,FF,2,2,1,9,4
d8d140a1-4394-4de5-a23a-7eb475c6bb63,1,0,ST,2,1,0,6,-1
9e17f79e-acb3-4ae1-8cf9-40591f7c04e4,0,1,FF,1,0,0,7,-3
66268365-5d9c-4e35-83a5-0d3d1efe2be8,0,0,FF,1,1,0,4,0
ddb8da47-96c2-4c98-870a-cdaa1331b516,0,0,CH,1,2,0,4,-3
d4ffec54-12a0-47cd-8ad4-9c6341c9539d,0,0,CH,1,1,2,3,-3
88db11b5-27ee-4941-9b98-0fc9fd5e66fe,1,1,SL,3,1,0,1,-1
7883663c-9a10-4bcb-8bd0-dc0ebca8fbd4,0,0,,0,0,2,1,0
0b8227c1-913f-4f54-a5f4-adb21d8940dc,0,1,FF,0,1,1,3,-1
aa7450b7-a7ce-409c-88bc-239abcca94d6,0,0,FF,2,0,0,6,0
c4b70531-98fe-4966-a6f1-ef55ae2c1f53,0,0,FF,1,1,1,8,0
5e093e75-a572-4f24-a20a-5c34d45e17dc,1,1,SI,2,1,2,6,-1
93e90758-e5c9-4a36-96c5-0c284f511535,1,1,CU,1,1,1,1,1
e1a3a54d-f608-4642-9fa7-9af1d4849876,0,0,FF,2,0,0,1,0
fd8968c8-591f-4d87-abab-575fb4725dbd,0,0,,0,1,1,7,3
f56d4049-70db-4624-b269-926a6324dc81,1,1,FF,1,0,0,1,0
62029964-c7ef-44e6-b39c-e4ea6c199cef,0,0,FC,0,1,0,9,-1
36d80487-2848-49a1-86b0-ba41018fbc9c,0,0,CU,1,0,0,1,1
632fd6e1-9f4e-424d-a18c-36017da2869f,0,0,SI,3,2,0,1,0
31530b26-65c8-4051-aad0-ecd42cec619e,0,0,SL,2,2,2,8,1
bce7e3c4-d515-43ae-9f17-8bb5657c4ed2,0,0,,2,1,2,3,0
4a392f1c-99b1-45bc-a5c8-0e2a6359b7a4,0,1,SI,1,1,1,5,-1
6c3d845a-d66d-4b3b-b713-9d279b5687fe,0,0,FF,1,1,1,3,2
b4817811-19c0-4959-91ba-99a319276391,0,0,FF,0,3,0,3,2
6c270458-06ba-4172-b3c8-d956f1a4d558,0,1,FS,1,2,1,6,-3
abbc74db-51ff-4f90-bfd8-ec6a9e4d28e5,0,0,FC,1,0,2,3,-1
c86f1367-b3f4-4cb9-8fe4-fbca973f6d77,1,1,SL,2,1,2,4,0
8dbe05ef-7e29-4216-af12-9022a1264ad9,1,0,SI,1,0,2,7,2
4d5ae34f-e4b4-4d05-988c-27222076c04a,0,0,FF,1,0,1,3,1
b7d8b65f-6ba0-4c47-8178-3f2ae7a5c564,0,0,CH,1,2,2,3,1
e9b42952-b4db-45b8-a218-cb587f35dc1e,1,1,FF,1,1,0,1,-1
c36dc548-7621-48e5-b95b-0004e4eeae8a,1,1,FF,3,1,0,1,0
73f763fc-825d-418a-a09a-236571aecc68,0,0,CH,1,3,0,1,0
7c460d13-705e-4357-b53a-6f0eee9adc1e,0,0,,0,0,1,5,-2
1c184dfd-66ea-41e4-a39f-ae4068514d46,1,1,SI,3,2,1,3,1
4b82646a-84c6-4eea-9829-06276c841521,1,1,SI,3,1,1,3,1
eed15c02-d062-4665-ab36-3e4015a77724,0,1,SI,1,0,1,6,7
7a7cc725-42de-4a08-975f-35ecc3b67afb,1,1,FF,3,2,0,1,0
7d398483-631d-4d85-90c9-cb263c8bf4be,1,1,SL,1,0,2,1,0
428db99d-fbbd-4689-8f83-a95925e458ea,0,1,FF,0,1,1,6,-2
ee07c1d1-a791-47fd-bd40-55cf4d5d7fd4,0,0,FF,0,1,0,6,-3
c0b5c5b3-3924-46da-9ead-f629b9e6a4f0,0,0,FF,1,0,2,2,3
ce2e0bfa-96d5-4361-ad8d-bb17d12b9163,0,0,ST,1,2,1,7,1
77ec9709-69a4-4c8f-8aaa-62721d385c0e,0,1,FF,3,1,2,6,5
294d8421-8301-4570-b428-4c21dc87a40d,0,1,FF,1,0,1,9,0
ba569011-0402-4eba-9590-3995a73a8abe,0,1,SL,2,3,1,9,0
b269ae8b-1cb5-4cb5-9cfc-37582e88c613,1,0,CU,3,2,2,5,1
e998250a-f2d4-4061-adfa-819f6006c9ae,1,1,FC,0,2,0,5,1
67601115-579d-4082-89c5-b34ba89b4cb1,1,1,,1,0,1,8,-1
d9038ca1-b3f9-4468-97ce-24a148ce1de2,1,0,FF,1,0,1,6,-1
b89cff85-b094-4390-82df-60ad0f6c86b1,0,0,SL,0,2,1,3,-2
641549bb-35c8-4fe0-82ba-e67675069e63,0,1,SI,3,1,2,8,-4
6cf62cfa-9c13-4dc1-b4f6-2bdf3244e018,0,1,FF,1,0,2,8,-4
a717de80-8659-477c-a9c3-2ba8080120bc,0,0,SI,0,1,0,3,-1
14518592-d8b7-4c97-b234-2154693ab786,0,1,SL,1,0,2,7,6
1cdc85b8-6631-4ed2-82ad-070067ef9259,0,1,FF,1,0,1,7,6
2244829a-c0ea-4dc2-9d33-07fd9160bf65,1,1,FF,1,2,0,4,-2
7ffcd7ce-1e1f-4c7b-94e5-d67f8af98dcf,1,1,FF,1,0,0,1,0
8c0dd3d6-a22a-4d59-bfd7-6ccf51de11fe,1,1,FF,1,2,0,1,0
fe43ca8b-47f4-43a7-a9d9-23a6a5ebcb07,1,1,FC,2,1,1,8,0
669a4485-135a-4928-bb76-94b681a05bd9,0,1,SL,1,1,2,3,-1
a3af66aa-c687-4587-959c-9385122edf99,0,1,,0,0,2,3,-1
c0a3a95d-83a7-4415-9e0b-c7775073c83e,0,1,,0,0,0,1,0
d0de6a90-e326-44c0-a139-f3b6c9944848,0,0,CH,2,0,0,1,1
90691d5b-2648-4fe9-9427-a7b90e3aeb2d,0,1,FC,0,1,2,6,3
a669f0d0-bc4f-4be8-90ee-faacad5e8e1c,1,1,SI,1,1,0,3,-2
621c592d-0c01-45c3-913f-3bb457033406,1,1,FF,2,1,1,5,4
d70cba65-2003-4d69-92a0-dac6959736dd,1,1,FC,2,1,2,7,3
55969417-6bc5-4f43-91e7-4caa135bb1f3,0,0,FF,0,1,1,8,4
66afcab5-ec3e-48cb-84bf-7065ee512194,0,0,FF,1,1,1,7,-1
a3b7237d-2029-43cc-b814-2cb4a75b99fc,0,0,SL,2,2,1,8,1
ed226d33-3d97-3940-858a-a822b482d363,0,0,CU,0,1,1,7,0
7b322290-db9a-3f91-a95b-4dbeaa2a52a5,0,0,FF,1,1,1,8,0
93f5ece9-1449-397a-ae59-0219c88ee6db,0,0,SL,1,0,1,8,-1
01bdd95a-5f46-3db5-bdae-1e343a9743a2,1,1,FC,3,1,2,2,-1
b544c6cd-0c71-3ca2-ad92-aedcd11da9a1,1,1,FC,3,2,2,2,-1
662fe360-b2ad-3915-b5f1-553b1898f431,0,1,FF,1,1,0,8,4
94934e8e-5fc6-36a6-97a1-cf462864ac7e,0,1,FF,0,2,1,8,1
a5cf9091-cda7-3234-9dca-8887ec911351,1,0,ST,3,2,1,2,0
72ebdeed-4576-3bd5-8552-3dbace2dbe13,0,0,FF,1,0,0,7,-1
e9527d61-df68-4464-9e18-83614f05deac,1,0,SL,1,1,1,4,2
a956290f-ea7b-463e-ae32-0d1624819b65,0,1,KC,1,0,2,4,3
06a186ba-4fd6-450f-8cc3-1cc952f0438a,0,0,FF,1,1,0,2,-2
ffd221c8-bc94-48f4-a28b-c132344cdd77,0,0,CH,2,0,1,4,0
d91575db-8e64-4809-8b84-1fb8f51c1708,0,0,SL,1,3,1,2,-3
b39f951b-e2a3-4a60-9aff-c5df61af9ff3,0,0,SL,0,1,1,8,2
d1d0a888-bcd5-41f5-8b69-b7e89e104d72,0,1,SL,1,0,0,8,4
ba914be0-3ebe-4e3f-bdfd-431ec2b5f6c5,0,0,KC,2,2,1,2,0
12960403-c1d1-4e0d-8da9-3f33276deb67,1,1,FF,0,3,1,5,0
42dc0f4e-4e59-4129-9499-ae15e2467ad9,0,0,SV,2,2,2,4,2
f3bf6d03-4f1d-49a4-955b-b326f03fa4bc,0,0,FF,0,1,1,1,0
89e96690-819e-44fb-9424-41ac983dc83c,0,1,FF,1,1,1,8,1
45a27a2d-2011-483e-ad24-329b36e862d5,0,0,FF,1,0,0,8,4
1e523c2b-ef7a-4068-9cfc-bb472370fe23,1,0,FF,0,1,1,6,3
3b05d493-6c9f-4998-a79f-aef1d3920560,1,1,SL,1,1,0,6,2
e8b78d80-9390-473a-bdb5-2b1ce3b48d08,0,0,SL,1,0,2,6,4
96de4bf9-6020-4e1b-b70e-3502a3d99a05,0,0,CH,1,1,1,1,2
e172ba7d-2cfb-4401-8037-50d975f2701f,1,1,FC,1,2,0,7,1
403224fa-3dc3-47ae-9883-118a36214b75,0,0,CH,1,0,0,4,-3
5f3c0262-bad0-45fb-a4a6-9ef039390b39,0,0,CH,2,1,1,1,0
0acc1410-e620-4c99-ae11-e103cb4a3806,0,1,FC,2,2,2,2,4
18cc1316-4b0c-4345-bc1a-1a85c2459814,0,1,CU,0,1,2,4,-1
c56df5b2-a753-478d-a44b-f81510763cbc,0,0,FF,1,1,2,7,3
afbdb56b-f851-4514-8a81-b7abbf4488e9,0,0,SL,1,1,0,7,-1
ffc492dd-c0b0-4a24-9ff4-3642de3c0feb,1,0,FF,3,2,2,5,0
ff3aa36b-444e-4754-a74d-ae9130199415,1,0,SI,2,0,2,5,0
6c135aba-4ccb-4c49-b2c5-1ecdc061f51c,0,1,ST,1,3,1,4,1
c5880e75-501d-41d4-95ec-5c06023103b0,0,1,FF,1,0,1,8,2
bb2d0d2c-8fb1-46a8-8bd8-37e862e77407,0,0,SI,0,1,1,6,3
7ec10237-0fc5-4310-8bce-3ed2ab5c6eea,0,1,SI,1,1,2,7,-4
d7170071-cae8-432f-80e5-30a7a03f2ece,0,0,SL,0,1,0,9,2
529eae5b-dced-41bf-8d6f-9c85d365a2f7,1,1,CH,1,1,0,4,0
2b4c6fa1-8f85-47a8-ade8-450584e10048,0,0,CH,1,0,1,7,0
f9e17f7d-8610-4cc1-bf72-1ac7063ffa4f,0,0,FF,2,0,1,5,6
9c56a33b-7cf4-4b0f-b5c7-b8fa4be61224,0,0,FS,1,0,2,1,-1
da76c780-fdea-47ea-b7ab-7c2060cadc4c,0,0,CH,2,1,1,1,0
8a73645a-79ec-43e2-8188-881f70b2efe2,0,0,FS,2,0,1,8,1
a196a5fb-a60e-4bcc-99ae-b7e5c8832421,0,0,SL,2,3,0,6,-1
6a24e32e-9386-46a5-9e62-823fba425eb3,1,1,SL,3,2,2,3,0
1d0e7d0f-4a17-42f4-bd8c-f2aaa97b6cde,0,0,FF,1,0,1,1,2
e1fc4cfd-8830-43c2-83cd-e87221dc702b,0,0,SL,1,2,2,8,2
f167687a-ad7e-43c7-949a-44292a966c23,0,0,FS,2,2,2,5,3
e313863d-1099-4a8b-9a1d-061ca5fb3f2c,0,0,SL,2,0,2,5,4
ae910226-3d5e-44c9-9943-145bfaf3c0a1,0,0,SI,2,2,1,5,3
c68c00d2-289c-46bd-be7d-246962895d76,1,1,CU,0,1,1,1,1
6a2cb3f4-1244-4cdd-9668-04901d871bef,0,0,CH,0,2,0,5,-1
8c19fa4a-3333-40e4-a722-414e71d30c3f,0,0,FF,2,0,1,7,-1
0bc015d4-c352-4b03-b222-c46098ce6f7a,1,0,FF,2,1,1,6,1
3225eb75-cf61-4f87-8728-7a6e78e8e873,0,1,SI,0,1,1,4,1
07fab5f9-fffe-43e3-bd01-01e940c835e6,0,1,SL,0,2,2,2,-1
c52f4ae8-69b0-4b1d-be1f-56f53c6878f1,0,1,SL,0,1,1,4,-2
32b9e77a-993d-4218-a91f-420b17f65451,0,0,CU,0,1,2,2,3
71ff26a9-42d6-4007-8cc4-2103e95c7796,0,0,CH,1,2,1,7,1
4f69905e-9c5d-4051-b74b-eeb120244958,0,0,FF,1,0,1,5,2
8cf23a39-1192-4b13-951e-8fadb629d4c7,0,0,FC,1,1,1,1,0
00ad517c-d448-40b1-b293-33421fbe22ef,0,0,FF,0,1,0,7,-5
f2557665-fdf9-4282-a3cf-156ad8b5145b,0,0,FC,2,1,1,1,0
e92fb598-0f9d-40b2-bc29-923311833002,0,0,,1,1,1,5,-1
1eb428b4-8c05-4724-9b67-5d0fe82ed40c,1,1,CH,0,2,1,5,1
d597b72b-5caa-4924-ad7a-602662059c20,0,1,ST,1,2,0,5,-1
f783c9c7-ce5e-3140-b573-42b82314a88b,0,1,FF,1,0,0,6,2
4c9651ef-d6f7-3d79-a544-22eec85abaf5,0,1,SI,1,1,0,4,3
718d38b6-131e-3702-9196-93d9c3f1d9c3,0,1,SI,0,2,2,5,2
f0198c50-029b-3e0f-9c55-425e8058bdc8,0,1,SI,2,0,2,7,3
085bcb3e-c532-3a97-a0f1-480eb67b0e07,1,1,FF,1,2,0,4,-1
23d98c54-140d-3c3e-96d1-664f7b9d929f,1,1,SL,1,3,1,6,2
0f4e25e8-e8e4-42fb-a450-4a856e638c7e,1,1,,0,2,2,6,2
efea6c25-ccf0-3f71-9bb4-235afe612e07,0,1,SL,2,0,1,5,-1
5c0ba528-c402-36fb-aeee-852b5f9ef7fb,0,0,FF,2,1,2,2,0
012f218c-6f60-3486-b858-26ef7878272d,0,1,ST,2,0,2,2,1
487cee7c-a451-3f4e-ab3a-968387625a9a,1,1,,0,0,2,2,0
7297f5f2-5b42-30aa-896c-9c5a006cceaf,0,1,SL,3,2,2,4,5
7e75008f-1bf5-337c-a249-a271761f6cae,0,1,FF,1,0,1,2,3
3709e58f-7fee-3438-83d4-b9901b54f741,0,1,SI,3,1,2,3,0
c94b58a7-290b-348f-b19d-37dbf6d143b4,0,1,SV,0,1,2,7,-1
f9559fe6-d268-3da8-a28c-f9eb41a6786b,0,0,FC,1,1,0,5,0
1d55c781-03c7-3b9b-abbf-e0d021d19bdf,0,0,FF,1,3,0,3,-1
cbf14700-ea20-3d3b-8e57-4cc48142d57f,1,0,ST,3,1,1,6,0
a2e8411c-b345-4945-8cbc-ea6f1f687b89,0,0,FF,3,2,0,9,2
10e786a2-e654-343e-aeee-4e3155a06248,0,0,CU,3,3,1,7,-1
c158982b-5d6e-454e-9dbe-29c3eedd0d81,1,1,SI,2,2,2,4,-2
2c061f18-2053-4e42-abb3-9405da078c42,0,0,ST,2,1,2,3,3
b9bb9253-e0f4-4988-8187-52f72d1045af,0,1,SL,0,1,2,5,3
ed130a39-6300-4b07-9db7-8b2984de4534,0,0,SL,3,3,0,5,-6
9e2c3b93-7706-4c2b-98e3-0f7182be31b5,0,0,CH,3,1,2,3,-2
be845cdb-0c94-4d9c-b8c8-c453a86cc60b,0,1,SI,2,1,1,2,0
71e22f7b-f477-443d-af1e-714d14ec2d09,1,1,ST,1,3,1,9,0
f9da11a0-f231-4573-9827-d2b0dedecd5f,1,1,ST,2,2,1,6,2
1d008409-bfd6-417e-a36f-c1b7f16ac6fb,1,1,CU,3,2,2,3,-3
d9099e63-a230-40ac-ae5b-c9d6855a17c7,0,1,FS,2,2,0,2,0
d3240e9f-a2b5-4100-a416-14a0f8728b1d,0,1,FF,0,1,2,3,1
9bd1cf61-3ecd-4f01-baa4-60512a5fd140,0,1,ST,0,1,2,3,1
c477553a-4ed7-4c72-923d-a9b6f23cb3aa,1,1,ST,1,1,2,7,3
c4ba9ebb-14b2-46c8-b3bc-211fc48ac629,1,1,FF,1,0,0,2,0
2f888e60-a259-4fff-9d6a-b44f08cf2090,1,1,FF,3,2,2,2,0
4ef2e8b9-4787-481d-b65b-9f6b62a1a3f5,1,1,CU,1,3,1,7,0
9f302ae1-81fb-4c15-baf3-6eb33125c0b8,1,1,ST,0,1,1,4,6
08f77034-b564-41f7-8f07-35aeea330b3f,1,0,ST,1,2,1,7,0
e903da49-6555-4618-b1b2-e2a8a49ddcfa,0,1,SL,3,1,2,9,0
60e07e95-6509-4b82-b086-5cbd72305690,0,1,FC,1,0,0,8,4
b45dd9a2-3b96-4ff8-97c5-35f9c2f27b09,0,1,FF,0,2,1,2,-2
c17f03ce-a67f-4926-92f7-a04626468bf6,1,1,SI,2,2,2,9,-1
2fcce157-3018-4664-9073-9db7dc88f98a,1,0,ST,2,1,2,7,4
6d2ae84b-bc3c-40bd-b23c-cdbb586cde3f,0,0,FF,1,1,2,4,2
90c69feb-39b8-477e-bbf7-9425cac459fa,0,0,FF,1,1,1,3,0
1c14f7ce-bf3a-4428-9cd7-ace264caf840,0,0,SL,1,3,1,2,-1
612161aa-0270-417d-8fc2-f8c119269d6f,0,0,SL,0,2,2,2,0
1fa5ed0f-a2d5-46e1-bf7d-91712d3c8309,0,1,SL,2,0,1,6,3
7179326c-5920-3f00-90e0-967f4faf6cdd,1,1,SL,2,2,1,8,2
49b1ba84-dcda-3684-ac50-dec035c0edc1,0,1,FC,2,2,2,7,5
ff9f35e8-a8d1-3a6b-adc8-9f2f627b92e8,0,0,FF,1,2,2,5,-3
628fd524-02af-36dc-bea1-e3da16a3febb,1,1,SI,3,3,0,2,1
e11de5da-b787-3253-abca-3dae4f11cd7c,0,1,CU,2,1,2,4,4
b901dfd1-9a59-3548-99c3-470187e3353b,1,0,,0,0,1,4,-1
1b013b34-f9c9-380e-874f-148f8b0dfa6f,0,0,FS,3,3,1,8,1
26dc3a12-fd11-3c4a-9e68-a252dedcf075,1,1,SV,2,1,2,7,2
cc2f68d4-03ee-4273-b8d3-47d867dc1d38,0,0,SI,1,0,2,2,2
f60e3caa-2e21-40e6-8066-829b21c7df34,0,1,CU,0,1,0,3,6
a6e4849c-4e6b-41c6-b040-35f419f8281a,0,1,FF,3,0,2,5,-2
806ee2ce-a6ec-4a6d-b219-04a10749f3f2,0,1,SL,2,1,0,8,-1
dfb15b34-c9bc-42c4-ad3c-3565a00f929c,0,1,FC,1,0,1,6,2
0e829c08-67fe-4f4f-a2c3-2cd0f2ebfffd,0,1,SI,1,0,0,9,-2
c66b8016-5d9b-4471-83b5-181c44c56d52,0,0,FC,2,0,0,4,-1
de6fbd2f-0496-4503-8113-11dbaf4d68d9,0,0,ST,1,0,2,7,2
3e7e077c-cdc4-4764-a338-d4e010513099,0,0,CH,1,1,2,8,1
a19e0fcd-c74b-4568-9c9c-868c957f0be9,0,1,FF,2,1,2,8,-2
fb6e739e-2fd9-499c-8b0a-865914bf07d4,0,0,CU,1,0,2,1,1
12a1bf4a-c83d-4161-8ef6-0d6f97d4d956,0,1,FF,3,0,1,4,2
27cd4664-f702-4c24-a89a-4b4911c3e6c6,0,0,FF,3,2,1,4,3
69d5b57a-48bb-4f91-b742-633667f77601,0,0,CH,1,0,0,3,-1
ba0d6ab4-1210-4168-9d9d-673fa3ec53bb,0,1,FF,1,1,0,5,2
65cdf018-07e0-4bda-a353-fd3d9904ae3b,1,1,ST,2,0,2,5,1
74c5c07e-fbc6-420e-ac87-624934d12c2d,0,1,ST,1,0,2,8,5
1058191a-8fe1-4409-b663-c7075e70bc64,0,0,SI,2,2,2,5,-2
c7f3b233-0de9-4260-bece-648910de3ce5,0,0,CH,3,3,1,4,-2
8fca5f34-7952-4790-869d-b66ca5e341f7,0,1,SL,1,1,1,3,-1
3e08895a-1ddf-4416-be91-61a2bc16e384,0,1,CH,0,1,2,7,-1
b6ebcde6-afd8-4f68-84ea-b2510e488653,1,1,FF,1,1,2,11,1
50d2f5bb-af6e-4734-8791-351126b8eaf4,0,1,,1,2,1,4,1
a36fe7c9-3a15-45a9-badd-07e331723dd7,0,0,CH,0,1,1,1,2
d677e865-12e2-4cd1-bd5a-965c5c0f5cec,0,1,SI,0,1,2,5,-1
dcce4490-8203-4a60-b117-5a512c4ff40a,0,0,CH,0,1,2,8,3
d08c1019-0114-4dc4-8c1e-a17f9fd150f2,0,1,FS,4,2,1,9,1
8112b3df-e6a4-4e8b-b6fa-7c2076feb44d,0,1,FF,2,0,0,6,-1
8763d6c2-6415-4b86-8e69-7f9f2e7751e4,0,1,ST,1,0,2,6,-3
0d778e78-1505-412a-90e9-24de9c28369b,0,1,ST,2,2,1,8,1
1a6618ba-e578-469c-a2d2-d91596955136,0,1,ST,0,1,0,7,3
d105ee64-79fa-4a85-a222-81189984e4fe,0,0,FF,1,0,2,6,-3
2e0bf938-9a06-443f-b1a0-6c47b88bceac,0,1,FF,1,0,0,4,1
b1f3be52-47b0-4cb9-b8c6-8bbf4be0f7c3,0,1,FC,0,1,2,4,3
a7e90a4f-d716-412e-a797-9d0c298b1b2b,0,1,FC,3,3,0,2,1
bff07e92-a24b-4ddf-a56e-2bf0889668dc,0,1,,1,1,0,5,-1
ddf40c38-94c3-4337-a154-9e1b76b4cad3,1,1,FF,1,2,2,6,-2
646955a3-496e-4e28-be62-ecfa94feca05,0,1,SI,1,0,1,5,-4
a72a05f4-b597-40d1-806e-7dbbd80729cb,1,1,FF,1,0,2,2,1
ae9496d3-d9ae-42cd-b482-d848b4e23bd5,0,0,FS,1,1,1,7,-1
5c23e217-468a-461b-8570-4f884423deb3,0,1,SI,1,0,2,8,1
8fe4202b-8279-4722-ab43-597f3ba341f0,0,1,SL,1,0,1,6,-3
aff946f2-de23-46b0-aea8-31e77ec2d5ce,0,1,SL,1,0,1,4,0
e43044e5-6eac-4f7b-928b-c143198a9f7b,0,1,SI,1,0,2,6,1
4d2f7120-f63f-466b-bc8d-a799d8f9ee81,0,1,ST,0,3,1,9,-2
fb625c64-000b-456c-899c-70418113f8cb,0,0,SL,1,0,2,9,0
b03347c6-91b6-45f9-88af-5ad942560be3,1,1,CH,3,0,0,5,0
cd605027-042d-41f3-be8c-ada268cf15db,0,0,CU,1,1,2,4,3
5517913b-d6e5-3cee-a922-f47fb067b48d,0,0,SI,1,0,1,1,2
fd17f89e-cc26-458c-a403-0388f2a7e652,0,0,,0,0,1,1,-1
f225162e-0a34-3b7a-879f-3e067e1d3640,0,0,CH,1,0,0,8,5
42b130c6-ee32-35d2-abd8-c7438f174b01,0,0,CH,0,1,1,4,5
44132713-37a6-3f68-859f-b66b4a632831,1,0,SI,0,1,2,5,5
5c90dafe-d68e-308e-994e-b4017715d3b7,0,0,,0,0,0,1,0
bfb18d00-dd02-3949-88a4-f4c7590572f3,0,0,CH,1,0,2,4,2
36a4f65f-8e58-37c5-9003-3b0d8f13ac0f,1,1,SL,0,1,2,7,1
da337997-b4c0-3fe1-aebb-565064543161,0,0,FF,0,2,2,5,-2
7259fad9-4da4-3ab7-b9b4-92b7691e168e,0,0,FC,2,0,2,1,2
ce6b7d3c-d18a-386f-be34-6390f992f661,0,1,SV,1,0,2,4,-4
bd52871d-cf7f-3623-9719-885ff74fe978,1,1,CH,1,1,2,4,3
fc9acb8e-6f6c-3f5d-ad87-b0e50b5d97fd,1,1,FF,2,2,2,2,1
67a02e13-1b23-3e3a-9e96-3006029a36cb,0,1,FC,1,0,0,9,1
471f22a8-bcb2-3d8b-b5e4-36932c3d808b,0,1,SL,1,0,2,9,6
8d4a21e0-19fa-3787-acc7-3be050afcd9a,0,1,SL,1,0,1,3,3
2b630808-a014-3877-a189-1c900bffb0d3,0,1,SL,0,1,1,6,5
0d69fa9e-0706-348d-a000-4975f315e988,1,1,SL,3,2,0,5,1
0678871f-bd8f-3eef-afb7-65ff29f3c631,1,0,CU,1,0,1,5,1
01564a15-bf64-3b73-84b8-7eec9225e987,1,1,SL,1,2,0,7,-1
53d2433b-d783-3a6d-bb0f-e725dbd0ffc0,0,1,FF,3,1,0,4,0
e8d1cbb1-b173-439e-9dfd-627230c6593c,1,1,SI,1,2,2,2,2
f54e6a5c-b5c3-40d5-89d6-2347980c5b0a,0,0,SL,3,1,0,9,-1
c6291c6b-5f0a-4b5e-929f-039dcf8d0281,1,1,CH,3,3,1,5,0
4cdcd984-d1f6-43d1-b9a4-53831b0d094e,0,0,CH,3,3,1,5,2
94916d6d-c0fa-426e-b6ca-168587c3e109,0,1,,0,0,0,9,0
6363844f-6c34-4df6-a3c4-976e3f5713dc,0,0,ST,2,3,0,8,0
e74e2f5e-bbd9-454e-95bc-de444194058d,0,0,FF,2,2,2,7,1
55308214-b14a-47c1-82d1-bbf761b1e7c8,0,0,FF,2,2,1,9,0
a85ea28b-d4f1-44eb-a6a3-8bb793c8cc11,1,1,FF,1,0,2,2,0
6c163c9a-afd0-45fa-95a4-6535e22f5f25,0,0,FF,1,0,2,4,1
835fd78c-aa34-4b68-a005-7b699308838a,0,1,FF,1,2,0,7,2
a5d65747-2c87-484b-8a70-4e83da3e6bcc,0,0,FF,1,1,1,7,2
9cb86d52-190e-4330-b792-27d0f4f87ec6,1,1,CU,1,3,1,1,0
988f7906-f3d5-4396-9cd2-fae646886764,1,1,CU,0,1,1,1,0
eae072b3-7dce-4b10-bcaa-09c468105c4c,1,1,FF,3,3,1,6,0
814b147e-7cdc-408e-8a8a-d7c4ff5d8148,0,0,SL,1,1,1,6,1
5c424db1-463a-4cd5-ae18-430485dff5b5,0,0,FF,2,1,0,1,1
30812c47-dd1a-47a5-80fd-032f56aa4ef5,0,0,FF,0,1,0,9,1
893f00b4-35b1-382e-8e21-72f28c103011,1,1,SI,0,1,1,8,2
bec11c2c-6381-3daf-b59b-cdc1c117d10b,0,0,SL,1,3,1,3,0
242f4317-6ef2-3fc4-a2c8-09b04f199541,1,0,ST,1,2,0,4,4
a9d25024-0116-3fc2-9bc3-1d2eae61c91b,0,1,CH,3,3,0,8,2
0f22ebff-cbeb-3b02-916c-5ba316cece14,0,0,FF,3,3,0,8,0
7a7c96a5-b2dd-392c-a185-d4bcdf0472f0,0,1,FF,1,2,1,7,2
3f0fccf1-b98c-3294-a770-f0342936b94c,0,0,FF,2,3,0,9,2
bbbdab8c-0deb-341a-a476-3ae9f2b42728,0,0,CH,0,2,0,2,0
0cbf6757-353d-3103-bdce-bac251e43420,0,1,,0,1,2,9,0
455862e6-63b7-48e2-adff-a2b4f44f6107,0,1,FF,3,1,2,4,2
2cb4265e-741c-4121-95de-ec39aca27e0e,0,0,KC,0,1,1,4,5
257b2eb9-eb5a-4ad2-874e-7d6fa40d27c3,0,1,FF,1,1,0,5,-1
5e0f4c74-fd85-4b24-a656-4b6058179f44,0,1,FF,0,2,1,5,-1
1d0b0b1e-0abf-40fb-aa33-2b5563e3ee99,0,0,CU,1,0,0,5,3
15902667-5b1c-4514-bf9b-6c6d9fbefbb7,0,1,SL,1,0,1,3,0
7aa753f3-ca1a-4ba5-ab83-81c405bf3780,0,1,FF,1,3,1,3,0
379b5a94-f147-4772-9d6e-96932c476fab,0,1,CU,1,0,0,3,-4
49dc4cfa-1e2f-4a1f-b2ce-bee0f727f178,0,1,FF,3,2,0,8,4
9754a259-85ac-43f6-ba03-85d6b1e6fba4,1,1,CH,1,0,1,6,6
731a02a9-5db7-4d63-b4e5-9dd2521a2097,1,1,FF,4,1,1,4,1
03f51fc8-f57a-458b-ad2a-7e461bb76ab1,1,1,FF,1,0,1,4,1
ba2debe0-485b-465d-93f6-32974279e7ad,0,1,FF,2,1,0,5,1
e9101bb3-cf5e-41c8-85d1-77f0bf431341,1,0,FF,2,2,1,9,0
71e67430-3c2d-46ac-b161-46462b755e6e,0,1,SL,1,1,1,8,5
0ead6315-6a24-496c-afb2-2781569de85c,0,1,SL,1,0,0,5,2
9f5a813f-16aa-4740-b442-5f1c742ae5bb,0,1,SI,1,1,0,3,1
2dfeec58-86d2-4261-8cdd-852d8abedfcd,0,1,SV,3,0,0,5,2
c037654d-f5de-4c56-b011-30a9ce2c49da,0,1,FF,1,0,2,8,1
e106dcd3-13a1-4f75-9906-ddfa135c4a69,0,1,FS,2,3,1,5,1
e4cb5174-2180-461f-911b-d1a56ed4b876,0,1,SI,0,1,1,3,-2
5b4c1cd1-f401-408b-8046-1726573d8d1a,1,0,SL,0,1,1,6,2
b04d00ae-fd2c-439f-a9d4-74d10b2908f5,0,0,CU,0,1,1,1,1
3055ac71-e5a2-4b93-b39a-55f88609e7a0,0,1,SI,2,1,2,8,2
c444b6f1-90f0-43c2-9fa4-d64505553163,1,1,KC,1,0,1,2,0
6428d1c4-9722-496e-85ee-df0059d47fac,0,0,FS,0,2,2,3,-4
2e80cd12-2778-4bfe-b0dd-a9ebf8c9e616,0,0,SV,0,2,0,2,0
1962d01e-20c0-4441-ab8e-c403eba76050,1,0,SI,1,0,2,6,4
fde05d63-eb36-4168-988c-23bc0573d891,1,0,SI,0,1,2,6,4
3a8f7983-1653-44f5-b2fe-72cc96f575a0,0,0,FF,2,1,2,3,-1
f38120ff-fa4d-463f-a1cf-d5d91d1d3508,0,0,FS,1,1,0,5,0
5d1ce16b-dcd6-4475-8615-3fb7f74a744f,0,1,FF,1,0,0,9,2
79a8cabd-14fc-491f-8cd7-34c2726d4722,0,1,FF,0,2,0,4,-1
f79133b3-f44e-48e0-bc90-43d44f75b613,0,1,SL,2,3,1,5,3
e3c109ed-5fc4-3a63-8c6f-34741eea0b2d,0,1,FF,0,1,2,4,0
7d77916d-821c-341b-8c47-d21a68aa22cb,0,1,,3,1,0,3,-2
a5452dd6-a4bf-38da-9ff8-53fd78f66bd9,0,1,FF,1,1,0,3,-2
34807d66-9ba5-3fda-905c-1779db79b76a,0,1,FS,2,1,1,5,0
c9253743-8a2b-32b3-b0f5-6a4b3c936850,0,1,FF,2,2,1,5,0
51e822cc-64b1-3f95-961a-a7bc885a4eb1,0,1,FF,1,1,0,8,-1
983fba5a-5fb2-3bc0-9d6a-a0d9d33bdbb5,0,1,SI,0,1,2,4,0
cb31ec7c-0d34-3d8e-bc17-2f0ac74e46eb,0,1,FF,1,1,1,8,2
0c1e7614-afdc-321b-a5c2-ec488cb2409d,0,1,SI,1,0,0,8,-1
55933d56-bcca-3cf2-b4bb-9ecc109572b4,0,0,FC,1,0,0,9,0
9e8601b7-32f2-385c-88c2-4b8b67716e76,0,1,SI,1,1,2,9,0
d1d48085-12bd-380d-b8e2-27fce3e3c1d0,0,0,SI,1,1,2,2,-2
9a3a23a3-340a-346f-bfc2-dfc1d1700e4a,0,1,SL,1,0,1,1,6
d8d83b9c-cab0-32b1-93a7-52821d5d99e6,0,0,FF,0,1,0,7,8
8199a2d8-f1cc-3993-a5a8-21d161335ae5,0,0,CH,1,1,2,4,2
3ea86405-4b17-3e60-bdfe-df706daf8813,0,0,FF,1,1,0,9,1
20fcf026-7666-3218-be3f-01d24219752d,0,0,FS,2,2,0,9,1
2966252b-38a7-3f01-9401-3b8246e1854d,0,0,SL,1,2,0,8,-1
be897579-dc5a-436e-8ad7-b904de99595f,0,1,,1,0,1,6,-1
3bc3837f-625f-300f-b8c8-6c38d41810a1,0,0,CH,1,0,1,5,0
29e58ffb-283b-45ec-8c98-b04ff30d8922,0,1,,1,2,1,7,3
6a8ca957-c647-39bd-937e-55504c561908,0,1,SI,2,1,0,9,-1
26a8cd01-0e29-3ea7-98c1-93b5a9e72d17,0,1,FF,0,1,1,7,0
08872116-3771-377a-9d98-dd0275c96828,1,1,SV,1,2,1,4,4
1c278d27-1523-3b59-ad51-a5f93a461c12,0,1,SL,0,1,1,6,4
a32bf502-dc26-3dc0-9770-aa7aa03eefa2,0,0,CU,1,0,1,3,0
579f5595-5315-3616-a4ad-e8d52bbb0f40,0,0,CH,1,0,0,6,-2
edc8d319-eed2-331b-ad93-edddf0c7c569,0,0,CU,1,0,1,3,1
ad24243f-95e9-329a-a0a6-ce5c41a02a4e,0,0,SI,1,0,2,5,1
e9ed5636-fe95-3c67-bb9f-c130d9e68172,0,0,FF,2,0,2,8,5
ab9959cf-212b-4d5e-ab8d-c47fc1216202,0,1,FC,2,2,2,3,7
2c7fccf1-f48d-4b7c-924c-7f5ebf5b3d30,0,0,SL,3,3,1,2,1
39e7ea06-c9e7-4910-a22d-5e8c32488daa,0,0,FC,1,1,2,8,4
4a88f70b-a059-4f4b-aa98-8a94537a90e6,0,1,SL,2,2,2,3,2
153b1e0b-8ffd-48f2-af08-83e7e2e1e170,0,1,SL,2,2,2,5,2
78061eed-6c99-4c3c-85b6-5ea57a0cdee9,0,0,FF,1,0,2,7,2
8c27c735-45d5-4e49-9158-38e5d51cac30,0,1,FS,1,2,1,3,1
ba32ea2d-c2ca-444f-9579-556985eb3d5a,0,0,CH,1,2,2,5,4
6a3eff06-b378-4a72-958c-86004171b259,0,1,FF,2,1,2,3,0
3d15dd5f-68bd-48df-84e1-4a6fa581a4fd,0,1,FF,1,0,2,5,-1
89cea1c4-2bac-46ec-a60a-88acf79b4851,0,0,CU,0,3,1,2,0
ec15be92-a961-4153-b42f-c62eae617aad,0,1,FF,1,2,1,9,-1
83f6ad0e-f6ef-4c06-9b33-e814e80634c9,0,0,SL,2,0,1,4,0
4722c281-4eab-426c-975a-0a8971606087,0,1,SL,1,1,2,2,0
28055d7b-4e2c-4491-a452-115c8f58958b,0,0,FC,1,1,2,4,-2
728409f7-6535-4375-b42f-c109337b5083,0,1,FF,1,1,2,6,-2
2a34433c-c855-409b-a366-131c2e0c3a46,0,0,,0,0,2,3,1
2d8f809b-07e2-429a-8258-d50b63aa98df,0,1,SL,1,2,0,3,-1
59650d53-f1f7-453c-929a-040c13ef361e,0,1,ST,0,1,1,2,-1
1f5c9475-170e-4261-8ba2-a1442d44400a,0,1,FF,2,3,0,2,0
2dacfe5f-71cc-47d9-b632-f3f5fe5758ba,0,1,ST,0,2,1,6,2
2734b498-5a23-4309-bad0-67fd06497593,0,1,SI,2,0,1,5,0
f78e3923-d37e-3b2d-be6a-48d27a6b1661,0,1,SL,1,0,0,9,0
857330dc-cc94-33f5-8876-e2e4bf7ecc0c,0,1,SI,1,0,1,4,0
5824909f-ee2a-33f7-8149-c2f9983a2133,0,0,FF,1,1,1,2,2
dea70dba-aef6-3065-8620-f42da75a193c,0,1,SI,1,0,1,5,-2
51c51014-056e-318b-8e17-c67239500c00,0,1,FF,2,2,0,7,2
c3da7415-8334-3813-9b6a-2226d6134504,0,1,,1,0,0,7,-2
3b3f14c0-85ce-3dd2-ba29-04603eb0007e,0,0,SL,0,1,2,2,0
41ff5156-a2d9-3aed-8283-706f03cbfdab,0,1,CH,3,2,1,7,2
071fbd5a-9d7c-3bf7-ba6c-f4a9655a9928,0,1,FF,0,1,1,4,-5
d5ce0d6d-8c42-3aff-9d5a-c74f8ce34e17,0,1,FF,1,1,2,3,3
4fa844e9-b7f0-3332-bde8-a9b5169d89ec,0,1,FF,3,3,1,6,-2
d05a7f30-7fa9-3eae-8051-b79533bc8286,0,1,FF,1,1,2,1,0
d496f652-1ce3-3f4f-877b-37d07cbbdcf1,0,1,FF,2,2,2,7,-1
95b515c5-e88d-30eb-8af1-71fc38c71841,0,0,SL,0,3,1,1,-1
f253b745-724a-3939-a021-d395ec95b7ea,0,1,,0,1,1,7,3
0ce93ec8-1d75-478e-9281-5a78fca76e36,0,0,FF,3,0,1,7,2
b045843e-7abe-4665-8771-09d1a54a79ac,1,1,SI,2,2,2,4,0
8e731e82-8a17-4986-9e78-acbeef17b7a4,0,1,SL,1,0,0,9,-1
ac207d45-9aa8-4875-bc57-92ad56a53d9b,0,0,FC,2,0,0,10,1
5d73d0f6-cd8c-49ca-9599-bab80ab9caeb,0,0,,2,1,0,10,1
f6d268a8-d1a4-46c9-bc80-5e822c1271e9,0,1,FC,1,3,0,9,0
0cbe3cc0-6acf-4f7e-b9f9-e58c3d7d39b9,0,1,SI,2,2,0,9,2
267cb9b5-5301-4a9e-88f7-136926adcc5c,0,0,FF,2,2,2,9,2
dbe6d4eb-e73b-4b4f-8120-6da919f17510,0,0,SL,0,1,2,8,-2
20590b1b-16b0-4257-bda6-dfe2763556b8,0,1,SI,1,1,0,3,0
37a10fa1-f3e6-4db2-ba1c-dae868af33c5,0,1,SL,2,2,1,9,0
aba90193-e8db-4a76-9e83-e687610036a0,1,1,CU,1,3,1,3,-1
4b410534-7981-4d0b-a6a1-b9d3c03ab6a0,0,0,,2,1,1,8,3
153b3e66-0951-49ae-845a-8d5c9c7f2dfd,0,0,CH,2,0,2,3,5
879fb188-d3a7-43ac-84f1-65519cb7b8a3,0,0,FF,0,1,2,9,-1
947bbb8c-d559-4f6e-9641-3a12d50794a1,1,1,FC,0,2,1,7,2
f50f73f3-3748-4e43-b2bb-064db6e1f965,0,0,FF,2,0,2,5,-3
9f3aa304-ddbc-4e9e-8f1f-31ba20b6a741,0,0,FF,1,1,1,7,-1
b8601d64-9c3c-4476-beb7-2cbc13857be7,0,0,ST,2,2,1,4,-1
27d85e74-97e3-463b-8632-c2479cdc6835,0,0,FF,1,1,0,2,0
34fbd8e1-a2cf-42da-916f-818b72085fd5,0,0,SI,2,1,2,7,-3
ad97d393-89ce-4f1e-94c3-6ee63406c681,1,1,FF,2,1,2,2,1
013678f4-3a48-411f-a93b-2da94dc14172,0,0,FC,1,1,0,3,-3
830ffe16-57ed-40d6-bc4f-2d5a4f3e3b02,0,1,SL,2,0,1,8,0
ad9f53c2-3cb4-4f6a-aa0f-4a2a6edf19ba,0,1,FF,1,1,1,5,0
4705f705-c482-41be-b22e-1feb50f3aa91,1,0,FF,0,1,1,2,0
381c76ab-410b-47c4-a712-fb707825fb3f,0,1,SL,1,0,2,7,-1
0e1b7ffd-0fed-4468-9146-48f690cad861,0,1,FS,1,1,2,5,-3
3b84bb6f-8414-3d8f-a403-3a9abb6ab420,0,1,,1,2,2,3,-1
c3ec1569-a5b3-3a51-83b2-18105f665958,0,1,SI,3,2,0,3,0
43208b8f-7847-3451-851f-b0aaaeb3749a,0,0,FC,2,2,2,6,-2
bac9c93e-8678-3782-802f-93ed51ef1c2a,0,0,FF,0,1,2,2,1
73854ee2-17f9-3857-b84a-033656b5ec98,0,0,ST,2,3,1,8,3
45f62498-2306-39fc-a3f8-fc86d9256af6,0,0,FF,2,2,2,8,1
fc31cfb8-c157-377d-9da2-0b8fb01a2718,0,0,FF,2,1,0,2,1
35213bab-43c2-4976-8450-2733ab857876,0,1,FC,2,0,1,4,0
4ee5e2ab-428c-4bfb-8a1d-8e59730163e1,0,1,FF,1,2,1,9,0
3b126da8-65ec-470c-a8fc-e1a4e465342e,0,1,FF,1,1,2,4,-7
c297d822-4929-45fb-b4f5-3292b2a41c8d,0,1,SL,1,2,0,3,-2
dc9ff4d2-df50-4b36-a9f8-bb3f3aac16f0,0,0,CU,1,0,2,3,0
cfeef563-7fa8-4bf3-b18e-4daec67b1ac8,0,1,,1,0,2,7,1
4671625f-0ff0-4113-a510-19098c613510,0,1,FF,0,1,1,3,-1
0b7678b4-8938-49c0-a0c2-b38e7d8f376f,0,0,ST,1,1,1,6,5
0c840425-210e-45fb-9ae8-afb1b252b66d,1,0,FC,2,2,1,7,3
6cd6a297-2f6f-461a-ae42-a09497e25bed,0,0,FF,1,1,2,5,1
e39a5531-ea2f-4d73-b9c5-b2f383c9ed69,0,1,FF,0,2,1,3,-1
7caab878-62f1-4be3-9d87-3a3103724ca0,0,1,SI,0,1,0,5,1
4487f1a8-1a06-4a0f-aa93-805330e84cc3,0,1,SL,1,1,1,2,1
0538d45d-d435-4847-b6b7-1d4f99a08ee8,1,1,SL,0,1,1,4,2
8ace6eeb-eb56-4ce7-9ab3-55bc341f704b,0,0,SL,0,3,0,3,-1
f5caba71-eddd-4b4d-814d-c350431b76d9,0,1,FF,1,0,2,7,2
3747db03-5526-4080-9e38-59443728cb59,0,1,FF,2,1,0,4,-1
0dd5815a-aa91-4efe-a511-9044a472d807,0,1,SI,0,2,0,4,6
09e4431b-050e-4095-862e-05f1503aba8c,0,1,FF,1,3,1,2,1
33521eb3-281f-4f98-9bc5-eb0ee861ac19,0,1,,1,0,2,3,1
1af09fef-bde9-4814-bfd5-64e1e5c349ed,1,1,CH,0,1,1,4,7
18052009-61d4-48b0-9a88-e3ba1a730fe7,0,1,SV,1,0,1,4,4
2b569094-9754-4dac-8bb0-8992c0d7399e,0,1,FF,0,2,2,1,0
8f5347bc-8545-4026-9dc7-af8fd153f0ed,0,1,,0,0,1,5,3
fefa9184-f08d-4b44-9ad2-8981b548456f,0,0,FF,2,3,1,3,-1
ce15b9d2-58da-46a0-87bd-78e5506c9f9e,0,1,FF,0,1,1,3,-1
4758fdbb-cf8a-4e7a-abc5-50f8921c1404,1,0,FF,3,1,2,6,0
c31b7e9e-5599-439c-aee9-766e1098e07f,0,0,SI,1,2,2,5,1
cf4b9189-1d73-42c4-8f29-9060ee3a4889,0,1,FF,0,1,1,5,-1
f282d4b5-57e8-47be-81d8-9c6ba808c771,1,1,CH,1,2,2,5,7
dcf33d1a-2bc1-4aec-b6b3-4b3f0abc8307,0,0,FF,1,2,1,5,4
e698e13b-710c-4a97-806a-866e5a6eedf6,0,1,SL,2,0,2,5,4
94b0e1ec-25da-40e3-8b08-ef265cc43c3e,0,1,SI,2,1,1,5,0
bf5b99b8-ede9-41e3-ad01-a50abf67afc2,0,1,FC,1,1,2,2,0
44bd8d81-31cb-4866-8757-5e575849d544,0,1,ST,1,0,0,3,1
a5039fd2-277c-3bc7-9c42-5937d7906f26,0,1,SL,0,2,2,7,1
6ae25e60-7b51-3bdf-bec3-441dfbcf4d8b,0,0,FS,3,2,2,5,-1
e2483a55-7f23-4480-bde8-a7afe57c074f,0,1,FF,0,1,1,7,-2
9382ef5c-47c7-47d1-8a64-b77bfe86ad38,0,0,FF,2,1,2,1,0
deb039a0-a13a-4423-9926-b5062098daa4,0,1,CU,3,3,1,1,0
3eadde9b-c211-49f7-92b3-37dd6a660e01,0,1,ST,1,1,1,8,-2
78ffc689-3753-48bf-8f1c-1bec47370e6e,0,1,CH,1,2,1,1,-6
f5e8337a-104c-4d62-8b44-b72d89f6236f,1,0,,3,2,2,3,0
3d88205c-d8f4-49f2-9d0f-aa75cae51ec6,0,1,SL,2,1,1,6,0
971491b4-45af-4fb4-b84d-e0693e871b67,0,0,ST,2,1,2,5,3
3adaebaa-81f3-434d-a007-77a618191607,0,1,SI,1,0,2,1,0
2031aaa1-4c6c-4c10-9de3-66a9c4f34911,0,1,SL,3,3,0,3,1
d2643c3e-65c2-4fe6-bdc3-e9ab8c772a28,0,1,SI,2,2,1,7,4
c0680fbf-50be-4da8-afbc-7fb884082a2d,0,0,FC,2,2,0,2,0
1a2c2fdb-7a58-4e55-bf37-9012490c57c2,0,1,SL,0,1,2,7,3
d685c07b-35a4-3476-8d70-fbc787dda775,0,1,FF,3,3,1,6,4
5af14a65-872a-3ac1-9806-2b9ee2affc38,0,1,SI,1,0,0,1,0
a0d706da-8e65-3127-bc05-880cb22afa1b,0,1,SL,0,1,2,4,1
7b3f5733-f6ba-3252-8303-3cd32bc20dfc,1,1,FC,1,0,0,1,-2
79ad29db-36c3-37d8-985e-31c118be6ad5,1,1,FF,4,1,1,1,-2
b650582d-c2fa-3b23-896a-ea6aadfa1a49,0,1,,1,0,0,4,2
7e0bedb8-97e5-303a-aa3d-17ab31a8e661,0,0,FC,3,2,1,9,-1
76214660-30d5-38fe-baf1-7585b49eff4f,0,1,,2,2,2,4,0
00e15fa2-a031-315f-9c3c-7bf4ef8a30a7,0,0,,0,1,0,3,-1
a3a81ebf-2156-3a97-939f-42df20dbf483,0,0,FF,1,2,2,3,0
3d761952-f7c6-3c9d-ba6c-5c1373af0021,0,1,ST,0,1,0,3,1
a0604af5-79bf-3369-b403-79a0e3b79e0e,0,0,FC,1,0,0,9,4
fcd6674f-3f69-388f-96b3-c2cfc6aa3d27,0,0,FS,1,1,1,7,0
276d37df-a77a-3dd5-bee6-4a77b2619e03,0,0,CH,1,2,0,1,0
dc32e427-245b-3d5f-8aa6-7aa68c00603c,0,0,SI,2,2,1,1,0
1a515878-30ad-3928-b7f7-7cd8d6bbfefc,0,0,SI,2,0,2,8,0
7d7b8e4c-fd17-3b46-b79f-2257b87e4d2f,0,1,SI,2,0,1,10,0
5c006f0f-a70e-3675-8b91-eb08e1ae9197,0,1,SL,0,1,1,2,-1
a18c0df9-feff-4ef8-b312-ce9e406eec98,0,1,SL,3,3,1,6,1
00f6098d-453c-4ede-9524-287988a12016,0,1,SL,2,1,1,7,-1
a46fed02-618a-4a8a-9ed3-77e429407277,0,1,SL,2,1,1,2,0
a5f7dad4-5004-4dc1-9e24-15246e8925c0,1,1,FS,1,2,0,7,2
747abd28-f9fe-4461-b569-28d63a4a3487,1,1,,2,1,2,7,1
12957846-4003-48e3-878e-d1b5f8c5e37b,0,0,FF,3,2,0,8,0
826570e9-4308-4ae8-bcdd-f863ce089258,0,0,FF,1,1,1,2,1
d5803de3-a214-4078-a23a-1c099aadf0cc,0,0,CH,1,0,0,3,-1
77ebafa0-d4b5-4c47-8b99-7b90a121cae9,0,0,CU,0,1,2,8,4
059a6189-1614-49e1-9276-7584ad6ad902,0,0,SL,2,0,0,6,5
56e9d8be-52ff-4b45-8bef-d7fcc20790a4,0,0,SI,0,1,1,3,1
1d0ef546-dcf3-4c0b-8f99-510e695ad95d,0,1,SL,3,3,1,3,-2
650ed646-92b3-4f82-b4a7-8e78327759f8,0,1,ST,3,3,1,1,0
0a61d908-2688-41b2-93a7-173557bada15,0,1,SL,0,1,0,1,0
9f7cd548-65ea-4112-95ff-58f4abc7ba5e,0,0,FS,0,2,2,3,6
421fb6ca-6a01-4929-bddc-0fea44d89f96,0,0,FF,1,0,1,8,2
7799b9e6-b315-4d3c-98da-7ad811368153,1,1,,1,2,1,8,2
7c25ff36-52d1-3cd0-8105-af23277db062,0,1,FF,1,2,0,1,1
801ae11c-6234-3194-9465-9241aa25d8c4,0,1,FF,1,2,1,1,0
39076361-c01e-3252-8ff4-c54b55882fdf,0,1,FF,1,2,0,1,0
25f700f8-f22a-3242-81e6-b0b7d8e99a9a,0,1,CU,0,3,1,1,0
275944e2-add0-4162-bf34-34aac9279ab2,0,1,CU,3,3,1,8,0
6f435374-ade1-49f8-9b8a-bf447804df47,0,1,ST,3,2,2,5,-1
4ac37e9d-24e8-43c3-8235-af5ad9780f9a,0,0,SI,1,1,1,9,-5
91ae940e-b743-4281-83bc-ca0b30e544bc,0,1,FF,1,2,0,6,3
488bd81e-29f4-4534-bb26-cfca4f6a006d,1,1,FF,1,2,2,2,0
2c869a3b-275d-4e1f-b064-78c17bc7e328,0,1,FF,1,0,0,6,0
33360179-ca91-480c-9aa3-03b0373a86cd,0,1,FF,0,2,1,10,0
4a1f367a-7703-4c6a-95fd-f19e856f6dea,0,0,SI,3,3,0,4,0
4954963b-bc66-4f5f-a72c-d3372a47605b,0,0,FS,1,0,2,3,0
920027c9-8eb8-4d74-9c08-36b3adb908b8,0,0,CH,3,1,2,4,1
e18c6271-94fc-479b-b551-b54140cfc481,0,0,CH,0,2,0,2,-1
03ff26b6-c022-4184-a06d-cbee0b5f5fcc,1,0,FC,0,2,2,7,2
14b3ee98-9af5-4359-ab83-fcc97783823b,0,1,SL,2,1,2,6,-1
d0006bbf-2818-42f7-8f6a-be2ee2fa293b,0,1,SI,0,1,0,8,2
757a785c-a94e-47d8-b05f-0304b79911d4,0,0,FF,2,1,2,4,1
1691c2e9-9727-41b9-8525-22d6ad273d4d,0,0,FF,2,0,1,7,3
5f36064d-a3ca-49e6-aade-fb7b777c1c38,0,0,CU,2,2,0,1,0
cee2a136-6958-3a0b-95ef-a38b92d7a44b,0,0,FF,3,1,1,4,0
326fbf39-577e-3a63-8720-5a46865ad71f,0,1,CU,0,1,2,8,3
89fbdd11-55e0-310e-98c0-bf7626777463,1,1,FF,1,2,2,4,-1
df653cf2-89fd-351c-9277-ef14c51da134,1,1,,0,0,2,4,-2
92877767-cc3f-3883-a684-72a9c373367c,0,0,FC,1,1,1,4,1
cdec7a76-edbf-37e3-ae7f-7d903cca948c,0,0,SV,2,2,2,3,-1
299ee83d-c5dd-3f8d-a2c2-8afc1b23f599,0,0,FC,2,0,2,4,1
2bf5cd7a-e876-4dce-8bbb-bd551f458922,1,1,FF,1,0,2,7,8
82d95f10-78b2-41b7-8788-f061eacd979c,1,1,FC,3,3,1,5,0
6e576292-1a41-46a3-9a1f-ca8670fc6182,0,1,SI,2,0,1,5,4
50870639-26b3-4d56-b2ea-86961621ad99,0,1,CU,3,2,2,2,1
a04f081b-fc40-443c-aa16-33c2f0e78343,0,0,FC,2,2,2,9,3
d056777a-8bc4-4e7b-9ec2-c220c04b0cfb,0,1,SL,1,2,0,5,1
8fac94c7-d7be-30f3-8d72-669d221cbf38,0,1,FF,2,3,0,9,5
df35dd4b-ebf6-42f2-8b46-ea629862cdbf,0,1,SL,3,2,2,10,0
340d7b80-61c7-4ab2-965c-ba08ade71346,0,1,ST,2,2,0,6,4
eef651ea-a587-4356-bda0-8784a67dbf8d,0,1,SL,2,0,0,7,2
02d5c733-6507-4f74-8114-c651c3e65591,0,0,SL,1,2,2,4,-3
e10e6c2f-687c-4fda-9c0e-b42ee986e675,0,1,CH,2,2,2,7,0
6eb95484-0062-49ee-9369-36c460d33e53,0,1,,0,0,0,4,1
f42ff922-3f02-4528-b41c-e28d72af7e9e,0,1,SI,2,1,1,6,1
ae475db2-6a77-47a0-b540-b289e821a25e,0,0,FF,2,2,2,4,2
dcc58209-4cd9-44dc-8fcb-9cf8308e7071,0,1,ST,0,1,2,8,2
2c57c79b-4f7a-412e-ac68-5be024d97763,0,1,KC,1,0,1,7,3
31ee6ca9-e3b5-4b4b-90a1-8998e791b460,0,0,FF,2,2,2,1,1
b44cebf2-6d66-4e08-b7d8-bbe1ebcd7958,0,0,FC,0,1,1,6,6
2337c027-beb0-47d5-b2cc-bcfa34827e69,1,0,SL,0,2,1,6,1
0ebd24c6-aa5a-4821-8417-c1374995fc79,0,1,ST,1,1,2,4,-4
0117e659-ea78-46fe-b877-0f7a1edf9488,0,0,FF,3,2,1,7,4
a1087376-9405-476a-a1d3-831d8c9bdc92,0,0,CH,1,1,2,4,-1
2a25d512-ff84-4e8a-8455-13a177454cc0,0,1,SI,1,1,1,8,3
ed39505b-a9f6-4343-a3f7-40b15164c3f2,0,0,CU,3,1,2,3,-1
f7eec84d-ad2b-49cb-a403-154522fdb695,1,1,,0,1,0,2,-1
919247f6-f964-4612-89c6-2df179d696b0,0,1,SL,2,0,2,1,1
cd93f40c-623d-4add-b116-a8bcff92e999,0,0,FF,3,0,2,6,-3
87fad66c-9f32-340c-a45c-fe83cc5f6a2f,0,1,SI,1,2,1,2,0
0b2aa44d-dcd1-3d2b-8843-54eb1f82197e,0,1,FC,1,0,1,6,0
0482ab15-e058-3468-b026-ff2cc55a96eb,0,0,FS,1,3,0,4,-2
60992637-238d-3bed-ada0-6f95c488e6ab,1,1,SL,1,0,1,7,2
a47379f7-793f-3101-ad53-d5f441727552,0,1,SI,2,2,0,7,5
7fdf1051-6a7f-3480-a06a-9b2a2179d2e0,0,0,FF,1,0,2,3,3
1ba62499-7bf1-3762-b058-ff5dfaddbbfd,0,0,CH,3,2,2,8,5
6958a036-d491-3132-bdb7-f6e041d1275a,0,1,CU,1,1,2,2,0
d3d7b3e8-ebb3-400e-9c13-62c14228ae36,0,1,,0,1,2,2,2
ce2eeb47-8a4e-3db1-8bda-21822ae5bc74,0,0,FS,1,1,2,3,3
f1f53f18-ebff-3b0e-85a1-8b09d2b307af,0,0,FF,1,0,2,1,1
b39b23db-6041-36a8-9caf-4a07e6cbd0f9,0,0,SL,3,2,0,2,0
55e60588-65bd-35fd-830c-dd238dbb1784,1,1,ST,3,1,1,4,1
f5370b3f-8501-3d4f-b627-fb4fe6fdef5b,1,0,FF,2,2,1,7,5
0f94ebab-038e-3a19-b183-637afc31edbb,0,0,CU,1,1,0,4,2
b31e7563-af17-30ac-87b7-76757cc0da18,0,1,ST,2,2,2,7,-3
7582376d-00ac-3f0e-8fa3-dab2cf14d445,0,0,ST,1,0,2,9,2
d44af645-0d3a-3626-9acf-d747d27449e8,1,1,CU,1,1,2,1,1
31eb7d93-a2c4-4442-9ec2-9cf083bfdaf6,0,0,FF,1,1,2,9,3
53c36846-4a56-466e-a850-3bdf920ce4d3,0,1,CU,1,0,2,4,-1
6c8969dd-d9a2-4d28-bb4f-b7d21b460c1f,1,1,FF,3,0,1,1,1
efa95190-660b-4e36-aa2f-a4e40d8b205f,0,0,FF,0,1,0,6,3
dda3c59d-8718-4931-8d8e-e3f2a5142e53,0,0,FF,3,3,0,2,0
fe8699e4-d382-4a94-be6e-70ef2c7dad88,0,1,SL,3,2,1,2,-1
b386449c-e27b-4408-b2fc-82b4b3e6208d,1,1,FF,1,1,2,8,1
83994ef7-92a5-4f25-9ca1-44b5d648c650,0,1,FF,0,1,1,9,3
45fd77b2-77c1-3ed3-ba55-c69f9bba5037,0,1,ST,2,1,1,8,3
4ad6c2ba-9c56-336a-bca7-84cfa662a49a,1,0,FC,1,2,1,6,0
aa7e34a4-7b00-3cee-a39a-4c234996965c,1,0,FF,1,2,2,4,6
682c2ba6-508e-37d9-90eb-f110e515761a,0,1,,0,1,2,6,2
f0389d17-bc80-3e5f-bf2f-04e1bfe7981f,1,1,FF,0,1,2,3,1
a8239d9b-dc0b-375a-a015-3d7e5c55822a,0,0,FF,3,1,0,6,2
a6cd1b8b-e95d-3594-b18b-66c196495f88,0,0,ST,1,1,1,4,2
c78d0407-c886-3693-be98-3a8216b10d2e,1,0,SL,3,2,2,1,1
55beb605-45d1-4042-8cfe-27e43739f7b7,1,1,,0,0,1,6,4
47ea8e44-0a0a-333c-8f0d-2f1144bdad0b,1,1,FF,0,1,2,8,3
8b0e6fb5-4580-3f53-b66f-5f7deafda6ee,0,0,FC,2,0,2,7,4
663f6452-0b3c-3c91-9169-fe3285bfb56d,0,1,FF,3,3,1,2,-1
32ae90e6-8025-36e2-9f20-9daa2a264d9e,0,0,FF,2,1,1,3,5
628611ab-9a81-42c2-ae4a-ed6ca67bd63f,0,1,,0,0,0,4,1
3ad62d0d-3abb-447e-9442-be0fb78f3a47,0,1,SL,1,2,1,3,0
0b879f18-e775-49f3-923c-3d1dcd508479,0,1,CU,1,2,2,8,0
8de01a51-9101-4f64-a4d4-b40cebc11485,0,1,ST,1,2,2,4,0
153a19b9-c9b5-433e-9d5a-9165e6bcbca3,0,1,SI,3,2,2,2,0
7da67493-1529-412b-bdec-b9646b1bd5f2,0,1,SI,1,1,2,2,0
5a82039f-e898-4310-be3e-1381372d6294,0,1,SL,2,2,2,4,0
6378a8cf-7980-49d6-8683-0ead26c1cc3c,0,1,SI,1,3,1,6,1
5c946fd5-b561-4717-bdc5-be5022c523c2,0,1,SL,1,0,2,5,-2
8a070f40-3e21-467c-b721-7b3f3dae3ea7,0,1,SL,2,0,2,2,1
27fa0b33-068b-4b6d-be53-c6f3b6b561e9,0,1,SL,2,1,0,4,3
9415f821-cae2-443e-a22f-c072d9eb75c0,0,1,FF,2,1,0,2,2
b88d37f7-e033-4547-b7e0-1d268c861d77,0,1,FF,1,2,0,4,-2
0f09ca29-70fa-49f4-868f-31154e2f79e7,0,1,FF,1,1,1,3,0
434bdef6-c96b-4920-bd4c-974267ab3948,0,1,SL,1,0,1,7,3
63d08fad-b089-420f-b97f-d97370bbd824,0,1,FF,1,1,1,5,5
12509d40-77de-4fdc-862e-d44b64f26f5f,0,1,FF,3,0,1,7,3
877b59f6-3556-40c1-b250-587b17b5be76,0,1,SI,1,3,1,5,-3
2935e4dc-9a37-457b-9d97-94087f309695,1,1,FC,1,1,1,8,-4
b5aa230a-2586-40af-a571-cab292418471,1,1,FF,1,0,2,4,1
3b369bf9-5f72-4402-9b92-f76b21a17a25,0,0,ST,1,2,1,3,0
3da8e94c-f9fd-49b5-ae7b-247c3686e365,1,1,ST,0,1,0,3,-1
595a4095-165b-4157-bf05-6f0967ddbaaa,0,1,FF,1,1,1,8,-1
291da3b5-d5f1-47d9-9e00-4ccbbdee27f8,0,1,FF,0,1,0,4,0
766f3cab-3dac-4836-a8fd-64ee6ea83a8c,0,1,SL,0,1,2,9,3
dc3fcf9d-ca35-40e0-a47f-f8841444b174,0,0,CH,1,0,2,2,-1
46dcbeef-73d0-4e72-bbc2-fe0862416ed5,0,0,SI,0,2,1,2,0
fd7e44e0-bdeb-4e40-9906-dd43f9cac90b,1,1,FF,1,2,1,2,0
6554dc70-6020-35e9-847c-e6fd16fa009e,0,1,FF,2,2,2,8,0
93b21e95-1edb-34b8-93be-516bba63d9dc,0,1,FF,1,0,2,2,1
bcf3e997-632c-37bd-89cd-312031f615f7,0,0,,2,2,1,7,-1
dd4ff6ea-11a5-3f29-9f95-9478ea012a20,1,1,FF,3,2,2,10,2
40422f31-774e-3fdf-ae62-e19964121a5f,1,1,CU,1,0,1,1,1
764ad29b-8f69-3af8-9c93-cabb20726ef2,0,1,SL,3,1,0,5,-1
c82f0d23-6487-389f-8612-888db72b9db2,0,1,ST,1,1,1,7,-1
91684043-0caa-3201-b986-5592aac19448,0,0,CU,2,2,2,2,-1
5e32fb0f-396a-3505-9390-467a22806881,0,0,SI,1,0,2,6,1
d2febc52-405d-393e-8aa4-95bceb5b93e2,0,0,FS,1,1,1,8,0
5d84608c-4c45-3317-9de7-db2bc4909377,1,1,,0,0,1,2,-1
2dbd323d-d2f0-3c01-a6a0-e2978d6be1d6,0,1,SI,0,1,1,5,-2
daad566a-543e-396d-bad4-d8d2cf1e94b5,0,0,FF,1,0,2,3,4
9ce3e16d-6daf-314d-b304-066d74249aa4,0,0,FF,1,0,1,9,4
a198eeb5-09dd-36c7-b3fc-227e5b450def,0,0,FF,1,1,0,9,-1
a0750ae4-1c2a-358a-b15f-956fa6b183ed,0,1,FF,0,1,1,9,0
9f9b5ee3-c644-39d4-9a8c-ee2018930483,1,1,FC,3,1,2,4,-1
f05a5645-9b7d-30d9-a71f-4ee9c77399e1,0,0,FF,2,0,1,6,-1
32760800-df2f-32b0-a6b2-a5b99cec219f,1,0,SI,3,0,0,5,0
e9ffc6fd-4ceb-3ed2-b4d0-f2cdc109d4d2,1,1,SI,0,1,1,3,0
ad009ea4-46e9-35da-82df-925287769439,1,1,SI,1,0,1,7,1
46dd3923-5e30-49a3-a5dd-4d89c27b0ca0,1,1,,0,0,1,7,1
50318b36-2cf1-39bd-9e66-f9329ce4d713,0,0,SV,0,1,2,3,-1
3935ce0c-a315-3fcb-9323-33adc590ca0e,0,0,FS,2,1,2,9,2
355ba022-8974-3d68-8c34-deebe27884d5,1,1,FC,1,1,0,3,2
c7cb1123-90f9-4862-97dc-f2aceca2a5c7,0,1,SL,1,0,1,3,1
4be3a1c8-f84a-4f6c-bae4-e149aef877c6,1,1,FF,1,2,2,8,2
2f02e7b1-2db1-4787-8ab5-f7bd454853dd,0,0,CU,1,0,2,3,3
16529a32-a81a-498d-a41e-0f726b7e2ca8,0,0,FS,2,2,2,1,0
7ec8a166-3830-4db3-b0bf-c22449464d3d,0,1,ST,2,2,2,3,2
b99cf073-0420-40d6-9928-9e888742dac1,0,1,ST,2,2,2,8,2
e355284e-8860-47dc-9a8c-2594df293d22,0,0,ST,0,1,2,1,1
df873023-102d-40e4-a73b-5cd304905a8b,1,1,SI,2,2,1,1,0
e0976a79-ae44-408b-9dc5-1f404e43b0d3,0,1,FF,1,2,2,5,1
7713b3c7-8b14-321c-92d6-f574d026280c,0,0,FF,3,3,1,1,0
3ebca1fe-9d56-34d7-8c3b-0b5df847098b,0,1,SL,1,2,2,1,0
235fa2f6-e4f1-3151-add6-407057d3b349,0,0,CH,2,2,2,3,0
3932d560-813b-3dd0-8a77-56f0b7b1c3e6,1,0,ST,3,2,0,5,5
33dd62fc-6bbe-369d-89b6-eb04108aadf6,0,1,ST,1,1,2,8,2
1c9a5c61-ca6b-3e30-8f57-31822780e7fa,1,1,CH,2,2,2,7,4
821b9114-d846-3538-af8f-353754bf1413,1,1,FF,2,2,1,4,-2
ee42d3a0-9635-3643-a962-63a41842a0ea,0,0,FF,1,2,2,8,2
9b05443f-97a8-477f-bdea-7ecfbbfe2572,0,0,CH,3,1,1,1,1
c0b96c3b-0631-4263-8430-fe3dc09aa1ed,0,0,FF,2,0,2,1,0
4b079084-766f-4e62-8bcb-cf70208576c1,0,0,SI,1,1,2,3,2
fcb60773-446d-4033-9134-6142399fa4de,0,0,FF,1,1,1,2,6
8a40e2af-3a65-40f7-a2bf-13425493b9e3,0,0,FF,2,0,0,3,3
c39633cb-da14-457c-9de9-dd94d96da040,0,0,FF,2,2,2,8,3
09cb5349-fb73-4ff8-9541-d34c5b5a1e78,0,0,SI,0,2,0,8,2
ab88559b-8bb1-47d9-bdfc-ec7533b0febc,0,0,SI,2,1,2,8,-2
b2addf9f-5ec2-4b3a-b537-6db47a5ca255,0,0,SI,2,2,1,1,0
38c29e34-c399-4a93-806b-84cdf0d31329,0,1,FC,2,2,1,2,0
a36b12d0-e839-49dd-a401-2e772890722a,0,1,SL,1,1,0,6,5
cd474bf6-5c99-4ee4-bc08-cb58b0079ce0,0,1,FF,1,1,1,9,-1
e63f55f2-15dd-48ef-a49e-ae5467ee2a73,0,1,SL,1,1,0,4,-2
1484f996-254f-4e2f-a0cd-a3d0eefa41b0,0,1,SI,0,1,0,4,2
0684ddc6-ac0b-4140-9697-52b7092cbf26,0,0,FF,0,2,0,5,5
48163d9c-a41c-4a30-aa45-0b387ef04a1d,1,0,FF,2,2,2,8,0
86608f56-f8f9-475c-be05-af039a4868f3,0,0,CH,2,1,0,4,2
b53a6a64-58aa-4a46-b36d-1746c14451f9,1,1,SL,1,1,2,1,0
523e1bd6-b3b2-43ef-8c02-0ab1749071e9,1,1,CU,2,2,2,1,0
bc181056-a1b5-46b4-a66f-653c8ba910d8,0,1,FS,0,3,1,8,-3
a7d89176-eab9-4ded-a26d-81fda037b21d,0,0,SI,2,3,1,1,1
7226e0d7-8a94-497a-8d3a-8684d3529504,0,1,FF,3,2,0,8,2
24366c36-b776-45ee-b35a-b108640c918e,0,1,SI,1,0,0,8,2
f9b10ba8-7eac-41a2-b9d6-d4c2b4c7c398,1,0,SL,0,2,1,1,2
2bfc4056-dc94-4523-908e-0153378296b2,0,1,SI,1,1,2,3,0
c7c9811d-2296-4537-9ee1-16766e737e3f,0,1,SL,1,2,2,10,3
88b29b01-1652-48a7-9aac-43b6be394be3,0,1,FC,1,0,1,10,3
8c47797c-c2a7-4ffd-bf0b-f163adf055d5,0,0,SL,3,2,1,3,-1
425175aa-5b0f-4768-aaee-59230fa4e538,0,0,,1,0,1,8,3
a9bd0ca7-8312-490b-aab0-fa108c64c6f7,1,1,FC,3,3,0,7,2
77c7aca9-fea1-461d-a174-261108e116cc,1,1,FF,3,2,0,7,2
ed8fbb92-dac4-4554-a64d-2dabe10f74c8,1,1,CU,2,2,2,1,2
2f212578-52f4-4a3d-9808-c872c5e3c169,0,0,,1,1,1,1,0
b6ebcdc8-3b8d-490e-8d5c-80be9657de38,1,1,CH,2,1,1,4,2
f2639912-c268-4ba6-a388-8a8299e49e05,0,1,FF,2,1,2,1,0
c6735cc6-463e-4de6-8815-556fe3e87b6c,0,0,,0,2,1,6,-1
6a51b579-ba77-443a-93ef-47077a07cd90,0,1,SL,1,1,2,1,-1
d47c48cc-604d-49ac-86d3-59ce43bf0bd5,0,0,SI,0,1,2,7,1
d716ee1e-07a6-4bf4-8d2b-418f3f819c16,0,1,SI,1,2,2,10,1
e3c46fa5-b1d0-4746-a07e-a3d5cd933f6c,0,0,FF,3,2,2,6,-1
3f294dac-ffc2-43d1-b8bb-fca12d81c8a9,0,1,SL,0,1,1,4,0
8258d76b-b64e-4906-8a09-0e0e9b74e0ef,0,0,SI,2,1,1,7,2
13f3e880-ae62-4c2c-ad2d-94a87c8fdff8,1,1,FF,4,2,2,6,5
0d8d9d78-2b5d-49f3-ab0e-46a10c43e724,0,1,ST,3,2,1,5,3
8dfe1d21-606d-4682-8809-d180be8f1c68,0,0,FS,3,2,0,2,-1
c2e9cf46-408b-4ad6-b918-7730b9f4e7a5,0,1,SI,3,2,2,3,1
bab4848f-e80b-472d-9572-4d0ef40040cd,0,1,ST,0,1,1,4,1
efc6eb10-60a1-4ab3-8480-2ad2219381c3,0,0,SV,0,1,0,2,1
5449fd10-dfd3-4256-9ea0-c9a8509fd071,0,1,SL,2,2,0,9,-4
0497a60b-608a-4aba-ad04-1532df591a2a,1,1,,0,2,0,6,9
6388c08e-20c6-44f6-8c57-070e8bb62f15,0,0,FF,1,1,1,3,1
567e9517-0a8a-41ca-b164-ca2ef024833a,0,0,CH,1,2,2,6,0
9e235a1f-28ea-44b2-9863-d98c9a60d4b6,0,1,FF,1,1,1,2,0
2cf8c7d2-6ef6-4c36-9a20-26a1029e769b,0,1,SI,0,1,0,8,1
1ba4030c-02cd-4eed-a641-9fd971b51126,1,1,CH,3,3,1,9,0
35c248cd-f50f-3767-98c9-020f90c0f21e,0,0,ST,2,2,2,1,0
06f52750-e635-3165-a244-9c587d3a4906,0,0,FF,0,1,2,3,2
a0e000fb-b993-3d89-b860-6777b2017c3d,0,0,CU,3,2,0,2,-1
35b88c60-839f-3192-8b38-861c03a79e21,0,1,SI,3,2,2,5,2
5bd6764b-4d54-3494-8bd0-ba4d4b2601ae,0,1,SL,4,2,2,5,2
071f6097-b594-3722-92dc-71a9f7866790,0,0,FF,1,0,1,5,4
058f87a4-f6ff-3d4b-9ab8-7a2450fa7faf,0,1,FC,3,0,0,7,4
e1314af6-14be-315d-a3bb-594e9ba5a398,1,1,SI,0,1,2,5,2
c8ee89d7-5cc7-4deb-96b1-3ff414ec7bb2,0,0,,1,2,0,5,3
f17fd9d2-3a32-3fa0-ae30-c3789d045651,0,1,FF,1,2,2,4,2
b9d5d247-64f0-3081-a579-1196070fe858,0,0,SL,1,0,2,3,2
e71036cb-9607-355a-be3c-ed18315207bc,1,1,FF,0,2,1,5,-1
c0fb6927-3c62-35f7-aa41-402a400cb23d,0,0,,2,1,2,3,2
e7ea8825-ce46-39fc-ac7c-9ec16defcedd,0,0,CH,0,2,1,3,5
b3b685a6-4f64-3dce-84e6-d976f2ebbadc,0,0,CH,0,1,1,5,5
1a2e9f61-411e-3129-8443-b21acab24604,0,0,FF,2,1,1,4,0
dea51cf3-7a92-383f-b309-62c24d7e8ed8,0,1,FC,2,1,2,6,0
e2e9d059-6ef2-3b07-a328-cde7b3e13b47,0,1,FF,0,1,2,6,4
d5950f13-0eb6-3e08-8025-048385767ac0,0,0,FS,1,0,0,2,-1
59e7b21b-96b4-350d-bfd3-a5dafc87efeb,0,0,FF,3,1,0,6,1
bf8c5d1b-25b2-3db0-9c19-a6b995644c9e,0,0,ST,0,1,2,5,3
211439dd-e687-3dc1-b786-0b413c35db34,0,0,ST,1,2,2,5,3
9bea68c5-b179-3b17-a3b2-487f55734b67,0,0,ST,0,1,2,4,-3
b78c18fd-0866-386e-8854-050c7db46ab0,0,0,SL,1,0,0,1,0
8aba2345-035d-3e2c-9e33-8a1386e45540,0,0,CH,0,1,1,4,1
885b77f8-923a-386e-89b8-6a34fc21e90c,0,1,FC,1,0,1,1,0
97689040-f73b-3ee0-a570-f0d30024d792,1,1,CH,1,1,1,2,4
ae08c3d9-bfba-3c0c-99a4-b042f99d6a57,0,1,FC,1,0,1,1,0
4cc5ca1d-3ae8-3120-9253-fe0a596c3b7b,0,0,FC,3,3,0,3,2
903d0424-9cf1-3f78-9c7e-93593fda1168,0,0,FC,1,0,0,5,1
60c08caa-c783-320c-be73-4d6e54d0c1dd,0,1,SI,1,2,2,9,0
a4957998-7ae4-31e7-88d6-4866c0ddeb3a,0,0,ST,1,2,1,5,-1
8a112464-1b6e-3650-af76-e042f99a2713,0,0,FF,1,1,2,7,0
9d3aa093-588c-3e68-8e6e-e7fb3c12355f,0,0,CU,2,3,1,4,-1
a66c2dc3-7f78-31c5-9df2-f31ae920ad0a,0,0,CH,1,1,1,2,-1
efccd9e2-149f-3db0-a117-67b8f0350ab8,0,0,CU,1,2,2,4,1
46f42f67-e5d8-391f-bc9e-ce7daa71a716,0,0,CH,1,0,1,5,6
89271cf1-a7b2-3f7b-b175-3a1203e39e41,0,1,FC,2,1,0,8,1
91a8e5bf-f607-37ec-9c5e-7a47187113ff,1,0,FF,2,2,2,1,2
9fe276f3-886d-335f-8dc1-c577db9b0f0b,0,0,CH,3,2,1,2,-1
04031eae-98c0-3d8d-b22d-36c142e23547,0,0,FF,1,0,2,7,1
03aaafdf-07ae-3017-81a5-55e98b666f41,0,0,SI,1,0,0,4,0
d2269399-ebf1-3fa1-adf4-66a595256fcf,0,0,KC,3,2,0,4,1
8d1b85b6-6bf8-3a23-b995-b5bb5665988c,0,0,CH,2,1,2,4,-1
bcc9d8f2-3d73-3a1a-bdb6-c7b307e2fa1b,0,0,KC,1,1,0,2,0
ec2df1bc-65d0-35d7-9c8a-7e58da633bc3,0,0,KC,0,1,0,4,0
008195ff-c938-327c-bfba-95dcff44a564,0,0,FF,1,1,0,4,2
001af24a-b6e3-3b85-be38-95ce217831a4,0,1,ST,2,2,2,3,-1
a8521d51-4050-4cb6-9985-fb8cb157b551,0,0,CU,1,2,2,4,-1
cc16dd93-ad0d-4b6b-acb8-f3e6c3122f63,0,0,,1,2,2,3,4
cb4ec1fe-b786-4f3b-8809-a4e3d5740ec1,0,0,FF,1,3,0,6,0
b41d663c-8f97-4df0-ac31-70484a2eb58e,0,0,,0,0,1,4,0
cf8c17b2-b43c-4d4e-90b4-d9651b6ebf06,0,1,FF,0,2,2,3,-1
f54f9703-442b-4c64-915f-e2d4cb6e5a3a,0,0,SL,1,1,1,8,1
26b54ec8-9c76-4f5f-9950-0c9a59a880a4,0,1,SI,2,0,2,2,6
31543a75-c8fb-46c6-8d1d-e37dcdec4f3e,0,1,FF,0,1,1,9,1
eef09fed-a39b-4fe3-8e54-729223af4090,0,1,FF,2,1,0,7,-4
5d0948d3-9252-4dae-b316-3872ef9dda54,1,1,FF,0,1,1,1,0
75097a32-504a-4af4-b709-894df99ebe2d,0,1,ST,3,3,0,6,5
5e7769b1-94cb-43e2-9b1f-8f50b0861e93,0,1,CH,1,2,1,3,0
e25f64d1-cfe0-4055-b715-1ef4187d11a3,0,1,FF,0,1,2,1,0
5ac8bc18-404c-46b0-b444-14ef7b02128f,0,1,SI,2,1,2,9,2
1954187e-5bf3-4399-a150-511fb818616f,1,0,ST,1,1,0,8,1
7a6fa4c5-266a-42c0-9ed4-4d9747b79da7,1,1,FF,2,0,2,7,-2
1d52731f-6bb5-4be7-9cbf-a52d86f256c6,0,1,FF,1,1,2,5,2
add8cf5a-56f8-414e-9c07-8bf716125d29,0,1,,3,2,0,7,1
5b9208c8-a274-4ab3-a59f-f6336afd698a,0,1,SI,1,0,1,2,0
a65939f3-b17a-4e47-9bcb-497113c5e471,1,1,CU,1,1,2,1,0
f033dbb1-4196-4803-a8a0-76810bd75a03,0,1,SI,0,1,2,4,-2
2de0f7b6-e1b2-4acd-ae80-c06de25f6dd4,0,0,CH,2,1,0,3,2
7b4aa474-3902-4832-9801-54f374ce8a7f,0,1,SI,1,1,2,8,2
082c947a-fd65-41ac-9ef3-7e8029bce485,0,1,CU,1,2,2,1,-1
d3c13777-9ea9-4992-810f-3c8ce6696ba9,0,0,CU,1,1,1,6,-1
363f8918-4552-4a12-a3fa-abe37026cb06,0,0,CU,2,1,2,4,1
2f90e26c-ec3f-4184-8891-597f8c0ae65b,0,1,,0,2,1,3,5
0f88add7-03d3-4e30-9c07-d76efb262585,1,1,CU,2,2,1,6,-1
e53c2efc-0a9e-40a6-a812-7608cae0a6b0,0,0,FC,1,2,2,6,1
e637be5d-8319-457c-b700-a089015be79d,0,0,FF,2,2,2,3,3
9396725a-b2e9-4dca-8bf9-51cc9d151ff6,0,0,FF,2,2,2,7,5
6bdab2c8-5b26-4882-b597-5315284cd908,0,0,CH,0,2,2,4,2
f9188098-cbb7-44ec-bbf5-badb00dd555e,0,1,FF,0,3,1,2,-1
6a7a9d0b-9984-4d3a-b0a8-cfd48512d407,0,1,SI,3,0,1,1,4
e61e18e2-fcfa-4560-8748-126bff5ad2a3,1,1,FF,0,2,1,7,-2
4faf950b-ecb4-4a18-8c78-cb8ee59243f5,0,1,FC,3,2,2,4,1
47733430-952f-35c7-827a-c72bdb785ed9,0,1,SL,3,2,0,7,1
ef614cdf-6792-35f9-a4c8-fe77709f9fad,0,1,SI,1,1,2,7,5
308ca96a-c10a-33a9-812a-c1e0e4e3b398,0,1,FF,2,0,0,6,4
61c23e9e-98a8-318f-8b01-721e0aecc13e,1,0,SL,1,1,1,2,1
91ccc91a-1859-3b5d-b253-c7453313693d,1,1,,1,1,0,2,0
1fd6c32c-a8f4-375e-8bdf-83089a5d822f,0,1,SI,1,2,1,2,1
ac9d135b-4c1c-36ff-ac71-80a751f5c868,0,1,SI,1,1,1,8,4
e5829854-c3cd-380a-a526-f53e71fbd472,0,0,FF,1,0,1,5,-1
2e2f421b-8e81-3beb-ac98-a881093782bb,0,0,SL,1,2,2,3,0
6947d56c-9283-392a-9710-dda544746686,1,1,FF,3,2,1,2,0
d1b8a0be-9620-49f8-9723-ec90725e8c29,0,0,SI,0,1,2,8,0
48d16d25-7604-4996-81f9-5e4b7bbe7cc0,0,0,SI,1,1,0,9,-1
334360fa-32f5-499b-a316-8d4f259532d5,0,1,CU,3,2,0,5,-3
5cd58efd-37db-48ab-a195-d73a3aab92cd,0,1,FF,1,1,1,2,-1
c076713d-cfb3-4afc-908a-1bdb0e58e022,0,1,FF,0,1,2,4,2
e562223c-d4d5-4708-b81c-073d24a57838,0,1,FF,0,1,2,2,1
94f36a47-4c43-4ed6-89b4-b542de771402,0,1,FF,1,1,2,1,0
40b1ab95-39ca-4f75-8ff0-109e268acfb5,0,0,CU,2,2,0,9,4
1c478832-7224-4a37-9da7-fa81ce5c33aa,0,1,SL,1,2,1,7,3
3aa63d69-bace-4fdf-9839-cdf6d28fab1c,0,0,FF,2,0,0,8,2
59f691ee-8150-456a-9e36-5b851aed3f6d,0,0,FF,1,0,1,4,6
1c9ed3c8-b9c0-43dc-94e7-792a868bcbda,0,0,SL,2,0,0,1,0
7582e7fe-df34-404f-bb0e-d95ff7a5f3a5,0,0,SL,3,2,2,10,-1
6f6f5b53-90fe-4f68-b6ef-507e2421ff20,0,1,SL,0,1,0,8,3
7d3a454f-e2e0-4734-a78d-1a74beabe568,0,1,,1,2,1,9,-1
63fda90f-c28f-43dd-bba3-9196df29687f,0,1,SI,1,0,1,9,-1
c545e079-a2de-4648-8e96-3fda090326e6,0,0,FF,1,0,2,9,0
5bf480b0-0105-462f-8b5a-1c1831070849,0,1,FC,1,1,2,6,4
b98f716b-56b8-47fc-95f8-d1264dc76fd1,0,1,FF,1,1,0,8,-1
8c336321-ff57-4f3a-94aa-3cbc0be8cf2f,0,1,FF,1,2,2,9,-1
406ddfaf-b8f5-4f00-a724-b469809b7918,0,0,FF,3,2,1,9,3
04640766-fb9d-4fc0-9e1e-9a44efa832bc,0,0,FF,2,1,1,5,-2
9f9ebeec-7cfd-47e3-8d3c-6589a3b784fb,1,1,FF,0,1,1,1,0
67cdc700-b0bd-47d7-be73-8d5809ff9288,0,0,SL,2,2,2,1,1
0e3755f0-7006-4aee-b606-f50d61da0d1e,0,0,CU,2,2,2,9,4
8fbd9dba-12a6-4b17-8d88-2ea8221b7c28,0,1,SI,1,1,2,6,4
8880da09-7779-498a-a72b-93effdc76be4,0,0,CH,3,2,2,6,1
d67182d2-55f2-4b8a-84fd-74e2465690ed,1,1,CH,2,3,1,1,1
4a7842a3-8f01-4a0f-b12f-9e439409b200,0,1,SL,3,2,1,8,-3
23d18741-49bc-43c9-bf45-381fc6a02eac,1,1,SL,2,2,2,3,-1
f55a762f-b6d6-4626-9242-ffdd86ab6d38,1,0,SL,1,2,1,5,1
7817c144-ef7f-4532-95d4-42d466bf0ca8,0,0,CH,3,3,0,5,5
75d3ab63-92e6-4c23-a04d-f882c03b9e14,1,1,FF,1,1,1,9,1
14427e73-7315-467f-88e0-de420886b95f,0,1,SI,1,1,0,6,1
f45957d5-1429-4c8f-a4a6-c660fa749a4d,0,0,CH,1,3,1,3,1
194d9220-bf31-4e31-956b-b2b9d9a4ee7b,0,0,,0,1,1,3,-4
880c1a62-01e0-4082-bd08-01d09bc3f146,0,0,FS,1,2,2,7,1
74bafba6-f5b3-36f8-a660-a1c8c6030d61,0,1,CH,1,1,2,9,2
11498595-30c4-380b-b9b6-08520aedae51,0,1,SL,3,3,1,3,2
595bc7f8-540e-3941-8e5f-35b7fb7f8fe3,0,0,FC,3,3,1,5,4
fc52d622-9bdf-36f3-9e57-ebc09421fecd,0,1,SI,2,2,2,3,1
1339c4e9-eb93-37b8-9fe2-6d670518ef34,1,0,FC,1,2,2,9,0
2098c78a-d8ac-38a8-ba3f-9f279aee1729,0,1,FF,3,3,1,3,2
9475b80b-20bb-4ba5-a5cc-fdf5a30b19c8,0,0,FF,0,1,1,9,0
a4b754f1-0bd5-4c58-8d4b-2943f938d6d7,0,1,FF,2,2,2,9,0
d8b62338-5a03-49da-b6b1-0703f875b33b,0,1,FF,3,2,1,4,0
84a0cb6b-3183-4ae8-bba8-980c5dcbf4ec,1,1,FF,1,2,1,3,0
9b164777-4f44-4cee-a4fa-3d235cbff2f8,0,0,FF,2,1,2,2,-4
dc2c60e7-8e11-41c8-87bd-a39dbc002d32,0,0,FF,2,0,2,2,0
593f7bde-a391-41b1-bea4-ff7f0b0071a7,0,1,SL,1,1,1,5,1
d6c856bf-d090-4246-afbf-77beb3602f79,0,1,KC,2,2,1,2,0
4229545a-53eb-491d-993a-1e3fdf5bc400,1,0,KC,1,1,1,9,2
d823ef25-1a8f-4d02-9e90-c96af1618b9f,0,1,FF,1,0,0,8,5
d372b90f-9469-4296-8f9b-618803b0b520,0,1,FC,2,1,2,5,1
2a2064b9-0440-4445-86e0-1f0c048cdcbd,0,0,ST,3,3,1,8,-1
cbfdbbe3-5ba3-4a3c-8fee-703646f39424,0,0,FF,0,1,2,8,0
04fdedf7-fdc6-4b4c-91af-cda2c6928eae,0,0,SL,1,1,1,5,1
6bc989c6-cc86-49a4-b596-e1c3f5fe4153,0,0,FF,1,1,0,3,0
d54bb07f-26c4-42c6-8e5e-e3c170ca4070,0,0,ST,2,2,2,4,4
61399ee9-54b5-354e-8edc-6248e5e87586,0,0,SL,3,2,1,7,5
be3e0996-e24f-3da1-8582-6938034c4645,0,0,FS,1,2,2,7,5
43b81ea2-0d1d-374e-8dd6-4446b0c90120,1,1,SL,2,2,0,1,0
62257493-9eee-3e9c-929a-db2836e523d7,0,0,FF,2,1,1,1,-1
f734aae0-84be-384d-8b92-47e03ad3a27d,1,1,FS,1,1,2,8,4
a1436db0-637f-33b2-88ac-fdc3efca8648,0,1,SL,2,0,0,9,0
0254914d-16b1-3b5e-9acb-5428f302fca9,0,0,FF,2,2,2,8,2
dff51ec1-589a-3a6f-9def-2118cb0448b8,1,0,FF,1,0,2,2,1
55fa8109-61ab-384e-80eb-aedf27bcbd3e,0,1,FF,1,1,1,5,4
dc751993-ce87-4067-bffa-83d5fa840baa,1,1,,1,2,1,3,2
6bc1605e-97eb-35e8-954a-78a2ff2b3965,1,0,,0,0,2,5,2
87ce03ee-1783-4617-af7c-1245fb205b74,0,0,,1,1,0,6,3
b710be37-31e5-3625-bca2-9a1eec187a1d,0,1,SL,2,2,1,7,7
11b86419-bceb-3b1c-8da0-8a42093eb6e8,1,1,FF,1,1,2,3,1
07836413-7182-372e-adb9-5bb492841459,0,0,CH,0,1,0,7,-2
2e32fb1f-28ec-31ed-9798-5624842ab66c,0,0,,1,0,0,1,1
4f15fbb8-c088-3628-ac69-cff87be05a0f,1,1,FC,0,1,0,3,0
7258838b-259f-345b-ad46-f6e498aed69b,1,1,SL,3,1,1,1,0
83e697f0-164d-33bf-9e1c-ecabc741b71f,1,1,CH,2,0,2,4,5
f387c2fc-9f33-3a09-9d70-d68f9d8567d8,0,0,FF,2,2,2,1,0
8998a37d-99d1-37fa-9533-4387036da82a,0,0,SL,1,1,2,6,3
ec7fdb0e-78fc-3181-918a-ee6a8f306b1a,0,1,ST,1,0,1,7,-1
79b48599-cf9c-3d85-9673-8d4f0b952cb6,0,0,FF,3,2,1,1,-1
1302cb13-38da-34e3-9582-b17a49cfa209,1,1,SI,2,1,0,1,0
d148b771-3933-34d5-bdfc-cab6fe690e9e,0,0,FC,1,0,0,4,2
02f68dce-cf0b-49e3-8dac-4b41e6aaece3,1,1,ST,0,3,1,3,5
176eb3c5-d399-4df5-ad88-572e4e6b3495,0,1,SL,1,0,1,3,1
c94b07bf-ce10-4a9c-b9e5-e1ca5f127e47,1,0,SL,3,3,0,2,-1
af8db1b9-75e7-49ed-9f3c-52258523c27d,0,1,SL,2,1,2,4,0
776c59d7-b52d-4c29-bb8c-b6c3dc89fdf9,0,0,FF,2,2,0,6,0
8a6892e1-935d-4048-9cf2-9a76674169c2,1,0,FF,1,2,2,6,4
bf31862a-a17b-3aca-8b00-419aa3608e4b,0,0,FC,2,0,1,4,-1
c78f64c4-a028-3f1e-95c0-4d7ae81772af,1,1,CH,1,2,0,6,0
78d6b347-ecf5-3556-80c2-fe21dbc50508,1,0,FF,1,2,1,6,0
85d9e04a-b759-37a2-a62e-e1a21757e1e3,0,1,SI,0,1,2,5,3
a227c2f1-5c0c-32b6-902f-0c4406f52eb6,0,1,SI,1,0,2,2,1
91344a96-bb4b-30ab-8282-8fad9c901355,0,0,CU,2,1,1,6,2
ab23d2b7-71ea-35fe-9411-ffc44a315184,0,1,FF,1,0,2,2,0
76a2e8ab-b9af-3c27-a928-32fe9b1349b1,1,0,,3,2,2,6,4
65f2b99e-38e1-360b-89c2-11d5a85e77ac,0,0,SI,2,0,2,4,3
d63b230d-c06f-3cf7-b349-33168c9eba28,0,0,CH,3,0,2,2,-1
8768d292-935b-3b7c-962c-eb7547a42e95,0,0,FF,0,2,1,6,0
ab6ae893-b45e-3b8f-bb9d-3d042bc099de,1,1,ST,2,3,1,7,2
eb44820f-2ce1-3c76-9d12-1fa22c1328cd,1,1,SI,1,0,1,1,6
850d3b8e-d594-31e2-8132-265af885d802,0,1,,1,0,2,5,0
5b489140-fdec-3e85-8c9c-60710ae83e87,0,0,FF,3,0,1,3,0
99269595-8aed-4528-9508-10008d6ee451,0,1,SL,0,1,0,3,0
1382affc-140a-4602-81fc-3956c0da8e4c,0,1,KC,1,2,2,5,-1
7449a869-cf6b-4699-a8a9-e79c407ea56b,0,1,FF,2,2,0,5,1
f963c5bd-f4ea-4130-b702-478d048d975f,0,1,CH,2,1,1,2,0
29e3c483-0520-43a0-a27c-e32bdc48e01b,0,1,ST,1,1,2,6,3
047a666d-9b3f-4d5c-93ec-e8f5186a1f90,0,1,SI,1,0,1,6,1
edc43f40-4355-46e5-85c4-cde304298531,0,1,ST,3,3,1,9,1
80622718-1d03-480b-9669-7c20f725c4dd,0,0,SL,0,1,1,9,-1
64e1c528-f042-447f-bd6d-8e96a3be667d,0,1,FC,0,1,0,3,-3
961660cb-665c-4660-b76b-b2a8b18593dc,0,1,FF,1,2,2,7,0
bc18b13c-8fd6-48cc-9bfe-cee12926f4d8,0,1,SI,2,1,1,8,0
3d821640-fb72-4c08-b9ea-5555c5f7a24a,0,1,SI,0,2,2,5,-3
b267cd42-935b-42bb-bf85-5159ff65d323,0,1,SI,0,1,2,5,-1
d666c895-a43f-447b-a0dc-080900680ec2,0,1,SI,1,0,1,3,-1
a1afbfb6-0827-4e9c-b12b-3e5b62e632b6,0,1,SL,1,0,2,2,-1
c332b157-e256-4df3-942b-42a03e31e206,0,1,FF,3,0,2,6,0
56754d97-262a-4a57-bdaf-e5ce255e4b61,0,1,KC,2,1,2,2,0
ac208939-a1fa-47fa-8dcf-9ae681f9ccb6,0,1,SI,0,1,0,5,0
00ba9da5-e05a-415f-8bb4-a44f46b8f3d8,0,1,,0,1,0,5,0
3cddd2b4-b3e1-4443-9173-2fa9330ff6ea,1,0,SI,3,0,0,9,3
74885987-fd9c-4352-9bef-913edbf5b3d3,1,1,FF,1,1,0,7,2
233e75ab-0c45-4b6f-bae4-eebb6a39887c,0,1,FF,1,1,2,9,0
3d987519-2487-41f1-92fc-0e62b9e7cb87,0,1,SL,1,1,1,9,0
83c6f7c1-ecdf-4f6f-b670-cd88b6a077e3,0,0,SL,2,2,2,2,10
c3a86718-760b-4ea6-9872-471923346f5c,0,1,FF,1,1,0,5,-3
1c998bca-f305-4948-83d7-088a8351fde2,0,1,SL,1,1,2,9,2
309f8ad0-09c6-4de6-ba12-f9f6eba1eaea,0,1,FF,2,2,2,9,2
8a90b00f-52d0-4d49-98af-dbea30ee3199,0,1,SI,1,0,2,3,4
a8307a19-70f7-423a-a331-a9acbde13c34,0,1,FF,2,0,2,2,2
3200ceb1-1ef8-468b-97be-c3aaa30ca944,0,0,SL,2,2,1,6,2
bf9a2c6b-3035-4416-bf8f-45ba4218ffc9,0,1,SL,4,2,2,6,2
1e03d3aa-a931-4d0f-9db9-76aaa66b0aba,0,0,FF,1,1,0,2,1
e14b2acb-5b5f-4a4e-b5ba-bd3d39a3588d,0,1,ST,3,2,1,8,0
7d6a524f-d5db-4bac-a2b0-367f01babb29,0,1,,0,2,2,2,0
492a59e8-ccd3-4df8-8b61-8f8d2dda3367,0,1,SI,3,1,2,8,-1
259fb19c-2ec2-48d2-a5bd-22dd81b94585,0,0,FF,1,0,2,4,-1
a9d8f195-9a46-428a-b886-7a8ac1705110,1,1,SL,1,0,2,7,6
4210a46f-71e3-4fb0-99a6-0e0c95138b45,0,1,ST,0,2,0,7,6
23e26eb1-0f5f-48af-84cf-0a36881c8497,0,1,FF,4,2,2,5,3
a8aa9034-c9cd-43fc-9e1a-9edb6178b061,0,1,SI,1,0,2,7,2
55c2d3b1-0ca6-4945-8874-e112e9cba400,0,0,CU,1,0,1,1,1
5cdb5e4d-3a3b-4120-8f7f-be513e95d342,1,0,FC,1,0,1,4,5
a2ed68f3-6e40-46f7-a54c-ba8c7f9341f7,1,1,ST,1,1,0,3,0
510c91af-50c6-4a8f-a261-30048191e6d5,0,0,,0,1,1,1,1
3c52aa64-bdbf-4795-bbba-7ff25931d084,0,1,FF,1,2,1,5,-1
fad6f462-4491-461a-8dc4-409c27c7b475,1,1,SI,1,1,0,7,1
51b5040c-124a-42b3-a231-23f2a710bef8,0,1,FF,1,0,2,3,-2
08b9ae4d-3500-44f4-9203-6326f46bf557,0,1,FF,1,0,1,3,0
218e0f43-4853-41c0-ab2c-66d5ef6dfea4,0,0,FC,3,0,1,1,0
6e374c31-d0e3-4220-9812-867d2729f0fa,0,0,FF,2,0,1,1,1
84f2b5d0-2bb6-445a-89b8-472bebf7db2e,1,1,FF,0,2,1,7,3
33d75b6d-e052-4972-8277-e33db797fcb3,0,1,FF,0,1,0,8,4
86839f05-3ac4-47cc-b6b9-d45100628e81,0,0,CU,2,2,1,1,0
527570cf-0f28-4722-a0db-7ca86a859762,0,1,FC,2,0,0,6,-1
129ad193-a072-4c80-9914-78bbecdfb6a1,0,1,SL,2,3,0,1,0
d554f95d-1006-448d-8d63-3a7756a8aacc,0,1,SI,3,1,0,1,-3
e1aa29a9-3944-4102-b10f-32cfc07dc366,0,1,FF,0,1,0,3,0
f58fe62f-26e5-436f-beb8-11a7d2ea609f,0,1,CH,2,2,1,4,5
538a9509-2ad3-43fd-8c0d-24cec87beba3,0,1,SI,2,2,0,3,1
06178470-bb29-4560-a523-f0aa39a6a666,0,1,SL,1,1,1,3,0
73bd7565-5dfe-4fc9-82c2-b5c9bf7d23ee,0,0,CH,2,1,0,1,0
9e4ec628-9952-4b1e-a779-90e9482958b1,0,0,ST,2,3,1,5,1
9f06e70b-47d1-4b7c-b5f6-e5ff789d88bd,0,1,,2,2,2,4,4
e6a2190f-6dd9-4516-bc0d-ea7645b7a35b,0,0,ST,1,3,1,6,-2
22646c01-1313-44b8-80fc-7fd02f29c694,0,1,ST,3,2,0,1,0
72e13548-486e-4e4d-a050-9bc8a8a1a8c7,0,1,KC,3,3,1,1,0
f0c426e7-52b1-420b-9831-215a46b434a7,1,1,ST,3,2,2,8,4
dafc545a-9341-4310-be08-9be4fcab43d2,0,1,SI,3,1,1,1,0
42e35d54-eac4-4730-9fcb-6898b9101111,0,0,KC,2,3,1,1,-1
7f4a9967-8acc-4d88-a303-6ec9e2e1024a,0,1,FF,3,3,0,1,0
0f5a0d82-3564-4111-bf2b-34358a0441fb,1,0,FF,0,1,0,1,0
41f0f04a-1498-474e-bfc2-fb7b3a86699e,1,1,ST,4,2,2,1,0
ed90c382-db8a-45de-9650-b9a126d96e2a,1,0,ST,1,2,2,6,5
613d5d54-4215-39d7-af8e-fe9268836e21,0,1,FC,2,2,2,1,0
29499e35-33ef-3181-89d6-beadf8c890dd,0,1,SL,2,2,2,1,-1
d8a4ac4a-9821-3972-93a9-5d9dc3bc5d6e,0,1,FC,1,0,0,3,2
8e9d62d4-f4e1-3202-bda1-c74b2fea1a44,1,0,FF,2,2,2,7,0
fc0bbb93-a8af-3409-a9e9-08db2ebb28b4,0,0,SL,2,2,2,1,0
50cca5aa-3161-3738-bcff-43d24a61b207,0,1,SI,3,2,2,5,2
7c4e2dad-b0aa-355e-8e3f-d8199303eb02,1,0,FF,2,0,1,1,0
36af3fd3-b7a0-3bfd-aac0-4718a77ec23b,1,1,SL,1,0,2,2,5
5e2a04c5-f883-357c-ad6f-4a6e6b1ac88d,1,1,SL,0,1,1,1,1
7b3eb592-331d-3edd-8278-61eac574eb4d,0,0,FC,0,1,2,4,3
ea81c241-4134-330c-babc-fbaaa956a955,0,1,FC,2,0,2,5,-1
17d27cef-33ce-36ab-a99f-43100d623f59,1,1,SL,2,2,2,6,1
2de529a4-68f9-3f9e-a8bf-bac3cac10302,0,0,FF,2,3,1,1,-2
f4b092bc-c3fe-35e0-ad28-b9653293465a,0,1,FF,4,2,2,1,-2
3e86332a-3c6a-33b0-be2f-c699229381aa,0,0,FF,2,2,1,1,-1
af9e497e-57a6-3f75-bd96-ff1a2d5221cc,0,1,ST,1,1,2,8,1
5504c473-52aa-3392-a10b-f6a167e42fbe,0,1,FF,1,0,0,9,3
ad25e9c1-e069-329b-a8e3-3702b7fb34f5,1,1,FS,2,0,0,6,-2
194e070c-0277-3887-8c96-3f891367a76d,0,1,FF,3,3,1,7,5
51419f41-a0cb-3cde-824e-10df6177e6c2,1,1,SI,1,1,2,2,0
80fa5a99-0dc0-3341-b12b-e62db3d7a55c,0,1,FF,0,1,1,9,0
dbab038d-4728-353d-a001-96d7dde6db09,1,1,SI,3,2,0,8,4
2d2f3319-c578-32e4-abda-b126981956ee,0,1,FF,0,1,2,5,-1
a386da51-e9b6-34b7-9582-7533ee6ab611,0,1,SL,0,2,2,6,4
54b3e48b-4933-3df3-a89b-5a47fb66ed00,0,1,SI,2,1,1,8,1
c2167923-7efe-3408-81b4-4df6ddf7de29,0,1,FF,1,1,0,6,1
66cbb962-cd4b-3f3f-ae12-09e71d6917bb,0,1,FF,0,1,0,1,0
68c5aa3e-b36d-3ac5-ac98-506244a0f024,0,0,FF,1,2,1,5,-1
183b7a7e-f65a-3dcb-956b-372d955ee5ff,0,1,SI,3,2,0,6,7
9679c2cd-814e-35f4-bac6-ef7df2b9c92c,1,1,SL,2,0,2,8,0
dd9b3a85-918c-36c4-9839-1afacee94475,0,0,FF,0,2,0,7,3
9d0629ed-cb15-341d-b393-7079dc3fa235,1,1,CH,1,1,2,5,0
f260d8fb-2cf7-3efc-9a63-295770a05987,0,0,FC,2,2,1,1,-2
eec748c7-cc95-30f4-b5a5-85f3dac79f3e,0,1,SL,0,1,1,9,-1
0a868bc6-0d96-347c-818b-43052da3e054,0,1,FF,2,3,1,6,-1
3b388bbc-6b20-34b8-a2bf-68e8287c8785,0,1,FF,1,1,2,3,1
aa1c3718-2552-33f5-b75b-ed8bb6292a98,0,1,SI,1,0,2,8,0
a9d28b60-67e2-43d0-8800-8c5d766e16fd,0,0,SL,1,3,0,1,-1
69d7a504-90d8-4935-918a-438a1b3d9b8f,0,0,ST,2,1,2,7,3
817f8766-a4e2-47da-840c-4409b2324eb0,0,0,ST,1,0,2,6,-1
0fcd8b07-6034-404b-8bc4-bac55512f382,0,0,SI,0,1,1,2,-2
e7f55070-39ee-441f-b085-6874c76f61f7,0,1,ST,1,1,1,2,2
6bb0ebc0-5513-469d-beaa-d7b19bce8c40,1,1,ST,0,2,1,7,-2
645742be-b5bf-43f2-8068-6ad63d4171d2,0,0,FF,2,1,1,5,1
58168e82-8288-4556-9c35-e781fc9a0197,0,1,SI,0,2,1,4,3
58c318bb-5598-4daa-8a7d-2ef568cccaca,0,0,ST,1,1,1,5,2
81f5d53d-af50-45f7-b401-6ef3908028fe,0,0,FF,2,0,1,3,0
f9284fa6-f726-4d04-b11c-c84d2d3be0ef,0,1,FS,2,1,2,4,0
6979e367-def2-415a-93a8-db1fe2010d56,0,0,SL,2,3,1,1,0
8933ad4a-797b-4aa1-a964-3d0623d51aba,0,1,KC,0,1,2,4,2
7320b1ab-e39a-4a00-8264-6f3b26bfb8f3,0,1,FC,1,1,2,4,5
37054165-f4a5-4db1-8448-6946a71824d2,0,1,FF,2,3,1,3,-1
f2c3f6ed-4f53-43a3-aef8-9dda1527fa3b,0,1,SI,0,1,1,1,1
c941dae1-9aa9-42d0-9cb6-53eae0bc52b7,0,1,ST,3,3,1,7,0
9b4fd55e-4e08-4528-a4ee-f31143380a44,0,1,SI,0,1,2,2,1
2cd5bdb1-c29d-4e1f-a566-f9556e48e366,1,1,FF,0,1,2,2,-1
0e255095-80ea-4b47-be6b-80aa45b79dd0,0,0,CH,2,2,2,2,0
61232605-e193-4552-984d-5aeade04f87b,0,0,SL,3,2,2,7,-1
2aeb00bb-2af3-4ff1-be0b-06bcc324b48c,0,1,FF,2,2,1,6,3
1fe6a25a-d2eb-39d4-85e5-dcaeeb72713d,0,1,CS,2,1,2,7,1
db5f00c5-b98d-3bb0-a8c1-dd2e222ea4a5,0,1,SI,2,0,1,7,1
34610457-d379-3536-bae4-99cf194a820c,0,1,FC,1,1,2,2,-1
7da71d25-96c9-3259-bc0d-4120269a5eec,0,0,FF,3,1,1,5,-1
c6a4c15f-9aaa-35b9-b2ca-c1cc9262b3a1,0,1,,2,0,1,6,-2
bc6fd10f-941f-449a-b723-8fc5adc8cb17,0,1,SI,0,1,0,7,4
115d2035-59e6-4d90-812a-b961fd9e61a7,0,1,ST,1,1,1,7,4
0950dbda-97be-4a47-9c3b-760beea1be21,0,0,FF,2,0,2,3,-4
2db10f60-2a90-46f3-aa8a-bb6cf52e15c2,0,0,SL,1,1,1,8,1
304e4fd6-c49c-4a13-9e12-188b29bd34f1,0,1,SI,3,0,2,7,1
8aef7c11-d200-3295-80cb-e647cd8d6409,0,1,SI,0,1,1,4,2
5f533653-6761-40ed-b559-120bc16879a7,0,0,SL,1,2,2,6,5
14a1492b-66db-4a5a-9685-da2a84859ce9,0,0,FF,3,0,0,6,0
9c9dc5ca-33f8-49bf-8284-5e163a40b487,0,1,FF,0,1,2,5,5
98dee105-68e5-4627-8486-3513da0d3838,0,0,FF,0,1,0,4,0
a1017875-61c5-450e-ab24-7231c585aca6,0,1,FF,0,1,2,8,2
ead0ab7f-ebbd-4296-a378-540626a8c936,0,0,,0,0,2,5,1
d8e58f68-91f9-4bc2-b314-15986c32e504,0,1,SI,0,1,0,4,2
6cc61479-2921-4a9c-9306-911d8fba2132,0,1,SI,1,0,2,7,-1
da37d4ce-a552-41e6-b6c5-482db201c4ed,0,1,CH,2,1,1,7,6
4b7d77c5-6893-4ffd-bbd8-48a2c9adb2f8,0,1,SL,1,3,1,4,0
1729bf0d-6cdd-4ec2-8f32-df183339b7e6,0,1,SL,1,2,0,4,4
195fae51-f74f-4361-a32e-1bf059f09298,0,0,FF,2,0,1,2,-1
dcdf2c74-0f2c-4063-98d6-b485efa07f84,0,1,SI,2,0,0,7,-3
35badff3-c14b-497d-8e6a-a924d12ac8ca,0,1,SI,1,1,2,6,5
59570744-b17e-4ecb-8439-af958cc183a8,0,1,SI,3,1,0,8,2
03f62db3-29cd-356b-94e5-8f52b467523f,0,0,FF,3,2,1,1,3
c6b9848e-2d3c-3e23-b3d9-acc7f87a596f,1,0,ST,3,2,1,7,4
1950e3d3-096d-3655-a652-2c5b6e8f9527,0,0,FC,2,2,1,2,0
c1acdf7a-768d-3097-af9f-6ce985c01e36,0,1,SI,1,2,0,6,2
ac00ae18-59d0-31c8-b99c-d2e6738c15ad,0,1,SL,1,3,0,7,-3
267ed2dd-c135-3111-93f5-1498c32ce56c,0,1,FF,1,1,0,1,0
abd1dceb-90ef-3348-b194-121295fbb01a,0,0,FF,0,1,2,4,7
0270c6e7-d8ee-3f36-9b9d-1acae36ef4ff,1,1,CH,1,1,2,2,3
5696ae1a-1adc-416f-b118-09ad071eb8e5,1,1,SL,1,0,0,3,4
12aa1f63-4bb3-465e-9d07-c153c57a8fda,0,1,FF,2,1,0,4,-2
a5723553-a979-4499-ae81-684071889ec7,0,1,FF,1,0,2,9,1
3b37cfea-815c-4307-9255-2f6ca4d5a179,0,0,CU,2,2,0,4,-1
5d918835-3b8e-48c6-bb13-ed8d9c2bf23c,0,1,SI,1,1,0,8,-1
c3681085-0e43-4e62-9e6d-11f4787c6fe7,0,1,SI,0,2,2,5,0
a9b59e57-8b5c-4417-91aa-020c6db6d969,0,1,ST,3,2,0,6,0
d36d88f5-7ceb-4d27-b9ba-dc4aba83b923,0,0,FF,1,1,2,4,2
6c7b6719-e680-47e7-bc28-22878fef5ee9,0,0,,0,0,2,2,-1
a94cd227-967c-4021-a111-c3e81cad03f3,0,1,SI,1,2,2,7,4
d51bb841-2e7c-4590-a5dd-110734c4fe2b,0,1,SL,2,2,2,2,-2
70ae630b-c208-4586-bf58-e891e6bd1f08,0,1,FF,2,0,1,4,0
63d846cd-a2ae-334e-a372-71ef3ab859f9,0,1,CH,3,3,1,4,-3
0c9a6a41-fa70-322f-9202-1714276ed588,0,1,,0,0,2,1,0
fd58ef69-d867-4cad-964d-257bdc54b0f6,0,0,CH,2,2,1,9,1
031fbb0a-45fa-49ea-8c04-feb633bd3081,0,1,FF,2,2,2,8,2
991c35d7-ba50-492d-aac9-369b11e0982d,0,0,FF,2,3,1,2,-2
772992aa-959c-47a2-8d28-23437bf58df1,0,0,SL,1,1,2,8,4
1c567d4d-bfee-4441-b59c-b1c266a2ed22,0,0,FF,1,0,2,7,4
1c454e67-7435-4fe6-bd77-09ff9c644827,0,1,SL,0,2,2,6,2
21ac4e07-1a66-46ab-9533-8de1000a4bc8,0,0,FF,0,2,2,6,1
70cd0d58-6ebe-4d41-834a-afad4ba8d5dc,0,0,SL,1,2,2,8,2
3ca9b6e8-6e04-42d7-82e8-00c5691a0297,0,1,SI,3,3,1,4,3
43c0ce32-9851-4754-a3b4-4c4de90902c2,0,0,FC,2,1,1,6,2
e6c3c6d7-9948-45c2-a380-068aae8427f0,1,0,ST,2,2,2,2,2
30109957-dcce-4596-9581-c9ae912e9ff3,0,1,FF,2,2,2,1,1
82c05b7f-840d-4b9d-9bc1-7d6729ad0781,0,0,FC,1,0,2,6,5
5339ebe0-4667-4c87-9ed0-e788f1cfa795,1,1,SI,2,2,2,4,-2
e3d5dc79-ea66-4030-b4f2-8bc3c87482df,0,0,SL,2,3,1,5,1
f48df95c-23bd-4e42-976d-3a79089ea412,0,1,FC,0,2,1,3,-5
b5749e61-b02c-4c08-879d-3e99ac0f6448,0,0,FF,0,1,2,5,4
459866df-db09-4751-8675-3bdcf9bc975c,0,1,FF,3,0,1,4,-5
f8731e10-3984-4070-99d6-b1b74be71a07,0,0,CU,1,1,2,2,1
823b16b4-7e05-44c4-8a53-d9240d651c95,0,1,FC,0,2,2,7,3
e652405f-1624-45b5-9bd3-ca2caa8209ab,0,1,CU,1,2,2,8,6
aba70bad-6638-4b64-9fb2-63fca0addf4f,0,1,FF,1,1,1,4,4
8884df98-89fc-43f8-8916-abe85c48c02b,0,1,FF,1,2,1,2,0
ea345223-c720-4761-b12c-b7c2a56b76af,0,1,SI,3,2,2,2,1
2edcf48c-050f-3231-b0da-a48f8468d6c2,0,0,FF,2,1,0,7,-1
db52281e-80d2-31fe-a9ae-91f10270d18a,0,0,CU,1,0,1,3,2
376ff4a0-7478-37ea-a360-3982fe4c8f00,0,0,CU,2,2,2,2,1
7904e8d4-53d4-3d64-8191-5d084adc2964,0,0,SL,2,2,2,6,-2
16e54ca1-b6ec-38f0-bc04-3bc28dee7ff3,0,1,FF,0,2,1,4,3
013f51b1-a4c7-385d-a205-109cb0ef00e6,1,1,FF,3,3,1,6,0
f7833dff-e9f1-388e-8c92-5d621bca6dd4,0,1,CU,0,1,2,3,3
27454f87-06a6-3900-80c6-53b63f4a446c,0,1,SL,0,1,2,6,2
7e497c51-829e-3062-911f-155e9a345930,0,1,SI,1,1,2,2,2
8476992b-cf66-3181-8f4e-542ada022284,0,0,FF,2,2,2,8,6
5c518ebf-df8b-313c-8919-d3d738bdcc5b,1,1,SL,1,0,2,6,-1
84b4c4ce-e4ca-3e25-8eb9-7d488b32f0db,0,1,SI,3,3,1,7,0
349ca372-8901-3f54-a9d6-b9b5df6b4a97,0,0,FS,1,1,0,9,0
86e5ee92-54c5-3dbd-b51d-33f5f1d4bcc4,1,1,SI,2,1,1,4,-2
3778de47-a1fb-4680-84c1-d16d017c32f0,0,0,,0,0,2,9,-3
d3bf51ec-fe19-343a-8e6b-f176bbdae3c9,0,0,SI,1,2,1,9,-3
e3fb488f-a080-3146-b74b-5a6d6f706d6d,0,1,FS,0,1,2,9,3
f380b693-058d-3c62-a974-078c1cd3d8c4,0,1,SI,2,2,2,6,1
676c9d19-b0d9-45ca-9447-0bc6655a665c,0,1,FS,0,2,2,2,0
795e364b-9370-4e7b-81ce-7e6f52cb509d,1,0,ST,1,1,1,2,2
d0a3d132-006e-4f94-8837-0ccc65840ab9,1,1,FF,1,1,2,6,3
86fd19c5-72c0-4aeb-b59a-8a370323a214,0,0,KC,0,2,2,4,0
b58bf484-be5d-48a3-ad88-0550a277b8a7,1,0,ST,2,1,2,6,6
82a3d6dc-4201-4533-b878-1d881c1540c9,0,0,ST,3,3,1,2,2
eab475c3-8551-49f6-a5db-0bf0fdfa87d7,1,1,,1,0,2,7,-3
f53afa7b-bdc8-496e-88a3-4005efcf2e71,0,0,SL,3,2,2,5,1
3df67c0f-13b6-47dc-82ac-1add570aa4a2,0,1,FF,2,2,1,6,4
9f5c038c-947e-464c-9ef1-c8cd98d63d92,1,1,FF,3,2,1,8,1
9079f6f1-6baf-3866-83fa-3ac88ce03c6b,1,0,FC,3,2,1,4,-1
33a0828b-d181-3064-abe0-6599d7705afa,0,0,FF,2,2,1,7,5
2cdf7062-8092-35a9-a526-ebf912a56f5e,0,1,SI,3,3,1,2,-1
aa581348-1077-380e-a7fd-d10eeaa13b5a,0,0,FS,3,2,2,1,1
309362c3-1bf9-34cb-b863-21cc09520960,1,1,SL,0,1,2,5,0
bae280e0-7d91-345e-b82d-4e3fe89fa9fb,0,0,CH,2,1,2,1,1
d9fb5b6e-8e40-30d4-9142-c792b5cbf4f8,0,1,FF,1,2,2,3,7
23b04dbc-1306-4df3-861e-7f586854cd8c,1,1,CU,1,1,1,3,0
9d8ad8f8-63d3-480d-abc2-1dd66343dc30,1,1,SV,2,0,2,8,2
e80cbbd6-101e-454a-8edf-b4e6dd7c13e0,0,0,FF,2,0,2,8,3
0c6cbee7-1298-4a56-a8fc-8d1dfe0c963f,1,0,FF,0,1,1,5,2
aded54b5-e409-40c2-a69e-244fb2b194cc,0,0,FC,3,2,1,3,-5
16878a6f-1429-4922-963e-9dbcf4806cf1,1,0,SI,2,1,1,10,-1
d9e82219-d5ed-43d7-89e6-db9321451dfc,0,1,FF,0,1,2,9,2
0254c29f-0b98-4b13-abe2-03d31dd40b04,1,1,SL,1,1,1,2,1
fce7d06d-25f7-4fc8-8793-ef538a6146e4,0,1,CU,1,0,1,5,0
0b58fa8c-ba5d-4f69-9c86-53e946f234bc,0,1,CU,2,2,1,4,1
dba03895-ee41-44f3-bfc6-7f9065c4faaa,0,0,SL,2,2,2,7,0
a1b2fe2b-371b-4ac4-9df9-7945ec4b02c7,1,1,FF,0,1,1,7,1
68c4c56a-89aa-4c8a-b52b-1edd32671f33,1,1,CU,1,0,1,1,0
33b91c7f-c341-33cd-9e8f-550b40d63f59,1,1,FF,1,1,1,7,-1
12b4b7e0-7e2b-312b-85d0-f574e143f8c9,1,0,SL,1,1,2,5,1
938d2b51-922f-3253-8045-b21b65dbf0bc,0,1,SI,2,1,0,7,5
ef650001-7c35-3bfe-91a7-2a26d847241c,0,1,SL,1,2,1,3,-3
654b62ac-04c6-46c5-b5d8-45b7ef030c8c,0,0,,1,0,2,7,2
24aa7959-4dda-335a-a132-b80baebff337,0,1,SL,2,2,2,8,2
8122758e-a3aa-362b-b5bc-8d7201c4f164,1,1,CH,2,2,2,4,-1
0c5a7045-30e0-3707-a8ce-2b0bda7be0d0,0,0,,1,1,2,2,2
7753551a-b735-4645-ac23-09ec6edd037f,0,0,FF,1,2,2,3,0
45dc5919-ba69-40b4-84d8-2c9e4fa0eb22,0,0,SI,3,1,1,4,2
9f32ae4c-7be3-49f1-b87c-4dd36eafc758,0,0,FC,1,1,2,2,1
a061aec8-1acd-4434-a12e-7696612fb0a3,0,1,SL,2,2,0,9,0
f7fc2904-139e-4e7c-a91f-dbc8ab0a21f4,1,0,FC,2,0,2,6,-2
bc606562-3155-42d2-9d81-c1af0776b6a4,0,0,FC,0,2,2,9,-1
bca0b7e4-b09a-4c59-b7f2-e7907dd4cbfe,1,1,FC,2,0,1,9,2
49cd7999-3b60-4868-be72-92cadaa00359,0,1,FF,3,2,2,6,0
34e49a69-bc56-4ce4-bb5a-81b745534514,1,1,FF,2,0,1,5,2
5f144b4c-f0df-4f97-b0d9-4c966d0db5eb,0,0,SV,1,0,1,4,0
5feabf09-fdf0-4933-8c6c-4271a74f8bd3,0,0,,0,1,2,2,-2
17ea114e-25e2-4a12-b8d5-2ab1c8091693,1,1,KC,1,3,0,1,0
4176272e-d219-4972-bdfd-2284c9cbef0f,0,0,CH,1,1,0,8,0
86a03bbe-e7af-4882-8c70-e6d70b284a5c,0,0,FF,2,0,0,1,0
280752f2-1aa6-4078-8954-061c60c920a9,0,1,SI,0,1,2,6,1
e5503f3d-56cc-4458-a636-fcfa7b9f4c84,1,1,SL,1,1,1,1,-1
6c58abcc-0810-4836-9a9f-1fdae052d9e0,1,0,SL,1,1,1,8,2
cf5ef4fc-dab8-47d5-b540-28e8d7b02898,0,0,CU,2,0,2,2,-1
571d5cf8-4d2b-4032-8964-52574a7ed875,0,0,CH,1,1,1,2,4
34e296e6-6123-42ab-bbed-199f155c4dab,1,1,FF,2,2,2,1,0
e24d9282-aab2-4eb3-8862-4ebaff6ef94e,0,1,FC,3,0,1,7,2
7ef383e0-517b-483b-b8c1-226e16536279,0,1,SI,3,3,1,6,0
06b811b3-7f91-4bde-9c9b-f015218e8042,0,1,FF,2,0,0,1,0
ee95aaed-bfe6-413d-97b4-4d1bbe5d779e,0,0,SL,2,2,1,4,2
67ab2200-6fe8-4c5e-aa3b-3d6b0eb4baf3,0,1,SL,1,0,1,3,0
734c372e-874f-479b-87f3-f5dfe5f88adf,1,0,ST,3,1,2,7,3
341f07c2-f9c2-4f64-9078-cfe572834155,0,1,SL,0,1,1,8,0
18bd8fa2-c85b-48c8-9e13-4a1aac1d380c,1,0,SL,2,3,1,5,5
8cfe76e8-e643-4ca5-abf8-0a9f9d3ee553,0,0,SI,2,2,1,7,1
751a9d13-f31e-33f8-b927-07c153d4ce25,0,1,CU,3,2,1,6,2
e1e6a2b7-cba4-38ab-a778-0b6d7ef1e7b8,0,0,SI,1,1,1,7,0
d6c93e6a-c462-3801-b2d2-07647298e4a8,0,0,FF,2,1,1,5,3
8ecfded5-13b6-3df5-8fa6-a75a5bed95be,0,0,,1,2,0,2,1
ea73c6d5-d820-4784-883e-59d3b8b09261,0,0,FS,1,1,2,8,2
c51e18fb-855e-4984-a865-964ed4662da5,0,0,CH,1,2,2,4,1
c5c6008f-340e-4abd-90fb-d8557aeed869,1,1,FF,0,2,2,1,1
4fe8a985-a649-4e7a-908a-2d71895b3112,0,0,SL,3,2,2,3,4
151fd132-9188-481f-89c3-15ae166feb7a,0,0,FF,2,0,2,9,3
a68aa810-241b-47a0-9617-c5564ce6aec4,0,1,ST,0,1,2,8,0
de24c0cc-98d5-4477-a816-333fc1d97756,1,1,CU,1,3,1,2,2
6effd972-504e-44e4-85bf-d0c8ced4cb45,1,1,FF,1,0,1,7,2
54bc505d-b897-4a36-a616-b53caca6a154,0,0,SI,1,0,2,2,0
715c1fc4-aabb-4f25-9cff-17f1819c5bd2,0,0,FF,1,2,2,5,3
3ee066d2-761e-412d-8e19-09e3e5035a9d,0,1,FF,1,0,2,9,4
24abd44e-d24a-4415-9ae5-90cc08695ca6,0,1,SL,2,2,1,3,2
e4c95e93-16ea-47f1-8ac7-8c237477bf3b,0,1,SI,3,3,1,5,3
78497c00-f0d8-485f-996a-c4d77f13000d,0,1,CH,2,3,1,4,-1
0f1606a9-c1bd-41a3-9238-38edc41dd28d,0,0,FF,1,2,0,8,1
eb6d21c8-cf5e-4a30-812e-ac227ebfeb22,0,1,CU,1,2,2,2,1
0ed9ac42-a57c-4f2f-9633-d99327d0b143,0,1,FC,1,0,2,2,0
449848c6-2f2c-47c8-9e08-99809920aa2b,0,1,SI,1,0,2,2,0
a42665e4-7906-3dbc-8cbc-374cc8f59aeb,0,1,CH,3,2,1,11,1
59a55ae7-4758-3266-92bc-a356758a4b23,0,1,KC,1,2,2,6,2
0e023fb1-193f-3459-bb6b-fd8fecb47791,0,0,FS,2,1,1,9,-1
5718597c-65e4-3764-ad83-f92e7898754c,0,1,FF,2,0,0,5,0
f4e10f79-a101-40c2-b4d2-f69d466264b7,1,1,SI,2,0,2,2,0
176bd86d-bc8b-49c2-aed6-b279e1e82eb8,0,1,SI,1,0,2,5,6
17e8e281-6cab-45f9-8f5c-4330461fda09,1,1,FF,3,2,0,4,5
78b2840d-4c17-46ce-a6c2-84e49ca4f553,0,1,SI,3,0,2,6,0
fad1d40d-9dc9-4ca7-9d7e-34f66fbce29c,1,1,FF,3,3,1,4,3
7247fd5c-0ea4-439c-93f8-2bb34bc3bcba,0,0,SI,3,2,1,7,4
3ea90304-dcc8-4126-9abf-8bf36ddd69c6,1,1,SL,2,3,0,5,0
a58c16d3-475f-4daf-8f3d-b863b9a3bd4e,1,1,SL,2,1,1,5,0
068c4f8a-e8f4-45ef-8a19-233816f45aa5,0,1,,1,1,1,3,-1
483f031f-f0eb-4029-a921-b18698acbedb,1,1,SL,1,0,1,3,1
34149486-6608-4925-a629-03f46fd63025,0,1,FC,1,0,2,5,3
22b7ce66-8490-4319-b624-148dbb511850,0,0,ST,1,0,2,7,-4
636ad309-6c42-490c-a82c-61b33c0e94e8,0,0,FS,3,3,0,6,1
49b4165f-2820-3591-86d3-f19f406286eb,0,0,CU,0,1,1,4,3
b953b1d8-764b-3dfa-971c-ea7ddabc4cf5,0,1,CH,0,2,2,7,-4
e4cf6eb4-3c92-3e8d-81ac-4beffdc50cab,0,1,FF,1,1,0,5,0
a4b1928f-9bc3-3b96-b7db-8224595973eb,1,0,SI,1,1,1,7,-1
f4778cd2-0d3b-39e5-9675-cfdedabd2039,1,1,CH,2,1,2,3,-5
4d2013e4-7bab-3ac0-8f10-5394ed356633,0,1,FF,1,1,0,3,0
4ebd5a5f-708c-3713-ba9e-ea7be8a48ba7,0,1,FF,2,1,1,3,-3
9afa96fb-207a-3164-a1f6-ec4818c798a2,0,1,SL,2,2,2,3,0
d4c54165-ab3a-3921-b002-6b5d90500292,0,1,SL,1,0,0,4,6
3ff7ebd1-73de-35e4-9d52-9d77fa4ca927,1,1,ST,2,0,1,4,4
12cebd37-adf3-42b4-89b2-1e6e56d3a614,0,0,,0,0,1,9,4
764176d1-a531-4295-8a04-cc6736d87b95,1,1,SI,0,1,0,4,1
3bc61769-2116-4801-bc2f-645b5cea8e6c,0,0,FF,2,2,2,7,2
aad4a03b-1bcb-48cb-8072-525aa43afc77,1,0,FF,1,2,2,9,5
fb0c71a6-c1d4-4149-bd33-ef47db1f0a93,1,1,FF,0,2,0,3,-1
79309b24-d4d8-4977-afbb-0ea2184e3497,0,1,FS,3,1,0,8,0
73e4f68f-149d-48db-a045-9eca37a5e50c,0,1,SL,2,0,0,7,-1
ff897915-8353-4b8c-b640-f963a44a041d,0,0,FF,4,2,0,10,0
5a3a7e0e-144d-447c-a270-34a22001fc49,1,1,ST,0,2,2,3,-2
42266500-95df-4dec-81f4-43f3fed94fa4,0,0,FF,2,0,1,9,-1
2621f03f-966b-4faa-a77a-7a0dc342cfb1,0,1,FF,1,0,0,4,0
33706020-d307-4246-8512-6a0b7f1f2024,0,1,ST,3,0,2,8,1
0f170a19-4fbf-4d89-bd39-7a943da049f6,0,1,FC,3,1,2,7,4
4699391f-96a7-4842-83c9-b789a8cb98e6,1,1,KC,1,0,2,6,-1
89f24f2f-2fd4-46fc-8c04-8e6341d4c5dc,0,1,FF,2,1,0,1,3
e3d0b3da-770f-4292-a26f-08fd260c63ec,1,1,CU,0,1,2,2,1
d29f8486-b880-400b-8aa6-418121edd911,0,0,,3,2,1,9,1
7c965b3c-385b-4d2e-a4af-2d0750620b01,0,0,FF,0,1,2,2,1
ff267fd3-273a-4f74-a706-235858224f0d,0,1,ST,1,1,1,6,-1
f140f687-36be-4846-9bae-e04bb052432b,0,0,ST,1,0,2,1,-1
15ae5430-f257-4748-a935-a9880449addd,0,0,ST,3,0,2,5,4
ffb17fcd-4982-4cd8-9bf2-e6cd6b1580a4,0,1,SI,1,0,0,8,5
75c09230-8bd6-44a9-8934-bf4c8f2f41ac,0,1,FF,1,0,2,2,1
c4c6fe30-a94e-40a3-99d3-147337d88b87,0,1,FF,2,0,2,7,0
8991eb40-9d63-4f71-b0ff-066d2099dc72,0,1,SI,1,1,0,9,0
8f5dfcbe-c97f-462c-a333-c83be289cf91,0,1,FF,2,1,2,7,1
c6748082-8b19-47ec-96b9-9fdb1295a0d7,0,0,CH,2,2,2,6,2
9fcaf7d0-6be9-4860-b974-7584bb36f9f2,1,0,SL,1,2,2,8,1
6d650427-a84b-4f88-9404-34d33f81bdc0,1,1,CH,0,1,1,2,-2
009fcf77-1212-4931-942a-661f4c48208f,0,0,FC,1,0,1,1,-1
b40b91a1-8ad2-4478-b10d-f310ec3bc5ed,1,1,SI,1,0,1,9,4
5ae39bb6-e7a4-476f-aa24-bb58873e4097,1,1,FC,1,2,1,9,4
556b9bb5-7763-4225-aa19-c00f813f5b07,1,1,FF,1,0,1,1,2
9fbbe9ff-aff1-434d-ab30-1b7dfed158f1,1,1,FF,2,2,0,8,1
b1b94976-f220-41ae-a007-2869d625ed0a,0,1,SL,1,3,0,1,0
94f6c636-5cd2-495a-b974-51df35803d25,0,1,FC,2,2,2,3,-4
bf36b429-1e5f-41ef-ac57-204dd993ce11,0,1,SL,2,2,2,1,-2
71baa1f0-ef16-452b-a320-b1326976cbca,0,1,KN,1,0,0,1,-1
797aeea0-130e-47b8-8db0-5a86b1243357,0,1,FC,2,2,1,5,-2
aa0250ec-f4c3-4003-9a93-a1a05d5d1393,0,1,ST,2,1,1,4,5
f8c176db-95c4-4490-b5fc-aeda16120ed2,1,0,FF,0,2,1,7,4
b7eb5a6b-4262-4617-ace0-390b8481ccbd,1,0,SL,0,3,1,7,4
f43e56c5-e200-4442-bba4-dfc951fa58ae,0,1,SI,1,1,1,2,3
a344a259-481d-458d-9596-817c14da4b32,1,1,FF,2,2,1,1,0
2f1f0df2-6895-41f6-89ba-860cee1233e2,0,1,,2,1,0,6,0
1a619d71-8ebf-48cb-b5e7-b8a84f9605b1,0,1,FF,1,0,1,8,0
2eca8f6c-e229-4322-a37e-b55f8837aa98,0,0,,1,0,1,8,0
1edd1870-d9a4-4a38-9355-81b7b9cb579b,0,1,SI,1,1,0,1,0
50ef50cc-33a3-484b-bb3e-7f65ecd71c8d,1,1,SI,2,0,1,6,2
638ec1bc-d7d0-4b2b-98c8-7a074fdc8c1b,1,0,SL,0,1,2,6,3
f4167e22-1327-488b-984d-a6c0d6beef96,0,1,SL,1,1,0,1,2
46b2f417-93ae-4d60-baf3-9b02fea0eca5,1,1,CU,1,0,1,1,0
27060636-8737-4205-8a7f-9716f51b823f,1,1,FF,1,1,2,5,1
12202930-57e0-4a7e-baab-b4827c2199e6,0,0,KC,1,0,1,1,0
220298f9-3caa-4d01-ae11-0c9c1cf7274b,0,1,ST,0,1,2,7,-3
7083e5e2-bb5c-4015-a4f1-62a1b1ff3afc,0,1,FF,1,2,2,4,3
0e506237-62e0-3511-bad2-7f2a43c36ddc,1,1,FF,1,1,2,5,-1
308f7fd7-7f7f-31ad-b505-99ac6b384ebc,0,0,SL,1,0,0,8,0
d6e7efff-d770-37cb-a81a-2e743af23c6f,1,0,,0,1,2,6,3
6e89e3df-8521-3f0b-bc6d-c102c2b7ca2c,0,1,FC,0,1,2,3,0
4619ec62-d5c2-3a18-a15e-90045b9fb3b0,1,0,FF,1,0,2,6,3
a7e2a3ac-113d-3070-b8f1-256fa022cb60,1,1,FF,3,1,0,5,0
c22c841b-5ead-376b-9176-b4a4a469461f,1,1,CU,1,1,1,5,0
7ff4c282-fde6-38fe-9ee8-30421669be4a,0,0,FF,3,3,0,1,0
9ec914b7-6fbb-3e3e-8886-cc2a2df5b6bf,0,0,FF,1,0,0,1,-1
cbb037e9-6a29-3211-93c0-8ccaef8958d6,1,1,ST,0,1,0,1,0
dec939cf-8827-36c1-befc-a689103184ca,0,0,SL,3,2,2,5,1
5ea543d2-64ee-321a-a4c6-8fbdcc5534f3,0,0,CH,1,1,0,1,1
0429c5bb-e3ae-3781-bcb7-e06a8fbd2776,0,0,FF,1,1,1,3,-1
67781da2-375b-3118-9c55-5d03615387d1,0,0,FF,1,0,0,1,0
87d00460-e0a8-303a-b73e-93f0e1633fe4,0,0,CH,1,0,0,7,-3
57750e5b-5d23-3cb3-a177-8b74c0f4cd88,0,0,FF,2,3,0,1,0
ea74543d-feaa-30fb-9725-2d45dd2c7cc8,0,1,FS,2,0,2,9,2
50ce58ba-691d-3c2c-8ac8-f1de2c75d96a,1,1,FF,1,0,1,3,2
ad7010c8-73d6-3803-8165-855bb89bc533,1,0,SI,2,1,0,7,4
01a7b77b-24cf-3a7c-a1f8-f24d63045909,0,0,CH,2,3,1,3,-1
455d9081-c7b0-3ff2-bb0c-b1dbb77ccd11,0,0,FF,0,1,0,3,4
1092203a-c3b5-3237-afb2-ae4146a27f3e,1,1,FF,2,2,2,3,-2
04ac85ac-341b-35bb-a25f-dffc41456653,1,0,SL,1,0,1,5,-1
bbeea9c4-cece-3fed-a845-8398b032bc69,0,0,FF,2,2,2,3,3
15b69ae2-c239-39b3-a3eb-2ffc66ee182d,0,1,SI,1,1,1,1,0
c5c0b8ba-c81b-4a71-995c-4f1ebe2f0034,1,1,,3,2,1,7,-4
b0e2f455-8119-301f-b81a-56368a0c3015,0,0,CH,1,1,2,4,4
5d888e2a-dbb9-3194-b2c1-542968c3f733,1,1,,1,2,0,1,0
e37849d0-511a-3094-ad80-d3f5c6aaa941,0,1,SL,2,1,1,7,-1
e5062f4b-a891-38df-9ee4-16a16833cd2e,0,0,ST,1,0,0,3,-1
7ad7c677-bc8e-3568-a228-d4faefce71db,0,1,SI,1,2,1,4,1
2d986763-2618-389a-a26a-d16d07c27335,0,0,FF,1,0,0,4,0
a17a42c4-4a8f-3df2-a01b-46b71fe1552a,0,1,SL,0,1,1,7,4
9021e871-7cd8-35fc-90fb-a1a51382540a,1,1,CH,1,2,0,2,-2
b2727518-c935-35f1-9206-9c29fad3603d,1,0,SI,1,0,1,8,3
bbfa84fb-72e0-3dd5-822a-3be5dff1a2a9,0,0,FF,3,2,0,8,0
e9f07014-1e2e-3c1e-841f-a183e6972cd1,0,0,FC,1,0,1,3,0
99afbb1b-91b0-37f5-9df0-95fde3c7a653,0,0,CH,1,0,1,5,-2
7ad3206d-55ca-344b-98b8-e1a45166173f,0,0,FS,1,0,1,3,1
4ffcdc17-fbfa-381a-9bc2-da406071cdee,0,0,SL,0,1,2,7,-1
880dbddd-c2c9-335c-b187-20e7675c2ba7,1,1,CH,2,1,2,7,2
239128cc-a277-3a60-a7db-ea1f6acb375d,0,1,,1,1,2,7,1
be4e5793-a077-3a79-a7a6-94b9d51457f9,0,1,FF,1,1,1,5,8
a7687ec6-b631-38e2-92a7-a127c8f012f6,0,1,SL,3,3,1,7,-1
a32375d6-7e1f-36b8-bbd9-3be56919a20a,1,0,CU,1,1,2,7,4
35658417-fbcf-32ad-b069-d663f6c34607,0,1,SI,0,1,0,9,3
fc853b2a-5694-3f8b-b93c-ad563e4576ce,0,0,FF,3,3,0,8,0
9b703643-7918-349d-b848-6e7e5e25d27e,0,0,FS,1,0,0,9,1
65454cec-336a-3570-a390-708274ddb3bf,0,1,CH,1,1,2,5,0
1b053f23-84ed-416a-9d70-d05068603d99,0,1,SI,1,0,2,4,0
d7391d19-4750-4ade-9263-50f7f640a0af,0,0,CH,1,1,0,8,-1
b949f936-fd54-4321-ace1-983f89414450,0,0,CH,0,1,2,9,0
36819a29-ea94-41b6-b744-0de37151610f,1,0,FF,1,0,2,2,-1
b2e11744-9d1f-452c-8c45-ed0510a24ab1,0,1,FF,0,1,0,3,2
53a39865-3283-40dd-b04e-f00b08074739,0,0,CU,0,1,0,3,0
a7dd07a5-005e-3ea4-8f86-f14056946824,0,1,CU,2,1,2,5,-1
fd9a35a0-5794-47b1-94f3-15e299bb6b07,0,0,FC,1,0,0,9,-1
2ec1377d-8f05-4a1f-981a-4b42c648a752,0,0,SL,2,2,2,2,-1
38c686a9-2b37-4ea6-9d23-e13d0ef6b2b8,0,1,CH,2,2,2,5,-3
95eabed5-e7fc-422b-a1ab-8f4ddcb38d58,1,1,SI,3,3,1,5,1
a25dd790-77aa-4bba-8330-2da750aa8d84,1,0,SL,1,0,1,5,-1
75a3b8a6-73f9-4a17-9dd9-3a5d4bf71892,1,1,FF,3,2,2,3,-1
9f7dd472-25f1-34fc-9cce-6936312e9e75,0,1,ST,1,2,1,8,-2
b639553a-a28d-3908-8af7-85aaff047a3e,0,1,FS,0,1,1,7,2
a346085d-859d-38f7-ab18-b227ce2c3d1d,0,1,FF,2,0,0,6,-4
0f5da54b-750b-3a9f-bd3d-3d27e231dcae,1,1,CH,0,1,0,5,4
6df5fb60-1e68-39b5-90e1-61e25d33002e,0,0,FF,1,1,0,6,2
9f854926-76b7-39cb-afd9-01945efd0997,0,0,SI,1,0,2,4,4
10c0d0fc-dc15-33d7-8868-2fd948df248f,1,0,SI,1,0,0,8,-3
cddbc0df-064b-301e-a49e-8fb4a367275d,1,1,FF,1,0,1,3,2
89e80824-1dc2-3c58-b885-fc96ee5e0023,0,0,CH,3,1,1,2,2
d4affaa2-51b7-3fd7-a3f9-713e82081216,0,1,FF,3,3,0,8,5
654d0d4b-871b-36bc-93fd-42e9c919e843,1,1,SI,1,1,2,2,0
ef406b70-5879-357e-b001-1c9924056b7b,0,0,CU,1,0,0,3,2
959880e9-b422-3740-bef3-6f91f5f6ecea,0,0,FF,0,2,2,7,1
8fb20ce1-c9a4-33b3-bf0a-905d2281cc0e,0,0,FF,1,1,1,5,2
bd4fa908-9a23-3bc2-a80d-5bba6323ddf9,1,1,FF,2,2,2,9,3
0d3fe1ce-10db-3f0a-9a2c-9ec28c70e66d,0,1,SL,3,3,1,3,1
25a60ae9-1656-3be6-940d-71738d780e1a,0,1,FF,3,3,1,4,0
956d97ee-d966-3e3b-9462-f228747e2d1c,1,0,SL,1,2,2,6,1
aac53454-5ff3-3833-a990-0ad6904c25eb,0,0,FF,2,1,0,9,3
291a6bcd-2513-398c-8868-16e3816d713c,0,0,SV,1,1,2,3,2
66b306c9-7533-479c-9155-3530e7c4c18b,0,1,FF,2,2,1,2,0
cdefc887-1683-445c-9a3f-8bddab9ce5e2,0,1,FF,3,3,0,5,-2
341ddcaf-99cf-4007-b4c0-712659eca058,0,1,SI,1,0,1,8,4
4353b42f-1803-4bc3-8929-35ef25553f19,1,1,SI,2,1,2,6,2
2e0e83ef-083d-4a97-9397-91b82007df9a,1,1,SI,0,1,1,8,2
5b2f791a-65cd-4388-9cf7-b75079da043c,1,1,CH,2,1,2,1,0
07345fbc-722d-4a47-ad9e-acf9fa12b7f0,0,0,FF,2,0,2,4,0
11b419eb-27ed-40d1-9f32-fb96599d9e54,0,1,FF,1,2,2,9,0
cd2969d1-3060-44fa-b5a6-233500c6828a,0,0,CH,1,1,2,5,1
fceb497b-80a4-4166-ae69-a4e7ccb27ffc,0,1,SI,1,2,2,3,-2
872e18ea-fb1a-308d-aef0-f288a97cb7c1,0,1,FF,1,2,1,9,1
9b3ab9a0-4ac8-34bc-a605-c33ac1660d25,0,1,FC,0,1,1,4,3
893cdbca-342a-31e6-92bf-21f2268bafba,0,0,FF,0,1,0,3,0
4cc74ae8-526d-38eb-b43d-8039f4799011,1,1,FF,0,1,1,2,0
102c9631-d2eb-3cc3-b89e-63f0a424dce5,0,1,FF,3,3,1,1,0
0e6bffa9-44e5-3fc9-b417-406cd59da160,1,1,CH,2,2,2,3,-1
4c6601f7-a558-3d08-be30-df387cf08680,0,1,,3,2,0,6,0
cc198168-51b4-3164-8547-8d62b142dd49,1,1,CH,1,1,2,3,0
0000695e-8e01-370c-aa02-7548095b08c0,0,1,ST,1,0,1,1,-1
95793cec-560c-314c-b954-edcceb8b76d1,0,1,FF,1,1,0,8,2
78a0c164-e66c-3669-bf24-be92f5d1630f,0,0,CH,1,2,1,1,0
2c52ac4b-0edd-3b5b-8d87-baca738fc594,0,0,CH,2,1,2,1,0
c95e67f1-fb65-364c-afbb-f16f6c615f8e,0,1,KC,1,0,1,8,2
1c1d2c11-5913-3cc2-acf7-e85a127cc7b2,0,1,CH,3,3,0,5,1
cd25df07-1caf-3cc5-882b-c9db1eee7e6b,1,0,FF,1,1,1,5,3
e9709103-3fee-31bd-a599-5a3394cb57c7,0,1,CU,1,2,1,9,3
b940822a-056f-300c-9c54-8a976147ac94,0,0,CH,3,1,0,4,2
f298b8ac-0324-4b16-b897-041b3ef15702,0,0,SL,3,0,1,3,-3
8078dda2-ce91-4cf1-ae88-2242e696dc43,0,0,ST,2,2,2,1,3
f76e5df2-6cfe-404c-b4d3-f88db12b76fc,0,1,FF,2,1,2,6,0
1f1fea4a-cfb9-4dde-963e-8214af9f76f4,0,1,CH,4,2,2,6,0
8c9a4fed-4c5b-4029-834f-12228f13f261,1,1,SI,2,2,1,3,-2
47dcf035-3920-4693-a7ee-31e917eb8889,0,0,SL,3,2,2,6,0
11bd6e21-08e3-493b-924b-f48e53d54929,0,1,FF,2,2,2,4,1
604dbd8b-4cae-4ed0-a136-e0e317e037e7,0,1,SI,3,2,2,6,2
37ce0f37-2028-4287-95bb-57dd0e5a1393,0,1,SI,1,0,2,5,-1
a1d2c717-8ed3-46ee-88c6-fc7c7bebe6bc,1,1,FF,2,1,1,3,0
d10c81f6-e4e1-374d-9ba2-cde6be0bc7d5,0,0,FC,3,2,2,8,3
c5a50d8d-cb3a-3b63-bc17-20e55edacd70,0,0,FF,3,2,2,4,1
a1a4b47e-65d1-34bc-9965-ef8823ebf884,1,1,SL,1,0,1,5,1
56bcc0e2-3e0c-3816-84ba-c37dd65d2238,0,1,SL,1,2,0,7,0
a9bca868-59c5-360b-90f7-add4ad2fa3ca,0,1,SI,1,2,1,7,0
b2a4ef85-5cd1-3fbe-ad36-baf94d014560,0,0,SI,1,2,2,8,0
2332720e-aa94-3739-85b6-ad97af63fa6b,0,1,FF,0,2,2,6,0
3eb79565-8cc8-39fe-91fc-df126b511896,0,0,FF,3,1,2,3,0
b099da8e-add5-37ea-b9e8-d11476dcfb87,0,0,FC,3,0,1,3,1
7aaba33c-31da-3569-85cf-6d9e559c93d1,0,1,FS,1,2,2,8,3
1c5ffa67-76ec-381c-a393-e8f108718343,0,0,CH,1,2,2,3,-2
7a61b527-4fa3-3ed7-b51a-fc1e6fd28d08,1,1,CH,2,2,1,7,2
16442442-40ca-38e7-8cce-c2b74948cc5c,1,1,SI,3,2,1,4,3
23f107ae-5a9e-41fc-9500-3559cb4e0269,0,0,SL,2,1,2,9,1
4693ff6f-1afa-4640-86d6-7150d4c882f6,0,0,SV,1,2,2,5,0
1d243122-48c5-4d10-9503-3e7c1945c738,0,0,FC,3,3,0,5,-2
b28d17be-3857-45ed-8021-ed014369bd07,1,1,FF,0,1,2,1,0
b37a4ee2-03e0-3d0c-bdfd-04f645799171,0,1,CH,1,1,2,2,-3
9ca6c85b-de32-32f2-8d3f-3ba75d8b945d,0,1,FF,0,1,2,2,-1
bb1cffcf-67f3-33b6-9749-f641941dbe2e,0,1,FF,2,0,2,8,-2
42c9b98c-7722-3e4b-ad89-0c84c7ebd354,0,0,FF,0,3,1,2,0
ec8959e9-1208-4332-ace2-603f112f9cee,1,1,SL,2,2,2,3,-2
71cdffe9-1caf-4f61-a270-023e8905be3f,0,0,SI,2,0,2,9,-1
3042f664-477c-41f1-8c3f-36819a95b103,0,0,,0,1,2,8,3
78cf55e9-b2fc-444c-b62d-a159b7dcd5cb,0,1,SL,0,2,2,1,-1
6e7468ee-a6b3-4feb-85bc-619273152d10,1,0,FF,2,2,1,2,1
fb335afb-f1c0-4b52-be0a-b2feceb2ffd8,0,1,SI,1,0,2,4,-1
11856241-5683-44ed-a7b3-875817ad31df,0,1,CH,2,2,2,8,1
5a3f1d24-accb-475e-a0d7-bd0d618d18d2,0,0,,0,0,2,5,0
fce51034-224f-49bf-a7ff-4b4b41a470a3,0,1,SI,1,3,1,6,5
da5bc5e1-785e-45b5-bdd8-8875f107acc7,0,0,FC,0,2,1,3,0
b90a0980-4249-42f6-800b-11ef481f1bc9,1,0,ST,2,2,2,7,0
b25d689f-67da-419e-982f-6d37afbf1003,1,0,SI,0,2,2,6,4
2bf3c605-3546-4cbd-8256-96c57fa6f6cc,0,0,FC,1,0,2,5,0
4c230742-4959-45b1-afee-0a81773b83dc,0,1,,1,2,1,2,4
ae26da5e-29b7-447c-b160-7bb64a1ecf87,0,0,FC,3,2,0,5,0
34be07d6-f3de-42df-8fc6-6e080d0fe041,1,1,,0,1,2,5,1
a48eb39a-57a6-4573-bd3c-5048593a882f,0,1,,0,2,1,2,1
51258149-2158-418d-a3f3-86a51214abf8,1,1,FF,1,0,1,3,-2
b35db988-a852-4ae2-b43a-9696e53e7834,1,0,SI,1,0,0,8,2
fbcd13d0-6563-4c8f-887b-e1c1d13d1767,0,1,ST,3,2,2,1,4
d6786092-4e79-48f6-8c86-b36373c8387d,1,1,CH,1,1,1,1,-1
30479d62-feba-454e-b379-d5d886bd629f,0,0,SI,3,0,0,1,0
4fd48f2d-775d-3340-9b9a-633bbc687f71,0,1,SL,1,2,2,3,-1
10ec020e-66d8-3cb7-9b44-c8cfc729097e,1,1,,1,0,1,7,-1
d1b573a7-f7f8-4195-beb1-637127b29092,0,0,FF,3,2,2,5,-4
c7c7cdf8-72e5-464b-a790-5b9515295de2,1,1,FF,1,1,2,2,2
568d953e-6bd2-4420-8d9a-93e13335b9e2,0,0,,2,2,1,7,-3
59f10bd2-68ba-4cb4-a113-9ebd338ca76e,0,0,SI,1,1,1,3,4
efb29442-bfdd-48bb-9867-4fc053c7a874,0,0,ST,1,1,2,6,-6
8d63d854-baed-4775-bb30-a352e4f2bf8d,0,1,FF,0,1,1,8,4
f162c72c-098d-4d85-a024-71008b678594,0,0,SL,1,1,0,7,2
8d609474-15ec-4fb6-a854-09af64a038e5,0,1,FC,0,1,2,4,2
11f717c5-097d-4918-8cbd-76034864ae84,0,1,SV,1,2,1,6,6
b85ec60a-fef4-4f65-ae04-243372a3cef0,0,1,SL,1,1,1,5,0
223fd998-2e9a-4883-a01c-912e6f7aad85,1,1,SI,0,3,0,8,3
dbd6c15d-a1e9-4e88-9cc2-5a647ae1d88e,0,1,FF,1,0,1,8,1
908e22ff-a4fc-4680-ada7-7196e0ed9245,0,1,SL,3,2,1,3,0
75a5f071-7b4e-461c-86c4-238b603ca65b,0,1,SI,2,1,2,2,1
1d5a8c54-43ad-4918-8805-e70d401712f0,0,1,CH,0,2,1,5,-2
8dbff547-789e-47c5-a994-d9659ee250d7,0,1,FF,1,3,0,2,0
099eb089-ee50-489b-8949-6c10f7e7ae33,0,0,FF,1,1,1,8,0
173900e7-bbe0-46bb-af55-af89af000041,1,1,FF,2,1,1,6,1
499789ea-04b7-49ff-8a6c-1f55d14c8fd6,0,1,SL,0,2,0,9,0
66f619be-ff4a-404f-a9f9-b9e2931c56ac,0,1,ST,4,2,2,3,-2
b6500d8c-7cdf-4361-a6e9-6632fcd7fccc,0,1,SL,2,0,1,1,0
2224bdf6-8785-49fd-bc34-49eebb01fdbb,1,1,CH,2,1,0,6,5
0aa194ac-379b-4737-9194-bcd4541a1896,0,0,FF,0,1,1,2,1
0d382f2b-d855-4ee3-ae57-8e99ff709e69,0,1,CH,3,3,1,5,-1
f70bda24-4330-4529-b913-a651350c6252,0,0,FF,2,1,1,1,0
864735bd-e6b7-4d17-afa0-a6bafb69d183,0,1,FF,1,2,2,3,1
0ffa3372-7f08-4433-aaa1-d39a061759d6,0,1,ST,1,1,0,7,2
88cb9ba3-1574-460c-a512-5dd3d764804a,0,0,FF,0,1,1,8,1
cbeeb22d-7bad-4ddb-b764-be141eecd969,0,1,FF,3,2,0,2,1
5a211c30-e6e9-478e-9f3a-5a74ee124b6d,0,0,SL,0,2,0,3,0
feafbd9c-df6a-4758-89e3-7f6a43ec26fe,0,0,SI,1,1,1,6,-4
9a4de139-28ab-49df-ac76-06debd468e61,0,1,FC,0,1,2,5,-1
62f0a4af-78ac-4123-8753-72bafa45b804,0,0,FF,3,3,1,6,1
41386578-621e-4389-815f-1bc96d4746a6,0,0,CH,3,2,2,1,1
82ff82ec-44f4-4706-9bd0-a5984a046ffa,0,1,CU,1,2,2,6,4
87869dd5-16f5-440e-b714-546907a5c712,0,1,FC,2,1,0,2,0
a9fbd9bf-ba16-48e1-8848-5294c23c1718,0,0,FF,2,1,0,9,-1
e3302127-93ef-478e-add8-a2a8ae63bb66,0,0,CH,2,1,2,3,0
1686b819-6cba-4d91-bfa2-06303656a7e0,0,1,FF,0,1,2,8,4
1c9c9076-1d81-4a12-9013-f8444b4899d1,0,0,FS,1,1,1,8,1
b30a112a-99d3-416c-b486-a1ac522ab34b,0,0,KC,3,2,1,2,3
17cac3a3-7c50-47db-86fc-2f6457a42ff6,0,1,,2,2,1,7,1
0acfca9c-f1f1-4942-bc5e-fc17e8afba53,0,1,ST,2,1,2,4,0
e1a9dfc6-4f01-464b-8d86-68282246d66d,0,0,,1,0,1,5,-2
2a9697ab-ef8d-43b6-b248-b94953c07e20,0,0,FF,2,1,2,7,0
344028cb-4a40-40d2-b0ae-fdef5c98c320,0,0,SI,0,2,2,7,1
0d464993-5752-4dad-b3f3-4b71032a976a,0,1,SL,3,1,1,8,0
fad8b2cd-071d-49de-a9b7-edba90f3b6f4,0,1,,0,0,1,7,-4
ccc35608-221d-4a62-842d-05d8b7adc2bd,0,0,FF,0,1,2,2,-2
424dbb27-b772-3075-8fb4-741a53cc101b,0,0,FF,2,1,2,2,0
45fb965e-d1ff-3842-98b5-479a6bafbf64,0,0,SI,3,2,2,2,-1
9a50bac0-dc80-42d2-b231-2378afd723c3,1,1,,2,2,2,6,4
2ea8d9b0-7dc6-4d1e-8597-e9bfae93ec73,0,0,FF,1,2,1,5,2
d637eea1-4e37-4cd0-9acc-26c64854c9e8,1,1,CH,1,0,1,4,3
30bc37b3-7f28-4411-86aa-193e8e00cebe,0,1,CH,1,2,1,8,2
fc48050d-dcf9-4ad7-9875-40c3f761cec3,0,0,FF,1,1,2,9,-1
c93b330c-1644-454f-b505-e94fa3220c57,0,0,SL,2,1,1,9,3
c3756456-be8c-4da9-a5dc-932112e5823c,0,1,SL,2,2,2,7,5
b194a2a7-927a-4a13-aaa1-ad5278f65d4c,0,1,FF,0,1,2,7,5
981470f4-b117-4fe3-bda6-d8d783574028,1,1,CH,0,1,2,8,1
013e5c46-418b-4703-b643-2488ca6765a3,0,1,ST,3,2,0,8,-1
6610d9c7-66eb-40dd-a7fc-01bfdeceb3bd,0,1,SI,1,2,2,7,-2
4e3c3bb6-02ec-43dd-b635-af4cd2b42889,0,0,FF,3,1,0,3,-1
4349c66e-c7fa-4d90-a8b5-2dcc13d58bd2,0,0,FF,2,0,2,4,4
1c6a6bd1-8e9f-4db6-abaf-ad73b234959e,0,1,FF,0,2,2,8,-1
aeb4d957-8940-4f64-9153-6f08efb4e3a2,0,0,CH,1,1,2,4,3
8abe2ef3-9746-4dcd-ad8e-7291c4e8255f,0,1,FF,2,1,2,8,3
a4f5068e-5921-491d-9fed-501a48a1761b,1,1,ST,1,1,1,8,1
c4fd1c59-b3a5-307e-bee1-17eb97202c00,0,0,FS,1,0,1,5,1
b2be2db9-1d29-3dc3-a779-7cf20a2876a9,0,0,FF,2,2,2,4,-1
32a6cbe2-8de9-325c-9035-2c7a3309d14f,0,0,SI,1,1,2,8,0
01ab149c-f8f6-364b-9844-809e27df658c,0,1,FF,3,1,1,3,-2
7712c74f-6be4-3128-9f4f-1cf1da32e22d,0,0,FF,2,0,0,6,-1
583f5a78-32c3-3cc4-8c89-82ada481492e,0,1,SL,1,1,1,8,3
d584f04a-cbe5-30bc-bb45-4c83716e802a,0,0,FF,2,1,1,3,0
40a80734-bbbe-3014-b673-2e10d8f1f4dc,0,1,ST,1,0,1,10,0
ac552a1f-3070-363e-872e-594e1d31b8e9,0,1,SL,1,0,2,6,4
10d0efed-de99-339e-b1bd-8ff39c37d912,0,0,FF,0,1,2,9,1
8465de10-d37f-3339-ad36-bbcdf9803841,1,0,SL,2,1,1,8,0
4ac44e3e-fda4-3dcb-84e6-d9ba22c07180,0,1,FF,1,0,1,8,1
dc7d13d3-450f-38e4-9909-63bb12ca5efd,0,0,FF,2,2,1,3,-1
0d187293-42c8-3532-894b-d9d6384730e3,0,1,SL,1,0,2,6,2
699d168b-506e-3c96-b291-7de9746e1018,0,0,CH,1,0,1,4,-1
e13bc664-438f-3514-86df-eb1ae2d05f12,0,1,SL,0,1,1,8,1
8b689de3-e0b0-349c-9461-f245fca40ccd,0,1,ST,3,1,0,2,-2
725990cb-51f8-3c19-afaf-98b776696546,0,1,CH,1,0,2,9,4
162e61bb-91f4-3b15-a63f-43345cf2b3a4,0,1,SI,1,2,1,2,2
6be5bd47-561e-3b66-8ecc-6401d2b33de1,0,0,CH,3,0,2,8,0
9b05d189-739a-31fe-ac02-3963b62d7f71,1,0,SI,0,1,1,4,-1
b78234e2-b156-3bab-8361-b545664d4f48,1,0,ST,2,0,1,8,3
112c3352-181a-3fbe-b918-1fdad7e6732b,1,1,FF,3,2,1,1,1
e75355a3-b259-3c09-91cb-26a0bf045f02,1,1,FF,1,1,0,4,-1
e543d36a-358c-37b1-a437-46a88b7a1e91,1,1,FF,1,1,2,2,0
68621b05-5325-4f71-9502-a3f99869190f,0,1,FF,3,2,2,7,5
17477d36-9444-4d93-b0d7-089437bdef53,0,1,FF,3,3,0,6,1
e0fb1d77-b419-4f91-9dd8-bc66c59d7c43,0,1,ST,3,2,1,6,0
fbcdc8f1-2a10-4d4a-bc82-005697dd79d6,0,1,ST,1,0,1,5,0
d8d995b9-4918-489f-83a2-f410c20c0d7a,1,1,CH,1,2,0,6,4
a1332202-f470-486b-9aad-6232afbe8c68,0,0,,0,1,1,8,0
db073964-3e99-31f0-95ee-4a6eb6eca1ed,0,1,,3,2,1,3,-3
87f0cb53-668e-3010-93fb-33e86934a696,0,1,,0,0,2,3,-3
a36b8c6c-6737-4199-a378-b69679fe1dea,0,0,FF,0,1,2,5,3
f8143dce-eb3e-47e5-a000-537ba6c91287,1,1,FC,2,0,1,7,0
4c2d1aa0-a654-4ba2-91fd-19bc4e84791d,0,0,FF,1,1,1,8,1
9de0423c-c40e-459c-a32e-d649380bb0c3,0,0,SI,0,1,0,6,1
52489aea-6ceb-4774-9db5-25584f30b177,0,0,CU,1,3,0,2,2
eadfd66e-7c42-4f5a-8aa9-e2e34b6f3ecf,0,1,SI,0,1,2,8,2
157b76e6-94ae-4501-8aca-385f7ef04627,0,0,KC,1,2,0,10,0
90416aa4-e7e8-4223-8441-bd12a052742a,0,1,SL,2,1,1,3,4
1abac75d-5873-4b6d-85f4-e9d3f8001f47,0,0,FF,3,1,1,3,2
7ec1ae83-1d3f-456e-97c0-f3cd447eeef9,0,1,FC,2,0,2,3,3
f24edea3-27c5-491a-bc3c-46bd195daf83,0,1,CH,3,0,2,3,3
97ca0635-2558-456b-960d-971ad51d34bb,1,1,SL,4,1,2,3,-1
cf933c6b-d5e3-440c-86d6-2335ed9cecfe,0,1,FC,1,0,0,8,1
7d08ee62-d418-4a3f-90db-7a7776b58ae4,0,1,SL,2,0,1,5,-1
ec1f371c-6a7a-45f6-b38d-cc91738abb91,0,1,CH,1,0,0,9,4
2f0d5b4c-2aba-4be3-9f24-73ad08a02a23,0,1,,2,2,0,4,3
b38baaa6-7c84-4c2e-bae3-c59fc2eda0df,1,1,SL,2,2,1,8,5
acacf5fe-2be9-45e6-a615-928658af84a9,0,0,FS,1,0,1,2,1
7a6b8400-241a-4e59-a2f3-e4db29dbdd4b,1,1,SI,0,1,2,8,0
c69f6920-2756-4a25-8105-f15357802da3,1,1,FC,2,2,2,8,0
7fa15490-dd84-4d8f-80df-c9e0f7b5a2be,0,0,,0,1,1,3,0
ab36f608-b488-4f2e-b4e0-845b81d35f1e,0,0,FF,1,0,0,3,0
bae7669c-61c4-4dc2-94e9-a76ac70deac6,0,0,FF,3,3,1,9,-1
968e1fc3-c6ab-4e04-ad27-5075c665fb89,0,1,ST,2,1,2,3,1
7403349d-5427-4033-a0dc-68f48ab81bc0,0,1,ST,1,0,2,7,1
859b98b4-c17a-408d-89f7-b98580f98801,0,1,SL,1,0,1,7,1
8d1e05ea-b6b7-4128-85f2-4d8fcafa2fea,0,1,SI,1,0,1,6,6
5a386cf1-3766-454e-9b06-cca0b23edca3,0,0,FF,1,0,0,7,1
36de3f4c-3ad1-4ece-af79-187a57d15dc1,0,1,CH,1,2,1,5,-2
909dd988-3f55-414c-b3f2-a038608ffa03,0,0,CU,1,2,2,4,1
28a9b0ce-f461-4333-be06-ac93deffe44a,0,1,FC,3,3,1,5,-3
0af058df-cfdf-4083-8a8d-4f112f64ce86,0,1,FF,2,1,1,8,0
499e0342-ea1f-4a2f-8cc1-d460c60cfbbb,0,1,SL,2,1,2,3,0
5aedc6da-74d8-483c-b919-538206ea8eaf,0,1,FF,1,1,1,2,4
007d5041-5a70-4370-aa6e-b490e9eec491,0,1,CU,1,0,2,4,3
0dd9484b-2eb5-45ab-89c9-4fef89f5ab5e,1,1,SL,1,0,1,8,0
dabf058a-28a3-4fbe-ac88-ec2dc5dbde46,0,1,FC,0,1,0,8,4
8b9cc56f-5096-4c06-b4c5-37762f8c21e1,0,1,FC,1,0,0,7,1
6adf91b0-52e5-4ddf-a7ee-88c775e950fb,0,1,FF,1,2,2,8,1
83b52c9a-912b-3c7a-b98c-3fb3382e9c89,0,1,FF,3,0,2,8,-1
486d68f0-51d2-3415-9db9-c08090e116b0,0,0,SI,1,1,0,5,0
4fd41227-f8ac-46f4-9ed2-cc86ae68e1f8,1,1,,0,1,2,8,0
939320c7-9e04-3b8c-895e-158de1514e7f,1,1,SI,3,3,0,9,0
c2809712-9263-30e6-b1a8-74b4d19e681f,1,1,ST,3,2,0,3,0
9a9c67e1-7663-3af2-80e7-cf091e330c25,0,0,FC,0,1,0,3,0
954d9e4e-222f-3b53-8968-19642f089932,0,0,FF,1,1,2,7,2
a99c095d-2c47-366d-819a-34b70547518f,1,1,SI,2,0,1,9,0
f17df9e2-50fe-3b69-ae3e-95058dff1535,1,0,SI,2,0,1,7,1
c7070ded-af5e-364a-b875-227c12ecc83e,0,0,FF,1,1,1,5,-2
1045f4ec-0acd-38a5-ab27-78f6fa494639,1,0,SI,2,0,1,5,5
9165c959-cbfe-44d2-8c42-b1f4c88f8d81,0,0,,2,2,2,10,-1
37794fa0-ae14-3352-a87d-9d47b99d24f8,1,1,FC,2,0,1,8,0
7104763d-a686-3599-a40e-8a89c7fb7abf,1,1,FF,2,0,2,8,4
ec6f5f7f-1b27-35ff-983c-1c8c1374f21c,0,1,SI,2,2,2,9,-2
0ee6301b-efec-3f67-b4ff-44a8967c1fde,0,1,ST,1,2,2,4,0
aa0157dd-cab7-3147-a8d5-a6c2302c80f0,0,0,FF,1,0,1,2,2
c6e331d1-1126-348b-a8cc-9e07b175c388,1,1,FF,1,2,2,4,1
13499405-50e6-3502-b66a-21dcbed35600,0,0,FF,1,1,2,9,1
e8348414-b434-3474-a6a3-63f4377e3505,1,0,SL,2,1,0,6,3
4585e6b7-f808-3665-af90-89d1cc5c5322,0,1,SL,2,1,1,6,3
9ceb11cf-620d-39a3-ac4c-847b53190d68,0,0,SI,1,2,1,8,0
e9cce511-c12d-43db-8f4e-da32f1b8e07d,0,0,,3,2,0,4,-2
56a18c82-1c74-41fa-a11c-7c9a9ff9dbc1,0,1,FF,1,1,1,5,-2
1ecd1a20-39fd-4b12-88f6-cff1d120e7de,0,1,SI,1,1,1,8,-1
2c05bb1c-c510-4a49-86ca-6562f147d579,0,1,SI,1,1,1,8,-2
0c686e40-b36c-4605-b40e-218fb179a5ff,0,1,ST,1,0,2,5,-1
567c4225-fad5-496f-bd76-75800a710bf9,0,1,FF,1,1,0,8,3
1c7e9e83-78f5-4053-ae31-7a228b5e5199,0,1,FF,2,2,0,3,-3
afa776ba-d8ed-44b8-8c3c-c067717a685b,0,1,SL,1,0,1,3,-3
0e991962-4624-4077-8ee3-69e569be446f,1,1,FF,1,0,2,3,-1
b5cccd1d-e994-46dc-bfaf-ead6fa3f9b08,0,1,FC,1,1,0,1,0
02274606-9252-45e4-886b-36e564f171c5,0,1,SL,2,1,2,6,2
45c7f312-79bc-46ff-b64c-3a56b027073f,0,1,ST,0,3,0,1,0
d426fa56-ca4d-4bb9-b25d-4029702baf6c,0,0,KC,1,0,1,7,3
30ddf479-f9fe-4ed1-8a8e-6517c26a89c8,0,1,,0,1,0,9,2
da2e2abe-ef3b-4cbc-9779-b8586fc75ebb,0,1,CU,1,3,0,1,1
0f742208-1e61-4a39-b2b3-6f175f01cb76,0,1,FC,2,1,2,4,2
6dd0cf7d-2e60-41d5-a565-e7e22dd2fc37,1,1,CH,2,0,1,9,0
8dd1d557-44fb-408d-84de-b93489defee0,0,1,FF,1,2,1,9,0
d38f0841-9f91-4943-bac7-ce35d3dacec8,1,1,FF,1,1,1,7,4
9d6245af-17d3-4f0b-8c7d-a81fcfae0978,1,1,FF,1,0,2,2,0
7388cb93-497f-4cdb-ba8c-e2c2dd4275b9,0,0,,0,0,1,1,0
604a1e71-987a-4255-999e-c91698d3e0c9,1,1,FF,0,1,2,7,1
949b9104-b965-40be-9823-8bec5c82776c,0,1,SL,2,2,2,4,4
9ece9837-4b1e-4ea2-8ccf-20f4ea28847e,1,1,SL,2,1,2,5,3
699fe8c9-3efb-4ac0-83a9-13d805712681,0,0,FF,2,2,2,6,0
57e96267-d34b-4fab-91c7-619b38e38622,0,1,FF,1,1,2,1,0
6888a153-aedb-4436-9629-1314183df1c7,1,1,SL,1,2,2,7,0
927d53ab-0bf9-49ab-adb2-343183247019,0,1,FC,0,1,2,6,-3
a0c773d3-57f5-46a4-910a-4a25546b2481,1,1,SV,1,2,1,1,0
c5169913-dff2-4cc7-af2a-9948b6c042c9,1,1,SL,1,2,1,5,0
a93dee99-efb9-4c74-85f0-c4f361d94c4c,0,0,SI,1,0,2,3,-2
2ef2199d-9b1f-42eb-8229-3b1d9341152e,1,1,CH,3,3,0,8,1
583db962-ff49-4f17-b448-5d123144d1f3,0,0,SI,1,3,0,6,-3
9ee4fa7d-d8b3-49d4-af1c-fd4f2266aa78,0,1,,1,1,2,3,2
1962b4dd-e5ae-4201-b88a-a49c0e6fb1df,0,1,FF,2,1,2,2,-3
55f73746-4472-46f5-ac1d-36b720bc238f,0,1,SI,3,3,1,8,2
1354f682-0305-4362-a19f-63efd9263ce6,0,1,SI,4,2,1,5,2
24155d49-c415-4fda-8cea-1bdae61dce8c,0,1,,1,2,1,5,2
6128b6dc-a26e-3d9c-a0f7-4de19a6980df,0,1,SL,2,2,0,4,6
719bb15a-d288-3655-90b6-d47b0a72b833,0,1,FC,1,0,0,1,0
ccb109f7-09af-37f7-ba2e-5fbca998e3fc,1,1,FF,3,2,0,1,0
b9606c68-868a-39d8-876b-752b95e549ee,0,1,SL,2,3,0,5,-2
f8d6186a-300f-32ed-a722-d68fd5d8948f,0,1,SL,1,2,2,3,0
6fd36175-9ce2-37e5-b081-63c4797d9c81,1,1,SL,2,2,1,1,0
c21fc3d2-e8ec-3f4a-8e85-4bee2796e58e,0,0,CH,1,1,1,1,-2
8396004f-914b-31e2-9570-a418d98181ef,1,1,FF,0,2,1,1,0
f82f103b-0ece-31a6-8711-84bdd2807fdb,1,1,CU,0,2,2,6,6
1b3cd194-6649-3ad5-ad01-219a3b0a368b,0,1,,1,2,0,1,0
714f7ed9-3c1a-3279-b95b-02486f6229d4,0,1,SI,2,0,1,5,-1
4a465a4e-44aa-3d26-98cf-3badd7abe276,1,1,,0,2,0,4,0
d68afba9-231c-31b0-a191-3e7f8166a107,0,0,CU,3,3,1,1,0
39fb8f43-45ea-31dc-a653-258dd002d380,0,1,CU,0,2,1,3,1
dd9befb7-a093-3a30-995f-52192d738a2b,0,1,ST,2,2,0,1,0
cdb8b164-1028-3c73-8a41-79e2ef2e1615,0,1,SL,3,3,0,1,0
b4978850-a48c-33ae-b2fc-7ee5b8d70b8a,0,1,ST,1,2,2,5,-2
6f0ff1a0-0e4a-3b6e-8fe0-649d32cd68f7,0,1,SI,1,2,2,3,-2
236ef732-94df-4f6b-9c76-2a73668f0f62,1,1,,0,0,0,9,6
ceb3a541-05ba-4408-90fc-2ef8027fff34,0,1,CU,2,2,2,4,1
03443b40-2dac-42ea-ba17-3a5a1bd0d132,1,1,SI,1,1,0,4,2
bc03cf54-f112-4715-81f0-ebead01942ad,1,0,ST,0,2,2,7,0
801e4167-e87a-4e98-ba36-9b89a410701f,0,1,SI,1,0,0,4,-5
623301e8-8e5f-35c6-b750-2ddc2e5f61b3,0,0,FF,0,1,2,1,-1
da4c2b0a-be34-37c4-8b03-c1baff4969ac,0,0,FS,3,3,0,3,0
67b60729-c71c-3eb4-91e4-9a88718bce99,0,0,SL,3,0,1,1,0
e8a3d5e3-9063-3af8-b2aa-fa3c239ca3b6,1,0,SL,1,1,1,4,3
f4256531-52ce-3e81-a464-2693c8eb5fce,0,0,FF,2,1,1,1,0
9a732f4b-9935-3c20-ad5f-b219cf987fe4,1,1,KC,3,3,1,1,0
1212d013-c204-3e1b-bb55-897705d4d13a,0,0,SI,0,1,2,2,3
d586a9f6-5f35-3250-bd56-3f97e47f63ff,0,0,FF,1,1,2,3,0
31af7790-dd8b-3163-bb95-21868f199321,0,0,FF,3,1,1,1,0
0decb24c-79a6-3b5f-ba4d-6164e3521e7c,0,0,ST,0,2,0,7,2
07b8ec5a-7a57-40ec-b6e0-173ca03b756f,0,1,ST,3,2,2,9,0
80ae2241-1218-44d9-9fae-907f3fb809a2,0,0,FF,2,0,2,3,-2
3efb9282-d878-417d-93ff-6ddee5e8e5bc,1,1,SI,1,0,2,1,0
28459131-1446-4e6e-bbca-4d85c45db599,1,1,CU,3,1,2,2,4
89a5efa0-d8d5-4dc3-bc46-ed9266d0394a,0,1,SI,2,3,1,8,-4
c9dae356-a0b2-30a6-817f-593f27379104,0,0,SL,3,3,1,2,0
2e0abda0-9434-3c4f-9252-bf354a715c59,0,0,FF,2,1,1,8,0
5c53e2a9-0305-3d38-baa2-e23247d6cd39,0,0,SI,2,1,0,4,-1
b8e3dcdb-1cad-3fb4-aec1-9a2a60b6c18d,0,0,FF,1,2,0,6,1
8c5e7011-da89-3c7b-a174-6d75b86539e3,1,1,ST,1,0,1,1,0
ca19dd69-47a3-3448-b732-3dbed2d7527f,1,1,FF,1,2,1,3,1
6fe2d1cd-9ef4-37ee-962a-5450c2026f9a,0,0,FF,1,0,0,7,0
ea2cabb8-995a-33e2-8d00-1645ca3e7d07,0,0,FF,3,3,1,6,-1
f354f3c1-8184-31eb-a030-90fa41fb35a0,0,0,,2,0,0,7,6
baced811-0e33-3fc6-bb41-cbf33153d06a,1,1,FF,2,0,1,1,0
c38babe6-dd87-4770-baf2-f0c941bfbf5b,0,1,FF,2,2,2,4,0
109b0dbc-4223-4133-ab49-d146b39d835a,0,0,FF,1,2,2,8,0
be7b2564-ca9c-4341-bb0c-5ae16cef62bf,0,0,SI,0,2,0,3,-2
90d2623a-d479-4cb3-8af6-b01d2df021b4,0,0,,0,0,2,2,-1
c88c4fe3-bb40-41ee-ae78-024aca8d4d44,0,0,CU,2,2,2,6,-1
7ec0c2ea-4e5b-45ff-8337-47e434f0c944,0,1,SI,0,1,1,9,-1
18957ab8-f73d-475d-806e-04837962eda7,0,1,SI,3,1,0,5,-1
b729a293-f096-4e1d-92b8-1196bc14a973,0,0,FF,1,0,0,7,5
331c7d2b-5958-4768-8b48-5652bfebd962,0,1,FF,0,2,2,4,3
7e792ea4-a16a-4a03-848b-9a8a3320c157,0,1,FC,0,2,0,3,0
13ec0903-b554-44f5-bfdc-cf484e407978,1,0,FC,1,0,2,4,-3
c5d2af4e-2d44-4796-afcf-29e886695288,1,1,FF,1,1,2,6,4
903cb44c-80f0-4cef-9fd0-18d35e932619,0,0,FS,3,2,2,2,0
03943396-2810-41fc-bbde-5f9462311024,0,1,CU,2,2,1,6,2
f91d4642-37c9-4fa2-aa1d-ff362c2b9dfc,0,1,CU,0,2,1,6,2
6d50f657-39ab-4865-b6c7-89deff0c0ee0,0,1,FF,3,0,2,9,1
bbdfd954-43a5-3642-89ca-7c8b8c46fbcf,0,1,FF,2,1,2,4,0
4d964dd9-3d9b-3f0d-ac6e-c02cab8191c2,0,1,FF,2,2,2,2,0
2b258e32-1f8f-3a7d-89f8-66fd490f442c,0,1,FF,2,1,2,6,2
5ec364f8-3494-31dd-a37b-7c8715cfdd86,0,1,ST,3,2,1,6,4
71c815d3-aba6-3e77-93e8-0b43b77cef58,0,0,SI,0,1,2,6,-1
39875bb6-66b8-329c-837f-345b89097e0f,0,1,,2,2,1,4,1
b7f6aabe-2fad-3a16-87c5-827c8d52c44d,0,0,SL,1,0,1,4,1
cc842a13-a179-35f1-bbd0-a9a3e17e2ddd,0,0,CH,2,0,0,9,2
77f36431-47d7-336b-945e-ae3a4eac8ba6,0,1,ST,3,2,1,3,0
746e9153-76f0-499c-b555-3ddc581f4111,1,1,FF,3,2,0,4,3
b411f3dd-b955-4491-b28e-b7a914ff9c28,0,0,CU,1,2,1,1,0
cb31e9ea-7caf-4777-ae87-08e127819565,0,1,,3,2,0,1,1
cc0dc353-91af-4ee3-bfcb-1baa3b9f0fd4,0,0,SL,2,1,1,1,1
765e7ef8-c3fd-40e7-9a07-0b0da04e238a,0,1,SI,0,2,1,3,-1
6b596ce0-e121-4221-9f55-4cc86b238b02,1,1,CH,2,1,0,4,5
c053c5f0-9201-43af-b78e-eadc420e2589,0,1,FF,2,2,1,3,4
24c30872-3d7d-415a-89a8-1b6704b34f7a,0,0,CH,2,2,1,5,1
bfe6406d-cccd-40d4-abdd-a9159f2f2000,1,1,FF,1,0,2,6,2
e1ff3251-84eb-46ba-bfcf-c4a24a801600,1,1,FF,4,2,2,6,2
efa7560c-937f-4f8d-b133-5e1fb5e836d5,0,0,SL,1,0,2,7,-2
93a0b15b-b8ca-4631-a023-427d388c0cae,0,1,FF,1,0,2,3,3
fb2b98d7-d444-4a2f-83fc-63eb42287302,0,1,SL,0,2,2,1,0
bbe0360a-9ad7-451d-8598-e8985891f8de,0,0,FC,1,0,0,2,0
0dad7ded-f06a-48b2-8f33-6ec7e3659489,0,0,SL,0,1,2,4,0
f917b032-5b69-4e78-a986-7c5b3bf86bc0,1,1,FF,0,1,1,2,1
a6b0cd85-d458-487f-b20d-642376f4be61,0,0,CH,3,2,1,7,6
b3cf833b-1b9d-495b-8367-5b6b3de7d549,0,0,CU,2,3,1,4,-2
570e5d6b-3d7b-4a1b-947c-9351f69e5221,0,1,KN,1,1,2,1,3
a9d69266-f423-4094-8574-aa6001f22513,0,1,SI,0,1,2,2,2
a4506a51-c1fb-443f-83c5-315b3e5d7435,0,0,SI,2,0,1,4,-1
0c12e433-9d72-4906-8ab6-f0d167f894bc,0,0,FC,1,0,1,5,5
e1bdc11c-b277-45c9-8765-984934d5b4ed,0,0,FF,0,2,1,4,-4
c4b04d8f-2f3f-4862-9f25-cbe9647c8cc4,1,1,CH,1,0,0,5,-1
ba2090bb-4b54-4b06-a2af-b98c5158382e,0,1,SI,1,1,0,6,4
8ad48961-4947-42f5-9538-9ece35b27a1c,0,0,FF,2,0,1,5,3
bf96c51f-4e65-4035-97d0-1ca2b3b0d992,0,1,FF,3,2,2,1,0
3aa630fe-0141-4d1d-b697-37cf89fceb8b,1,1,FF,1,2,2,1,4
2b211ef8-8800-3588-85ef-7392312eebf0,0,0,FF,1,0,2,8,0
3bc7f9db-47af-37aa-b57b-8bf4f72d8787,0,0,ST,1,1,0,3,0
a30cf5dc-f514-34d2-b323-64bc79f26566,0,1,SL,2,0,0,4,1
c0123736-33b8-3d9a-98c4-fe6b63274b9b,0,0,FF,0,2,2,1,0
6555829f-6006-381a-a2b8-5708ebdfa585,0,0,FC,1,1,1,6,2
9c557c19-1f42-3a9f-b266-4b11d351c00f,1,1,CU,2,2,2,4,2
0e533144-a22c-3354-889d-741298066f41,0,0,CH,1,1,1,2,0
4df6e53a-c450-35e7-84c5-d08a35d52d77,0,0,FF,0,1,2,1,1
cbc89382-a94b-3908-a700-e10c9427f354,0,0,SL,2,2,1,4,-2
0077d731-82cf-343f-8d8e-e999727c77e1,0,0,FS,2,2,0,8,3
650a4047-0225-34d8-a76d-5fe80b741924,0,0,FF,3,3,0,4,-1
183edb98-f01b-348f-a479-b55e4e017727,0,1,FF,1,2,1,2,0
acfe7f8f-4bd1-3e70-976b-b99714543dd9,0,0,FF,2,0,0,1,-1
89a42b70-d21f-3952-a867-4b70c1ff263b,0,1,FF,2,0,2,4,2
05653e5f-e6f5-3fdf-8f48-ac3c96831ac4,0,1,SI,3,3,1,7,4
f382fff1-55ec-3070-ae00-d9e7c25aa03a,0,1,FF,1,0,2,1,3
8adb817e-c3c9-3290-8f2a-381c85f8dcc4,0,1,ST,0,1,0,8,1
81d9b73f-9349-4b97-a058-0e1e28ea6b64,0,0,KC,1,1,1,9,2
485b0ed0-00e3-436e-bf6c-4af1e0ce0342,0,1,FS,2,2,0,7,-1
3df8ed73-f60d-44f8-841e-fd6d18f7a475,1,1,FF,0,1,2,2,0
39beff12-9d02-4682-ac6b-bdd57a8b187c,0,0,SL,1,0,1,10,1
dec1d18e-cbab-41f9-a754-42925172468b,1,1,CU,1,0,0,2,2
4f122de0-61e1-463c-8f5a-ca9f25136b2e,0,0,SL,3,3,0,8,3
deca6621-d087-454c-a740-4b98a5f4f6d1,1,0,,0,0,1,2,-1
9b02ebf3-d3b1-4ed5-a293-1a15d61c2152,0,0,ST,3,1,0,7,0
809a3752-ed83-4cb0-8fdb-4cc9f2f00681,0,0,FF,2,1,0,7,1
ed9d80c2-4336-41d8-964a-3a885f34d98f,0,0,SI,1,0,1,4,1
8c230d65-6b95-4c3b-82f7-8ca4268d3000,0,0,SL,3,0,2,2,0
62596267-ecdb-4f4f-9541-12705b91704f,0,0,CH,0,1,2,2,6
a5cfe3da-8480-44ea-bd7b-f7390665305c,0,0,CH,0,1,0,3,2
afd222bc-da64-4468-8e0a-13ff77758047,0,0,SL,1,0,1,8,3
30d5ea18-4761-4966-b29d-6928a8cf32b0,1,1,FC,2,2,2,3,0
f9bb2310-e78b-415e-96d5-06e575213b5e,0,1,,0,1,0,5,1
bd36f07c-3c69-457c-ae86-d2be2324a11c,1,0,SV,0,1,2,3,4
f1f11c99-5ef7-42c1-ad20-6f37b9082a5f,1,0,FC,1,0,1,4,0
91432848-4ba2-3d9e-b848-cae6e0758849,0,1,,2,2,2,3,0
c9507b9d-bc1d-3206-bffe-b788c6cd6741,0,0,FC,1,1,1,2,1
3415c6d0-4e31-326c-85e1-68fe950ca9a5,0,0,KC,0,1,2,3,0
af7fe42d-1120-462b-80c9-cfd00427d765,0,0,,0,0,0,7,0
76466e71-360c-3673-a8da-b9ad43d4844a,1,1,FF,2,1,2,4,-2
97123c0f-a9e9-3765-90ec-17d0e055ed8a,0,0,FF,1,0,1,9,0
82987ebc-0595-3baf-98f1-f6c69067ef40,0,1,ST,1,2,1,8,-1
d737c480-638d-3ae5-86c9-81c3982378d8,0,1,SV,1,1,2,7,1
79a7593c-57f3-32dc-a927-127c292a3d6d,0,1,,1,2,0,4,1
20db86c2-f2d6-3631-a675-a2e95e34baaf,0,1,CU,2,2,1,1,2
c13b769a-e6d7-31a8-a7d0-fbfaec7e8890,0,1,FF,2,1,1,1,0
4932fc96-8aa4-3db2-b7ae-7f01bbfd7121,0,1,CH,2,0,1,5,-2
5d61bb3b-b368-3b47-ae0b-c3ce4e17b5f4,0,1,SI,1,1,0,1,1
4898b761-0883-37a6-ad27-acfb2e92456c,0,1,ST,3,2,1,1,0
d1089f66-75c0-394e-87e7-572dc4aa2b50,0,1,FS,2,1,0,7,-5
b6fcf432-080d-3565-81fb-a82279f463b7,0,1,SL,2,2,2,3,0
eae1d77b-81cf-35eb-b762-2398e52471ea,1,1,FC,1,0,1,1,-2
9589dfa4-fd1f-3c72-91d0-8c6613ba304b,0,1,,3,2,1,3,0
fef7213a-85ea-3422-9b46-66d9acc3fd93,0,0,SL,1,1,1,1,0
f40ed236-9b3a-368a-a4aa-cfd8d1f5dde7,0,1,FF,0,2,1,4,-2
28430009-1874-3548-9255-9866a900c0c5,0,1,ST,1,1,1,4,-5
808d7152-f8a5-344e-a553-f9da3b569cfd,0,0,FS,0,3,0,1,0
0da3a5b6-9223-3aaa-babc-c4d1a7e00d69,1,1,CH,0,1,0,4,0
5846c0eb-92a9-388c-b3a6-44b95888d0d6,1,0,ST,1,1,2,9,1
5e4802bd-0bb8-3991-8107-5a461fe378a1,1,1,FC,1,1,2,1,-3
23edae44-e56a-3baa-a85f-452dbe8aebef,0,1,FC,3,3,1,7,1
879fed0f-ac23-3907-a451-6ca08227dc84,1,1,,2,1,1,1,-1
f4d336d0-cc30-3a0b-84ba-0da65e0da4e9,0,0,ST,3,3,1,5,0
088bbb6e-134f-3e2d-bd4a-af3f87ea4f4f,1,1,FF,2,1,0,1,0
bf2df3a0-5ed6-35a5-837f-78564db30306,0,0,SI,0,1,0,1,0
1602e9d7-643a-36a8-b9f0-daed86e8cf57,1,1,ST,1,0,2,3,0
099aeb4b-13c9-31a4-9c8b-b3d63c00bbd7,0,0,CH,2,0,0,6,6
9b0e3631-97e3-3d5e-a4d2-befb4267e70a,1,1,FF,2,1,2,7,2
018c4c98-ad93-3050-88ce-cb642cc627a0,0,0,,0,0,0,8,-2
91c6870e-e5d1-3717-b165-8adee892f5c1,0,0,SI,1,1,1,1,0
7fee517d-2eec-39f2-b199-76e7f1912dd7,0,0,FF,1,2,1,3,0
185f6f3b-4a99-4bef-9dbe-b025dd5e058e,0,1,SL,0,2,0,5,1
96ca16d3-f505-4314-b63e-bd56671c4204,0,0,FF,2,1,2,7,4
fd352990-a1a5-4c01-82a4-68cf7f266ab4,0,1,FF,1,1,2,4,1
05d7d82c-c904-4140-b001-4bef57995490,0,1,SI,1,0,0,5,0
602a8e0b-a977-4557-a742-9718ef357da4,0,1,SI,2,1,2,2,-1
f42c6cb3-66fa-49d4-9f81-622616304f80,0,1,CU,2,1,2,2,0
fe91fe55-3ffd-4daf-8cec-fd8a71b124d6,1,1,FF,2,1,1,1,2
77e6f4a1-70e9-41d0-82b1-600e9688e92c,1,1,FC,3,3,0,1,0
3d3c9cd7-a9f8-40a7-a2c7-5dc16fd88a1c,0,0,FC,2,1,2,5,-1
d729639c-5821-4321-aae0-0aa0580e6081,0,1,CH,0,2,1,4,6
fa206465-6ab3-4c22-9b01-84d5e7b55a2b,0,0,,0,1,0,1,0
1dcb1462-a42f-4a72-980b-c388f3cced8f,1,1,SL,2,2,2,3,3
32002815-9b21-4a89-afcb-948957b22cfe,0,1,FS,1,2,2,3,1
c4859e82-90cb-48e8-89cf-51d3fde378f9,1,1,SL,0,1,0,7,-1
6f743374-ab02-4d20-acf4-2993b5441630,0,1,FC,1,2,2,5,-3
fae0d158-39d0-4fb5-98f5-e6a92bf99995,0,0,CH,1,2,1,1,0
f20bd7ec-2d67-4a71-a104-d3def2e55b99,0,0,FC,0,1,1,4,0
cfd4b130-2c4a-411e-9c08-1c91108feeba,1,1,SL,2,1,1,1,-2
21b15ba4-9a7e-458e-97fb-7303b9833aec,0,1,FC,2,0,2,1,0
91f72815-b169-3845-b022-4fabc8d49c87,0,1,FF,1,1,0,5,0
40e726db-6691-3e06-bd2a-ce439e5aecce,0,1,FF,2,2,2,8,-1
304b0ecc-3ae4-36da-8fdd-4ef08ee21deb,0,1,ST,1,0,0,7,2
7c60011b-ecc1-3554-ab45-d0cd6925dae2,0,1,ST,1,0,2,7,2
73c4e36d-f375-3089-96f4-440462b3fbe3,1,0,SI,1,0,1,1,-2
ee2928cb-13cc-32a6-bcf7-865002d62acc,0,1,CU,1,0,2,3,2
cc4805eb-49bc-34fd-9944-1c89abebea88,0,1,SI,3,1,1,3,-2
844449ca-3819-3676-b1b6-63a09e0c9b00,0,1,SI,0,1,2,3,-1
c2889ed3-e0ec-3cee-b321-6fd226da69e9,0,1,,1,0,1,6,-4
6e025994-0b7e-326b-a3e6-311fb571adf7,0,1,SI,1,0,2,4,6
dcdb6d0e-46a5-368c-a700-3410c007fa2d,0,0,CH,3,2,2,4,2
1ebe1ee0-9e51-3c4b-9646-179423cf11b5,1,1,FF,3,2,2,5,-2
240b4014-069e-3bd4-b933-3efdd91e41e8,0,1,FF,3,3,1,3,0
5d9e9e61-0e3f-37c7-bb6c-4c2f7fb07cab,0,1,FC,2,0,0,6,1
4b0b454d-f8f7-3d72-9b5e-e25d370c705c,0,0,KC,1,2,2,1,0
89872698-6d6c-3e90-aa32-86c6d3e0a53e,0,1,FF,0,1,0,5,0
02b06e0c-12f2-3657-b9d4-49240067cc53,0,1,FS,0,3,0,1,0
5183ef8d-84af-34b2-997b-0a6a80601610,0,0,SI,1,0,1,1,0
bb621c82-a015-3185-bbd1-9c371e293da3,0,0,CH,3,2,1,2,1
8a235b97-de03-325d-bdb6-b38d9357a0c6,0,1,FF,0,2,1,1,0
affb8ff0-e500-3d31-adc0-9cd446ff7c84,0,1,,1,1,0,1,0
0a29da25-5a07-35ad-a6e3-b2997488c668,1,1,FF,2,1,0,8,5
4766b9e3-01a5-3124-ae28-d36971be8a6e,0,1,FF,3,3,0,1,0
52fac416-61b5-357f-877d-f7900cbef290,0,1,SL,1,0,0,3,1
a8b13740-e9b3-3e2a-b4e5-d4e32cf3a746,0,1,SL,1,0,1,3,2
bfcd410d-6b34-36d5-9fe8-630b54c761c8,0,1,ST,1,0,2,4,0
99a532d3-a76b-305a-a05a-6704adbe83d9,1,1,CH,3,2,1,7,2
6a323621-12e2-39a9-a874-2fb8c8106c86,1,1,CH,2,0,2,2,0
4a1afde0-becf-3b1e-9e12-66f95772eafe,0,1,,2,1,2,2,-3
2ad7236e-c194-3b06-81f8-c578dbfae125,0,1,SI,1,0,0,3,-4
28432978-7ddb-355b-b961-ab917edad573,1,0,FF,1,0,2,6,-1
27a7e5a0-1b28-3438-b050-d97d41de9559,0,1,,1,1,1,5,-2
87ff8eab-c904-3c0f-9ecf-e4b0e886b399,0,1,SI,1,0,1,5,-2
c422fece-12a1-3c7f-9bf5-54d07106b6c3,0,1,,0,1,2,6,-1
2391bc2d-2701-40f2-8e18-343a7e8d3202,1,1,SL,1,2,2,2,1
996241f3-2564-4402-a407-e11c6030987a,0,1,SI,0,2,1,10,0
b9b617e2-0a64-4469-9273-5dc9645b1b62,0,1,ST,2,0,2,8,5
63525a77-43b0-4572-ab36-8a9af0fa7d01,0,1,SI,2,1,1,10,1
1269c282-043d-4e8c-b920-85f85c3a593b,0,1,SI,1,0,0,5,2
b307f615-5e07-45cd-a2e7-d779dff8636a,0,1,SI,2,0,1,5,0
270dc699-99ab-4301-946d-13ff33aab605,1,1,SL,3,3,1,6,5
79fa38f5-be77-4fe0-ae53-0c255eb3d2ce,0,1,FF,3,1,2,6,-7
81436fb6-a05f-45ab-9fb8-19ff1b649dcc,1,1,SI,3,0,2,7,-4
ee699328-0e84-4b4a-88ef-74e182394bc4,1,1,FF,1,1,2,9,1
0d20fa14-1c60-4a1e-a926-37c653550c0f,0,1,SI,2,0,0,9,-2
35cdc16f-b193-4da5-9bda-2873f44bc9f8,0,1,CH,1,2,0,4,1
3e0cf495-dee7-40dc-a124-10d4c45d3492,0,1,ST,2,1,0,6,4
20087677-89f6-4fe2-ac3c-9aef9b091ec3,0,1,SI,1,1,1,9,-1
a203fb48-d9b9-4375-8f9e-a751ddb07676,0,0,FC,3,3,1,4,1
6065c907-81cf-4b66-af66-bd0bf73a8e1e,0,0,SL,1,0,2,8,3
1106a5bf-293e-4478-90d7-ac512a2466fb,0,1,CH,3,3,0,3,1
4cc6fd3a-55e4-4ab2-a8dc-63c06cce9287,0,1,SI,3,3,0,2,1
75a4943a-b3bc-4ee1-93b5-5ac11d8c977e,0,1,FC,1,2,1,7,-4
40a252d2-60bf-49e2-8370-e5e8ff838a78,0,1,FF,1,0,1,1,0
983bc14b-c828-48f9-b975-4cc9786a0f64,0,1,CU,1,0,1,1,0
d594e48a-423f-4fe1-aa4b-fb19930280bb,0,1,CU,2,0,1,1,-3
ea3c35e6-28e5-3acf-a7fd-0d6a77115b46,0,0,FC,2,0,2,3,-2
676e7d55-68ba-39f5-9708-b53343ea4483,0,1,FF,0,2,0,1,0
86dcffd0-4392-37c7-ad54-74fc53192387,1,1,FF,1,3,1,6,-3
3cbd8225-3a12-3d74-9742-9061ca57f014,0,0,FF,2,0,2,5,5
f65573de-e054-3a4c-8e0b-feaae7ccfd68,0,1,SL,0,2,2,2,2
325619a3-aba3-3928-84ad-6ccdeca2f9da,0,1,FF,1,1,2,4,-1
923efc04-8d47-35e3-8de6-ee4a06836a66,0,1,SI,0,1,0,2,2
eab8f414-ebe5-3926-a1b2-ff835cb44d10,0,1,SI,0,1,2,4,0
7bfb5a05-28fe-3d3c-918f-fc4e06d9a31f,0,1,ST,1,2,2,4,0
9d79f671-cb03-3a75-a3d4-815fdff20e89,0,1,SL,1,2,2,2,1
5fb467d8-b5bb-3e4b-91bf-29a9c4f830f3,0,1,FF,0,2,2,2,1
e559c7cd-e71a-3ddb-8a08-a75d7c6a441d,0,1,FF,3,1,2,6,1
0793e889-d5f9-3356-9443-e6a4f8f47776,0,0,SI,1,0,0,2,0
ad711343-5aef-32f5-8a09-7aea7c88f8c7,0,0,FO,1,1,0,2,0
48efc5d7-5fe2-3172-90bd-e84c5c2fe68a,1,1,CU,2,2,2,2,0
ca2f50ab-d5d3-3465-aaec-30d37a816d63,0,1,FF,3,3,1,9,2
1da49f30-e615-3a34-8034-42a7c45652b8,0,0,CH,2,0,1,2,0
4611a437-d9be-3a19-9e99-043acfbc8a13,0,1,FC,3,3,1,7,2
883f196b-5ab1-3486-a131-5aa7219a5556,1,1,FF,1,1,2,7,6
14efae5e-1719-3127-9e53-750c7afecfb7,1,1,FF,2,1,1,6,5
b81389e6-1e9c-3477-949f-61caafaa8fee,1,1,FF,3,2,0,5,-2
8afc2180-7a6c-3d93-a921-c6a9f28a5db5,0,0,,1,1,0,8,-2
34b86bcd-6285-3d7f-81ef-ca231594760e,0,0,FF,1,0,1,6,6
d3dd160e-fbf1-3c53-bffb-622b3e346660,0,1,,0,1,1,4,-1
f79db0a5-d434-3549-a23b-cae701f3cfe3,0,0,FC,2,1,1,5,2
f740a014-0ccc-3a01-8c07-ac56db083767,0,1,SI,3,1,1,7,-2
4c3c57bc-173a-3c51-a5a7-7038caf12900,0,1,,0,1,1,6,2
94c92cac-8fe9-3414-a0fa-21b7bb7995df,0,0,CH,2,2,2,7,6
a1063412-2bd7-320d-9ae9-2883614b8df7,0,0,ST,3,3,1,9,-1
0130a80a-9051-35af-982b-a556812f02c7,0,1,SL,0,2,2,9,-1
0b25078a-0717-335a-8f40-54912d46468f,0,0,FS,0,1,2,4,1
afa5da7f-0acb-31c1-946d-60b58f667503,0,1,SI,1,1,1,5,3
4e46c5c0-ed36-3b28-9291-52f5a208fad0,0,0,FC,1,0,2,2,2
5161a0a1-a1e0-3eca-8e84-5b02c4134d00,0,0,CU,1,1,2,2,3
94966c37-85e8-394e-8f27-102afeaf3af9,0,0,CH,1,1,2,2,2
8ee5d0cd-d9b4-3b62-8f51-b9e59568a1c6,0,0,ST,1,0,2,9,0
98527d26-e8ed-3d85-a187-994de0f1d18a,0,0,SI,3,1,1,6,-1
7b84035d-c542-3a7a-8796-71fbfce1fbb5,0,0,ST,1,2,2,8,5
fa3c7915-67d6-4dbb-b844-0e8568125588,1,0,FF,1,0,1,5,1
f9c3cc8b-1642-4a51-949f-2d2827a42965,0,1,FF,3,3,1,6,-2
c54cb392-23f7-4551-8eb1-2f71f90ba01c,1,0,FC,2,1,1,6,-1
d7a18352-d542-497f-aa1c-4c2b8b268e95,1,1,FF,0,2,1,2,2
d9777cf6-0d76-438a-8667-c21e33a3dd5a,0,0,FC,0,2,0,5,0
ab19184c-c12d-4411-81a9-7e237e4288df,0,0,CU,0,1,2,2,1
c6d0bb71-b4f0-48da-bb0b-3f18344ca70d,0,1,SI,1,0,2,6,1
588c0dc7-8113-454d-888a-5dee928ee82a,0,1,,2,2,1,2,2
d7125b91-8791-4375-b076-844ebdbf9c73,1,1,FF,3,1,2,9,0
fc87877e-892a-422c-b0ca-90688ca1b1fa,0,1,CH,1,2,1,2,2
8b248c68-96e2-438f-9a0a-438039d064dc,0,1,FF,3,0,0,9,1
d3a3bce7-3870-4677-9e08-9b0f83e300cd,1,1,CH,0,1,0,5,2
d7ccc6d6-128a-47a3-b3d8-1127d6e15a36,0,1,SL,1,2,0,12,2
c080fa44-a096-4fec-b56e-ed7e508fc88a,0,1,FF,2,2,0,8,-2
30060eb3-6758-415a-89e1-b61a3d7eb9c7,0,1,FF,2,2,0,8,0
14b320de-36ea-48e3-9371-61f379d62077,0,0,SI,0,1,1,3,0
a40b3d47-34e6-473f-9b81-144f5c5cc843,1,1,CU,1,0,0,3,-1
9c2fe334-6c30-4447-ab60-05fbaf71c197,0,1,SL,2,1,0,3,2
936bb18e-451c-4885-8903-208122c6e717,0,1,,3,2,1,4,0
f7a6bfe0-0e22-487c-afa1-e4a9b5485bcd,0,0,SL,1,1,0,5,0
60925411-b22b-4092-b66e-c1a000025fc1,0,1,CH,3,2,2,3,3
085c6511-040b-4eb2-9215-18cb033bb99b,0,1,SI,3,2,0,5,0
d39c69f6-2def-471a-9075-2406a14c2a55,1,1,,1,1,2,2,-1
07f9b958-29fd-4c16-acde-cc3a761dc185,0,1,SL,3,0,0,3,0
fee862e8-7aea-436a-a671-c301c6f6048b,0,1,CH,2,3,1,5,0
380fa808-595d-472f-8a9a-3e69304b5d10,0,0,FF,2,0,1,4,0
f185723d-5a43-4e85-892a-4bb356d7d73b,1,1,SI,2,3,1,6,3
be37d106-79dd-43dd-9661-f7fc497d7583,0,1,SI,1,1,2,4,-1
9134ae95-7280-4dda-8f4d-a3c10847094d,0,1,CH,3,1,0,2,-1
397b2d3a-cfe7-4407-8fde-a1f5a46501b8,0,0,FF,1,2,1,4,3
5d8186bf-269e-413e-a565-f5dadce8a19e,0,1,FC,2,0,2,6,0
0d13770e-e006-4ecb-8907-3d7bc5c2d3bd,0,0,FF,2,1,2,5,2
4eadc7fa-9557-44ef-908b-c86cecdaea9e,0,0,,3,2,0,4,-1
a0f54d44-2057-4243-b428-4f1a7a365995,0,1,SI,3,2,2,6,0
06da70c8-7587-4937-b7ba-51d2080d4553,0,1,FF,1,3,1,1,1
6433c99d-9418-4410-9bdb-447c81e8fc5e,0,1,SI,1,0,2,7,4
aaaa0cd9-afb7-4ea6-b658-acbf6aab0047,0,1,SL,1,1,2,7,3
46299b39-330f-4714-b82c-ac62a8d17e12,0,0,FS,2,3,1,2,0
b8708dfa-f245-4620-8308-6372218bca1d,0,1,FF,2,2,0,3,0
223d492c-ef34-40b4-9e8d-5b095ac3080a,0,1,SI,1,2,1,7,-2
318a96e9-368b-47a0-a9a9-86397000398f,0,0,FF,1,1,1,3,0
55ccb191-bd3c-4561-b769-95523c28cb92,0,0,FC,2,0,0,1,0
3be3a04b-a91b-4f39-a3ef-14697445c113,0,1,SL,2,0,1,6,1
306ab2a7-e548-4733-9913-4350c29ac396,1,1,SI,2,2,0,3,0
c6e6e2a2-caef-4226-a33a-8aa6b141daa6,0,0,SL,1,2,1,10,2
390df550-5684-4b33-8d9f-bed0a6186e70,0,1,FF,3,3,0,2,2
95cffd46-49c7-4e08-9801-f178cd366771,0,0,FF,1,1,1,8,3
ecc5c643-0ff3-4c9b-b912-7da68515909a,0,0,SL,3,3,0,4,2
c5606b09-e182-4c26-abaa-acfe1f246e99,1,1,SL,0,1,0,4,1
3f830fab-11d9-4ffe-a998-860f9c13e752,0,0,FF,3,2,2,2,1
8532aa41-e41a-4c22-a71e-69316499cdaf,1,1,SL,1,2,1,2,1
c642688c-9e55-415a-8873-5c6aa4c69684,1,0,ST,2,1,2,2,0
5fdcd35c-6be7-4e6e-b7bd-f355baa19811,0,0,FF,0,1,2,8,3
7829b50f-5039-446b-bedc-ac3ea5cbecce,0,0,CH,2,1,2,2,1
27f5a291-d9b1-3936-b189-04ef06fce6e5,0,0,FS,3,2,1,9,-4
ef888f1e-bda5-38f9-8e1e-6f48e05aaf1b,0,0,FF,0,1,2,4,0
fcb6e0af-3e66-3914-9afe-1ebc52349c5f,1,1,FF,1,0,2,2,0
34649f0c-6f1f-3e21-b6a7-60f4026a807d,0,0,FF,0,1,2,7,5
56a1326d-c882-34ce-97cd-22abb0f87079,0,0,CH,3,2,1,8,-2
f95f9447-82d8-39d3-a594-903db43caee2,0,0,FC,0,1,1,4,1
7edc02c6-d6e5-47cb-bc6e-08a2862fc6ad,1,0,SI,2,2,2,5,0
2e59ca8a-55b5-43e7-8ae3-f38606982a42,0,0,CH,1,1,2,7,0
906e0aa9-af42-4b6d-b920-4104f50531f5,1,0,ST,2,2,1,8,2
c0602fac-b06a-4283-a346-b10082f4436f,0,0,FF,1,1,2,7,2
bac07fdb-c879-4f2e-9955-5533e93ee989,0,0,FC,1,2,1,2,1
169ebcb9-480a-41de-a0c6-793906094177,0,0,CH,1,2,2,5,-1
a502ffaf-5839-4335-bcc1-28b2ba871664,0,0,FF,0,1,2,9,0
560de551-f865-3ba4-9547-a13330f45d54,0,1,FF,2,0,2,5,5
a76284b4-9a74-31a3-9692-ca050a59e161,0,0,CU,3,3,1,2,-2
7f9b5d1f-5f7d-36ec-96ee-3159b3f7e549,0,0,SI,1,1,1,7,1
19efa093-2c22-36ea-b5f7-ad322a4ef8ae,0,1,FF,1,2,0,2,1
95a0a6ed-834d-3210-80f4-c8b0fb096387,0,1,FF,1,2,1,6,3
e0d8b767-f8d7-3780-a66e-37ccb817effb,0,1,ST,1,1,1,6,3
2fb61bec-b9d2-3946-be51-ee6652293733,0,0,FF,0,1,0,8,2
b8923d2e-ba49-3cef-9c73-b81748c017dc,1,1,FC,1,1,2,4,2
071f6f73-2f7c-437e-8ec7-28f784e933c4,1,0,FC,1,1,0,7,-1
b7290202-99a5-4c9d-a05d-f158bef8e7c7,1,0,FF,0,1,2,3,-2
b7de9d8e-63eb-486b-a15d-5fcd155c9a68,1,0,CU,2,0,2,5,0
da2c1591-643a-4631-9a62-f315f08083e9,0,0,FF,3,2,2,6,-3
0ba950c4-e4e8-4a37-a80e-38de2b1fb2d9,0,0,FF,0,1,0,9,0
441acc40-b693-45ac-84b7-4aeab6250b04,1,1,FF,1,1,0,4,1
ed16891e-2446-43c5-ba50-f7035c9a7f44,0,1,FF,1,0,0,9,0
eee16ef4-d0a0-4310-88e4-011af2f7e23f,0,1,SL,1,2,0,9,0
ea4e4809-1b86-485e-aa6d-4c98b80a8715,1,1,CH,2,2,2,1,0
82ec824d-d32e-4390-a6a2-bf98627792ef,0,0,CU,2,1,1,2,0
a672f713-0040-4137-822c-a4af85b5aebd,0,0,FF,2,0,1,4,-2
fa622f48-d527-4aaf-ba1f-b98db89af184,0,0,FF,0,1,2,6,-3
9986e8a8-ef44-4a02-bf79-8a63e66bb61c,1,1,FF,1,1,0,2,2
4033a7a1-b3d0-4a4a-8b0a-621e0cbf7691,0,1,SI,1,2,1,7,3
fbb8afef-130b-42f7-a25b-8bf0a6ca6a30,0,1,,0,1,1,3,-4
1e0d299e-95ec-4459-9a80-99a272bd3ebc,0,1,FC,2,1,2,7,2
756be285-c3f4-402f-9170-80e694845592,0,1,,1,0,1,5,3
2781d27c-6b54-4f8c-b74c-0ee22f6bd552,1,1,SL,1,0,1,5,3
9faf6ec8-16fd-42c8-85c7-dd67443e857b,0,1,SI,1,1,0,6,1
7f734d01-f9b5-4b5a-b8c2-1c839561a97f,0,0,SL,1,0,1,1,0
c42abf7a-7c05-4159-87e1-59c913b97128,0,1,FF,1,0,0,3,1
aa6901fe-ddd2-4a0d-bfb1-23df60027fb5,0,1,FF,1,1,0,3,1
7250140e-2f84-47fe-90cd-ed70e582d60e,1,1,SL,1,2,2,3,0
34290f8c-50a5-46d3-9ea9-ba8bdb544c69,0,1,SL,1,0,2,9,2
94039c2d-e8e9-4d0e-8ee7-6673a7865d6e,0,1,CU,2,2,0,1,0
711d143c-e09d-4dbc-8bd9-f062f1b0e7d9,0,1,FF,1,1,0,1,0
8aa31e19-3287-4fdb-8ab9-d012df4053a7,0,1,SI,1,0,0,1,0
981cad22-97de-40b3-ae91-981b501ca860,0,1,CU,0,1,2,4,2
a8740077-797f-41fd-af84-24230c363752,1,1,CU,2,2,0,6,6
a12dbadf-321a-439d-a4a6-a12c1842b608,1,0,FF,0,1,1,6,7
66ac6bf9-4437-41e7-a5c6-c50669ed64fd,0,0,SI,0,1,1,7,2
d8ce5c57-2299-4833-84ac-424b3070f24f,1,0,SI,0,1,0,5,2
1bdc1acd-100a-4dee-ba98-627600160d04,0,1,FF,0,1,2,2,2
3417013c-ff37-4aaf-9bce-bc91f85af25b,0,1,SL,1,0,2,2,3
86245bf4-ac5f-4b19-85e6-d2b282949b4f,0,1,SL,2,2,2,8,2
b0bab9cf-f403-4ea8-9e28-4409bba3350b,1,1,,0,0,0,6,-3
42dab94a-48f3-45e7-8b09-2cb1bafd9cbc,1,1,SL,2,0,0,7,3
7cf1ce9d-49f0-4512-b1d2-0b66fcd92ffc,1,0,SI,0,1,2,8,3
04e33200-1030-4f62-b1b1-86ec2c1ff033,0,1,SL,0,1,1,5,3
54aff932-18fd-4023-a8cc-31720f5cfef3,0,1,SL,0,1,1,3,3
9611bb21-911e-4826-8529-a8197086ce5c,0,1,FF,0,1,0,1,-1
e979f281-2265-46ed-8811-4ddcb3aa228b,0,0,SV,1,0,2,3,-2
5bb7478b-4117-42b1-a7a1-7cd53e63ae62,1,0,SI,0,1,0,7,4
836d520f-c796-4126-be1d-5daa14dedd94,0,1,SL,1,3,0,6,-3
ac395b0c-fc53-4809-aca7-eb12e7e05d54,0,0,SL,2,1,1,1,1
3fc31b9a-5136-42e6-a79f-f166dccb35e3,0,0,SL,1,1,1,1,1
067d7337-badd-48e4-97b6-6587debec00b,0,1,ST,1,0,1,8,4
ffbb7c4b-f3bb-4bde-becb-3435964e8cc7,0,1,SL,3,0,1,3,1
42f2df44-12ef-41aa-a416-ecb9f5c2b2b6,0,0,CH,2,2,0,5,2
c5f3e712-0da4-449a-ba41-ba68bc24b05c,0,0,FF,1,2,0,2,3
1bee9f7b-13e5-495d-a7ab-9fbb558d8e70,0,0,SL,3,2,2,8,-1
f7bf8fca-af53-40dd-a479-02c1a4e235a1,0,0,CH,1,1,1,1,1
9071991a-90fb-40e6-8cfb-c83f7e087234,0,1,SL,4,2,0,1,0
96b5cedd-4904-4ce6-89ed-b200a4dc5f9a,0,1,SL,2,1,0,1,0
c4b9ce2c-e85f-4140-8028-ce3630fc823a,0,1,FF,1,0,0,7,2
72b2f4fd-f91e-4a0b-8c26-dfe351601da7,0,1,FF,1,3,1,7,2
4a1efcab-401f-4dd0-8698-3aecd750bd8c,0,1,FS,0,1,1,7,2
b12d0818-c5c2-46f1-a571-b62b741ddbdb,0,0,CU,3,2,0,7,3
b705ad0d-beb1-4fba-8807-a26ca91f8eb9,0,0,FF,1,3,1,5,1
be8a523b-fdac-4a65-9e7f-7aeac558407a,0,0,KC,1,1,2,2,0
8f404e82-8855-4967-a672-1debdd19c163,0,1,FF,0,1,2,5,0
64a5878d-3581-4242-99a5-9b4c253f5b41,0,0,FF,1,0,0,9,4
9f10bdd4-78d4-4659-b63f-2a65de952fa5,0,0,FS,3,2,0,9,4
07dfe1be-2e57-41c3-89aa-d2cabec9293c,0,1,ST,2,1,0,5,2
2999b759-be49-437e-92de-88a946cd1280,0,1,,0,0,0,7,0
06aafa33-113a-36be-912c-2201b1406022,0,1,SI,1,1,1,10,1
af2d6cfe-27cf-3a8b-872c-b87098afe7f0,1,0,FF,1,2,1,8,2
c03123a1-3ce9-338b-8a7f-2ad587429aa5,1,1,,0,0,1,6,4
7203fe8c-1f42-326b-a4ea-9b5a6deaf5d9,0,0,SI,2,0,2,6,0
6e7df3a1-2655-35ba-883e-d99514de7d41,0,0,FF,1,0,2,7,1
280de45c-89b6-3e22-9039-f81c0a49f5e1,0,1,FF,0,1,0,4,0
2cdf26ba-97aa-3e85-a001-e01a3c0ec820,0,0,FF,1,0,1,9,1
2e8f4936-9fbe-3848-b053-a85f767ec50e,0,0,FF,1,1,0,2,-1
08201250-5f44-3baa-8e06-e501cb3a8c9d,0,1,FF,1,1,1,2,-1
01320254-41e9-330a-bb77-6c1f3785d7c8,0,0,KC,2,1,1,4,0
955d8e6a-922a-398e-a01c-7ad0f175dc0f,1,1,SL,0,2,1,6,2
fb7f9ca2-5789-38fc-8c57-0a613d19a2d4,0,0,FF,0,1,1,8,2
3099cf7e-109e-3cfb-a475-abf0cf221b0f,0,0,SL,2,0,0,7,0
0db2d5ff-8eb9-34c4-bf79-6cb3b7315adb,0,1,SI,1,1,2,7,1
2db1a79a-4cc6-3677-b803-8813e0e39977,0,0,FF,3,3,0,2,0
6871090d-8378-3f8d-b7b7-c2e3f6413c46,0,0,,0,1,0,8,0
22631472-785a-3fb5-a7d8-1e600a747685,1,0,SL,1,1,0,5,1
8f74f3e7-b4a5-3e63-8a01-e43171d9a8e6,0,0,FC,1,1,1,9,2
99bac685-0d16-3e0f-9272-e3405df13109,0,0,,1,1,2,1,0
6b9f683d-0200-3a55-8d15-0426fc00d996,0,0,ST,3,0,2,1,0
124cbea7-7dbd-3260-a60b-7d8e85aa6b02,0,0,FF,1,1,1,4,1
8ce1b99b-3221-3875-8565-7d6d4633a31f,0,1,SI,1,0,2,3,0
6496fdb8-e8b2-3658-8a2c-eb86f464f22f,0,0,SI,1,0,2,1,0
1f1328bb-7ff4-3497-b565-338de4f1bffa,0,0,CU,0,1,2,3,2
f18d68ce-c782-30a2-8faa-1ffec5b11513,0,0,FF,2,0,1,5,4
90713e9c-da19-3daf-8ce1-ba8aec4ec8f1,0,0,FF,2,2,1,2,1
d9777d23-a6c5-31db-9669-c5eacd6d2bd8,0,1,FF,0,1,2,1,1
eb04d162-dbd5-3b79-ade2-638969994ff9,0,0,,2,1,0,5,-1
8dbfd2fb-e4f2-3fbc-a75d-2785e4388fad,0,0,FF,2,1,0,5,-1
65693509-936b-3957-a450-47dbe7ef81b0,1,1,,1,2,1,5,5
9fe72464-5ee1-3a64-a89b-6f2744618f6e,0,1,SI,2,1,2,1,1
f0869252-38ef-370a-896c-856d6bd0b74b,1,1,FF,0,3,1,3,-1
1138a005-1759-3c0e-b9df-98e0e162590a,1,1,,1,2,0,8,6
c6ef7b64-edfe-33db-8d61-4c9e63d8e181,0,0,FF,0,1,1,1,0
db5a7181-8e58-3ab5-afed-fac8fdc81858,0,1,CU,2,1,1,4,1
c832cbb8-dfbd-3120-9f1b-80841196ab5c,0,0,CH,1,0,1,5,0
fe68753d-c208-343e-8f12-8f1690269a2d,0,1,FF,2,2,2,4,-3
60130373-71a6-3db8-b76b-e6d56fe5c09a,0,0,CH,1,1,2,5,2
f37dfef5-b099-38ba-aa8a-76c2b0a86355,0,0,FS,2,2,1,5,5
cfc897f8-9a56-4461-a656-fced527ebcac,0,1,FF,1,0,2,8,1
e179de5e-72aa-42cd-b66f-343916bcb5ed,0,0,FF,1,0,2,9,0
9c89138b-3448-4694-be84-1ccdab402743,0,1,SI,1,0,0,4,3
fc3e98f2-361d-435d-992a-26759a3c4724,0,1,SI,2,2,2,2,2
8f3f3afc-9a0d-48e3-9f04-7672430d6b86,0,0,FF,1,1,0,9,2
b88a5aba-8845-4d66-b44f-c4f431ae301e,0,1,ST,2,1,1,5,-1
c30cd660-abf1-4db0-b82f-c72cdb7fc6f7,0,0,,0,0,0,8,1
c4dd0366-ad6d-40d9-9977-adc5406fd995,0,1,SL,4,2,2,8,1
ec4ef419-08d2-4305-920b-38a4c98c8a14,0,0,CH,2,0,0,2,0
403d1c8b-564d-4ddb-8db9-8cdef920cc94,0,0,FF,1,2,2,9,-2
4d8b5077-8ae5-423f-9dd5-317a87187e31,1,1,CH,3,2,2,3,5
3acb0896-f60e-40c5-941d-08323b1b0a80,0,0,FF,2,2,0,7,2
f3b3a860-a5fb-4214-a73e-31b7274378f3,0,1,ST,1,2,0,5,-1
853c9079-224f-4cfb-a6e9-cff8f4d478d2,1,1,FF,0,2,0,2,1
95a87889-00c3-46d8-91b3-f07e6f784841,1,0,SI,3,1,1,2,1
b110c6ca-c602-4267-b009-9f8f8b7dedf1,0,0,SI,1,0,0,7,1
6d8a35f3-1851-43da-8ba2-50b6892083b4,1,1,,0,0,1,4,-1
d3cc3a86-bcd4-4171-99c8-e77d05a57986,1,1,SI,0,1,2,4,0
9d66fe96-8cf7-447d-a113-d3941fd295d1,1,1,SI,1,1,1,2,1
89a70fd9-cff1-4403-b2d0-10492f2702d4,0,1,SI,0,1,0,7,-4
dde606ec-7df3-4187-94a4-20baea22f84f,0,0,FF,3,2,2,2,-1
d2722ade-3d53-4d8d-893b-9d09a0ec86a9,0,1,SL,0,1,0,5,1
f73be26d-db16-486b-9132-497ab317d024,1,1,CH,0,2,1,2,2
be5bb4eb-3fef-3c61-b98b-3ed13c3c0256,1,1,CU,2,1,2,3,-1
5e15e3f0-a79c-3668-aa97-b7683cf440c7,1,1,CH,1,0,0,2,0
07ad9837-563b-3832-913b-b47d63805c84,0,0,CH,0,2,0,7,2
111fb7af-d679-3eaa-9b4f-dee8a08958ad,0,1,CH,1,2,1,4,1
f04806fb-e833-43d1-917e-39f0a2787b3b,0,1,,0,2,2,9,-2
3023f350-b877-355e-acae-701ca709fb25,0,0,FF,1,1,1,1,1
029b3237-1bf0-3cdd-8bf2-8b035c5b14a1,0,0,FC,1,2,2,3,1
0a107c04-e368-3aec-a806-12646669f3ad,1,1,CH,0,2,2,1,1
234958a2-eea1-3686-b9c6-db6b2604bc84,0,1,SL,1,1,1,7,-1
2c118984-03f3-3cf4-935b-d80faf8f7e11,1,1,FC,1,0,1,4,-3
6918829f-c704-336e-ba9a-a2e0afb2a1e4,1,1,SI,2,2,2,1,0
4e265c01-1461-3c44-9364-110501f1d974,0,0,FF,2,0,2,5,3
499c30d6-cb05-3945-bbc2-edfa007ae192,0,0,SI,2,2,2,7,4
847ed19b-1b88-3c25-a373-a772ad335c91,0,0,FF,2,2,1,1,3
c486fac5-044b-3f3c-be7c-7723d7a29dd6,0,1,SL,1,3,0,5,0
de331879-b054-36ed-a6e1-9c8d7e4f23ed,0,0,FF,2,1,0,2,-1
db6bb535-baa9-38c5-bf35-f9c44a506978,0,1,,2,1,2,1,1
4ce24d40-06a3-3de5-92bf-17ffabbf5230,0,1,CH,2,2,0,2,0
535d0535-65d6-3ae3-be5c-c9803018b25b,0,1,CH,2,1,2,2,0
11d49921-ebf2-3085-ab1f-1bdccb8ce7eb,0,0,FF,2,0,0,8,1
54833dfa-3661-3b0e-80f4-dd785aece29c,0,0,FF,3,2,0,2,0
038cbce4-322e-37a7-9c05-fccc0b7a5a27,0,0,SL,2,2,0,2,1
ad2336bb-6300-3a19-9d38-331e59192934,0,0,FF,3,0,0,8,2
70c06f51-de81-35d4-9e18-5c893edf3afc,0,0,SI,1,1,0,6,1
48c97eaa-7ac3-310a-aa80-988e9befd79e,0,0,FF,3,2,0,4,-1
9bdf5f90-ee8d-3570-9728-99e92ff858fe,0,0,FF,2,2,1,8,-1
d93e6d24-1d61-3106-ab58-9780dd6defcd,0,0,FC,3,2,2,3,1
785066c3-f5de-3d6f-af7f-a79ec0953a22,0,0,FC,2,0,2,1,0
768baf86-1985-37b0-99ba-4782ab8a6890,1,1,SI,2,2,1,5,1
817909f4-b542-3550-b76f-d39feb321ca1,0,0,FS,0,3,1,1,1
be4dee97-e5eb-3375-a1ab-6cd3e39ca76a,0,0,FF,3,2,2,5,1
0aa46cb4-5d93-4b2f-b809-ccbcbd47710b,0,1,FC,1,1,1,9,0
faa37dc8-0318-4d65-be4b-00ca3b51bd32,0,1,SI,0,1,1,8,-1
6c19de22-fd90-4a11-a470-df5a6710b8ac,0,1,FF,3,2,1,9,0
12e4f000-51d7-409b-8b0d-d856015270e4,1,1,CU,1,0,0,4,0
335250ad-7b81-4869-aa8d-3078e7993169,0,1,FC,3,0,2,7,-5
f82bed17-5fb5-415f-9208-eb7cdf1c9c82,0,1,SI,1,1,1,6,3
db0e9060-da17-4cf5-aa03-869f9644e12b,0,0,SI,0,1,1,8,1
6da66cf2-d3ae-47c7-b0fe-41440eccfa9d,0,0,FS,2,1,1,6,4
846aa88b-4625-43ac-a565-7dd8fec875e5,0,0,FS,3,2,1,6,4
d6c71f41-0e42-4361-ae45-fb31875f684e,0,0,FF,1,0,0,9,2
2bd359b2-a4b2-4dd6-b2ad-c2611e1a6118,0,0,FF,1,1,0,3,1
36f88d6b-03c3-47dc-854d-4ada8e78c403,0,1,FF,1,2,2,9,0
4ddcb08d-9085-49e9-8af4-dfc1b07d7328,0,0,KC,1,2,1,8,3
0c57529d-29f2-4341-a4e0-9d4f4ad56334,0,0,FF,1,1,1,8,3
9c85138a-e907-486a-b9c6-8045960eebb7,0,1,,1,1,2,1,-2
824540c9-7301-4869-8126-ad4d870b8c70,0,1,SI,1,2,2,8,0
8b69c6d8-e172-438b-b0c0-39fe3f12cd9d,0,1,FF,0,1,2,1,1
8197182a-54e6-44b9-b838-5c5b23dc3344,0,0,FC,1,1,2,7,0
e9a91993-c52f-46ef-baa2-6b7908a7102c,0,0,KC,0,1,1,4,0
fcb6945f-6977-4209-8e3a-c16915a779f1,0,0,ST,3,3,0,1,0
b2f256ee-466d-40be-b683-4380a6178234,0,0,FF,3,3,1,3,-1
a9ac9574-35a9-4009-bb5f-a29ba7d53745,1,1,FF,1,0,2,3,1
f8eebf98-db04-4929-abed-c6f4e9acb41a,0,0,FC,1,0,1,7,-3
09adfc7f-0165-4b55-a6d5-b45d3d503c8d,0,0,FF,0,2,2,3,0
d616c78e-93df-4a11-815e-c647afa002ee,0,0,FC,0,2,1,6,3
48668a86-46a0-4051-bf7e-118cd230e3c1,1,0,SI,0,1,0,7,5
98f9fa05-c5bc-4ca6-8ebe-93623ff1c236,0,1,FF,2,2,0,5,2
ec0a684a-f9c2-4366-948e-62a1ecd79bf3,1,1,ST,0,2,1,8,2
61ea20ed-753f-4d8d-81e7-b8364278df34,1,0,SI,1,0,2,7,2
7f9dc278-b995-4a25-b6b6-692cce38cd59,1,0,FF,1,0,1,6,7
f692e020-a36c-4f33-9411-f3d992fa3e3b,0,0,FF,1,0,2,8,6
037f2544-6236-4614-a9f7-cb71c53f5814,0,0,CH,3,2,1,3,0
317e892e-e83d-3c27-8806-22d021166e76,0,0,FF,1,2,2,4,4
5fd4cfc3-438c-3656-b19b-b45eba42ffa0,1,0,FF,1,0,1,9,2
97ee6c3b-77b5-342a-a222-6489e8ff677b,0,0,CU,0,2,2,4,4
35b4b7cc-b575-3675-a910-680a1219e2e9,0,0,ST,1,1,2,5,2
c90640bd-03f5-31cf-acc7-2d97b9766227,1,0,ST,4,2,2,7,1
1e1a20cd-d559-33fd-adeb-7676e4ec515b,1,0,SI,1,2,2,7,1
94ed4c03-f97d-3c7d-844e-598a29730405,1,0,FC,2,2,2,4,6
94d0dd94-75aa-3dc7-817a-927819f1b1f4,0,1,SI,0,1,2,7,7
c8f6c882-1e1e-3b91-822f-cbe2d582b60c,0,0,FF,0,3,0,2,1
331ea7ee-c05b-3ecd-974a-04922b40da45,0,0,KC,3,3,0,1,0
8cff8afc-d342-3a3b-af4b-2264055ee938,0,0,SL,1,1,2,5,-2
199d69a8-9ed3-3181-b07d-494e9e54bb30,0,0,FS,2,2,2,5,1
b1ff7123-52b0-3e08-b00e-ce4ee50d2ea5,0,1,FF,1,0,2,8,4
3368b37c-814e-30bd-aa8b-8aaec8fcecbd,0,1,FC,3,2,1,2,5
e1d19bb2-7a8c-364a-82a2-4fd1bc833ae9,0,0,SL,2,0,1,1,1
594215e5-755f-3a2a-b724-94e09ac38c48,1,1,CH,2,1,0,7,3
3b7af9cb-ad58-3760-88ad-0aef2d5ade4b,0,1,FC,1,2,2,5,2
2dd79c93-689f-3cef-a26b-5dbae1a94dc0,0,1,SI,1,0,2,3,0
88e90041-4294-323f-9e1e-94ecf08b9fcd,0,0,FF,2,2,2,3,0
5068d03b-f374-3c54-ab34-bec4b1a90bc5,0,0,CU,2,0,0,5,1
09ce7dde-ba76-3fb7-ac4d-c3bb8577c485,1,1,FF,1,0,1,7,0
00631b85-f933-3db0-aee9-2371ecca6634,1,0,SI,3,1,2,4,2
1d94ade9-c564-3164-a739-fbcf02ab7ae0,1,0,FF,1,2,0,3,3
ce40254f-0211-323c-ae61-f45ff14b636f,1,1,CU,2,2,2,1,0
b58e8626-7394-3390-92a6-effadba66d6a,0,0,FF,1,1,1,1,1
2487ef2f-ec1c-34f5-aeb3-c69f500d24af,0,0,SI,0,1,2,5,-3
7d6284e6-530d-3359-bdb7-1f1b3a715d93,0,0,SL,1,1,2,3,2
f1b620a6-eb64-37f6-bc84-67eed3099eff,1,1,CU,3,0,2,5,5
dc22ff77-2369-35ce-bdd9-215721e154eb,0,1,SI,0,1,0,8,1
66ee13d5-684e-3393-8e43-f8711c45935f,1,1,SI,1,0,1,8,0
fe70a83f-6ee4-3ab0-8d0e-dbc8dda29093,0,0,FF,2,2,1,7,1
041521be-ae16-3973-8a57-bad5826d1cf0,1,1,FF,1,3,0,4,-2
b87c6c48-7e3c-37bd-bdcd-0231529310ec,1,1,CH,2,1,2,5,2
c17dabc0-9d46-3e2d-8456-1b7aeb478942,0,1,SL,2,2,2,1,0
a25e943d-0c8c-3e99-9cee-cd054bb4f033,0,1,SL,1,2,1,8,0
eb79c84d-3a53-4a05-a7c5-2df96221bd3b,1,1,FF,1,1,2,6,3
ea79d7f7-934b-4bc3-99d9-8175ebffb385,0,1,FC,1,1,0,9,-1
98c9bb17-28d3-488c-b36e-a6f390193098,0,1,,1,2,1,1,0
6a7f5f9e-d097-4b60-95c7-285f2081a142,0,1,FF,1,0,0,7,1
681f5538-4b2b-4d96-8db0-cf29a857b8ea,0,0,SL,0,1,0,8,1
1d9d555c-5cbd-4652-aea4-90c3395c5788,0,1,,2,2,0,2,-1
16ed5a7c-6b54-3249-a72c-2cc01bb0e726,0,0,CH,2,2,0,5,3
f2f98d48-9b55-3549-8d83-95021b330a73,0,1,FS,1,2,2,5,1
d8f56064-61f7-3e90-8f9e-2674850ab6df,0,0,FC,0,1,2,3,2
06c396fb-3be9-3700-9dd9-fabde44f7701,0,1,CH,1,2,2,7,1
d8291bbc-da55-3ca1-b7bb-1f3a6d33cd48,0,0,FF,2,2,2,3,0
b887ccdf-c280-3b18-9b3f-1fa30e215406,0,1,SL,1,0,2,8,3
c24ae1fd-6b09-310f-9acd-f18d0b31faf3,0,1,FF,1,2,1,4,3
f6f976f6-6109-3762-8f78-23a000c1e433,0,1,SI,1,0,1,9,2
0d7a3466-d3d5-3fb9-aa3f-b74ef2c377f5,0,1,,0,0,1,3,0
067ea7c6-223a-39d4-b5ce-e768b3de8dd0,0,0,CH,1,2,2,4,-2
58462895-a3a6-33dd-b69f-f38017cd3dcb,0,1,CH,3,1,2,7,3
bb99964d-9c0f-378b-9024-31cbc2132d10,1,0,ST,2,3,1,7,0
0d6c737c-e44a-333a-b9e1-0ad1fd30934f,1,0,KC,1,1,1,2,0
0909b640-996f-3858-b978-a33b98432344,0,1,SL,2,1,0,9,2
70b6b999-9736-42b0-98f5-35dc9e97b146,0,0,SL,2,1,2,3,1
f28cc1e4-8c3b-4d0c-828c-5a6ff69636b9,0,1,FF,0,1,1,6,1
e79c8db9-12ec-4a16-aae9-4e87d1d04864,1,1,FF,1,1,2,5,-2
7bd546a0-5a8d-4d1e-b9e0-8c40c6a61dda,0,0,FF,1,1,2,3,1
d25a2bc1-bde1-49d0-b19b-28d1f226f706,0,1,CU,2,2,0,3,8
447e4f24-7561-4188-813a-1b5b11f496ee,0,0,SL,3,1,1,1,0
ad5617a7-8f07-4a5c-bce5-80a369d73dca,1,1,,0,2,2,2,0
62759e99-75bd-4748-abe8-ded704ca77b9,0,1,FF,3,3,1,1,0
725956b6-7216-4aee-ad4b-111e0f178164,0,1,SI,0,1,0,7,1
b36965b7-a475-4a88-83ef-d2a34c98b1cf,1,1,SL,1,1,1,8,6
f721c762-47e4-4beb-bf8e-360f879225c7,0,0,ST,1,2,2,8,-1
d92f139e-5abf-4730-9e82-a0f570a5a484,1,0,SI,2,1,2,7,1
a170f23f-b72b-4845-a63e-835f3c3f38ff,0,1,,0,0,2,2,-2
2a692027-65f9-3ec9-aad0-3a82c32e730c,0,0,FF,2,2,0,6,-2
0f1598e7-fcee-3271-8b6f-ead725af71f2,0,0,SI,1,3,0,2,0
44d04620-9bb0-3ab4-aa6f-a82f4d7d3e94,0,0,FF,1,1,2,5,5
0c392ea2-943c-396e-a7b7-954222293f4c,0,1,SI,2,0,2,6,2
bb804374-22fc-36e5-ae61-d6a19f76e282,0,1,ST,1,2,1,4,0
e5f58d10-5054-3d90-a1ba-ddc8d8f541f9,0,0,FF,3,1,0,2,0
8961877c-4b87-3ec6-a4b4-a6d7ff455396,0,1,,2,1,2,7,1
225a5de5-6eab-31d8-a82c-fdfc9a0ae746,0,1,FF,2,1,0,4,-2
8d8893be-d1c0-3c69-a45a-ccf1284b0a34,1,1,FC,1,0,2,6,0
fbed0ec5-27b6-3260-b45c-0c3aa8f8fc5b,0,0,FF,2,1,2,8,4
65624515-23e9-33dc-aecc-7a52a422d1f3,0,0,FF,0,1,1,2,3
97702c04-3727-3e31-aa82-ba9d4d359cc3,0,1,FC,3,1,1,7,3
c3637b83-aaf0-3c5c-952a-6732110be3be,0,1,,2,1,0,5,0
a0c59f6c-dfa5-4382-8026-69a0ef04482b,0,1,CH,1,2,1,1,-2
d511a3f9-ba4a-4283-9f6b-05f5a5a1f1ee,0,0,FF,1,2,2,4,0
08697ffb-37f8-456a-90a9-fdf92cebf789,0,0,FF,1,0,1,7,-4
97aaa6ad-255d-44fa-a4a8-6a123dfd492a,0,1,FF,1,1,2,5,-4
693ee290-59dd-4a7c-8f7b-b396f6fbdb5e,0,0,SL,2,0,2,3,0
ef1e576c-80b4-4b2e-a0a2-7474619ede0e,0,1,FC,1,0,1,1,0
5d321229-d759-4555-b838-8be04da7e96d,0,0,FF,1,1,1,6,2
2cf64499-f06d-45ac-914d-1a1bf0cbe24b,0,0,FC,2,0,2,1,0
d60b1d94-b906-4e58-b1f4-41b10fd41f45,0,1,FC,2,1,2,1,0
9675d8c3-f1f1-4359-9116-fe73025eeae9,0,1,CU,0,1,2,1,0
d436cd73-397b-4c17-b56b-061097193b38,0,1,ST,2,1,0,9,2
71981baf-31d0-4cfd-bb8a-e7f441bce6eb,0,1,FF,1,1,0,9,2
95829a75-4fed-4590-aaf3-9f00e338cd79,0,1,FF,2,2,1,9,0
fd0be95c-838e-495e-9b0d-50b3bc8c0830,0,1,FF,1,0,0,6,1
522ce4a9-16e9-4294-b492-1592123df351,0,1,SL,1,0,2,7,6
64db2106-1abc-435c-8e55-769367018f85,0,1,FF,2,1,2,5,3
983c0585-c315-482b-91bc-43488d0f4e4c,0,1,CU,1,1,2,5,3
8e142b14-d0d9-40b0-b30b-e0008919079e,0,1,CH,0,1,1,3,3
6d2c0fc1-d572-43ca-8a14-d16e6b003055,0,0,CH,0,1,2,3,4
583205a1-dd85-4d66-be6f-48c03292a551,0,1,FF,0,1,1,4,1
98576e06-cf87-4c95-bca2-719e3bb946c9,1,1,FC,1,1,1,6,-2
37e82d85-6a82-4a90-9476-39a1b69bd4c6,0,1,CH,1,0,1,6,0
f0c977c3-a424-4077-a112-3b588ac375b2,0,1,ST,2,0,1,6,-1
c4786069-bd86-4392-b048-b7f985a0cae0,0,1,FF,0,1,2,1,0
867d14c7-a697-46cb-bd7f-2e6a317bdf30,0,1,ST,1,0,2,7,0
3eccc25a-d4d4-4c34-b059-a523a5f0d4d3,0,1,KC,1,0,0,6,-2
b6ebfbca-a3f1-4f3e-a882-abd1137f7448,0,0,FS,2,2,0,4,0
41efceeb-b4ce-4eda-9ba6-6daa52afef16,0,0,SL,0,1,2,7,0
eee20add-9aaf-485d-9070-1fdc78abffe0,0,1,SI,1,0,2,3,1
49808774-71e7-4166-8f84-0a7510be58f9,0,1,FF,0,1,2,6,3
bf14e76d-3db9-451b-b239-817f44786749,0,1,FF,0,1,1,8,-1
aa36c272-da87-40bb-9fc9-335b5e56909b,0,1,CH,0,1,2,8,-1
21868f04-5b74-41d1-abbe-3ed743939d11,0,0,FF,1,0,1,4,-1
acd0696d-bcee-4470-b04c-b7d8d2a80db1,0,0,FF,0,1,1,6,0
64f23672-7127-4819-99a1-0c4c220a62e2,0,1,SL,2,2,1,3,1
abeea32a-7054-4846-8ae8-cb8b5133aebe,0,0,FC,1,1,0,5,1
f68b1f05-ede9-4623-b773-b54b0bf374e8,0,0,FF,1,0,0,3,0
909195b5-b49d-43f7-99e5-42447a433a4c,0,0,CH,1,0,2,1,1
809697d7-01f0-4f7a-aad4-73d04718ed5e,0,1,SL,1,1,1,1,1
1e23f949-2c7d-4646-a4ac-89df5106e6bd,0,1,FC,2,0,1,4,0
a287468c-bee9-44a1-ace4-06ab466fdf48,0,1,KC,3,2,2,1,0
4b1b3ade-e283-416e-ad8c-2e026f71a641,0,0,FF,1,0,2,3,0
b933f7b8-e677-41f3-b936-c6acbf1388dc,0,0,CH,1,2,0,6,-3
0081f587-db13-4a74-b2b4-122ca4510d93,1,1,FF,2,1,2,5,1
c58f17a5-85aa-425a-afe0-de4217398bbe,1,0,ST,0,2,1,9,0
0fbabddd-4465-41de-bf98-1e3e97ee1ced,0,0,FF,2,2,1,6,0
3306e747-9281-454f-b6fe-6ac3e41055cd,0,0,CH,1,1,1,6,0
dfcebb0a-9afc-4178-8dea-4a3fa5097bc3,1,0,FF,2,0,2,5,0
6dcb4766-b2ca-40b9-a332-0ec3d9299b6b,1,1,FF,0,2,0,7,-1
6b957eea-6197-4a62-b5e5-abef5232cdc0,0,0,,3,2,1,1,0
4c9c8360-6677-4551-a8e5-173053a4ee94,0,0,SI,1,1,1,1,0
de4f135f-d3e9-40e6-b3c1-e4d74295ad4e,0,0,FS,1,1,0,7,1
4ca37749-72d2-3e66-854f-1c5daea9478a,1,0,SL,2,2,2,8,-1
44dd33fd-3aea-3256-a57f-39ec0ce6594b,0,0,SL,1,0,1,5,2
897e8392-7962-3dfc-8ced-5e3602693dd6,0,1,FC,1,2,1,9,0
01f47f18-bd59-3ffe-be39-fd28f5837243,0,0,FF,3,1,0,4,0
d9a68b5a-bea3-3420-b624-6b1101a5f21c,1,1,FF,2,1,2,4,6
f94a8474-e927-332b-ac6a-fb96300dcf7d,1,1,FF,2,2,0,3,2
7deef204-97e1-3d35-ba9c-fe27d05b9302,1,1,FF,0,2,1,9,1
e8c57edc-f1d3-3f1a-bace-85c3d4c29bb0,0,0,FF,2,0,0,8,1
3bf90257-c5c4-3ba6-a1d9-021f7a03d85f,0,0,FF,1,2,0,4,0
ac668870-c927-30bd-a3e7-a5d4d80997cd,0,0,SI,2,0,0,7,6
3e747dd2-49aa-3bba-ac39-777de05939e3,0,0,FF,1,0,2,3,1
9033c615-57a0-30ed-96e2-cc4a6b5b6af0,1,0,FF,1,0,2,5,-1
740da173-7830-3652-83e8-615f0441b5a6,1,0,SI,0,1,2,7,0
300902b3-ff91-366b-89b3-1be8a0110ab8,0,0,FC,2,3,1,1,1
a9cc93be-5795-3832-b6d0-e492f9f274f3,1,1,FF,1,0,2,6,1
535e20f6-d508-3f74-b96e-73c0b921e0b5,0,1,FF,1,1,1,9,1
87b08246-d971-36d8-b00e-5b496589f59b,1,1,CU,0,1,0,2,1
02550d9c-217d-3505-a1e5-40a56cfd1b5b,1,1,FC,1,0,1,2,-2
9f71584d-b6ff-4ecb-909d-1b4769ed6d88,0,0,,1,0,2,4,1
24b19a7f-4985-3f04-98a1-06d2f33d7ca9,1,1,FF,2,0,2,1,3
ea803c8b-4ff7-3e65-a29d-02546f26cf4a,0,0,SL,0,1,1,5,-3
a00adcb5-cb93-3e3c-85db-b85bc7b321dd,1,1,CS,1,0,0,4,3
b7fa784d-e20d-3207-909a-0a984a444a9e,1,0,ST,1,1,2,9,2
3cb40295-bdfb-31f4-82e3-24769e60bb8d,1,0,SL,1,1,1,6,0
56b5d05c-7bfa-33a1-addf-21f3f51ea46c,0,0,FS,1,0,0,2,1
f002f937-0087-3523-8519-5cce121c914f,0,1,SI,3,0,0,8,2
41fbe965-c470-33ea-945c-bebe2364ac0b,0,0,SI,0,1,0,2,0
3f6a9b7e-5893-3fcb-952f-dea91fb3e0af,0,1,SI,2,0,1,2,-1
b457d37d-89aa-3c07-a081-52eb62d255df,0,0,SL,1,2,0,8,0
e40cb864-9618-3e13-94a8-48f02cb7f9a7,0,0,CU,0,1,1,5,-1
12320237-7ed9-3b35-807d-41b46a6f61e0,1,0,SI,0,1,2,5,0
1df16c87-4631-35b5-9d90-6dee5095d17d,0,0,FF,2,1,1,3,5
a40ffbd5-35d7-32f8-9107-0585f04f4ce1,0,0,ST,1,2,0,6,0
6a9ff618-d40d-3ff2-bb14-a548b60e0c2c,0,0,CH,1,1,1,4,1
1489c1d7-cb21-387d-9542-bcb6922f87c9,0,0,FF,2,2,1,3,0
474ed343-f522-44cc-9f30-7cdeebc18e65,0,1,SL,1,1,2,6,1
c553560a-811f-47e5-ac70-dfaec6789fbf,0,1,CU,0,2,2,2,0
abd0f931-15af-41d1-aa8c-556a82e0e131,0,0,FF,2,1,1,9,1
8f90f99f-dbab-422c-82ab-990e4d733872,0,0,FF,2,1,1,3,-2
cb6e00d2-9e47-4293-98e0-9206b6acc428,1,1,SI,1,1,0,8,1
12c3cfa8-f3f8-49e9-9284-491b9fdb50ca,1,1,FF,0,1,1,4,0
3eecb617-7ccb-4d7a-b08c-fa19f0dd7d07,0,1,FF,1,1,0,7,1
bb3a2631-92c9-428f-9f32-cf12ef03f580,0,0,CH,2,0,1,2,0
2fd459e7-36d1-4e81-96e6-7130327bf62b,0,0,FC,1,0,2,5,-1
741645cf-028d-4be5-8945-ef951366ac82,1,1,,2,2,2,3,1
b3f60dc5-34e8-4e10-9fc7-f37914f21691,1,1,CH,1,2,2,3,1
3fcaec24-f0a1-4e72-b817-593d7ee7c768,1,1,SL,1,1,0,4,0
0819d696-ce10-4769-95b1-b8b92e98b243,0,0,SL,2,1,2,7,-3
eb4a5672-b7ee-4a0c-bdbd-1970f80e299e,0,0,SL,1,1,0,7,4
74eb886d-5102-4a8b-a254-bf9bf0a1294a,1,0,SI,1,0,1,3,-1
c9a1b435-69a3-4088-9455-0ec3f7e78321,0,1,SL,1,0,2,1,0
4b194007-2459-42aa-b99b-92a98905ade6,0,0,FS,3,3,0,1,0
2cb11d59-5fa2-4e64-b8f5-bf83bac61f6a,0,0,FC,1,0,2,7,-4
7b4f5ab3-1b27-422f-ab8b-5762959d838c,1,1,CU,2,1,1,5,1
da4abb8f-4b65-4d2f-878c-51612807778a,1,0,FF,3,1,1,7,2
0a14b0cf-c7bb-4362-819e-a43130efbf99,0,1,SI,3,3,0,1,0
2e68e097-8d47-4faf-a607-ae849510fd65,1,0,,1,1,1,5,4
e5cfd044-c2fe-4249-b639-b10502969119,1,0,FF,1,3,1,1,0
1bf780d7-455b-4d56-8c71-f3a10a3f330a,0,0,CH,0,1,1,3,-1
bb82032e-10ba-46cf-8361-4a9ff1e7f9d5,0,0,FF,3,3,1,1,0
cf5fb377-448d-474d-a370-81c8006305de,0,1,CH,3,2,1,3,1
5559ca2d-3d8c-490b-9802-7497fb85fe92,0,0,SL,0,1,1,1,1
e925a0cd-80cb-423f-9a64-bb0c1b177251,0,1,CH,0,2,0,1,0
408d2ac5-5064-45f0-bf39-08771cb4914b,0,1,SI,3,3,0,1,0
cdfaf750-0cc5-417e-91f7-7bf97f7fa3d3,1,1,ST,0,1,1,1,1
d5083ffe-e8e9-4727-ab8f-dcc2172ed446,1,1,CH,3,3,1,6,-3
dacf7226-1a74-4993-b1c7-f32eb5834d3a,0,1,CH,1,1,2,5,-4
154d987b-e742-48df-84d1-9e07e697b69c,0,1,FS,1,1,0,1,0
8da950be-44e6-4cfb-bc06-c0d8dcae1d2d,0,1,FF,3,3,0,5,4
4093081c-85a8-4bcb-9370-c8dd2c02a211,0,1,SI,0,2,1,7,6
b3c2b462-937e-4302-b744-7d33f8c8b809,0,0,CH,3,0,1,7,4
3a512597-f1d0-41d9-9b25-10ff5cf99fd3,0,1,SI,3,2,0,1,0
c4bec40f-68cf-4bbf-bf9a-435ac6ae4feb,0,1,FF,1,0,1,6,3
cdb107eb-10eb-435b-90f4-132ac23c08c5,0,1,ST,2,1,1,1,0
1b30300b-fc16-48cc-ba88-c7187c85365f,1,0,CH,2,1,1,6,6
1eaa4a4a-ec5d-48e7-b324-f7e7d1b18224,0,1,CH,0,1,1,4,3
d2b439af-3226-4cd7-9ebd-b2b17c4d44d7,1,1,FF,1,1,1,3,2
0fcaa743-8d0e-4194-b718-ced28cd4a1d3,0,0,FF,2,1,1,2,2
386b8169-5c34-45df-9b33-1456cc4809d1,1,1,FF,0,1,1,2,0
80375e9e-6e55-4c7b-bbd6-2e5cf99e8de8,0,1,SL,0,1,1,8,1
b94d0958-5b1c-4848-ba9f-3c2ab8fef4ff,0,1,SL,3,1,1,8,1
541c9759-dff4-4d2b-b878-ad6ed7707981,0,1,SL,3,2,2,3,2
b2a03461-13f8-4b71-a464-862249a3b51a,1,0,SL,0,3,0,7,3
2a0d6d43-8ce2-4f33-87bd-393f605ac514,0,0,CH,3,1,0,4,3
9bb7616b-ecf1-4031-af0d-c6923147f51f,1,0,ST,1,1,2,5,-2
ba580028-fd3d-4e8b-9f46-91368ea231c1,0,1,FF,2,0,2,6,2
2f63867c-40fa-4595-a0f9-264e669ab86e,0,1,FC,2,2,2,6,2
399d38d7-c873-47e1-9933-84317855223e,1,1,CU,1,1,1,6,2
22c682ed-616b-4214-8a7f-c72e817726a9,0,1,,0,1,1,2,-3
571ef0bd-0d75-4f2f-bde0-41295ea06084,1,1,CH,1,3,1,3,0
1206cf3f-537e-48ff-8d6b-8cac3f091d1e,0,0,FS,1,0,2,8,2
ba3d111a-2ccc-4895-ae2a-81bb59c008ae,0,1,SL,1,3,0,6,-1
c32107af-c9a2-4cc1-9ac7-c3e44c70daf5,1,1,CH,1,2,2,4,0
d4b97b79-2512-468b-953f-bdd24738f5ff,0,1,ST,3,2,1,5,0
aca2413e-ad75-40b6-8247-3c8017c3addd,0,1,FC,3,0,0,3,0
ddf88fb7-d40a-4c49-8e84-88ac38ca83c9,0,0,FF,0,1,1,3,0
f2bec915-e262-31ce-a834-7ee764a1e3b3,0,0,CH,1,0,1,7,2
99022f74-323b-33c6-88c9-8ece924ded95,0,0,FF,3,1,0,7,1
5332ad9c-8abd-3b92-996d-f06eeb2970cb,0,0,FF,2,0,0,8,-1
3243c728-016d-30db-8e1d-dc73ded2ff75,0,1,FF,0,3,0,2,-3
01cb2186-8647-30a0-a8cc-baa698442a3a,0,0,FF,1,0,0,9,1
86567fc3-9a1d-30e5-a9f4-aaba2feb2391,0,0,FC,0,1,1,4,-1
f6842ad3-7eb7-3f68-9ef8-e9893f59e689,1,1,SI,1,1,2,8,5
dc6d6620-9ea0-45b8-8c90-adefffd70727,1,0,FF,2,0,0,7,1
641b73f8-acd3-4ba1-97a6-3c81995ed3c8,0,1,SL,1,2,1,5,4
a939acbf-1520-4891-baf8-20bffd0a6c05,1,0,ST,1,1,2,5,2
1b13f14e-7dfd-4825-bd0a-76394ca872de,0,0,CH,2,1,2,1,0
011edf00-432f-4b5c-bb6d-57f992fabbea,1,1,FF,1,1,2,1,0
5aa68f7c-c9a1-4000-bbf6-2271580e17d9,0,1,SL,3,3,0,8,2
a2d88922-7fd9-411d-a9e0-fdfeab67b272,0,1,SL,3,2,2,5,5
68bf7e21-1926-4d1f-a913-836bff580dcf,1,1,ST,1,1,1,6,1
f450ae97-9a1a-4b13-ac2c-8dfcd3059412,0,1,FF,1,1,1,8,3
24a0396d-7fe3-4a2e-bf13-56faff7cf891,0,0,FF,3,3,1,5,0
9443a30b-d1f9-43c0-9be0-9f8e754522c4,0,0,CH,3,2,1,2,0
642c6cbe-a473-4622-9ba4-9fda1771fc0d,0,1,FF,2,2,2,5,3
ab8981b4-865f-4031-b33d-713eaa0bd1d4,1,0,SI,2,2,1,1,0
b913e2bf-9c69-457b-a055-7f8545b9a370,1,1,FC,0,2,2,7,2
31af3a84-a5bd-4f2c-88e3-74b4a40cb122,0,0,FS,1,2,2,6,2
e5bb3952-f97f-4e7c-985b-1e757524e7ea,1,1,CH,1,2,1,2,-1
006d1ea3-db25-4e54-ac3d-0ea520db5640,0,0,FC,3,1,2,5,3
7eeb7344-ca5d-4c32-854a-6d146c496ff7,0,0,FF,1,2,2,3,0
a8165ce3-f294-4e49-ae86-05fdbfb98f3a,0,0,CH,2,2,2,3,0
a37156dd-6c5b-4ae1-9694-685f6397a04b,0,1,SI,2,1,1,1,1
63cad81c-a857-4cf5-8bc9-f1a624383834,0,0,FF,1,0,2,6,4
521cecbf-3a3b-41a1-b8cf-e59ec3b6586c,0,1,SL,1,1,2,8,2
c6ae2644-f59a-44fb-b370-fe32aa8af4f5,0,0,FF,1,0,2,1,0
fd8427fa-45cb-448d-ac30-cbc7de9edc47,0,0,FF,1,1,1,9,-2
627e2e99-f9a7-44af-a815-78d05aba818d,0,1,FF,1,1,2,4,1
c8bcbd6f-32ea-4716-b63e-9d3171c96015,1,0,ST,1,2,2,8,2
a93a445b-45bc-3c8b-9edc-6ff8493ecd72,0,0,CH,2,1,1,7,6
8071807f-1645-3d47-91ca-3f7dca9f6a4a,0,0,CU,1,0,2,5,3
5dc3230e-68ac-3dee-8b72-b8d89b714d35,0,1,FC,2,2,2,4,0
98a8a371-fd1b-356e-834e-23c8d171a6e9,0,0,FS,2,3,1,6,1
c3e888bc-42c3-3cca-860a-af7f0c847c17,0,0,CH,2,1,2,1,-1
5f71ad6b-22d8-3b05-b421-599799923fde,0,1,FS,3,2,1,4,-1
b1f8f606-9024-3b09-baf3-6a6e243996ae,0,1,SL,3,3,1,7,2
6a6d7980-6de2-3cf6-b47a-57dcc8bfa40f,0,0,,2,1,2,2,0
2afc3cf4-12dc-47d9-af8c-4cac763ce2ed,0,1,,1,1,2,2,-2
a2cfe3ce-6587-3bac-8b75-7cb57a0f2c9d,0,0,FF,2,2,2,2,3
85da3d9c-d468-4c65-92b0-0c4bd1af00e6,0,1,FF,1,1,1,7,4
008b370d-2061-4354-ac12-ad9ddc157ffd,0,1,SL,2,2,1,9,1
f0b7481c-8c08-4ebe-af45-d05dd959cc15,0,1,CH,0,1,1,1,6
3cc72140-c2f8-437c-8513-ed9058f542ed,0,0,,0,0,2,9,-3
fec5bb87-7ba6-4565-b802-58676c1f8ed7,0,0,FF,3,3,0,9,0
1bc5ed26-d9b2-4dbb-8689-97f9f5660d12,1,0,FF,1,2,2,8,1
7a490e67-efb7-4843-8f58-840d920b6de2,0,0,FC,0,3,0,5,-1
2e45879d-637c-43a9-83c1-45fa940b9654,1,1,KC,1,0,0,2,0
25806fb8-d7cb-44e7-802b-3926cca40f29,1,1,FF,0,1,2,1,0
1347af42-77ce-4081-9c87-5ab54de7e01f,0,0,,1,0,0,9,2
c8cf9026-462e-4278-9849-cb92c656ebd8,0,1,FF,2,1,1,9,0
0e1ce27f-32aa-4473-aad7-17250b88d295,1,0,FF,0,2,2,5,3
d3fc4dc0-58ff-4403-9d08-94d3f0287119,0,0,FF,1,2,0,2,2
5fb7a817-dd65-4be7-a491-5e70c6d1b98e,1,1,CH,2,2,1,3,4
552c6af7-964d-4740-a74b-dc4fb27ad32c,0,1,FF,2,1,2,5,0
83598e49-74ee-4f33-bac5-48a4eff105b9,0,0,ST,2,2,0,5,-1
bf0d1247-4b6b-49f2-aab6-87778a0f3c95,0,1,SL,0,2,2,4,0
b183791c-366a-4a58-b8df-05949b5f0ceb,0,0,SL,1,2,1,5,-3
b33dddfa-183b-44bf-881d-778284598410,0,0,FS,3,0,1,9,-1
dcbd70cd-9c68-44e3-83ba-40d35a33b1ce,0,1,FF,0,1,2,8,2
32163099-8843-4685-b987-598f7e42de7d,0,0,CU,0,1,0,7,-2
8dabe2bd-34be-4144-873f-73b77fe751c9,0,1,FF,1,0,1,9,3
33949718-fb09-4b06-93c7-6eb8a8dbb2fd,0,0,SL,1,2,2,7,-1
c7051a06-295c-436d-8a66-c3c869849bae,0,0,FF,1,2,2,5,-1
9ca56c61-6caf-40b1-a081-fb0cce2f9469,0,0,CH,1,0,0,6,5
774b317e-7f6b-479c-bff9-612b7757709d,1,1,CU,0,1,0,6,5
aee95944-e144-46b7-8acf-821d0dc28cca,0,1,FC,1,1,1,5,0
ef2a2acb-ab6f-454f-8ff8-8ad3b692314c,0,1,SL,0,1,1,7,2
a19d0e48-841c-4feb-9cb9-c8866112a703,0,1,FF,1,1,1,9,0
7b34dda9-2fa6-4577-9038-2d98187ded96,0,1,FF,3,3,1,4,-1
f7e31daf-6747-4ad6-bbcc-4ddcee72137c,0,0,FF,1,0,0,2,-1
5121494e-8194-468b-be79-f40abe914c17,0,1,FC,2,2,0,5,0
fcf32080-96ce-3217-8d88-ec7821997cd2,0,1,SI,1,0,1,5,1
e2d65829-e530-3b79-95f0-2dcad8557c50,0,1,ST,1,0,1,8,-1
3e6aca14-e307-3936-8e6b-1ba2d6530535,0,0,SL,0,1,1,6,-1
8ba22394-2227-3a79-b9c9-6822e0956fc2,0,0,FC,2,1,2,4,-3
30b2e5ce-0520-3579-a56c-81511703c950,1,0,SL,0,1,2,6,-3
d723210b-9040-3881-94db-799fb827cf77,0,0,FF,3,3,1,10,1
a41e9e51-5b7f-374c-8bca-01722dea4b93,0,0,,0,0,2,3,3
2ba9c0cb-3c5a-32aa-8f78-ddccda04d1ed,0,0,CH,2,2,0,3,-1
f0202894-f221-34b6-9bd0-c59867d22b55,0,1,SL,1,0,2,8,4
b9a72f0b-1b83-3d62-9379-adc7d3594f36,0,0,FF,1,0,1,7,-1
c7e4b2ae-c430-3621-9cd0-e623a8466fc7,1,1,FF,0,1,1,2,1
1f4a4701-9408-3cd7-97a0-c6114f6318b2,0,0,SI,0,1,2,7,4
5118de4c-74ac-4365-b2cd-89f7a6c02844,1,1,SL,0,2,2,4,0
a2bc29a6-ae41-40d8-af8c-2176db23ae15,1,1,CH,2,3,1,3,0
c50b7c20-8633-4a87-8e5c-4895b7ba3804,0,0,,1,2,0,6,1
95f579e1-34c8-4912-a8c6-ff79c9fdba32,0,0,KC,2,1,0,1,0
6a76608f-bf00-4d75-958a-9ce3749edaef,0,1,,1,1,2,7,-4
6579072d-ab42-49f7-b776-aab5752badf3,0,0,FC,1,2,2,9,4
4085accc-8b9c-40a9-ac7b-ee3221f2dcfe,0,1,SI,1,0,0,9,2
48a3dac1-fda9-4ac8-8926-31e9ff0454cb,0,1,FF,1,2,0,8,-1
e29d1480-dba3-3645-988a-6970848cf959,1,1,CU,1,1,2,2,0
b2d609fc-9146-36e3-872e-30377ff6ac71,0,1,SL,3,2,2,8,0
d98355f7-6d3c-3e77-9486-4458e5accd54,0,0,CH,0,1,0,9,3
93d3eee3-23eb-3efb-bbb3-7ab2fcdc172d,0,0,SI,1,1,2,7,3
f60010f7-383b-3cbe-898a-ba316df24ad4,1,1,CH,2,3,1,5,3
ff302daf-d60e-3558-9e0a-e8f232900bae,0,1,SL,2,2,2,1,4
24fd3f8e-4401-3fa0-9656-3d89cff84865,0,1,FF,1,2,2,8,1
917ccc84-738b-3f48-b90f-6a01778d625b,0,1,FF,2,2,1,9,3
f9a6968d-6d0e-308d-9a42-1718bac5c6d4,0,0,CH,2,3,1,5,-1
d380936e-6aac-37e1-820c-a61ed2edc9aa,0,0,FF,0,1,2,5,4
88f68e0a-49d3-3875-bb02-00bb41964ad9,1,1,FF,1,0,2,2,-1
25a3b2ce-9e0a-3e52-977b-435c2ab1c622,0,0,FF,3,2,1,2,-1
7d5b94b6-c45b-4d0e-bcb3-94e27c3f63f0,0,1,FS,2,2,1,3,-2
2057baa7-8ce8-45a0-abe9-861c70f1bfd0,0,1,ST,1,1,0,1,1
3f0a35ab-c6b8-4a5f-a54a-3b26071e7d13,0,1,SI,2,1,2,2,4
b016e863-705d-4ee3-8b76-5695dfc0d054,0,1,SI,0,2,1,5,2
f4b122c7-999e-4b74-8c6a-52f6f200f2bb,0,1,SI,3,3,1,4,-2
57c1fa81-6ff9-4880-980b-1318e0cc3101,0,1,SL,1,3,1,3,0
acff1e2a-f9da-4ed7-93bb-2fb3940a0b8b,0,1,FF,1,0,1,1,0
6fb2fda1-0a0d-41f1-8372-0b9682bf8560,0,1,SL,0,1,1,1,0
e9616c6b-60c8-46d9-8b13-b2db45d6f6b8,0,1,,3,2,1,4,0
73d4901b-693e-34a6-aa7d-e8c12bffc5f4,0,0,FF,1,0,2,4,4
d8f88b5e-6417-3069-8b79-0e21f9525b57,0,1,FC,2,2,1,7,1
549b1d0f-fecc-3e9c-85e3-0b24229482f2,0,1,SL,0,1,2,3,1
c5b72572-6aeb-4d1f-957b-c79aee36d1b0,0,1,,0,0,1,5,0
7a6001d6-79ed-3575-99a1-ccf92e5a9803,0,0,SL,2,2,1,4,-2
cfcc9205-6588-3eda-8634-64081e05a1d7,0,0,FF,1,0,2,1,2
a52cf345-bcef-3044-8187-71a5e98d03cd,0,1,KC,1,0,2,4,2
042b7e54-ee6f-4abe-9b44-9ec9c2a8b469,0,1,SI,0,1,1,3,-1
19418dd9-7ceb-4a1a-a6af-109b6387743d,0,1,SL,2,0,1,4,4
e341b5ee-22b7-4efd-9881-fd8bb2bc8c37,1,1,FF,3,1,2,2,-1
db9eb82f-310f-3fb9-819d-b733551a1aef,0,1,SL,2,2,1,7,3
d1eee521-05ac-30b9-8e37-7ce292135129,0,0,CH,2,1,0,2,-2
6be33fa4-79e9-3444-9173-35ff8cbf165a,0,1,SI,1,2,2,6,3
71781de4-de16-3c29-a312-5a1b2f1eff63,0,1,SI,1,1,2,2,0
880031dc-a7f8-3ecc-8f76-8869b4f2e508,1,1,ST,1,0,2,2,1
f8a96ee9-8f92-48be-a95c-3c2949cb7f1f,1,0,SL,1,1,2,5,2
72476f45-84c9-4a8b-96ce-72db871418e8,0,1,SL,1,2,1,3,1
537f0a9a-b019-4d02-975b-5c40746f277b,1,0,FF,3,2,1,3,0
6c1590ba-f86a-43da-89c7-7e5d9bd8b15a,1,0,FF,2,2,1,3,0
936ba195-7b79-4359-b236-eb23cdd75beb,1,0,FF,0,2,0,6,-1
6f10a112-a3ed-4993-bce2-42f83d553771,0,0,,1,0,2,3,0
78105c3e-e097-4a0e-8b80-df35f7261a76,0,0,FF,0,1,2,9,3
2fa2cf1b-b874-47ed-b71d-9d627c41e6a2,0,0,FF,2,1,0,9,-1
24fcc111-1f52-4918-89d7-e262c8688975,0,0,FF,1,0,2,2,3
5283c63d-2d42-488b-8c27-fb0312ede863,0,0,CU,0,1,2,4,5
730b15cb-696c-4c55-9d13-7b1afc27e53f,0,0,FF,0,1,2,4,0
17ffbbd2-61fd-48cf-b806-77b28aa40bb6,0,0,CU,0,1,2,3,5
efa96c44-62b6-4154-a1e1-99f64b78e1c9,0,0,SL,1,1,0,9,0
d0622f34-f666-4e3f-bab9-4c88580e7bd7,0,1,SI,0,1,0,9,0
34a054ad-e2c3-4b0b-a7f5-a5787489ea0b,1,0,SI,0,2,1,3,-1
aa217773-2b90-4ee8-9d94-61289015d4c4,1,0,SI,0,1,1,3,-1
907d53e6-0869-479a-96fe-e04f29a80288,0,0,SL,0,1,1,7,4
2a19f200-d9d7-4179-a6b0-966634c4a23b,1,0,SL,1,2,0,7,0
8d28b753-1a60-46c4-bdc5-715629eeb995,1,0,FF,0,2,0,2,4
3ad8374e-24d7-4ad8-878f-e56ef19aa612,0,1,SL,2,0,0,7,0
dccc7d12-5e32-4437-9d5b-825c2f92a17f,0,1,FF,1,1,1,8,3
d0004b3c-27e0-424a-937f-457c273453c7,0,0,CU,1,0,1,2,2
4a32eda5-a4bc-4ed7-bb61-1fca89829186,0,0,FF,3,1,2,7,4
d894ce72-ca91-4b67-9ea7-2254ed43f103,1,0,FC,1,0,1,7,-2
96370ea4-40c0-450c-91fa-d0c05081ba2b,1,1,FF,2,1,0,7,-3
deab91f5-d3b4-4963-b771-df9c2312c49e,0,1,,0,0,0,9,-1
e76e68e7-defc-4459-94cc-789fd21c1476,1,1,SL,1,1,2,6,4
520b1451-e57c-499f-af72-0f57952754cc,0,1,FF,0,1,2,5,0
4cfa8cdc-b725-4fb5-839f-4a21c6dd27cc,0,1,FF,1,3,1,3,-3
43768b19-5de8-42d4-b3f1-e87c6b9ef4ad,1,1,SL,1,3,0,3,0
b4215223-9445-48b7-b140-a5149a3cf044,0,1,FF,1,2,1,3,0
cb2e4cbf-7f9f-40c5-8097-3eebfef51fb8,0,1,SL,2,2,2,6,1
83af170f-9f2b-496f-a882-23806e427f8e,1,1,FF,1,2,1,5,-3
1f5c7009-156a-4aea-9e73-9050880b816f,0,1,CH,1,1,2,8,3
07b5c0ff-0545-4cb4-bc01-4133947403f8,0,0,,1,0,0,7,1
ae348ed7-df8c-419b-bfde-fb0c9d1fb4ab,0,1,ST,2,1,2,5,0
9c301491-2c32-48d1-acd5-b098ec5f8cb6,1,0,SI,0,2,1,10,2
dcf9c480-9ffc-41a2-b8e8-9704c291404f,0,1,FS,3,2,0,3,-1
3f26f0ef-cde3-47e9-a513-e4daad33cf62,0,1,FF,1,0,2,2,3
c3960e87-96cb-4a70-8e1e-6965bbe251c4,0,0,FF,0,1,2,9,1
bda0cf32-69c1-44b8-8e13-a76a9dbf897d,0,1,SL,0,1,2,4,6
2f9795b2-28a7-4a58-8f7f-83d8ad42a3af,1,0,FF,4,2,0,10,-1
dadc67f5-edd9-49fd-8d43-e026d88c7049,0,0,FF,1,0,2,7,-1
d457a948-2931-45e6-af5f-be64b442b25e,0,0,ST,1,2,2,7,-1
bb38486c-31d1-4d7f-a8bd-5f4d05555e19,0,1,ST,0,2,2,3,1
21832c38-f4c0-4905-8caf-f6984cf94c7a,0,1,ST,0,1,0,3,0
2d3f4ff3-99ab-4999-986b-c2c27ace87cc,0,1,SI,2,1,1,3,0
dc5d6148-be8a-4c29-a837-5532ba3f1a20,0,1,FF,1,0,0,4,0
1c596efc-e7c2-4113-bde1-9d8eba15a381,0,1,SI,1,1,2,6,2
feeee6d2-83c0-4e22-8183-57bbeb334c22,0,0,FF,1,0,0,6,1
bef93a11-fc57-4874-8587-f9c6c4d80eed,0,1,,0,1,0,5,-1
2038fc5a-ef29-4d42-9356-5a7c5b34c44f,0,0,SI,2,0,1,4,3
53b39116-601d-46d1-af1c-6db14abc1792,0,1,FF,3,1,1,10,-1
87913654-383c-441d-ad7d-abdd5ac3dc9c,0,0,FC,2,1,1,9,2
31842ef1-9ba8-4a4e-9437-20e4154ac70d,0,1,FC,2,2,2,2,1
236ec6a6-6faf-4f3c-a6eb-cadfeae7359c,0,0,FF,2,1,1,7,-1
17d52ca7-4460-4262-a2fc-8bc12cd12b1f,0,1,FC,1,1,1,7,0
da9faefd-29eb-4f45-8eab-2b5c74d4367c,0,0,,3,2,1,2,0
3cab64dc-8c5d-4452-8e06-bb6b97d4c2b8,0,1,ST,0,3,1,5,1
148a6e56-e881-4177-b7e7-3df5db7d7faf,1,1,FF,1,1,2,1,3
bfa053c6-5ffd-4793-99f9-1ad451a2d1ae,0,0,FF,0,1,0,7,0
68348a23-e3d2-4aa6-9b81-556c022dd532,0,0,,2,2,2,2,0
11f7b76d-da9f-420a-85bc-590fb57141a7,1,1,FC,2,2,2,4,1
bdd6f4df-d0b4-49bd-a792-7a2d0b487869,0,0,FF,2,1,1,8,-1
bc24201d-e69c-423b-8c12-a9a2f6196a19,0,1,FC,3,2,1,8,-1
32412577-ef9b-45f0-a88e-5a8f7fd025e6,0,1,CU,0,1,2,4,-1
65e92732-72fd-4d21-ad26-73822418cfe3,0,0,CH,1,1,0,7,-2
47e1fe4d-9e99-4674-b696-ce29cc5ab5b1,0,1,FC,0,1,2,4,-2
a3b36dcf-1e3d-47a5-a9c3-753e3e3aa24c,0,1,FF,1,1,0,9,2
ddcdc268-d6e1-4f74-b871-c9699a0a980d,0,0,SL,2,2,1,8,0
458b81e0-317f-4396-b1ad-4f7814298db9,0,0,CU,0,1,1,5,4
e2fcd166-1688-4ec7-b3c1-4645cc7c9752,1,1,SL,1,1,1,9,0
284c0d0c-bc72-46b9-816a-357e7888b237,1,1,SL,1,0,1,9,0
538cc308-a961-48e6-ada6-473fad327233,0,0,FC,2,1,2,5,-4
35bab531-53ed-4721-97e7-228cfaf35deb,0,0,FF,1,0,2,5,-4
94b8560e-6f74-455a-abc3-c9498107612f,0,0,CU,1,0,2,2,0
e14748aa-4e2a-4abd-a344-c608c099312e,0,0,FC,1,2,2,2,0
bd18a9d1-610c-4e8b-ad3e-d3be575409f7,0,0,CH,2,2,1,9,-1
8c5f6881-39e1-4ba6-aa49-aa128a47c044,0,0,CH,0,3,1,2,0
60c02eff-acce-4614-8c0e-1fbe408f1166,0,0,FC,1,0,2,9,-1
f077a29c-1325-4453-b779-a2ca85b35f3c,0,0,FC,2,1,2,9,-1
388eeaf8-db7f-49c7-adbe-b67bf55bfd7e,0,0,SI,3,2,1,4,1
3fef3580-efee-42f5-8cf6-d33a83ebe5ef,1,0,SI,3,3,1,2,0
82412290-d969-3008-b4f1-915d7b266d4d,0,0,SI,2,0,2,8,2
62944f37-e04e-3428-8b05-7fc5686e55ba,0,0,CU,1,1,1,6,4
12b56d8b-00a8-3f4f-b5da-f21515f959e6,0,0,CH,1,1,2,9,0
493d2df7-6b59-3943-9262-ddc3bab6d5b0,1,1,SL,1,1,1,8,0
b9f0c0d3-77b3-309b-a846-46c9380ecc9a,0,0,FF,1,1,1,2,1
59b6545d-ddd4-3087-bd2f-4cbfc2a77094,1,1,FF,1,0,2,1,2
70a23004-696f-3429-b887-421903196320,1,1,SL,1,3,0,4,2
b9e510dd-bda3-32e9-9c3b-be2bee0d64c0,0,1,FF,1,2,1,9,1
227e093a-15ec-3b15-bb90-505fd4e7caca,1,0,,0,2,1,2,0
09430325-01b5-371b-9bc2-b48d96282759,1,1,FC,1,0,1,2,-1
381b41b6-1e7e-3f5c-9347-38fc09bb7ab9,0,0,SI,3,2,0,9,0
9a34db17-81e3-3f26-a761-2e49baf1f904,0,1,FS,3,1,1,2,3
c7fd7390-6320-3502-979d-037c67b0004f,0,1,SI,1,1,1,5,0
ab1d70e9-9db3-37f6-9147-8c0c33c621d5,0,0,SI,3,0,1,5,1
93bb781c-ac71-3816-9610-36a2ea15f705,0,0,KC,1,0,1,5,3
652d7850-9136-3414-bed4-755e15722705,0,0,FC,2,1,1,5,3
a0125520-d923-335f-a866-db954b3e37d3,0,0,FF,2,1,1,7,-1
c5ca10ab-34f1-35cc-8b72-90f845ca1356,0,0,KC,1,1,1,7,-1
c08ceb3b-b001-3afb-8ba6-7543330e64ec,0,0,CU,0,2,1,2,1
12ec9b9f-4021-3136-81cd-e589fbbf3c4c,0,0,FC,1,0,1,7,3
98cd9612-8144-3845-aea1-e8596f8677fd,1,0,SI,2,0,2,5,2
410439f6-be4e-3093-a7ea-414cda15b4e2,0,0,CU,1,1,1,8,1
1e229af3-307f-329c-8812-642e44831372,0,1,SL,3,0,1,9,1
f1d451ef-a58a-30e2-a3aa-0b0ae38dfcfd,0,1,FF,3,1,1,9,1
158914a6-a9f1-35d0-8b9a-36cfefc48917,0,0,FF,1,0,2,2,-2
a190d23a-f178-3400-adf3-90a678c936f7,0,0,FF,2,2,1,5,-2
338544c2-7e17-339b-ba35-9e89cede4255,0,1,SI,1,0,1,8,-1
48cafd2e-750e-3759-b65d-796bf293886d,0,1,SL,0,1,2,3,-5
374431c9-e96d-3fb9-ba46-73b4857259d1,0,0,FF,1,0,2,5,-3
1acef10e-8b56-3c0c-b13a-131891742dc4,0,1,FF,1,1,2,6,0
0bb3d003-9fbe-3a4e-b731-ceb7ffbd0857,0,0,CU,1,1,0,3,0
9b88ad50-c648-3f68-af13-0f4b8974be3b,0,0,SI,3,3,0,7,-2
82e894db-309b-3731-aba3-fad052ae1d01,0,0,SL,1,0,0,9,0
45852302-a00b-3919-8b58-0e120109c861,0,1,FS,1,1,1,9,0
dc46d066-c994-368d-b8f4-992ef9472f1a,0,0,FF,2,0,0,5,2
a8005f0e-c08c-3a13-bd61-469331e86cd6,0,0,FF,1,0,0,6,2
f44b1cef-8efa-3489-a7b6-e677f37fc7e8,0,0,CH,2,0,0,9,1
892f60e5-64f4-31dd-aae9-7e578cfb8cb2,0,0,ST,1,2,2,9,1
0204d7fd-abdd-3283-b8fc-14fe7a2c9538,0,0,FF,2,0,0,7,3
b09b5a33-9144-3a2c-9486-2a5734eef8e5,0,1,ST,3,2,2,9,1
4ee813a7-df94-30e2-b3b1-dea0c25c2c51,0,0,FC,1,0,1,7,3
a3c4a436-9317-340a-ad7d-74ae3d800b43,0,0,FF,4,0,1,7,3
beeb1161-9b24-3573-b20a-93d8aa7b3723,0,1,SL,0,1,1,10,3
425411ed-bdad-3436-a55b-f4d677da0fa6,0,1,ST,1,1,1,8,3
f6bb90c5-a78e-3002-b137-0baa519c27a9,0,0,SL,3,1,2,7,4
c3e1b3a9-cf53-36d4-aad3-aeb50b174ca3,1,0,SI,0,2,1,2,2
3e41264f-cb5e-31a1-97c4-5248e72087b0,0,1,FF,1,2,2,8,2
ee296183-a04d-365c-b01f-d82dac70ee46,0,0,FF,0,1,1,2,2
8e8527f0-9c5a-3228-84cd-ca9363313081,1,0,FF,0,1,1,7,3
4a64ed12-4d8a-3e4c-bc0c-ea3261c7e94d,1,0,SI,2,1,0,9,2
b385ab87-288f-31b2-9f05-ac73a25485fb,1,0,SL,1,2,0,5,0
5ff492c1-c41e-3666-a8c5-cfbab21be286,1,0,,1,2,0,5,0
e2703bfa-9197-3c20-a25c-c430a9c95254,1,0,SI,2,0,0,7,3
b441520b-0bfe-3379-bba8-afdb73b7f0e9,0,0,,0,1,2,5,-1
ea23beb6-27d1-3375-afda-bbf47b234303,0,0,SI,2,1,2,8,2
5f1b5de5-7d25-3857-87ce-2b36316bce83,1,1,SL,1,0,2,3,0
67441d7b-1659-4bd3-bc2c-747fa3533de7,0,1,,0,0,2,8,1
5e094ca5-b656-3edb-9a62-375a2592b6fb,0,0,FF,2,1,0,9,0
d462f147-55fe-3037-9088-f3a29f90013f,0,0,,2,0,2,6,-2
9d4493a5-d8c5-38d8-aa05-3bf4aa3bc54f,0,0,CH,1,0,2,6,-2
6c677587-f498-3454-9132-f49a88681e2a,0,0,FF,2,2,0,3,0
65987fc0-6c23-3f7b-845b-4f8bf3743284,0,0,FF,0,1,0,3,0
0912ab95-f4a1-3800-a0f0-c55d0f9f1682,1,0,SL,1,1,1,7,1
f0e0392b-85e6-356d-a9a0-94d39fbe943b,0,0,ST,1,0,2,3,-2
027da0ad-b289-3563-bce0-45467c74c6fc,0,0,SI,2,2,0,9,3
b4c628ec-6d98-3e7c-8460-9503d603ce9f,0,0,CH,2,1,2,5,1
1eff33cd-7e67-3626-8230-7e1959961e90,0,0,,1,2,0,3,-4
37ebe895-8f5b-3099-b1b4-6edacc0ad2ec,0,1,FF,1,1,2,9,-1
b74720b3-125b-35be-83e3-c1afc09b2d49,0,0,FF,2,0,1,6,1
8a4233dd-8ccc-4ee2-9112-1a532fc19257,0,1,SI,3,2,1,5,1
b6622123-8602-44ee-9efb-698d41daf680,1,1,CU,1,2,2,8,2
a1af7617-4d12-473d-a8c7-b53a77b30723,0,1,SI,1,0,0,8,4
dbc1b92b-e08a-48b1-ba05-e5c60646c18a,0,1,SL,1,0,0,5,3
300bafa5-01eb-4673-b49a-f3312b6a3db6,1,1,SI,1,1,1,6,3
c795690a-4b46-4765-b9c1-5b7fc3858956,0,1,FF,2,3,0,3,0
f6ed23f6-4272-4b34-984c-afe206e38448,0,1,SL,0,2,1,9,-1
eae0bb7c-db8b-42d5-8977-d78465b83471,1,1,SL,1,0,2,7,1
d1ececa2-327a-4887-ba50-f1813b0ede06,0,1,FC,1,0,2,7,3
def69ab4-6318-4d9a-acf9-9c2df41109b1,0,0,FF,0,1,2,4,2
30fb5d70-4090-4e2e-aa0e-7134555ab4da,0,0,CH,0,1,1,4,1
6770ddf1-3f64-43fd-bce0-39648d8cd138,1,1,FF,2,2,2,4,2
7a1225e5-fd16-4e20-9656-d0b2f32063d7,1,1,CH,2,2,1,5,0
4404b467-24a0-4b38-be8d-b1ee930a977a,0,0,FF,1,0,2,6,2
6911ed73-ad95-4825-adb5-81b761242f9a,0,1,SI,1,0,2,6,6
8ea8bc47-c1d0-3e98-b1b1-a7c371bfaa5c,0,1,FF,1,0,1,5,0
da9d531b-117b-3741-9060-6ca420a2bc6a,0,1,FF,1,2,1,3,0
7a9fa9ba-6141-37f8-b9b6-46c76dcddf1c,1,1,SL,2,0,2,5,5
6cab7418-d2e9-3111-9ed3-ba2debc4bbe3,1,1,SL,2,2,2,5,5
08f61ec8-2539-3ec8-b54f-3edb02c83ef1,1,1,FF,2,2,2,8,2
c24a6536-556b-3785-8f90-b5f3492612af,0,1,,0,1,1,4,2
b767aab9-c7e1-3cc6-9f43-deea0c0be625,1,1,FF,1,2,2,4,0
34f4f0a4-b281-3dab-879b-e8891df17071,0,1,FF,1,1,2,2,2
ff8eeb16-b08f-3c5e-ad1b-c1a494f32811,0,1,SI,3,2,0,6,1
33c762d9-1fdc-338d-975d-bc075fa2542d,0,1,ST,1,2,1,2,0
f8c7abf6-3327-3d20-9cd7-d9f3cfe271a2,0,1,KC,1,0,2,7,0
ec4cc48f-179f-347e-8dd6-3c6267ce9224,1,1,SL,2,2,1,2,2
2b5645b0-1d33-383d-b4b9-f0373dfb0c69,0,1,FF,1,1,2,5,1
4bcc1fad-2b42-3e8d-801b-245a925f5bae,0,1,SI,0,1,2,3,0
9326c0f4-2d2d-359f-a2fc-9e98067ae442,0,1,ST,1,3,1,3,0
f7a5daa3-eed1-3af6-a44a-cc117eebcc36,1,1,SL,1,1,2,5,-1
d6db6104-c236-357c-b8a9-86abbcf98976,1,1,CU,1,0,1,4,0
aaee9f7e-c614-3682-911a-dc48c8cf179b,1,1,CH,0,1,2,5,-4
f41fd405-6ba1-3cea-a10e-a464edb2583e,0,1,FF,2,0,2,6,5
b5e41476-624e-3b38-99a5-403852577065,0,1,SL,2,2,0,5,3
15bb7003-376c-3c71-8ff9-a5f0e8769653,1,1,,0,0,2,4,-1
ee98bcfa-9d37-4286-be23-bed3d3a3f654,0,1,FF,1,2,0,6,5
b4f25198-07ff-4155-9982-bf7c1e8b3281,0,1,SL,3,2,2,7,0
842e914f-5d97-4974-a3f0-42180c6d8662,0,0,SL,2,2,2,8,4
2b5de6ad-016d-4604-bc26-c09cc6bfec49,0,1,CH,3,3,1,3,-1
6d616fa4-210e-4f8d-baf8-35a1a767db26,0,1,FF,3,2,1,6,0
9f90d567-c8c6-42f9-a1ec-adc5769fdfda,0,1,FF,3,2,0,2,0
065857e0-bd26-4473-9c24-d8703f9e44b4,0,1,SL,3,2,0,6,-3
b3f96428-b3f6-41f7-9673-4e2bed060188,1,1,FC,2,2,0,3,0
071b57db-231d-48ad-84f3-10b8c06eabf5,0,1,FF,2,1,1,8,0
b0d7b9d2-2fbe-4671-b49a-f6fe1f09b2da,0,1,SL,3,2,2,9,-1
4e445c78-f77d-4c37-b0db-e968d79bb86d,0,1,FF,1,1,1,2,1
372257b9-1b85-4503-a670-b90e3076a96d,0,1,FF,1,0,2,9,0
3d492531-d5c3-46ce-b6ee-ab5f6528379d,0,1,SL,3,2,2,2,0
aef4eb41-71b6-4483-873f-ee6f8e8cbc5b,0,1,FF,1,1,1,5,-3
7926178c-5aa3-48f1-ada6-b79e72ee1d43,0,1,FF,2,2,1,7,1
3fe8b619-55e2-4ebf-80dc-7ec304bc5776,0,1,FC,2,2,1,2,0
ea389cf3-4815-42ef-bfa7-f2e8354629a1,0,1,CU,1,0,1,4,0
93857ebd-9eb0-45cc-8815-08dbb8602fc9,0,1,SI,2,1,1,5,0
322f3171-afbf-41db-ae5e-8c3a3d341378,1,1,,1,0,0,6,0
e1a7a339-b572-4e3c-9743-73c660b22f40,1,1,KC,2,2,2,8,-1
02473b0c-15b5-4884-9c6e-46dc140f9c2e,0,1,,1,2,2,4,-1
ee17c44c-7fe8-4362-9ee4-fdc00bb1d6f8,0,0,CH,3,2,0,7,-1
169d5cb9-4c03-4d2d-bf08-016d93f70e0f,0,1,ST,3,3,0,6,-1
68ff2b60-489f-4adc-9f61-28465fc37178,0,1,KN,1,1,2,4,4
294a0fc5-dbdb-4500-8081-488b22d1ec20,0,1,SI,0,1,0,3,1
f0547d9c-b439-4eb5-bbd3-83edec16e8f6,1,1,FF,1,0,2,8,3
57ce47ef-40cf-4f03-8eb0-3ccd9b73311b,0,1,SI,0,1,0,2,0
9d634b48-67cc-4bb6-98aa-06b0defd738f,0,1,ST,1,2,1,6,0
1139e4a9-564f-4272-9a75-37adcf21ed18,0,1,SL,2,2,1,3,-1
a5cb6653-46a0-43f2-8952-016a5c47c800,0,1,SI,1,0,2,3,4
acf4c402-6583-4fb2-adda-3fed404dc705,1,1,FF,1,1,2,2,1
7c2a77bd-8da8-43b1-8a1c-4b0b34de3b7f,0,1,FF,1,0,0,8,2
9e552c6e-4a65-44e4-b528-34dbf2c00a03,0,1,ST,0,1,2,8,3
742ec592-9aa7-49e0-adef-175432fb7aca,0,1,SL,0,1,2,7,4
45ebde5e-6913-4ba5-93b2-ccfe191ba3a8,0,1,SL,0,3,0,3,0
d80c7c90-5d46-4fa4-b3e1-c43be39050eb,1,0,SL,1,0,2,1,5
b2627e82-761a-45c3-a95e-bd9077e05a48,0,1,SI,2,0,1,10,1
05f3e045-cf21-4d71-87ae-54b8d4cdc951,0,1,SI,1,0,2,7,2
d22af8ae-1a63-4e72-b4ac-8133fd7e479f,1,1,FF,0,1,2,5,1
dcb12ab5-443b-44b2-883a-2dd58bb343ff,0,1,FC,0,1,2,8,0
b449e6d9-c4a9-3674-b916-705186ae5d73,0,1,FC,2,0,2,3,0
3a72ddec-98bc-3789-b308-8847a70f457e,0,0,FF,2,0,2,8,-1
a0ca107b-98f0-3988-b284-5bf22378e109,0,1,FF,2,1,0,9,3
d2ba54a0-966d-4fc7-95c6-eb519e9ff5ae,1,1,FF,3,2,2,3,5
b2b6f072-65b7-4b8f-9df5-17818f5113f0,0,0,SL,0,3,1,2,0
d8075cb9-a87b-474c-ab4c-36a112dbc2dd,0,0,CU,2,2,2,7,1
1e32f837-ad3c-4348-aaa9-04d22dd0b3a4,0,1,SL,1,1,2,8,1
239fe318-2060-3833-877a-f72b168c6bc7,1,0,SL,1,1,1,2,0
f54fe33b-e658-308e-874e-02aa3892fe65,0,0,FF,3,2,2,5,0
9f4b2a16-2f43-3bfd-b54d-26b9149cd7ba,0,1,SI,0,1,0,3,-2
c71bdee9-bcd0-37f7-a3f7-934d388b7bd2,0,1,SL,1,2,1,2,0
0b80d65e-2cf6-3ccc-9b9e-67f1589b5be5,1,1,FF,1,0,0,9,3
b10e8be1-7fb0-3c88-88df-2ef9e6f2c929,0,1,SL,1,0,1,5,0
0b758733-9931-3637-8536-4414aacedc7a,0,1,SI,1,0,1,3,-1
be8ac346-54c7-3a21-b818-b4cd9e4704f7,0,1,SL,0,1,0,9,2
dd06e0e9-40ef-4b7e-8389-0ce98cbc2530,1,1,FC,1,0,1,1,0
74c94e48-aeb2-4cd6-90d8-dc54c5db6635,0,1,SI,1,0,1,5,4
0b2ea22c-19a4-420a-b694-58516a70262d,1,1,FF,1,0,1,1,0
fae410a7-cd2b-445d-9bcf-2631651ac7ca,1,1,FF,1,0,0,4,7
d73c3a24-ff7e-4b15-bd52-1f3c2a8f3dba,1,0,ST,2,2,1,8,3
d6d0d147-8957-4cff-83ef-32bbef58eac2,0,1,ST,1,0,1,1,-1
89b29bac-f307-46a5-9392-862dac2c7b9b,0,1,,0,1,1,1,0
6a943fea-2d02-4717-a141-2209441bd6c8,0,1,FF,2,1,1,5,-4
14808776-53a7-4ba8-b815-d7a7b69e4e61,0,1,CH,3,3,0,4,-2
10e43d88-c6c9-42f9-a6ef-0bad67e6652e,1,1,ST,1,1,2,8,-1
6a9016c5-925a-45f9-bffc-d8325735f6a2,0,0,CH,1,1,1,1,0
41b85b2a-5c81-4fec-b00a-bbad4a891a5a,0,1,FF,3,2,1,1,0
636f8f9b-54d0-48b6-935e-0da3612f8d6d,0,1,FC,0,1,0,6,1
f5f2d6af-c205-46b8-b1fd-e09fe3c68d7a,0,1,FF,0,1,1,1,0
ec09ffc7-3888-491c-9516-69fe15fbf747,0,0,FF,2,2,1,1,0
03b31fb3-2ff5-4485-8fc0-8c9965a78c6e,1,1,FF,0,1,2,2,3
516e7e21-fdb3-4f51-846a-03702d1d3e2c,0,1,SL,1,1,1,7,5
8795e257-7871-46d0-9217-8ab969446c06,0,1,SL,2,2,1,7,5
635d00e1-b272-4373-8207-5ff673dfd790,1,0,FC,1,1,1,7,5
cefb63f9-7951-42f9-917c-67978cf69808,0,0,SI,1,0,0,7,-1
61e50e8b-0408-4881-8cc8-b8fb523fa346,0,1,SI,2,1,1,1,0
79d544a9-a341-40a9-a6bf-870ff24ced2b,0,0,CH,2,2,1,1,0
48101de4-4ade-4069-b55e-aac4fa2fd74f,0,1,FF,0,1,2,9,1
ffa7dfcf-ce1a-4606-b98d-5451296e099a,0,0,CU,1,1,1,1,0
60ff8241-68b3-46d8-8cb5-b1c9691cbbb4,1,1,FF,3,0,1,3,1
ee31287f-6274-40cb-a260-53b7d687cf7d,0,0,FF,1,2,1,1,1
dcc8c7e7-9955-4cc0-8410-794cd623800d,1,0,ST,2,1,1,8,7
6fc330a9-3f43-4a1f-8548-f31fe38e56af,0,0,KC,0,1,0,6,-1
a2fe6bbb-a816-4a7e-b513-06125d12c912,1,1,SI,0,1,1,4,0
3429384d-a16e-40bb-bdaf-aeadf9d9ae1f,1,1,FC,0,2,1,1,0
c34ffbb7-a431-4fda-b6ae-2944417be1c7,1,0,FC,0,1,2,6,-3
8769dfd4-cbe1-4a0a-82f2-956a23206126,0,0,,0,1,1,5,0
60bf715a-64eb-4eff-ac3d-52b894084eb8,0,0,FF,1,0,1,1,0
4d3adc77-f6f9-4762-836a-1cffd79fd3d0,1,1,,2,2,1,4,-2
4986f30c-04d0-454f-97fb-a57fa203c59a,0,0,FF,2,0,1,3,2
16479793-d4ef-458d-9e01-ca73145f5756,0,0,CH,1,2,2,7,2
b24068b8-77ef-4ae4-9861-ed084345c0da,0,0,CH,0,2,1,8,2
8d7308ca-8354-4faa-be80-6f1f30626b66,0,0,FF,1,0,1,6,1
0c200730-310a-4d30-8421-8f50eb7aa830,1,0,FC,2,0,1,7,2
02811c84-a21d-4246-aded-8e22ff5fdbac,0,0,CH,1,2,1,5,1
c3a7a5cf-d5f3-43c4-bbc6-a407bfd3fd97,0,0,FF,1,1,2,3,0
b59266fa-eb9b-48ba-abd1-5c72f9c17215,0,0,FF,2,1,2,7,-1
d2bd8db6-80f1-49c2-bc86-11b0a7d0d49b,1,0,FC,0,3,0,8,-2
be29f02f-6c2b-4d3d-a798-8372e4076197,0,1,FF,3,2,1,9,4
7dfd6482-77bb-4726-825e-97859c4bea40,0,1,FF,1,2,2,6,3
971916d5-f8a6-4c7f-8723-87a94d439c56,0,0,SL,1,2,1,4,1
343d2db9-9bc3-46df-a618-d80a28ecd835,0,0,SI,1,1,1,5,-1
ff4550b6-32cf-4547-a1b9-9e8610a4d521,0,0,SI,1,1,2,6,2
6e7772d4-4f69-4d6e-a9fa-419e07dc0ed0,0,0,FF,1,0,1,8,4
0b3b86c0-6f67-3dc8-aeef-405eca705ae8,1,0,FC,2,1,1,8,2
f193ac6c-9689-36a4-b00a-a2eb1b5d0b1a,0,0,FF,1,1,2,3,-1
e94ad2eb-0f76-387c-a3b1-b440831e8413,0,0,FF,2,2,2,3,0
2a8afdda-17b0-3ece-941e-aba485e55a95,0,0,SL,1,2,0,9,0
27ee80e7-05c3-3027-8303-66a3a3094d32,0,1,SL,2,2,0,3,-3
a6a5580e-15e2-32d7-afb8-1f8ab8ba916d,0,0,FF,1,1,2,2,3
fd979626-067b-3677-bede-ac9bacf1e9f4,0,0,FC,3,2,2,2,-1
cef9c12f-d050-3b09-ab95-45d0c80d993a,0,0,FF,3,1,2,2,2
7a94ea5a-1b55-33ba-8f56-d4021aa6f87a,0,0,SL,3,0,1,5,2
2d7f9898-a00c-3e05-b3aa-2afa6176794d,0,0,CH,0,1,1,3,0
44a7ce83-b83f-3f2f-8912-cb639ec4625f,1,0,SL,0,1,1,3,0
552fadc1-f200-3d12-9014-8576312735bd,0,0,FC,3,2,1,4,-4
002cc106-6c23-365d-86ad-680d3c9d79f2,0,0,,1,1,2,5,0
95f7ad61-fa70-30a2-b35e-55fdb7ae2453,0,0,SI,0,1,0,3,0
862105ee-4bb6-3cbc-b170-dcd957b7a354,0,0,FF,2,1,0,8,4
ec2f2179-8ab0-3dec-b488-02f28d27c71a,0,0,CU,0,2,1,9,3
0a4f28dd-a4b9-3468-9b17-9fc725ac9838,0,0,FF,2,1,0,5,0
d495530b-13df-35cd-96d3-4fb6fe64401c,1,1,FF,1,1,2,8,3
20a96889-90f1-32a2-988d-0bec60c43875,1,0,SL,2,2,1,5,0
40c10558-9056-4276-bfd0-330249f03ddd,0,0,SL,2,2,2,8,4
a62eeacb-5733-4f00-83ac-913c82a420b7,0,0,FF,1,0,0,4,1
796ff088-f014-4119-8768-769ea911e3f6,1,1,FF,1,1,1,4,1
aae2fb4a-6717-4e3e-aaec-888d5138cee4,0,0,FC,3,1,2,3,2
7b4bf926-510f-3cd3-a94b-e2ecccde39aa,1,1,FF,2,2,0,1,0
b3800374-4e7d-45aa-a295-017d00a3250a,0,1,SI,1,1,1,1,0
5ce62007-8af1-43bf-a8af-1399aaeceb97,1,1,SL,1,3,1,1,0
41ad8e6c-c587-4d71-9be5-e5c093b5f187,0,1,FC,2,1,1,3,-1
31c51f34-2b1a-4f0e-b437-24e846363351,0,0,CH,2,0,2,9,4
55f0a932-275c-4489-8c4f-8cd3a2ba34fa,1,1,CH,1,0,1,6,0
2688b1cf-f1fc-40fb-9c8c-37013372bd07,0,1,SL,2,2,1,4,0
25182a16-1d18-4f88-88bd-be6c99c08c5e,0,0,FS,1,1,0,3,0
d90c3334-8a48-46c9-9453-843151865374,0,1,SL,3,2,0,9,3
a03580ce-017d-43f2-8a46-b2aa46d0584b,0,0,FS,2,0,0,7,3
b7d738f7-5a52-442a-bb79-f76645990a03,0,0,SL,1,3,0,7,4
7d69a783-bb1b-42c8-93bb-a03e77d0892b,0,1,SI,1,3,1,4,0
9f638541-9c43-4c0a-8450-c18b08630446,0,0,SL,3,2,2,4,0
406abf69-1ad7-4471-8e1d-37348395dcee,1,1,SI,1,2,1,10,0
c19de884-567e-40a3-852d-8441f2930a82,0,1,FF,0,1,1,5,1
5c9f7ce6-b4f0-4ed2-9a5e-52f91b793802,0,1,SI,1,1,1,6,1
e716dd36-8284-4b84-a12d-73e8ed9682c2,0,1,CH,0,2,1,1,0
17e08252-de4e-4141-9bb8-a1c3377d68f4,0,1,FC,1,2,2,3,1
31e151a0-48a7-45fd-8602-acf9ff949062,0,1,FF,1,0,0,3,2
f6a227ba-c162-4b08-ad19-aa909d7383d3,0,1,SI,0,1,1,4,-1
e8e4ee4b-57fe-40de-a918-34ce66556885,0,0,FC,1,1,1,9,3
d3248194-1c91-43b1-81bf-c25b105a87f8,0,0,,1,0,1,6,-2
a47cf221-1d2a-4032-910c-872985a54adb,0,1,SL,1,2,0,8,2
63b1a173-26d0-4661-beb4-1efbfeb87a62,0,1,SI,1,2,0,4,0
b99daafb-c376-4924-ba85-679ad1b90b7e,0,1,FF,1,1,1,7,-1
9930a003-92fe-4914-a2a9-a3914b1f2eb7,1,1,CH,0,2,2,1,0
ce99ad52-0d8d-4955-8f19-19ba1a09f6f2,1,1,CH,1,3,1,8,0
016e4fb9-dff5-4a6b-b149-6cd3976c7e15,0,1,FF,0,2,1,8,-1
b77687ed-d1dd-4105-988c-2aaf001bc0f3,0,1,ST,1,0,1,1,0
a1def339-9bef-4dd4-89f1-ad469b2ad980,0,1,ST,1,2,1,6,1
9991bf03-f3e3-4c3d-b86e-0a0d0c7c0e35,0,1,CU,2,1,2,6,1
824ed724-8452-460e-9592-464f74ce545a,0,1,ST,3,2,0,1,0
ece416e7-5095-47a0-96f4-2e99d403a7cc,0,1,FF,1,1,1,9,2
21bd06f1-7361-4386-8caf-24c39d948906,1,1,CU,3,2,0,1,1
cdbf5cad-8ce0-4c2c-ad9d-c8a5b695f4f8,0,1,SL,0,2,1,1,0
b63aeca4-a5ea-4c24-9a2a-ba5939e738af,0,0,CH,3,2,1,1,2
59da005f-a74a-4bfd-bdef-0a26639d82e3,0,1,FF,0,1,2,6,4
6e8cbf50-333d-47d7-9de8-d940a1b7d82b,1,1,SL,2,0,1,3,0
0c229976-1f53-4279-9e62-f12f0ecba881,1,1,CU,2,3,0,1,1
3e706a7e-e283-47df-90f2-1005e3a9a271,0,0,FC,1,2,2,4,0
9af01594-b3f4-4cf6-a665-f44dd309283a,0,1,SL,3,2,1,5,3
6002fc5d-5fcd-406f-8f14-6a8efcb519de,0,0,,1,1,2,9,-1
20157ef9-309e-4499-a859-b0bb2a304333,0,0,FF,3,1,0,7,3
26cdbef8-5347-4bd7-a3d1-19f773fd449f,0,1,SL,0,2,1,3,1
174c98ac-8340-4cba-bb35-450cbd1732d9,1,1,SL,0,1,2,5,2
5f50a5cd-3cdb-4ca5-9eed-a481dc0dcc41,0,0,FF,3,3,1,8,2
a72779fe-d5b0-434d-a494-0d5b4239aafd,0,1,CH,2,2,2,1,0
e6501e7f-29a7-4036-8c87-d2a68bd2b414,0,1,FC,2,0,2,6,-1
9540b232-f3ba-44c4-9068-a0ddfcfe1374,0,1,FF,2,3,1,1,0
d67b011a-7305-4f75-9df5-85cb5751016e,0,1,,2,2,2,5,2
a3669607-edda-4cbb-b013-6314e3ca7d4f,0,1,SI,2,1,1,8,0
cd46a1c1-b87a-410b-b3de-b7a051fb079d,0,1,CH,1,1,2,7,1
e1f84a57-711b-4273-adef-981447798d5e,0,1,SI,1,2,2,7,1
51a86b42-4f86-4733-ba08-dc87bef29e63,1,1,SI,2,2,1,9,0
7f323941-58e9-44ba-9019-4f12a8765343,0,0,CH,2,1,2,3,-1
09a4c8b5-bf61-4025-a600-cf5d7ef27b61,0,0,FC,2,1,2,5,-1
4daf8eda-f097-4089-8474-20e55639b2df,0,0,,2,2,1,1,0
da78431f-fab0-46b1-a92f-8d6580419487,0,0,CH,2,2,0,7,0
45b18168-2ad9-467f-b699-80f8d8c111a5,0,0,FF,2,3,1,1,0
36886a98-1d50-40ab-9e9b-c6ecefd107bf,1,1,FF,2,0,2,8,-1
9774bbf3-b7cc-444c-8bd9-080bf286d83d,0,0,SL,1,1,0,6,-1
592fea75-de56-4e86-91ef-734603d0b7be,0,1,FC,2,2,2,1,0
c204a3eb-6cd8-41b6-b919-d3e058d506f2,1,1,SI,3,1,2,4,0
b6e16435-daf5-4c87-ae28-cd64670537bb,0,1,SL,2,2,1,6,1
8d8c89f6-f238-351d-8a07-8a5723d43618,0,1,FF,0,1,1,3,1
71443ad2-1477-3716-8b7d-95e337c93d89,0,1,FF,3,1,1,3,1
994c09d5-1667-3dda-bf7d-76685ef03dde,1,1,SI,2,1,2,3,0
0515c7f4-0924-3002-84be-1f7a7096dd33,0,0,SI,1,1,1,8,-2
a59ea825-947f-3e56-94f6-b68989098f03,1,1,CH,1,2,2,3,-1
ea71670f-36d3-325c-a636-35a70886eaa7,0,0,FC,2,0,0,8,0
858fbdee-b214-3c89-8f17-335d245c338c,0,1,FF,1,0,2,7,1
2aa53511-cac0-3c3d-abba-b5ae88c0a8d8,0,1,SI,2,0,1,9,1
d154abf6-53ad-3bc1-861d-06e1b4c06012,0,1,CH,2,1,2,6,1
c5fe6454-d71e-3951-aa0f-b81b5493d5a2,0,1,CH,2,1,0,4,0
48b3cf19-b2a5-313b-abd5-b055093651f6,0,0,CH,1,2,0,3,2
0d58a3ae-b3d6-3f36-8607-11f9f0f8083c,0,0,,0,0,1,1,0
4e620784-de23-3786-9b3a-9150af00620f,0,0,,0,2,1,1,0
3203027b-1d7e-3eaa-a718-494bbda6d3c4,0,0,FF,1,1,1,1,0
ddf2d337-2da1-3c3d-8635-2adbd4a32044,0,0,FC,2,3,1,1,0
543e99a9-4f9a-31cf-8f63-dcc3d881696c,0,1,SL,3,1,2,5,0
a2cb847a-802d-3b7e-86ad-f9c1cdb40a8e,0,0,FF,2,1,1,3,2
2cae7839-8864-3d2c-b399-09359a1e153c,0,1,FF,1,2,0,9,4
128fab85-bfa2-30e5-a774-fc650de796ce,1,1,CU,2,2,1,1,0
259c275c-4c0e-3b78-a238-4cebe2c7699e,0,0,SL,2,1,2,5,2
e1d64196-e3c2-3027-b639-421a78df9c51,0,1,SL,1,1,0,6,1
b27ab77a-3f25-3c69-99c4-e07483b3a723,0,1,,1,0,0,1,4
75ee8a8a-199f-30bb-b63b-a35f4949d04e,0,0,SI,3,2,0,4,1
c336f585-adfe-34f6-8d0f-54f70166fcfb,0,0,SI,2,1,0,9,-1
c7e35954-d03c-3ad2-b8ec-4c494644674e,0,0,FC,3,0,0,4,1
ddf816bb-ff2a-3567-8af7-cfba8aad6ef5,1,1,SL,1,0,0,3,4
1b8bef34-e6e5-3438-b99a-bfe211492b40,0,1,FC,1,2,1,10,0
169deb71-3528-315f-8f4f-2bfe5cc942d7,0,0,CH,2,1,0,3,4
7d60ec4c-b49b-3af4-83df-20c2d5f946db,1,1,SI,0,1,2,1,1
7a64109d-654f-3a9d-a6f6-ea623422f78a,0,0,SL,2,0,2,1,0
ceb6dcc4-b454-30f4-b66c-34a4a7e72b4c,0,0,FF,1,0,2,1,0
8d83a3f0-fae1-3d7d-aeed-eb4e18ba4bbc,0,0,CH,3,2,2,9,0
a1c842b4-f485-3dbb-8c2a-d24a649cd1a8,0,0,SL,1,2,1,8,5
7cf0b620-c4e6-35a0-b57d-b4f4fce3925f,0,0,FC,1,0,1,1,2
fb6cceb3-fc12-3bf0-bbcb-9187357cc1ab,1,0,SI,0,1,0,5,-2
450e61cb-4e03-386e-9230-4bd34fc03e16,1,0,FC,3,1,2,1,0
db5770e7-801e-3862-885c-184294a283e5,0,0,SI,3,1,0,8,-5
ee0630e2-fa2d-3f18-955b-ab9c99a7ec33,0,1,SI,0,1,0,8,-4
fbed5b1c-230c-4dab-8e54-3387f88a12b0,0,0,SI,3,2,1,3,-3
e9d868ee-a75f-489a-a8f2-50a542088393,0,1,KC,0,1,2,2,2
eaa03b9f-eb1e-4ab5-b975-ceb78770a9e0,0,0,SI,0,1,1,2,1
b59f1a2a-b885-4e93-83b8-5aaa675d1943,0,0,FF,1,0,1,9,-1
ea135c85-6f2d-4ff8-8224-96466fcbbfff,0,0,,3,1,0,7,-2
788c3539-91fe-4a2c-be35-f7b15f9bc517,0,0,FF,1,0,1,5,0
6b5ff0e7-f54f-4ac3-9d2e-60622a4060c4,0,1,CH,2,1,0,4,0
0950df3a-fe7d-4c72-b96f-f44ff0a7b6b6,1,1,FF,0,1,0,4,3
5c5727fc-73c4-4821-abc7-845f9aa757cb,0,0,CH,2,2,2,5,2
e5767dac-bdbd-4a1e-a487-c9facd320693,0,0,FC,1,0,2,8,-1
282c5149-f7c1-463e-8740-9f79e9e15ddc,1,1,SI,2,1,1,8,5
57de154f-b6a6-4996-8907-a934ee00886b,0,0,FF,1,2,2,8,2
bd5064ee-fae8-4a77-984e-876a2496f01b,0,0,FF,2,1,2,5,5
b694c886-fcc1-4a16-a6c6-77fab38c8491,0,0,,1,2,1,2,3
aa26b5c5-42ab-45e4-9e2b-65b5c4b07f7f,0,0,FF,3,3,1,3,1
22777d87-17dc-48fa-83b2-d6539c4bb345,1,1,CH,1,0,2,4,0
ad7117a4-8046-47f7-a25c-8b88c5fa56cd,0,0,SI,0,1,2,9,0
c9f0f53b-0e99-46e9-b950-feee34cf64bc,0,0,ST,0,1,2,2,0
ef8c768c-013c-4cbd-b17a-c363ee867bbe,0,0,CU,1,0,2,8,1
3cd82dba-4323-322e-99bc-5e9a0480140e,0,0,SI,1,1,1,9,0
95deede2-2c21-39b2-9c20-8a68e462cfe0,0,0,SI,1,0,1,9,0
83f5c452-3458-3328-a9aa-34c905e3d6b9,0,0,FF,3,2,2,9,0
4d8bfc5c-d861-3215-9163-f5e9fb2dc488,0,0,CH,2,2,2,2,1
a2e45bed-90b7-3761-b3ab-d61a06a13fb2,0,0,FF,2,2,2,6,-1
e369205e-a868-37af-b5b8-9ef9c6cf5203,1,1,,2,0,2,8,0
e348652c-33ae-3f65-a385-1f4840631570,0,0,SI,2,0,1,6,4
61379a2c-528d-324a-a162-cd1b034d7d36,0,1,FF,0,1,0,9,0
43d8c536-1e67-3341-9fa2-c18dd3a7d4f2,0,0,CH,1,1,1,7,1
aa42affc-74d7-3563-86e4-5ea83b9c199f,0,0,FC,1,1,1,2,3
170c9124-6a30-335f-9d6b-3e7b578de4c8,1,0,FF,3,0,2,2,1
b62dd70d-6417-383d-80c2-8ae557666e09,1,0,FF,2,0,1,5,1
ebaad492-a028-3e15-bfad-52fcd21e4124,1,1,FC,2,2,2,9,5
d31a6a6a-cba5-3ae1-9a8e-2ee8e2a38244,0,0,CH,2,2,1,1,0
8cb892eb-7229-3cfe-aa53-c1747ee90a27,0,1,FF,2,0,1,7,-4
5994b88e-50e9-4d1a-a40e-324436bd730a,0,0,,0,2,2,2,1
4a5acec5-ac0b-44df-a6ba-4e7043d90d06,0,0,SL,1,1,2,2,6
54c2880f-b918-42a7-8e9b-4e84725e1543,0,0,FF,1,1,1,5,0
36e10752-77fa-4683-a3c2-e354a9e8cfb9,0,0,SL,1,2,1,7,1
2cb59489-0aad-41bf-948a-0b698bbe880c,0,0,CU,3,3,0,2,0
546cf994-ac53-4be6-9c94-c2ea11bb1a64,0,0,SI,1,0,1,2,0
ce28c898-35be-4ec5-bf2b-9230c0f47875,0,1,FF,1,1,1,1,0
0ecfaa9b-bed3-4ff9-8f44-fd2e45d2f339,0,1,FF,3,3,1,1,0
a347fe66-21b4-4ca6-9290-414ac2213090,1,1,FF,3,2,0,5,0
0b019229-6cef-3888-99b3-6db6472c0ecb,0,1,FF,2,2,2,4,-1
61103041-97fd-373c-aa78-764d03b0991d,0,1,ST,2,1,2,6,2
d192fd67-42ed-3310-9aa6-5e039ac689fa,0,1,SI,2,2,0,2,0
aa267674-5180-3560-8070-8a1ff2294f0e,1,1,,1,0,1,3,4
9f32bddf-f349-3d5d-bcbd-62b8e4c278be,0,0,SL,2,2,2,6,0
cb860c9d-4479-30a8-9697-24a97ec795ca,0,0,FF,1,0,1,5,-1
5d1f371b-2544-30b8-a211-e1a7f415bbb3,0,1,FC,1,1,1,2,0
cbedeff8-b5c6-39ab-bf00-f8e63c99e067,1,1,CU,2,2,2,4,-2
a8f67f55-38c4-3043-9121-ab1dec2da1bd,1,1,SI,1,2,2,1,0
23863275-30ad-3cf6-b0ad-3884f8310adc,0,1,CU,2,2,1,3,0
8fdca978-0946-3bf9-b738-e1d30a95ac7f,1,1,,1,1,1,4,0
88ae3993-d142-3967-9b3d-5a01ab973ff2,1,1,FC,1,2,1,4,6
f1d4ba7c-b1e8-34f9-baa0-f8f89363157d,0,0,CH,1,2,2,7,5
f4b9042f-36b4-313f-998d-9b760679d0d2,0,1,SL,2,1,2,8,-1
f65cd7bd-54f1-35f5-aacc-31a4cead7caa,0,0,FS,2,2,2,8,-1
07f03bc7-bc46-3664-b125-4a9b94a71875,0,0,FF,0,2,2,8,4
dc5b06a5-c996-38a7-89fb-76c9bd18b7ce,0,0,FF,3,2,1,2,-2
0da115d8-29ed-3d4f-9760-84d4638b39c7,1,0,,1,1,1,7,6
edf1a70b-bbbd-31f3-935c-8d99e4216e9a,0,1,FS,2,1,0,9,2
411a8cf5-9864-3b7d-af77-3cc03a9a20c7,0,1,ST,1,1,1,2,0
1894fe39-42bb-34c8-ad4d-add478c96bde,0,0,FC,0,1,2,1,2
b827f2c1-65a4-3174-bcab-0ec02fb81c23,1,1,CH,3,3,1,4,-2
ce693940-87e6-3ba2-b6eb-3fa4d89d502e,0,0,CU,0,1,1,2,1
01580c63-5bf9-3768-b5a4-d51bc8c09751,0,1,FF,2,2,0,8,2
95d91a33-9b89-322b-9352-9f19f148868e,1,0,ST,2,0,1,7,1
122fccca-afed-3404-949b-9475dc39c581,0,1,SL,3,2,0,6,-1
a67929cd-29a5-3855-9653-c326d616a263,1,0,CH,2,1,2,4,-1
ab1b3f14-9c2f-363c-ae65-e5caa865c2a1,0,1,SI,3,3,0,5,3
498877f9-9fe8-3500-948f-5a06f65843b6,1,0,CH,1,2,1,5,-6
21aed762-532a-31ca-ad4d-111c78b7b1d9,0,1,ST,1,2,2,8,-1
68971089-4afd-4183-9554-2d8af03bc7a5,0,0,FF,3,2,2,2,0
bcff9c49-e13f-4835-aa6f-a60b46a97b33,0,0,,1,2,2,2,1
112fad2a-6e84-4335-ad10-14ca5c6837d9,0,0,FC,1,0,0,6,1
dee45d81-7236-4013-a376-534621691bc3,0,0,,0,1,0,3,-2
80e8c2a5-14f1-42f4-a2e7-5f51120a7d6b,0,0,KC,2,2,2,2,2
830c1411-0406-4cf3-a7e0-2ed5c3bac9f6,0,0,CH,2,2,2,5,-1
1165f9a4-567f-4c35-aedb-28b2c0461221,0,0,SI,3,3,0,8,3
ca6f77ef-d7cb-41b6-a7c2-e38231b12eb0,0,1,FC,3,3,1,8,4
6f25d869-c659-4d47-b5b2-5b5f3d5bf074,0,1,SI,1,1,2,9,1
da4a7cb2-2896-4611-909b-dcc472c6bc85,0,0,FF,3,2,2,2,2
db39940d-af5a-3e6c-b12a-3947f0ecbbeb,0,0,FF,1,0,2,9,-1
17c6e439-f79f-35d4-8bea-3f5320a8e132,0,1,FC,3,2,2,2,0
f64f7fe2-1c9e-38df-9032-71b2b03b7776,0,0,FF,2,0,0,9,-1
be065032-be36-3cb3-889b-6b9a03012342,0,0,FF,0,1,0,6,6
598d4c79-9af3-341d-9dd4-7be0198c2b66,0,1,SL,0,1,1,6,3
b293c0bf-0885-371f-b977-e6963d57600f,1,1,FS,0,3,0,7,1
7bd95657-4170-395f-8125-7ff9a73d4324,0,1,SL,1,1,1,9,-1
80b7f59f-569b-3a56-ab6c-d63c8cc7e36d,1,1,SI,1,1,2,7,-2
a1b06ebc-bc99-3fbc-a28e-cb2d99ed5647,0,1,SL,1,0,1,5,0
5a3b25b4-3eea-4bff-bf35-c77751abe7ae,0,0,CH,2,0,1,3,3
e4ee8664-a190-467e-9b28-7a9e38771006,1,1,FF,3,1,0,1,0
ff4b11e1-4346-47b6-a7fe-ed509baec8f5,0,1,CU,0,1,2,1,0
659c6c92-462e-49c8-9c52-ae327e3a6068,1,0,FF,2,1,1,7,5
3f12d1de-a145-4a75-a264-a9d72ffe6b5c,1,0,FF,2,0,0,7,5
8d07064e-e963-407c-a33f-ffcdcb58721a,0,0,ST,0,3,1,7,-3
8aa45c82-20ba-4765-8758-7bfd50658187,0,0,FF,1,1,0,8,-1
63368c24-3acb-4225-a48b-ac976ec29374,0,0,CH,2,1,1,6,2
2c3a9ca7-70ce-4e14-8ac1-3a2cb25b8b65,0,0,FF,3,1,2,3,-2
268c5ef3-507d-48ca-8aa7-eb2498d05e46,0,0,FF,1,0,0,1,0
04868290-1df4-456e-ad1a-795c2878a50a,0,1,ST,1,1,2,1,0
db161daf-d211-4846-89c8-9a5de5852a52,0,0,FF,0,1,0,1,0
eac30608-bc80-45ee-972c-8abbf5d2be8c,0,0,SI,2,1,0,6,2
e7c705e3-4728-4b7a-ba48-b134da6ea388,0,0,FF,2,3,0,1,0
bd409a1b-8702-4492-9f14-ed7bb89d26a7,1,1,FC,0,1,1,5,3
fbe01a5e-40e0-41c2-8645-9a70ccbb055f,1,1,SI,0,2,0,4,0
66da0672-b0c3-4604-96d0-4627259dda5a,1,0,SI,1,1,1,7,3
fdd10b76-ab9c-48ed-a7d9-b6de743b62bf,0,0,SL,0,1,2,9,-1
25fd6f05-ded5-4dfc-93c1-109d8de9703c,0,0,SI,2,0,1,3,1
cd529334-1ecf-4d65-9716-bf0405cf1a51,1,0,FF,3,1,0,3,-4
ebeb640f-6709-4879-ac44-7262e1b3f6bd,1,0,SL,1,1,0,3,4
7cb61142-3790-42e7-b81a-df559236b55d,0,1,FF,1,1,2,4,-1
eade044a-b5f3-4ca3-ac87-975de45446cb,0,1,FF,2,2,1,6,-3
a1e5a1e4-4e55-4e2d-af05-04df689b684f,0,1,SI,0,1,2,5,4
b56d272c-a538-48d0-ba50-d34d0eb80b49,0,1,FF,2,1,0,4,-1
fba4ab92-b56e-4be7-be9e-330da450da48,0,0,FS,1,0,2,3,0
628c44a7-f98e-4c75-ae80-ed35869c9141,0,1,FF,1,0,1,1,0
0f68e61f-53fb-4dcd-a807-265024ff0a68,0,0,FF,0,2,2,1,0
20e1f406-e800-4a59-8514-66faf327d521,0,0,SI,1,0,2,3,-4
1ad6a7ad-ce9f-4f4b-8a3a-7cd96477168a,0,0,FF,0,2,0,6,-4
da0c8ee7-569d-4091-87dc-00404f00da00,0,0,FF,1,1,2,8,2
787d2d93-f19a-4ce2-9899-ed32b12af528,0,0,,1,0,1,1,0
230bfc07-0c25-4794-9574-bad22c4a9c76,0,0,CH,1,2,1,1,0
d24de6e8-e020-401a-ba66-b6691c5c4f91,0,0,KC,1,0,2,5,-2
98657eb2-8f15-4bf8-8bc0-eefaa2d097c8,0,0,FC,3,0,1,1,0
e1fc3339-948a-4603-a4df-c1073b6bd31d,1,0,SL,0,1,0,6,-5
de35564a-f1e8-42f9-8eda-b04dba1703f0,0,0,FF,1,0,1,1,1
fda66613-0d86-48ca-aeaf-8d9ca6861b2e,1,1,SI,0,2,1,4,7
6e055749-7817-47bb-be1d-7d5b2e307f68,0,1,FF,1,0,1,6,-3
f443ece7-2be8-4d66-a8e8-3a3067fb147a,0,1,FF,1,0,1,8,-1
8c9aedd3-69d0-4cc3-b19e-5adec3f1accb,0,0,CH,0,2,2,1,0
58e60078-701b-44a5-83a8-cda54f906e61,0,1,FF,1,0,1,1,0
068f6e04-c271-4ad4-849a-31feae06baca,0,0,FF,2,2,2,1,0
fee885db-da11-4640-be41-425efbe2dd49,0,1,FF,0,1,0,3,3
32a98c44-febe-4835-a6c6-7d9a9cf42cee,0,0,CU,1,1,2,3,-1
57ff5a30-2a90-48f8-aa09-ff5aa926ae2b,0,0,FF,0,1,2,4,2
4370ca6b-7232-4e1e-9693-912b97cb65ee,0,0,FF,1,1,1,3,1
76be92cd-3c63-4c4d-bcb0-28b3e8cd8863,0,0,SL,1,2,2,1,0
734aba4b-5db9-4fec-9a4b-ca0ee8a1b707,0,1,SI,0,1,0,3,2
269dada9-24b6-498f-9f5b-ad3e42232425,0,0,FF,0,1,1,8,0
a31318a7-a03d-4b5e-9a20-bc5121b7b24e,0,0,CH,0,2,0,8,0
27ffaed9-44ce-4b59-854a-8511e7d00c49,0,0,FC,0,1,0,3,1
96621af5-747e-4c7c-9608-b1bc6f9a531f,0,0,FF,0,1,0,6,1
aa27851a-8628-45fe-bc3e-704ae4635882,0,0,SI,1,0,0,6,7
da13239a-4bea-4ca9-a321-1f9437579bd6,0,0,FF,0,1,1,8,-1
e04d928e-8d28-4ebe-94e7-76849ef63700,0,0,FF,2,1,1,1,0
433ec8b2-f944-4535-a204-6fbc31b2c8d5,0,1,SL,2,2,2,1,1
abdb3d33-595c-43e0-9c84-e59ea4e302cd,0,0,SI,2,1,2,6,2
2a2b2359-0017-4f88-a6f2-3e08382c5336,0,0,CU,3,2,0,6,-4
e6fa2a28-1fac-4906-91f7-bafcccca11bf,0,0,SI,3,3,1,1,0
79c4dc94-5310-4eb3-a7de-96754562ca45,0,0,SL,1,1,1,7,2
6e096f6d-45c5-43d4-9c0b-0ab58eb06c40,1,1,FC,1,0,1,6,-3
a35daa84-f08b-4b31-904b-7a6efaf211eb,1,1,CH,2,0,1,6,-3
14e87355-c71c-4951-87f7-edec772c2937,1,0,SL,2,0,1,1,0
494b990a-12ec-4057-a3c3-d5dcf887c401,0,0,FF,1,1,0,1,1
9c1c7ba5-d3c9-43c3-acd9-6e0b8c43ca33,1,0,FF,2,1,1,3,2
96e7680a-56c1-4333-97da-d814829ff2db,0,0,,1,0,0,8,0
84e614e9-28b3-457a-a64a-f12b407d8bf1,0,0,FF,2,1,1,1,1
fe36a041-2c03-4e7a-bbfe-c5c238baad31,0,0,SI,1,0,0,9,1
b784203e-3152-4931-95c7-75e172843ea0,0,1,FF,0,2,2,5,-2
43d2385d-9152-41e4-a1b4-89f302f6348d,0,0,SL,1,0,1,4,-1
54087fde-54cf-424b-9819-2e271f5df6b7,0,1,SI,0,1,1,1,1
43824713-c9f7-4c53-91e9-b54de567cc0b,1,1,SI,1,0,2,1,-2
016f5660-22e1-4778-a28e-e5e6245b34fc,0,0,FC,3,1,0,3,0
9a51f7c2-12e6-4c3e-9c8a-e3632eeb0af4,0,1,,2,0,1,7,3
ae1c12da-b085-4da7-bb60-d35cd74d4992,0,1,FS,1,1,1,7,5
a208ad2f-111c-48c8-b168-e4a99f080602,1,0,FF,1,1,1,4,4
254f7b6f-dd1e-4ccb-9337-38148d07d756,0,1,FF,1,0,2,1,0
129d6940-1b40-404e-9e85-9f12152c9f00,0,1,CU,2,2,2,1,0
a164bfe2-ccef-4f26-8ccd-b64862673da2,0,0,CH,1,2,2,5,2
2dbfb7bd-ae77-48eb-8cae-ee60845330fc,0,1,SL,2,3,1,1,-1
24f78567-2234-45c5-a8c7-dc1f8c103cfa,0,1,FS,3,0,1,10,1
0b648376-84a1-35da-ae8d-d2d7a807a281,0,0,FF,1,0,1,1,0
6b669765-16ed-3a9e-876e-bd8c002d6ca2,1,1,FF,1,0,1,5,4
5207f1f3-dec2-3792-8882-d083451923e8,1,1,ST,2,0,2,5,4
a2b1f563-a487-300c-861d-b5d8e25a21d5,0,0,FF,2,0,2,6,-1
311b2032-e45c-3cb9-93dc-6d642f9963c1,0,1,FC,1,1,2,1,0
a2420e7e-1ce0-3622-8842-03f44a1f9248,0,0,CH,3,2,1,5,-1
da6b6ef5-f14d-35f8-91af-0af6ab8c3857,1,1,SL,1,1,2,5,2
5086ebbc-81cc-32b0-88e9-fce7f759a81e,0,0,CH,0,1,1,4,0
9684db22-c3c9-3c47-b6aa-99e43056e81a,0,0,FF,1,2,2,3,2
c26595db-8529-334a-8e21-702e346175ae,0,1,FC,1,0,2,3,0
1c6cb113-3582-3b1f-bab8-4e70b1186fbb,0,0,SL,1,1,1,8,1
bb728dfc-48b3-3785-9536-82f83cd5c14c,0,0,FC,1,1,2,3,2
41865297-621f-3b09-af1c-4f90f942cb66,0,0,FF,2,3,0,4,0
574564c7-6e6d-3981-93f1-6ec38a0752e3,0,1,FF,1,0,2,1,0
3f4a2a91-38f6-3844-878a-3879122f34ca,0,0,CH,1,0,1,3,1
562c369b-3245-392f-96d0-2b602ad42e91,1,1,FC,1,0,1,3,-1
d2925dea-2bad-48d2-af61-2c3d00c6eee6,1,1,,1,0,1,3,-1
5852b010-145e-3f2b-8b82-9898c97819c8,1,0,SL,1,1,2,9,-1
bd27fb99-e48a-3cd3-8f63-c700f8e6a075,0,0,FF,1,1,2,5,-1
17bbc9a9-15f2-3fb7-aa09-f47b4e6119c4,0,0,FC,1,1,1,8,-1
f3daaeaa-6cb9-37e3-9ab7-206217fceaa4,0,1,CH,0,1,1,5,0
267697d2-5e33-3cbf-aa54-841d61098dc6,0,0,FS,1,2,0,9,0
1ff7cacc-d386-3e47-85f6-09ea21639997,0,1,FS,1,2,1,9,0
14d9e8c3-50e2-3b6e-a51b-47620507e60b,0,1,SL,1,0,2,1,0
e6aeafd3-ce80-31d1-b7b6-d8c48366db41,0,1,FF,0,1,1,5,2
bbeea583-8629-4cfa-8d4b-64b5d0ac7619,1,0,,3,0,1,3,2
f343f769-0966-35f7-b7b6-a32d632e8953,0,0,FC,1,1,1,9,2
2ee61e73-2bb4-3853-a20e-619d360b908a,0,0,SL,0,1,1,1,0
00626d72-c471-3ed3-9769-7e05af0bee3d,0,1,FF,0,1,2,5,3
1e51c74b-19e4-3422-af76-573837afadc5,0,0,FF,1,1,1,8,-1
ac0305e2-598d-36d5-8d1c-3f4949eb1f23,0,0,CH,1,1,2,6,6
cab5e289-3603-37f5-b407-43f2e41e9ebc,0,0,SI,1,0,1,8,4
516f1c19-98b4-3459-9d0f-f3281f9a7177,0,0,FF,2,0,0,3,-1
4a34ddf4-a36e-37db-9c52-08dc4a7e0c08,0,0,FF,1,1,0,1,1
e599a4b3-0cb6-3ae4-bfd4-bf7275ae649d,0,1,FF,1,0,2,8,1
05d10310-c110-3517-934b-5a382d024cd3,1,0,SL,3,1,1,1,0
a6ce2bdf-1256-399c-b583-06c8dec7a91c,1,1,SL,1,0,2,1,0
db08db78-c4ca-3616-ae7d-f8c983cba7ac,0,0,FF,2,1,1,1,0
6a92460b-d380-3487-a8b3-a1a818169bb3,1,0,ST,2,1,1,3,0
ec92b8e9-c516-3e94-b7b4-cbafea842931,0,1,SI,2,1,2,1,1
9b59ff46-e697-38e8-aa51-0da1ea2f73c8,0,0,CH,2,1,0,1,1
6ebae293-e627-3d6b-94c3-8e5da6ded04d,0,0,FS,3,2,1,1,0
6897a4a6-b0a4-3060-a5a3-2867fddeb2eb,1,0,FF,3,2,1,7,-3
2be05462-0918-3f56-9889-3404cb66adfb,1,0,SV,0,1,1,3,-1
2af4d565-cb98-395d-9d5c-db5c51f10efa,0,0,FF,2,0,1,8,0
3380e574-dd18-3004-ad68-03393d7f1f7d,0,0,FF,0,1,2,8,0
f6ed9b93-f7d2-329e-a364-da0faee88fdd,1,1,FC,1,0,2,1,0
da7dd1cd-9e4e-3f1e-b54e-a64a05038ba1,0,1,,0,0,1,7,-1
c9085bf5-23a7-3eb4-a15a-5e16075c1a9e,0,0,,3,1,1,4,-5
d7e072b4-b5af-3195-b52c-d13b70fb1a6e,0,0,CH,2,0,1,5,1
cc9edb35-8adf-3462-ba47-6f55b86420a9,0,0,SI,1,0,1,1,0
90a14273-9c33-32cf-b3cb-1840a5ad116e,0,0,CU,2,2,2,3,-1
71fd9159-2314-37e8-a544-d8c9e3e5b215,0,0,CH,2,1,1,7,4
44b3f5f4-bf8c-3a01-a8bd-b19b73bdd901,1,1,CH,1,0,1,3,1
3f314b2a-e0d5-327c-9040-22c719f04f57,0,0,,0,1,1,3,2
abf7c401-6bdf-352a-871c-87a1c4dce222,1,1,SI,1,0,2,1,1
fdbede38-1a24-34f0-85f5-f641cd6e23b3,0,0,CH,0,1,0,3,-1
2932fa85-79ed-38ea-bf02-288ae0a5077d,0,0,SI,2,3,1,8,-2
9560c06b-005a-3431-9537-4896d8891d16,1,1,FC,3,1,1,1,-1
79e9f8d7-0507-3b32-910b-b5be9c3ab7bf,0,1,ST,0,1,0,1,1
3f28f926-00f2-4e44-9c7a-c6800b5e3d31,0,1,FF,1,0,2,4,0
bbdce3ef-af77-4e25-92be-144878895a46,0,1,SI,1,1,1,8,3
fa5b3192-49dc-4323-b219-edc03002e5d6,0,1,,0,1,2,1,4
df0dea11-f56d-4f3e-a05f-5e0872d33624,0,1,SL,0,1,1,9,0
6172d68a-0e84-48dd-acc1-604b91cd035a,0,1,CU,1,0,1,4,-2
1c104a46-7a89-4a35-8782-031d562f4b3b,0,1,KC,2,2,2,10,1
501621a0-63e6-4ae6-bb46-b050e1c8d59a,0,1,SI,1,0,2,7,2
1d17362f-eaff-4c35-baa2-d74a43c25466,0,1,FF,0,1,2,6,5
3de4a2f6-a0b0-4986-9ba2-f994f4c56e89,0,1,FF,2,1,2,4,-1
aebbf805-a03b-4d4b-9235-c5cb1319c565,0,1,,1,2,0,1,0
8cc6a961-c1cd-4d5e-ab52-ad4e39d5491e,0,1,CU,1,0,0,7,3
40227e80-618d-4963-90d7-2497e27f414d,0,0,CH,1,1,2,6,-3
e63daa50-b4d0-4f20-a52a-125f2681424d,0,1,FF,3,0,1,1,0
53f3eaa3-4e43-4dcb-a9a5-d20e716f9f9b,0,1,FF,1,3,1,3,-1
660d75e3-945e-4c35-a751-6915fe3678f3,1,1,SI,3,1,2,8,3
19507780-6a19-4748-bc99-5cac468535b6,0,1,FF,1,1,0,3,0
217bcb28-483c-4c35-a55a-513aeda7418d,0,1,SL,0,1,0,3,0
e73cf255-3c24-4908-a23f-9a48264623c4,0,1,FF,1,1,2,8,4
41fa51f9-c58f-49a1-a573-551b4f7b27ed,0,0,FS,1,0,0,2,1
5b5f1f97-0ec8-42a6-ae0e-e076998b6c13,0,0,CH,2,2,0,8,-1
4557152d-7879-4a47-b692-c6211977951c,0,0,KC,0,1,2,5,-1
cdc1c12c-77d2-43f5-98e2-256185c5959b,0,0,KC,1,0,1,3,-1
c63a8ee7-433b-4775-a5c7-38cc22ac9021,0,0,FC,2,1,2,3,0
7e78eeca-a200-3ff1-a51c-e45f367c576e,0,0,CH,2,0,1,3,0
24920677-7ae3-3d5d-a1d8-77e7f4815a32,0,1,FF,2,2,2,6,4
0c23f534-8f4e-4cf9-9889-0de9c11323ce,0,1,SI,1,0,0,8,0
8903a3c9-79d4-472f-ac0f-95e3a5a78b90,0,1,FF,0,1,1,4,0
3b78766b-5417-4885-9ef7-8707242e1f7e,0,0,FF,0,1,2,3,-1
028ff309-ca20-4e6d-beda-b8701cb94d8d,1,1,FF,1,1,2,7,-1
9b860847-c046-485d-9ff4-1a812c6684c5,1,1,SI,1,0,0,2,5
ff8f8c1f-485d-4121-93e6-1aefbb67eb2a,1,0,,0,0,0,6,2
eebc3742-2875-42f2-b452-15f90df22e11,0,0,FF,0,1,1,4,1
54983afc-a08c-46ec-b6b9-cc3ac329f4b5,0,1,FF,0,1,1,4,2
6ed12311-c449-4ff0-9b91-ee9b1315976d,0,1,FC,1,1,1,2,-1
65d52c95-c626-4d80-9dc5-8b31e21a2771,0,1,SI,1,1,1,6,3
ebbd3bad-2ee1-42fa-9007-1950085d7ca9,0,1,FF,0,1,0,5,0
a834360a-6ce8-4948-b3a2-d29fc24e9896,0,1,SL,1,3,0,3,-5
7a2a4c5b-7647-48ab-9dee-8ec13834a185,0,1,SI,0,1,1,7,-5
113dcf3d-ebc6-455c-84ef-f056ea10ad41,1,1,CH,1,2,2,4,-2
3ee1b21b-b2b9-4323-9565-45cc53f78d5b,0,0,SI,3,2,0,1,-1
49f0b8ba-2291-4ce1-aff1-08862bc1d9c1,0,0,SI,2,1,0,1,-1
7ff60f32-4af5-4245-9eef-095c5753dfe6,0,1,SL,0,1,2,7,1
18299ad6-8702-495c-bb25-e0f8af366579,0,0,FF,0,2,0,4,2
26527b44-20b1-4e16-9a0b-b5cf64da957b,0,1,,0,0,1,3,-2
921c4af9-d23b-4b8a-b2da-8aee59a6bcd3,0,0,FF,2,1,2,2,-3
43b372de-f188-419e-9206-abff7c4ec327,1,1,SL,3,2,1,2,-1
5471e704-4e4b-414d-92a5-dded2ccbcf06,0,1,FC,2,1,2,4,-1
40432914-b6e1-4207-83a2-7de9516052e1,0,1,SI,1,1,0,6,-3
2c089021-eb72-49b3-90d6-19b274832b4f,0,1,SI,1,2,2,10,3
c21f95d8-f330-49f1-9e4e-11841d11bebd,0,0,FF,1,2,0,1,0
2ac855dc-9d15-45ad-8dbb-6088029dd8b0,0,0,SI,1,1,1,4,6
f7754a4c-98c4-4f28-bd75-531a59ee3b08,0,1,FF,2,3,0,7,-1
43ef4655-316e-4582-ba68-a45c17d3c21a,0,1,FC,1,2,2,8,4
4af8abe0-53e3-4a61-b352-d84eec590b8b,0,1,CH,1,2,1,5,-3
b7c6bb7d-79b9-4826-9b9c-a89476ef4f7e,0,0,SI,0,1,1,9,-1
4a14cb76-52cd-4345-b8e6-74d815c31913,0,1,FF,1,2,0,3,1
d621bf1f-417d-4787-aa42-38ed8095dc77,0,0,SL,1,2,1,5,-2
f17812d9-a3cb-4044-aa01-5b39e64e2f66,0,1,SI,1,1,2,5,-2
af994d29-e441-403d-b6de-d0a5bf73b94d,0,0,FC,2,2,2,8,0
a6b3ba8a-b5fa-3e6a-9541-f1f9f864c195,0,1,FS,2,1,1,8,-1
aa1089af-1467-3d24-8312-6491f2bbf498,1,1,FF,2,0,2,6,3
256d2e81-ccc2-3eed-b1c7-0e18008186be,0,1,SL,0,1,0,6,1
35db3af5-83bd-3e1a-aae9-66e5d96e7142,0,1,SI,0,1,0,2,3
ca1bb3ec-a777-4e5f-ba71-e9bbb0bbdd05,0,1,FF,1,2,1,5,0
53958156-8cb2-4f02-9cf6-3e8b6cf7837f,0,0,,2,2,2,2,1
6e2ad2b6-55c6-498b-b2cc-f8497b5f73f3,0,0,,0,0,1,6,3
22962157-cccb-4f28-b7ed-51d65fd50e65,1,0,FF,3,0,2,5,1
792b00e7-fff2-420f-a1f8-34f3ecf90b71,0,1,CU,2,1,2,5,0
e33844a3-a1ca-4952-b66d-a418817b3f53,1,1,CH,2,0,1,6,4
51335a0c-dfc8-32a8-a37e-1eeb984c3efd,1,1,CU,2,0,1,3,1
f8c6eb5e-635e-3c58-873b-f4261c413ce2,0,1,FC,2,2,2,5,1
5e96eb45-aa26-3099-941e-02e5e9e6cc55,0,0,KC,0,1,2,1,0
9aff6371-21c2-36d3-99f8-8132b2304744,1,1,FC,1,1,1,4,2
3a36406a-a0a0-49bc-ae8a-926ac2768e4e,0,1,,2,0,2,8,-3
02f631cd-8e6e-359b-825a-bb81a3693271,0,0,CU,0,1,1,4,4
bef43f93-989d-3b24-91f0-ff40ccbe2c08,0,0,CH,2,0,2,2,4
029c2f46-37d8-3eb7-b94d-1d69da757b1e,0,1,SI,1,0,1,3,2
7e910914-4bbf-3aa9-a070-27bf653c3cf7,0,0,FF,1,2,2,3,1
8980ab03-d574-3e59-ba2e-c1ad535b3cc1,0,0,FF,2,2,2,5,0
db1351b7-0059-3f0e-b7f3-c8930d276a31,1,0,SI,1,0,2,6,6
bae3c81b-0470-3f47-81d7-d8011a3ee087,0,0,FF,0,1,2,1,1
ce20ecab-f229-31db-9b3d-be59cbb3decc,1,0,,1,1,1,3,2
91c75fe5-569d-35ea-8187-efbf06103177,0,0,FS,1,2,2,6,-1
d7120438-66f4-3ed6-ad89-e9163c855ee4,1,1,CH,1,1,2,2,0
33a2b771-3c16-3923-aee0-4284d6c6594c,0,0,CH,3,3,1,2,1
83b293a5-754b-3d8f-a08e-00b0d80a1b99,1,1,CH,2,2,2,1,0
8622fe4d-c22c-38a7-bfbb-55e0f9b6b015,1,0,SL,0,3,1,3,0
7bcb5c18-4231-32ea-8bed-d467978d0556,0,1,FC,1,2,2,9,0
3813cdd9-3613-30dc-9f66-0763f4421000,1,0,FF,2,2,2,2,4
77aac408-0623-4281-a2e7-81c78c3711d4,1,0,FC,2,1,1,3,0
13443ba2-bbc5-47a3-a51c-71a932364b11,1,1,CU,3,0,1,4,-3
ea06ce94-8196-4e11-95b4-bc62f2b64e44,0,0,SL,1,1,2,6,0
dbc4ad2a-d94a-455b-a800-4a14351d860d,1,1,SL,2,0,1,2,4
36d92e77-7171-4aac-b34d-1b8bc8472632,1,1,FF,2,1,1,1,0
ccceb2df-24e7-4115-8a9e-45a3759eaa13,0,1,FF,1,1,2,7,2
78f84e14-24bf-4f95-9840-1beb5d42fa06,1,1,SI,1,1,1,6,2
00c4d291-1486-47aa-8330-8ab2c3c771c7,1,1,FF,2,2,2,1,0
e3d6d0d8-5455-47bc-b1fd-fdfc6fee426a,0,1,SL,1,1,2,6,-2
4af717d5-97e2-4db8-b4e0-17d072896c7f,0,0,FF,0,1,1,1,-1
9a617d5d-008b-4788-b671-1a93468f9455,0,1,FF,0,1,2,4,1
7cfd04e8-f981-4b28-be7f-6645fde54d9e,0,0,FF,4,2,2,3,1
ac65b1af-37be-49ee-a7a9-7302785e0ffa,0,1,FF,1,3,1,3,0
1d035868-b0a9-4b51-87cb-ade05f110e1e,1,1,CH,2,1,1,1,1
c437da21-8641-4af5-908f-4e434951a1fd,0,1,,0,0,1,2,-1
8b8729f5-cad4-4d69-8ae0-18ef1c8b6c6a,0,0,FF,0,1,0,6,3
8481791b-066b-4b4b-8367-3baa8a8d4f06,0,0,FS,2,0,0,3,0
139838b3-167d-4dc4-8e13-8eb8c61a40fe,0,1,CU,2,2,2,5,0
80ba6c06-650d-4366-af68-2b2a05b97406,1,0,FF,2,1,2,5,-1
318d8231-da60-452c-b592-6ddc9b24e747,1,0,SL,3,2,2,4,4
ca1f99f7-f6be-4536-bbc0-9c80e60f6c84,0,0,FF,2,1,2,5,-2
03cdfec8-46d9-4c3a-9d0f-f135d3ebd9b6,0,1,,2,0,0,3,3
b452a377-a715-4e21-a942-eb0fbec324ff,0,0,FF,3,3,1,1,0
7ace1a42-769b-445e-9dfa-d22f8069c0b8,0,1,CH,2,3,1,7,0
98a0fb33-4b5e-4d29-87c5-8cfce361ad64,1,0,ST,1,0,1,8,2
566f28cf-bff9-3867-ab9d-a48406b87c09,0,0,FF,4,1,1,3,1
e319aa0a-57c0-384c-b2ca-5a99c0c05b1e,0,0,FC,3,3,1,1,0
b048abe1-64b6-33e0-a8e6-54b9a6e031e6,0,0,SL,3,3,0,1,-1
8f86e95d-97d5-3cb3-bd67-93e4fa4c6749,0,1,FF,2,1,2,3,-3
b34c5266-0f75-3a8d-aa0b-f32a0cd840a4,0,0,,1,1,0,8,-2
d5cfd097-5772-36be-913c-4f0204534781,0,1,SL,1,1,1,7,3
22d3db30-9da5-322b-a9d3-ab89f2ca376a,1,1,FC,1,0,1,3,2
cb6e0c96-fe7d-3f7e-830e-1e27e3d20a7a,1,1,FF,1,2,2,4,-4
798fd373-371b-38ee-8ff9-002abd7ed646,0,1,FC,2,2,0,2,0
400040ed-52c5-35bc-b1c0-30d50fb1b764,0,0,KC,1,1,0,4,0
2469e73e-dbeb-3b87-8648-4e45249e012e,0,1,SL,2,2,1,2,0
fd968747-4bb3-34d0-a09e-e11ed6fb4e41,1,0,ST,2,0,0,4,6
ac1e98bc-65ae-48c5-8561-7cb194cf7de5,1,0,SI,0,1,1,6,3
5aea73fe-85b4-4ec3-a5b8-5f50c85be774,0,0,CH,1,0,2,1,4
5d9cc3ef-1573-440c-88b8-663f34b60781,0,0,CH,2,1,2,2,3
91a8077f-a286-48df-a3fc-e440107dfec3,0,0,FF,0,1,1,6,5
a8c7f04c-e35c-4dbd-9237-d84ece30f971,0,0,FC,2,1,1,5,9
5432ee55-8fa0-482f-94da-56f4d100b73c,0,0,SL,2,1,0,3,0
c78be34c-f096-4977-ae93-00217412f21e,0,0,FF,2,2,2,4,4
a2fd7f50-5290-4898-9b7b-c34fece94cda,0,0,CH,1,1,0,8,0
647a2d4f-655a-42f4-98c4-506d11de6690,0,0,SL,0,1,2,8,5
06e275cb-0622-4e1d-a1a6-c12b83969e1f,0,0,FF,1,0,1,2,1
a19c358d-bd46-4a29-a16e-10f025ff267c,1,0,FC,0,1,0,5,0
9430b119-0425-4447-a7ca-668badef7df8,0,0,FC,2,1,2,2,1
c8d113df-6ddb-4fd0-964f-d97eafe75726,0,0,FF,1,0,2,8,1
e2a5c88e-c815-4f1e-9e4f-8d0b2f5958e6,0,0,FC,1,2,2,3,0
76fcc787-6704-4ac3-a5eb-fe5219ea4a2a,0,0,,0,0,0,9,1
085c4a4b-986c-43cf-bf1c-8991e8724bdd,0,0,SL,1,3,0,3,0
a937e94e-9594-48f1-bd1e-d9c1bae38f44,1,1,FF,1,0,0,3,-1
a80e5e49-c465-4ebb-98c0-c35677af1d1b,0,0,FF,3,3,0,7,-4
2023405a-3c4e-4561-a403-aca5a95adf3b,0,0,FF,3,3,0,3,0
8a2eefb5-04e3-4fa6-a70a-d453b385b09e,1,1,FF,0,2,2,2,2
fdf19c75-4e13-4e2a-a844-3dc51ecf155c,1,0,FF,3,0,2,3,-1
6ac7c76c-59bd-4078-91db-f83d71205b00,1,0,FF,3,1,2,3,-1
3807d2e0-ab90-4ef2-a905-875777bf2e02,0,0,SI,0,1,2,8,4
092dd857-20ab-421d-a651-37b0f48c473a,0,0,FF,0,2,1,4,1
d95f8c42-63b6-3b01-9f79-e21357b382ab,0,0,SL,1,2,0,3,-1
553a712a-5bb9-3c1f-9d10-a72c570d2b6d,0,0,CU,2,2,2,3,6
8515a402-670f-3f03-b3c9-4feffd7b15d0,0,1,FF,3,0,0,7,0
af766c98-a684-3143-ab59-e4a45d2657cf,0,0,FF,0,1,0,3,0
2f36f6e1-b3cd-38da-997f-463e9c7784b3,0,0,FS,1,1,0,5,1
955d70b6-8c51-32fc-ac37-6e39027a2007,1,1,FF,2,0,1,2,2
f1b463e4-ebcc-350b-9fd0-648df496f76f,0,1,SI,1,0,1,5,3
31f6f139-f741-35ca-9e96-0a4e87238b2b,0,0,FF,1,0,2,8,-1
0812cd2d-959a-3dee-a204-b7729e1734fa,0,0,FF,1,2,2,4,2
b78d2b99-ae11-33c1-b782-96cbd9a37bb3,0,0,CH,1,1,0,4,-2
26726b05-b4a9-35b7-be4a-b59c46fb9d87,0,0,FF,0,1,0,7,1
ec41bb1f-96dc-3849-bd29-3b00910e8fdf,0,0,CH,3,1,1,1,0
986e868d-c438-3fd7-80b4-e9f5cec9317c,0,0,CU,1,1,1,2,1
a47166d8-9d67-3f79-bdd8-35c24ae2a4a5,0,0,FS,1,2,2,4,1
5db83eb2-e36e-3537-b6dd-823d6b0f2376,1,0,SI,1,2,2,3,6
a066b381-abb8-3ee3-94cd-c09a85711949,0,1,SI,2,1,0,9,-1
e3a2cc0c-add4-37b1-bd32-7e8a3a1630c5,0,1,SI,1,2,1,2,2
e8fb62cc-840f-3f6b-b457-3809fe1324c3,0,0,SL,3,2,1,2,0
0c007266-28a3-3f54-bb0b-c38acfc6e856,0,0,CH,1,0,2,4,1
39542164-97c7-3364-9022-3698bd5ebe12,0,0,,0,0,0,7,2
8e1a5cdf-f689-3bc9-a072-ea05149f26b5,0,0,FF,0,1,2,1,1
df21ec01-6b9c-3541-8880-29a7ba5ad93f,0,1,SI,2,1,1,3,-1
ebaa440e-f258-3837-8ce8-e664d6d47d91,0,0,FS,1,2,1,5,0
d34024a6-deb8-37bc-aeae-d20db298e977,0,0,CH,2,2,2,4,4
348c0e15-1d0e-31b1-8dd0-ff142f8eefbb,0,1,ST,2,0,0,3,-1
924158bc-030f-37af-a113-d7c7e1e695e3,0,0,FF,2,1,1,8,4
5feda3d8-4dc4-3e50-a28e-b64e2535e184,0,1,SL,2,2,2,2,-1
c5adf84c-df31-3abd-b7cb-da839a9451bd,0,1,FF,1,1,1,5,-2
99cea1ae-8808-36a6-9a61-4dccee48d907,0,0,FC,1,2,1,1,0
4e7ff2d1-9eeb-4a4f-9ce9-49c822359c57,0,1,FC,1,2,2,5,0
44271aae-2444-492a-9432-1f6ff9efa7de,0,0,FF,1,0,1,6,-3
827eb907-6f01-42fd-908b-3e8538677b6a,1,0,FF,0,1,1,2,1
d02b17c4-6b50-49c5-b4d8-2bc0dab5924e,0,0,KC,3,3,0,4,1
578d2550-a647-4cdd-a89b-e97637192223,1,0,FC,2,2,0,8,-1
1618746f-8bae-4508-a76e-4c8cf7577e4e,0,1,SI,0,1,2,8,3
17185d52-7cf6-485c-9687-75721280e6b2,0,0,,0,0,2,4,1
266d952e-d65e-4be8-b5be-c626ff20fe46,0,1,SL,2,2,1,6,5
a061180e-5963-41f8-afe3-81db650f3f2d,1,1,FF,0,2,2,4,6
1076e250-dc87-42e1-a828-ebb52f75836e,0,0,SI,1,1,2,4,5
42e201dd-ab09-472b-b397-544e0ec0818c,0,0,,0,0,0,6,4
c48355d7-49c2-4cf2-8131-dd1ec670a3ff,0,1,ST,1,1,2,9,0
ad31bb57-ed96-420c-9859-a45eab136814,1,0,FC,1,1,2,8,-1
494e5f86-8252-4dec-ac57-4b133a8a112a,1,1,FF,1,1,2,10,0
853f1df6-461a-465a-a4ce-a02a4feae494,0,0,FF,2,1,1,7,2
df3ae466-f970-4f32-97b2-5a08c183d297,0,0,SL,1,1,1,5,2
ed27f023-1776-47ca-81fb-2ebaef139b05,0,0,SI,2,1,1,5,0
9bddeb7a-bd17-4a66-b634-ecceead3edf7,0,0,CH,0,3,0,8,3
1a91ebff-d8b5-4984-bdc1-da7cf839620f,0,0,FF,0,1,0,2,3
031e8570-3bab-4f71-9d4a-18d73c8bee53,0,0,SI,1,0,2,2,3
33633ff6-3ebd-475f-a328-28a0001ff214,0,0,,2,0,2,2,3
2b5db39f-de64-4dde-b57f-476bfc8ef443,0,0,FF,3,1,0,4,1
307c28dc-54eb-4905-bd9e-900355e7685d,1,0,SI,1,0,2,4,1
a88d7c16-a790-4b37-9843-9044a27665d3,0,0,,0,0,1,2,2
c35a077d-4cc5-4bd8-aa8b-9e2d4186c7c8,1,1,SI,2,1,2,3,0
1d6eaf50-46ed-4e20-b2e1-2d5c17e6f9fb,0,0,FF,1,0,0,6,3
23356f0e-a64d-4fdf-a1f3-4d5b37f99a8f,0,0,CH,2,0,0,3,-1
57ee70e5-01a2-4d09-9813-a13d539f3a15,1,0,FF,3,2,2,4,1
3d3fc027-bded-4cc5-8995-e80e14e518a7,1,1,FF,3,1,2,4,1
5b733038-518b-45d8-a139-5de257801eea,0,0,CH,1,3,1,5,0
66f87ef9-6a61-4f4d-a882-1ee95ccc3611,1,0,,0,0,2,7,2
57ef2270-1d63-4e81-8a2a-d4b419035d0e,0,0,FF,2,3,0,9,0
6384b66b-d84d-496d-a536-3cf48fc6d085,0,0,FF,1,1,0,5,0
f601159c-f5df-4f2c-9983-80f136e0312b,0,0,FF,1,1,0,7,4
7409d108-2a76-445e-932f-a945a94af1e1,0,1,SI,1,0,1,7,5
90b659b0-2ccf-4c43-bc3d-4f6be63590f8,0,0,,0,2,0,6,0
2f029d03-e5df-4b8f-8a78-778981b9fc74,0,0,CU,0,2,0,3,-2
5c13a45a-3106-4e29-8882-ae4e3940b5a0,0,1,SL,2,1,0,8,1
b571cb8d-eb62-446e-b98b-7153b38aa065,1,0,CH,1,1,1,3,0
f446927f-fa96-42ea-89a5-f1aa8f147f15,0,0,SI,2,0,1,9,3
d0c1a8f4-004c-43f9-8c80-bd7eca762d2d,1,0,SI,0,1,1,4,2
b90dacb1-234d-3b1b-a8fe-7f1142adb8d8,0,0,SI,2,0,2,4,4
ac1b79e5-5993-3cd4-9085-31cbaf5d41ee,1,0,FC,1,2,1,5,8
ab6276ea-3c51-3b16-bc33-9ea3e747547b,0,1,FC,1,1,2,4,3
38d45648-58f1-3de3-80e5-5569533be38b,0,0,SI,0,1,2,8,5
3c503f9e-4e08-3e55-aa68-fb907636e47b,0,0,FF,1,1,0,6,7
5761564f-e905-3688-baa5-9007a81795a1,0,1,FF,2,1,1,9,2
b03232f6-2d0e-3d3a-9dc9-e7123744cb66,0,1,SL,1,2,2,9,4
dae57252-cb0e-37a3-9ec3-80e362dda177,0,0,FF,1,0,2,9,-1
d824e28f-54d9-3c80-9aea-0be95746199e,1,0,SI,1,1,2,4,2
f8afd62a-5b44-3587-a3bc-1e214fb0fad5,1,1,FF,2,2,2,3,0
c92ebb49-8352-3dfb-9f27-2f5a093696f7,0,1,FF,1,0,2,7,4
90d57bbf-c632-3e60-b6d4-071e06683723,0,0,CU,1,3,1,3,-5
a3c8d293-5782-33f2-bcfe-aa5f69bde74d,1,0,FF,1,1,1,3,-1
5d970088-71bd-341b-8ca6-cb7fc1d3228e,1,0,SL,3,2,2,6,0
cbf39ae9-fd93-4475-85d2-0eeb6c89a4bb,0,1,FF,0,1,2,2,3
adbf8ce3-c234-4550-8dbe-529809dd8086,0,1,FF,1,1,0,9,0
52acd2c1-3201-4287-b7d4-8927bceb6a53,0,0,FF,1,0,1,8,1
ccd161dd-da0d-48f6-8451-45fac1bd9d5a,0,1,FF,1,0,0,7,2
fa07fbed-c275-439a-811f-b06e5cfd19b6,0,1,SL,2,2,1,7,3
dec246f6-30d6-4904-9c21-8d0cc1b4809e,0,0,FF,1,0,1,2,1
9e456830-5680-4b6e-bc30-600943ecf279,0,1,SI,1,1,1,8,3
c7dadd27-6550-40e3-93cc-c89e82d38fed,0,1,SL,2,1,1,3,0
aedfdf25-1ece-4aef-aa86-f794d3599262,0,1,SL,1,2,2,5,1
ea2399ab-f59c-4df3-af46-adae70e7e2a8,0,1,SI,1,1,2,8,5
7f2ff9cc-f82b-43dc-999a-e72db44e3a95,1,0,CH,2,2,2,9,2
7c089565-6017-4bfd-bf56-97a98428fac7,1,0,SI,3,2,1,7,1
8bddda0a-97d3-44b4-bcd2-25dea4582471,0,0,FS,1,1,1,8,2
451d8514-0453-4185-971d-2b068c34aa2b,0,1,SL,0,1,2,8,2
43548364-0d7d-4cbc-ba1a-7a638ad7e9af,0,1,SL,2,0,2,6,2
aee2c906-41d6-430f-ac0d-e3f9cf692653,0,1,FC,1,1,1,9,-1
2eb77f94-3e69-4d78-8b16-608d58476097,0,1,SL,1,1,1,8,6
f24283c0-9a77-4957-a74b-a0b405caface,0,0,FF,1,0,1,8,4
81158280-623a-409e-8fb7-11f2b48a9c63,1,1,FF,1,0,2,8,-1
a8de35ba-0ae4-42fb-be41-ceb9a0ce4ffa,0,0,FF,1,1,1,3,0
608c1a29-2d08-4b6b-9dd8-dd1fe3835347,0,1,FF,1,0,2,3,0
c2eb3295-390a-417a-8d20-2fba0c04f812,0,1,SL,1,1,1,9,-4
c22a7940-cc49-4192-be83-b4dd8af5e9e0,0,1,SL,3,1,1,9,1
9ed0db1e-c429-47d9-8a4d-51f9da181c30,0,1,SL,2,0,1,9,1
2bd79c97-6c8e-48ed-9b3d-55f80250c2da,0,1,FF,1,1,2,7,3
0c88cead-8927-4503-9aac-4af357e79c69,0,0,FF,1,3,0,6,3
c20ebe38-e4f3-45ed-8420-4de023870995,0,0,FF,0,1,2,2,2
459826ad-5e45-4e55-b8de-d2ddb69f301a,0,1,FF,2,0,1,9,0
994834ab-3561-4511-802c-0be4e8c6ee95,0,1,KC,3,2,1,9,0
a26b2379-9077-4b41-9f78-df0bb8b712a6,0,0,FF,1,1,1,8,1
35b89e37-fb99-4f89-b29e-0f69852ae902,0,0,FF,2,2,0,7,1
696e3917-687e-4704-a810-183cb13cd812,0,0,CU,1,1,1,8,0
6ece8c30-25d7-4438-9d52-90faab1e22cf,0,1,FF,1,1,2,8,-1
faefaec4-1bd0-4351-a87c-05fe401fa8e9,0,0,FS,1,1,1,7,1
652fec2a-13c9-4505-9366-1f0181dc78fb,0,1,FF,2,0,1,8,1
e439e7ab-88bb-4a30-b37b-7b93ac372cd2,0,1,FS,3,0,1,8,1
17032d5e-4905-4121-ad1c-2c7ebb6404ac,1,1,SL,1,0,2,6,6
4656e658-bd2d-45b8-bb11-46a568db423d,1,1,SL,4,2,2,6,6
de1d0649-8694-4e68-b07f-f712a30e1f35,0,1,FF,1,2,1,5,-4
2be36abc-a50c-482f-a1ce-61debc7591a7,0,1,ST,0,1,2,2,0
b072dd69-03b6-4d99-a305-a57905e46eab,0,1,FF,2,1,0,3,0
bc971220-20fe-4a64-9b63-492300e4712a,0,1,FF,3,0,1,8,3
962df28f-7e4a-46f1-8de3-50913c2c2ac1,0,1,FF,3,3,0,8,-3
ac3000c3-bc1a-41a1-bb3c-f382f7cc59bf,1,1,SL,2,1,2,9,-1
d13d0922-8972-4ee3-a753-31b27c7454d7,0,1,FC,0,1,2,8,1
6a9e17a9-20e5-4c2b-8798-c95a22c65bb3,0,1,SL,3,0,1,5,3
06b2ebd4-eb44-4512-8060-f9af189d2bd2,0,1,SI,0,1,1,11,1
3f153adb-d74a-49fe-b607-3e40c56497b1,0,1,SL,1,1,2,8,-1
67aba1f0-b8ac-4891-a785-e204370f5c64,0,0,SL,1,0,2,8,-1
5a84bd2e-e610-4f7e-837c-845a27d63dda,1,1,CU,2,3,0,3,0
beeae40e-7095-4339-a42e-04cfd7f7dc22,0,1,SL,1,0,1,7,3
cdcf7bd6-2f1c-40ca-9e68-4ae013df0385,1,1,FF,0,1,2,3,-1
ecfc6edb-5a18-4ac4-bb56-9efd6ee77284,1,1,SI,2,2,2,7,5
97038973-3ae6-4ece-8789-24797c2fca77,1,1,SI,1,0,1,6,-1
afed550f-f96f-4e65-9e68-7745ca859820,1,1,SI,2,2,0,8,5
5cc53953-8313-499e-b9cc-f27b23e26997,1,1,SI,1,0,0,8,5
2c698b7b-7001-4d4d-a160-6ebd5d39a336,0,1,SI,1,0,1,10,1
80a031b3-91ed-4403-ba27-789f682784de,0,1,SL,1,1,1,6,0
96a57a59-1a8a-42d7-8da8-52797656c367,0,1,FC,0,1,1,6,0
4db914d9-ddf0-440e-82f7-317382ac5b80,0,0,FF,2,1,0,9,0
a7fb395b-a7a4-38ee-990d-aa9c9be4270d,0,0,FF,1,0,0,8,-1
8ff421f5-139a-33c7-b06f-28e56ca28815,0,1,FF,0,1,1,7,0
c1e867ae-4726-39c3-95a8-8ddfe47d9e5f,1,1,CH,2,0,2,4,0
cfbcf047-08dd-3cab-a1fd-9950faa9165d,0,1,FC,0,1,1,9,0
bc9d7ed9-4bc0-4011-9511-f9625ed1308f,0,1,SI,1,1,2,7,-1
efc7594c-ed1e-49d3-87f8-b6815a581039,0,0,KC,1,0,2,3,0
ddac1573-950c-477a-9290-dea85c220835,0,1,ST,2,1,2,9,0
5780c738-3ceb-460d-b9ab-a492becf9ac3,0,0,,0,0,2,5,-1
bc5763a8-9635-4695-9b69-a81d4ac577bc,0,0,FS,0,2,2,3,-1
3bfa2364-801a-4d27-a332-7c0c2f527b17,0,0,,3,2,0,8,-1
f78f199d-54da-4950-a92a-d1b3f5e6bdd3,0,1,SL,1,0,2,8,2
3385b08a-5cdf-4b56-b811-89d6affa230f,0,1,CH,0,1,1,5,3
30ba6c34-122a-45f6-a952-ee55b04dc74c,0,0,SI,2,1,0,8,-1
694b7bb1-cf35-4140-98f6-26cca8d58dde,0,1,ST,3,1,2,3,0
b764bbf2-7d04-4e0f-a9af-b0cba6d8da18,0,0,FS,2,1,1,3,-1
9226236f-9647-465c-a0a1-a3c2c8b7ffda,0,1,SL,2,2,1,9,1
cadc0cde-e76f-40f2-917b-f03f16d1081f,0,0,SL,3,3,0,4,3
177fbadd-6634-47e1-bd1a-72f9fbfec889,0,1,SL,3,0,0,9,3
36a91021-bcc4-47a7-a669-7813aa192730,0,1,CH,2,1,1,3,-1
fb8ab7ca-e796-40c7-bff9-3a25ea3e3e0e,0,0,FS,2,1,2,8,2
503ffab0-1135-30e9-9ddc-5b6e225fbc96,0,0,CH,1,2,1,8,-1
c932b3d0-ca78-30d3-b463-301362543873,0,1,SI,1,2,1,7,1
93329e3b-e3d4-3f0f-817c-1a43db01028b,0,0,ST,1,0,2,9,-1
f4763ee2-b7cc-316d-b501-398c708b093c,0,0,,2,2,1,4,1
cabf5deb-4519-32a0-9c5f-efc74cec1849,1,1,CH,0,1,0,3,-1
68961cfd-84b1-30db-add4-7df091a9ae4d,0,1,SL,1,0,1,8,1
beccda3b-1c77-399c-a265-c2c8ddc9bea0,1,0,FF,1,1,0,9,3
7566e5ea-316d-3be5-acfc-921173412ee4,1,1,SL,0,3,1,6,6
c51fbba3-d7ca-32c8-9dd3-56c44b98381f,0,1,FF,2,1,1,9,4
2898f0ad-ba30-3ead-91d4-75f1cce6935a,1,1,SL,2,1,2,4,0
4d192f7f-4e4d-37e0-8313-f237b972e167,0,0,SL,1,1,0,8,2
163b3cda-630b-4506-96ec-016d1c2c68d1,0,0,,0,0,1,1,1
9d38d8fb-6d0e-4d1b-bf75-781422983f39,0,1,FF,0,2,1,7,-2
e051ccdf-7135-40aa-b1a1-51d851cc0523,0,1,SI,1,1,2,1,0
d8188230-1b80-4e80-83ce-db3d0656d5b0,0,1,FF,0,1,1,1,-2
c50da23c-7e50-4e5f-9fba-717d5abf6ce9,0,1,FF,2,0,2,2,2
b8fe7920-7ca6-45a2-a42f-944658c44a12,0,0,CH,2,2,2,8,1
dd55326e-9cc8-42e1-9c60-0ce56f5c8a1c,0,0,KC,1,0,1,8,4
28235c72-6054-4e3e-9058-0463e95f2753,0,1,,1,1,1,4,-4
263d03f6-4582-4666-87ea-fafec6e26baf,0,0,ST,3,3,1,5,-1
f0e04895-02f5-4c35-b3bd-1b226c6e29c1,0,0,SL,1,0,2,9,3
9f2da4ee-38bc-4f62-9a02-5bcd2585a91c,0,0,,2,1,2,10,-2
79f9f8ae-4e5a-4b71-9c45-ec822e1cc429,1,1,FC,1,0,0,6,0
4fdf6f56-ff34-4e63-b87e-c95fe9b266af,0,1,FF,2,3,1,3,0
2a5c2b4a-804a-4a3d-bf3c-ed45234f3625,0,0,FF,2,1,0,7,-1
a0e5caa7-0186-4012-b3c3-09e6abed56a7,1,1,FF,2,1,0,8,5
50c18748-b183-4d61-9be9-121a2818fee6,0,0,FF,1,2,2,3,0
5c19759a-95e4-457e-97ca-921ad112fbb8,1,1,SL,2,2,2,4,3
f62c2965-cecf-4547-bcc4-1e00bca17ce5,1,1,CH,1,1,1,9,4
15b03c2c-0e1e-358f-85ed-98d0940476ff,1,1,FF,2,2,0,7,-1
90e189b8-bcc5-32c9-b196-40a33ebca7ec,0,0,SL,2,2,0,6,-3
5423a02a-ae87-3c1c-865f-72fad186b898,1,1,SI,1,1,2,1,-3
7c837db3-3e88-3fa4-a29a-174730e429f4,1,1,CU,2,0,1,5,0
6d553e03-70d8-3264-b953-d1ec252f05d5,1,1,FF,0,1,2,5,0
a2204ee1-9d98-3de8-bc26-849734e187fc,0,0,CH,1,2,2,9,2
6101ae14-5a1e-3fe5-97b5-fcbb1c3ab5cd,0,0,FC,2,1,1,6,4
d3723892-e3d8-3e17-a3a2-cb1206468832,1,1,CU,2,1,1,1,0
121fa2d7-1c27-3c72-a95a-fdb8fcb605b8,0,0,SL,2,2,1,1,1
51c314c4-1350-3dd5-b73e-44410d5312b9,0,0,SL,2,1,2,8,-1
068a086e-439c-3d50-ae46-57ff830c5ec6,0,0,FF,1,0,2,3,0
0741c79b-3570-3514-9ee4-40b77554047b,0,0,FF,1,1,1,1,2
302948a5-9a13-3bd3-8f8d-b3a04d63605e,0,0,SV,1,3,1,1,0
ca3cd6f5-327e-3e3f-b53b-7281cc34f4fd,1,0,SL,1,1,1,7,3
16e701a2-5f69-363b-8350-ce44e7dace13,1,0,SL,1,0,1,3,0
41d3fd3a-d3d6-3a3a-8944-b4d6040aff86,0,0,SI,0,1,0,3,-1
2c8911ce-3a4c-3718-9ba2-936e72945715,0,0,FF,3,1,2,4,1
4d5d56e9-62aa-3c7d-9475-07a742c7a6e2,1,1,CH,1,2,0,8,1
6bb59e56-04b1-3de4-9bfc-a7f427d2d29a,0,1,SI,1,1,1,9,-1
c6c451b2-2a2b-3b6f-970d-f5a8c4123bbc,1,1,CH,3,1,2,1,0
9a06b000-dc96-34ee-a7fc-bd66b9022d4a,0,1,FF,2,0,1,6,9
e0a9dd7f-566d-3234-8f15-456a31806611,0,1,ST,2,2,2,1,-3
9196ca76-e942-3b5c-9465-2a425a976175,0,1,FC,0,1,1,7,2
0a5c7256-5458-3db6-8bb8-8505044bbed3,1,1,SI,3,1,2,8,1
beb58de7-ccad-3c8f-ace5-4181d3a1c287,0,1,ST,2,1,1,8,-1
d0cc5abe-bd8a-3537-b252-2a4aa85a5e61,0,0,FF,1,0,1,6,-1
a3b85ae5-62e0-39bb-9123-f12449a75332,0,1,SL,0,2,0,7,2
f93ba8ad-b583-3ef8-9bae-28267fb10afc,0,1,FC,0,1,1,9,0
8c0802d5-72d0-32b4-bf3b-fdb40792455a,0,0,SL,2,2,0,8,1
f33366fa-88e9-3a65-b741-d39f4d130ffc,0,1,SL,1,1,2,4,-3
5407e61c-b449-321f-89ad-ea6d7401b184,0,0,FF,3,3,1,8,-1
6e319d83-cd58-3f6f-a592-2f0394fb33f6,0,1,SI,0,1,1,8,0
b6dfdb8d-e681-3fc1-8705-a3668eddf8f3,0,0,FF,2,0,0,8,-1
9f9319b7-c060-3220-8427-b67f5775a14c,0,1,FF,3,2,0,8,-1
df9ee53f-833b-37a9-ad70-a3652684c32d,0,1,ST,3,1,1,6,0
5452d762-ad92-453a-a969-00d31645bef2,0,1,SI,3,2,1,5,-3
a333bc5a-f96b-4626-a8ef-1ddda1169518,0,1,,1,0,2,5,3
cf6ce2d7-db97-4866-ab27-d0df57938375,0,1,FC,0,1,1,1,0
3944b607-69f1-49cf-a0b8-3342017a63e3,0,1,SI,1,0,2,5,-2
2e45eb5a-6354-4ee8-9ad1-69caf7f67a26,0,1,SL,3,0,1,4,-1
8db87659-55c3-4c11-b856-f19c0be252d3,0,1,ST,2,1,2,5,-1
93a09904-4944-45d1-abf3-87ef7b2488e4,1,1,SI,1,1,2,9,1
95b98ac1-b393-4a8c-a161-55ab2a2cf26c,0,1,FF,1,0,2,7,0
e562e0bf-fb54-4361-8b45-587554df0a42,0,1,,0,1,2,4,1
ab32ac1a-c759-4994-984b-146e62eae188,1,1,CH,1,1,1,8,1
167cefe2-c52d-4b3b-8ae1-933261612e8b,0,1,SL,2,1,1,4,-3
fc20bbfc-5d11-46f0-bae1-446a6d267896,0,1,FF,1,0,2,7,4
4cc06db5-2af7-432d-9e92-c3c836242eb4,0,1,SI,3,3,0,5,-1
76497619-3c40-4a72-83a6-cca054a96135,0,1,,1,2,1,1,1
1c8c0103-ea8e-4786-a339-183a921d12da,0,0,SI,0,1,2,2,-1
fbf0f0c7-b847-4214-ba8d-3bf7e36cfce8,0,1,FC,1,1,2,1,0
c838906a-0348-43dd-9a72-1d9d33e926dd,0,1,FF,1,0,0,5,1
7032e851-6bfc-4061-87a5-75df822b092d,1,0,SI,1,0,2,6,-1
69cb3688-9457-46d0-af8d-bb5203d44edd,0,1,SI,0,2,1,2,1
e0f5d50e-21ea-326c-818d-3e5589ae13a6,0,1,SL,1,1,1,8,6
dd1745c1-b958-3c66-a2ec-3a0b74f39efc,1,0,ST,1,1,1,6,4
70e92642-8676-3c95-af3a-00c52290d845,0,0,CH,1,0,2,5,2
73203f1e-a001-39f6-a288-8c94b7dc3e7b,0,1,SL,0,1,0,8,1
4aa1de60-9ca3-3f20-88c2-c6f2e09cbb43,0,1,SL,0,1,1,8,3
3d60dbce-b82f-3689-95df-4b139bb3add5,0,0,FF,2,1,0,7,-1
ee77c9b9-fe1e-32c7-824d-2cd091b55264,0,0,SL,2,3,1,2,0
b86d6233-1426-3f18-bd37-b91f15292e00,0,1,SL,2,2,2,2,1
e96a752c-1fa0-3cb0-8ac9-809cd3dbd22e,0,0,,1,0,1,8,3
329b904e-8fd7-33a1-b862-2ee4c1b25f47,0,1,FF,1,0,0,5,3
1f42465d-57a0-3f48-b9fe-dfcdc0967003,0,1,CH,0,1,2,8,2
25afd6ed-1b21-3472-a135-70340c050151,1,1,KC,2,0,1,2,0
519826f3-0fb6-3d49-82fd-094be310bc56,0,1,CH,2,1,0,8,-1
7a5773de-a16c-42c5-96b7-4dfae83737f8,1,1,SL,2,0,1,5,0
37d8ba79-adb4-4cb0-b982-2371b9afe848,0,1,SL,2,1,0,7,0
471e340f-dc3b-4820-aa87-81ad62396808,0,0,FF,1,1,1,1,0
bae9819e-64a0-41b8-ab75-7cee4ec261f4,0,1,CH,1,1,0,6,-4
036b0415-36fd-49fa-982b-f8950ca3d506,1,1,ST,0,1,1,7,2
70a5f248-c12b-4c1a-81e7-54d7d8bc3171,0,0,SL,1,1,1,1,0
ecb59451-a9b5-4b19-827d-ccc9176cea93,1,1,SL,0,2,0,6,-2
17218488-1d33-4557-a05f-3e7459c9800a,0,1,FF,3,1,1,7,-4
798fe741-51b9-407c-a25d-c097fdd85aa5,1,1,CH,2,2,2,4,2
c807d58f-9e72-4ad7-b680-d6c8812b8a11,1,1,ST,1,3,1,6,1
7dae406c-9081-4f5e-af52-df6d22b3a5d6,0,1,ST,3,2,0,4,-2
83d938e0-2f03-473f-bca8-d7c3fc725e13,0,1,FF,1,2,2,7,1
fa89e633-b935-4028-a1fb-8be72a3e5570,0,1,,1,1,2,7,3
b84f582c-9ea7-4b6d-800c-ebc4bd10db43,0,1,,2,1,2,1,-1
3c0a05c8-01e1-46b4-8bba-30c1f9f918eb,1,0,SL,1,0,2,7,0
7f62dbb4-1390-45cb-9d09-d3c4b4263bf9,1,1,CH,3,2,2,5,-1
a14d1dfa-9d33-462b-a52c-82263b6e4362,1,0,SV,2,0,2,2,4
d68dea5e-8dfd-41c7-87b2-5192bca99ea2,0,0,SI,1,1,0,5,3
f79d30c0-88d3-4b18-af52-8f4cd513b57d,1,1,,0,0,0,5,0
2e082507-874f-45d9-9df7-9226d21caccd,0,0,FF,3,3,0,3,3
349c28c7-4930-4124-8292-853639525848,0,0,SI,0,1,1,1,1
53085d85-24ae-47d9-a339-9a6b6953def3,1,0,SV,1,2,2,2,1
8e33b67d-8929-4eea-9803-e2128fe3f8dc,0,0,FF,2,2,2,3,0
222752ce-222a-4bd5-b220-15eeb6050192,0,0,KN,1,0,1,6,1
1d1d25a3-d103-4df2-8879-fc8104a358dd,0,0,FS,1,0,2,5,1
7ef81148-fcab-4bac-a5a4-5668f8a19544,0,1,FC,3,2,1,5,-4
c52c17fb-234f-49b8-94c0-1ae45c3a1cdc,0,1,SI,1,0,1,3,-2
b9410363-9c14-4a10-8070-c3f3afb3a715,1,1,CH,1,1,0,4,1
c9c2a560-1a79-4299-8588-76afe1cabe8f,0,0,KC,1,0,2,1,0
bec41af2-866d-4a24-b3be-c49f69aba664,0,0,FF,1,0,1,1,0
c7ddb53e-105e-48ac-993a-b13a83f690bf,1,1,CH,1,3,0,1,0
bdffba36-6745-3afc-8212-83f5d8e15a29,1,0,SV,1,0,2,8,3
b9b3558c-1a64-3597-b44f-587b2f04d0c5,0,0,CU,3,0,2,6,6
ae0b5bd9-64d7-3b5a-ab92-455196ecbd27,0,0,CU,1,1,1,6,0
976f87fa-23a0-3d94-9716-26a4d29337a7,1,0,SL,3,1,2,6,4
39007e85-49f7-3e4f-8cdd-2c88ace71ece,1,1,ST,2,2,0,1,0
1862cf56-17f2-3434-aafd-c3f3f11e3d00,0,0,SI,1,0,0,1,0
98fc32a2-1e9e-3eef-89df-de442c0927b9,0,0,CH,1,2,0,1,0
6238551a-f4e2-3aa0-823b-5129b59ca384,1,1,FF,1,2,0,1,0
2b5bd7f5-c030-33ab-afee-256313bd5734,0,0,FF,3,3,0,1,0
6288d1c8-eefe-3f17-b3c1-ccca4e3afa62,0,0,CH,2,1,0,1,0
e0dde1dd-c92f-4e73-9ab8-324fc0dfb45c,0,0,,1,1,2,5,0
f2865d0f-c020-30b6-933a-c1560c5e483b,0,0,CH,1,0,1,5,-1
0338f966-72d3-3663-bab4-2fd141df6e71,1,1,CU,1,1,1,3,-2
0b31b099-1735-3a4c-ab0a-4415da1f81a7,0,0,FF,0,2,2,1,0
22e68e20-3647-396d-99b2-74fc66d20aef,0,0,FF,1,1,2,5,-1
d59fe833-0380-32d3-a918-a3618e3cd476,1,1,FC,0,1,2,4,5
716410ba-5666-39f3-bbaf-08c8446dc882,0,0,FF,0,3,1,6,6
7cd9b935-e72f-31ee-a7cb-21917138bdbe,0,0,KC,3,3,1,5,2
2cf1f2e5-69f0-30e3-b704-6348a185279e,0,0,FC,3,2,1,3,0
c6063518-7dc7-3796-a2f2-4520add48ce6,0,0,FF,0,2,1,1,1
ad4243f6-8ec4-3527-a700-9919de34e73f,0,0,FF,3,0,1,9,2
c68b0afe-97a6-32c1-b30b-e10b90683faa,0,0,FF,0,1,1,8,2
17b14046-4714-357f-a66a-d2aa17a55844,0,0,CH,1,1,2,9,4
4baabc95-19b2-46ab-b608-802899ab5fd2,1,0,FF,1,2,0,7,-2
7fca12ae-5891-4026-917e-ae605d7f8a21,0,0,FS,1,0,2,6,4
d7f3d403-f640-48cc-9d9a-5824299515b5,0,0,CU,2,0,2,2,-4
c194078e-ed9e-400a-aea3-e89f18aa5b32,1,0,FC,3,2,0,7,0
a4cb7611-5f54-46a5-aaac-bf751bdd05e9,0,1,FC,1,1,0,9,-3
0b64de79-d550-4f16-8fa6-836c29a8ae8e,0,1,SI,2,0,0,8,0
4474bc55-5ebf-4b6a-8bff-6d022083ad2f,0,0,SI,1,0,1,8,0
721e4125-47cf-4eb1-afdb-133e4bf23c0a,0,1,,1,2,2,2,-2
23392cc1-2553-40c2-9888-a8e698b26bfa,0,0,,0,1,1,1,-1
126903db-7daf-4594-950f-ff9b2d62c55e,0,0,FF,1,1,1,5,1
b90038ba-f6f2-4ecb-a71c-495c10256e06,0,1,FF,1,0,2,9,0
f2f12332-9b68-4df4-89c1-376605c398fc,0,1,CU,2,2,2,5,0
cefc4849-e678-468a-85b4-c76814f0fac4,0,1,SL,2,0,1,7,-1
b2135800-4946-4745-8261-57e95ef45d47,0,1,SI,0,3,1,7,-3
9e36240b-2919-4879-9c66-b5252fc16468,0,0,CH,3,1,0,1,0
5eaa7d2d-eea5-4769-ac87-5592e4769317,0,0,SL,1,2,0,1,0
8f031a21-95e8-48fb-ac91-3b06ca636299,0,1,SL,1,1,0,1,1
1582ad8e-4b05-44fc-8f13-d308393c535b,0,0,FC,1,1,1,7,3
bb10b181-b416-4d30-ad4e-e9e915073ea6,1,0,,0,2,1,6,4
211ba401-8449-44af-a7cb-3e573401f279,0,1,FC,1,0,1,2,1
d3ea99b8-bddd-40b2-bcdb-9af524ce6b13,0,1,FF,1,0,2,4,2
a508f67c-ace0-4bb4-b63f-58fe9eb7bdad,0,0,CH,1,1,1,3,1
a7196a19-7610-472e-8b60-e991d60190ed,0,1,SI,1,1,0,1,1
9575aa59-88a6-4316-b175-d0f30b7d025d,0,1,KC,0,3,1,2,1
9ebb572c-5466-48ba-99e2-f3b53ee3e504,0,1,CU,3,2,2,9,2
997fd255-b53f-4123-875d-a02973210b8c,0,0,SI,2,2,1,1,0
fe409e8f-9735-4026-9a5c-cda5d7bb88ef,0,0,SL,1,2,0,1,0
a64d7e15-37f4-427e-8c08-f0e4c4cbe7ea,0,0,CU,2,2,2,3,6
82e3eaee-4f06-4470-aa0c-40a104b53e71,1,1,SI,2,2,0,7,-1
534da9da-63a4-49ce-b98e-d04986bced95,0,0,FF,0,2,0,1,0
54a4dc02-37b0-4b62-89ca-f44f06f8dbe4,1,0,,0,1,1,8,5
a0638b5e-c9a2-44a8-9fa3-28db7e3ead75,0,0,CH,2,0,0,4,3
e7d5e325-1495-4d9b-b4c3-8faebcca6ca0,0,0,FC,1,1,1,5,-1
8e779246-3ad4-4498-be0a-d757c06e0435,0,0,FS,1,1,2,4,3
156ce35d-553d-42fb-9f00-e017f2867a98,0,0,SL,2,0,0,1,0
e21eb8e2-f6e8-4c57-b8ee-4f5f09798490,0,1,FF,0,1,1,1,0
18296d78-7be7-41d9-aa86-0f90e06fb105,0,1,SI,0,1,1,1,-1
12e5688d-c826-4ab9-8411-7988e54504f2,1,1,FF,2,1,2,3,0
688595e1-aee7-4ed6-ae51-943aa28662db,0,1,FF,2,2,2,2,2
fef1b3c1-4cf9-4b9e-b42d-e633ef7e929e,1,1,FF,1,3,0,1,0
ffcc1c1f-684e-40fb-8b08-6ca8ac178a26,1,0,FF,1,0,2,6,5
d902ab2d-4d07-495f-98b1-f8206eb3a218,0,0,FC,1,2,2,8,3
085ded16-1941-4f70-b563-a61bf3ae5b48,0,0,CU,3,2,2,8,5
b35ca899-74de-4cfb-b686-c6265eef2bd0,1,0,SL,1,2,2,6,2
317673fd-2e8f-4378-a501-3a0cac28086e,0,1,FF,1,0,2,7,2
e566e84f-15da-46ca-9712-9b88d25e7c1e,0,0,FF,2,2,2,3,0
b55d0a6a-f356-4bda-adfe-25a3aa452962,0,0,FS,2,0,0,4,-1
c37bbc34-b955-4695-a6f5-7a8c4e88ead6,0,0,SI,0,1,0,1,0
58f354ea-6155-45f4-af5d-52b823714254,1,1,SI,0,1,1,7,6
cbbd615b-6621-420d-8cac-76f6e0c2d47a,0,0,FF,3,2,2,3,0
8c2582de-7365-4bd0-bdb1-ee370a93ac86,0,1,FF,1,0,1,9,0
d34fc20a-d488-3be5-915b-5aecca6dc286,0,0,FC,1,1,1,8,0
c09d0b0f-b8de-3443-8c48-1f4888032666,0,0,CH,1,2,1,3,0
3dcea64a-6741-393a-9210-cdc0865c0d1e,0,0,ST,2,1,0,1,0
92437181-8a0c-32fb-9f1a-cbb782dcdbb5,0,0,FS,2,0,0,1,-1
e2e642c0-4d31-32f3-ad66-acbc16bae59a,0,0,CU,1,0,1,6,0
d3073d2c-13cf-38f4-bb58-ef1ce8bda353,0,0,SL,1,1,0,10,0
6e52c91b-0456-3c07-a892-9a6b57daf900,0,0,FC,1,2,0,4,4
9c441e6a-f871-3930-a4ba-11c882137f4a,0,0,FF,1,0,1,5,1
a7fdacd0-5a0e-3bbc-a627-1b331c362d58,0,0,CH,2,2,2,3,-1
5107095a-a1fc-3083-90c1-9cceac51cb6e,1,0,FC,1,1,2,4,3
92bf78ba-77b5-3fd2-833b-df71a1aa2e04,1,0,CU,1,2,2,2,4
7275d595-e92e-3d1b-868f-0149816a5399,0,1,SI,1,0,1,1,0
564110ea-c043-3a37-982f-fed259ccd79f,1,0,SI,0,2,0,1,0
d6370945-a26e-34f8-b5ff-bdf6ce22b9a7,0,0,CU,1,1,2,8,0
43f8ed3d-5ff1-3fa9-a933-b32c0ea49c7f,0,0,FC,2,2,1,3,-1
bd7b1692-f5f7-3482-8f5f-9aceba6efd3e,0,0,FF,1,0,1,3,2
2452d3ad-c275-3ce2-8f4b-7bbe4fa1b5eb,0,0,SL,0,1,1,5,0
f483efe9-b859-316a-a531-0105dc8bffc4,0,0,CH,2,2,2,8,1
07567035-1751-3e7a-8908-814b9a1f9287,0,0,,0,1,1,1,0
793df549-8366-3443-a925-91d268446a9c,0,1,FF,1,0,2,9,1
36d1ebb0-92c5-3e2b-a3d1-40cfd232e22c,1,1,FC,3,0,0,7,5
df864fb5-ab46-3e1e-a28c-8b34e55beb4d,0,1,SI,0,1,0,1,2
5e9bd061-68a7-4aef-8869-cd9cd7058ad5,0,1,,0,0,0,6,-1
1ed1789e-ac80-3078-8ff8-daf14eea4bba,0,0,SL,2,2,1,4,-1
adf8a530-066e-3845-bbbf-0302ca6849b5,0,1,CU,0,2,0,9,1
92acc870-7f7b-3306-a2e3-d455faa5431a,1,1,CH,1,0,2,1,1
e63f8fb8-290f-394a-946a-5038a5c3336a,0,1,FF,2,3,0,7,3
9c454ead-dfba-3e2d-ab25-1dbaf848c5c5,0,1,ST,0,1,1,5,5
32008361-14ae-3a15-9dc1-976a11290bd0,0,1,SI,0,2,1,3,1
06322826-78ad-3ef2-85a1-8fe9e66817fd,1,1,CH,3,0,2,1,0
cb47cee2-4aab-3f6c-ac05-7fc3de30e3af,0,1,SL,3,2,2,1,0
ecd70b3a-b308-36de-9eea-392700543ffc,0,1,,3,2,1,8,-1
70bb9a70-bac9-3a1d-b331-160a61adaf9e,0,1,FS,3,1,2,7,0
0bf05b05-1e39-3bd2-b6a2-4f2cbf253757,0,0,CU,1,0,2,3,-4
dafe6114-3b59-3ca7-b3d2-1e96cbfcc660,0,1,SL,1,0,2,3,0
4ecb7811-b7ca-3638-9943-afe98ba78ff6,0,0,FF,1,0,2,7,2
0e75a26e-28d4-320c-b9f4-1655cb867b96,1,1,SI,1,1,2,8,-1
58194b5f-bbda-32b2-8537-c6a8a94672a0,0,1,,0,2,2,1,0
a9873a8b-b70c-3c27-bc26-51de4088084a,1,0,FF,0,1,1,1,0
a43f4f3b-221c-47e8-8303-3731dfef9b7f,0,1,FF,1,2,2,6,4
593079b9-954d-40b6-9df7-cdc398f2a0b3,1,1,FF,1,0,0,8,-1
062501cc-15ed-493f-9414-fcf1222f481e,1,1,FF,0,1,2,8,1
604baf49-620e-4276-ab1d-11e16e4c831b,0,1,FF,1,1,0,6,-1
c6431d9e-35b9-44e7-b84d-52092a74b0f5,1,1,,2,2,2,2,1
6215e525-b108-4a6c-8434-a9958c2c7910,0,0,CH,0,1,1,9,2
efd193f1-3e5c-32c6-acd7-0ea7b0cff215,0,0,FS,2,2,0,6,4
593cf4f5-6193-4bf6-a5d6-9813cb0f9c85,0,0,CU,1,2,1,6,-1
455e0d2c-cdd7-44f7-8f5b-1bb2980c6e28,0,1,CH,2,1,1,6,0
cb587a40-7ff8-4562-ac85-83bcbba7ddcd,0,0,FF,2,1,0,4,0
bbd5df0a-1811-4f73-9e76-b69252eb0344,0,0,SI,2,1,1,6,-1
cb220d85-05c2-4805-9b1b-ee1cbf6d3e2b,0,0,FC,2,1,0,6,4
cba67c41-5a31-40f3-8739-130c37f921e5,0,0,SI,1,1,0,6,4
5d08317b-1c9d-4b7f-a0da-6950fbc9603a,1,0,SL,0,1,1,7,1
ae22fdc4-a411-44c8-8a10-011d08e0d678,1,1,SI,1,0,1,1,1
3529d816-690c-4bdb-b1e6-918f671b5b39,0,1,SL,0,1,2,7,1
3546377e-1eb9-41cb-83f4-6743fc3df418,0,0,FF,1,0,1,1,0
f1dcbe1f-dfc9-4d26-af62-fb42170fefdd,0,0,,1,0,1,6,-1
ebda6d39-4ace-4aac-a719-44508d1ed4d8,0,0,SI,1,0,1,6,-1
30755682-2bf8-4416-937c-b5a447b46cfc,0,0,FC,0,2,1,7,3
094c20df-663f-47c0-baca-fa8cfae1fd0b,0,1,CH,2,2,2,8,-2
ff53b129-525a-4014-b099-c3a18279773a,0,0,FF,1,2,1,1,0
78c3373c-f9f2-419c-a9b7-6f5da3b6ddcb,0,1,FC,2,0,1,3,0
a4e51b7c-607d-42dd-a57c-b94ff7ffcea8,1,0,FC,0,1,0,8,3
1597c0fb-0956-458d-a040-03b11461d5fb,0,1,FF,1,1,1,9,0
a1ab2d99-0e12-46da-aadb-2e46cf5b32ab,0,0,ST,1,2,1,1,-1
5c905774-6b5f-43a8-a72f-3456704729f4,0,0,CH,2,2,2,2,0
e60256c3-9904-4279-b4d3-a557d333374f,1,1,FC,1,0,2,6,1
1f0e4bfd-6b7f-494c-a3c5-45a9ecbcf4ff,0,1,SI,1,1,1,5,2
3978d32d-5775-466a-8975-5e39138a0ba9,0,1,ST,3,2,2,6,-2
762b4d6b-e3ff-4ecd-b9f8-cc181fb08ba1,0,1,FF,3,2,0,3,0
69dc3274-6285-4855-b579-b40c89f9e13a,0,1,CU,1,3,0,3,-2
cd2e9e7b-df0e-4744-bc51-43e36565f563,1,0,FF,1,0,0,6,3
21f6e117-5905-4221-ac1a-a369e3fd1741,0,1,FC,1,2,1,2,-2
000cfa26-6cca-40c8-a7af-52f0704fea77,0,1,FF,3,1,1,4,3
bb9a29e7-e9f8-452f-b6bc-e96f0ac6141d,1,1,SI,1,0,1,8,5
b1f1b7d6-2ef1-400c-87d5-286762a06166,0,0,FF,0,1,2,2,0
4d5b41c2-cd37-47ca-bee2-0f153cc86835,1,1,FF,3,0,0,8,3
9c2b899e-b3c8-42b2-bc77-9c53d59c31ab,0,1,SI,2,2,1,3,6
88338a00-6cf7-456d-9252-d98d3d5175e7,0,1,FC,1,0,1,7,-2
0ca40359-5453-498b-85f8-dd67f78f6ab5,0,1,SI,1,0,1,7,4
01473edf-0853-47ba-a255-1391bc91fabe,0,1,SL,3,1,1,7,4
e489406c-f469-40a7-8f27-2206a8beba4b,0,1,SI,1,0,1,6,-1
a05d583d-d369-4147-9690-d3e846e22954,1,1,SI,1,0,0,5,0
299eab47-3a20-4305-a144-33d75142bc9e,0,0,FS,0,1,2,4,-3
540b31da-4abe-4cd2-b9ab-980a8bc9af3b,0,1,FF,3,1,1,4,2
621a0a51-3753-40fa-9825-1deb201ff21d,0,0,FF,2,3,0,9,0
9150148d-0fb0-4a57-9f15-601dbd362cde,0,1,SI,1,0,2,2,0
26793b8a-c60c-3412-8182-331f5670d32a,1,1,FF,2,1,1,4,1
77887606-542b-3f20-910d-0b594254f74a,0,0,FF,1,1,2,6,-1
b6f10fc1-2827-3875-aecd-5ca48c559198,0,0,SI,2,1,1,9,1
e5e4fa53-9016-3eb4-9be6-9ac454b4b0ba,0,0,FF,2,2,1,7,-1
46af457f-c082-4ed8-a814-9d7edb8d26aa,1,0,SI,1,0,1,9,3
42f660e1-bcb7-4205-8bc6-32cda1fa58a1,0,0,FF,0,1,2,3,-1
faab504d-74d7-4abc-aa04-11c9c50c16ce,1,1,FF,1,1,1,3,0
810abadb-1711-4514-a605-5eb605fd07ef,0,0,FF,1,1,1,8,0
dbad4bfa-3604-4570-8c2a-8b6aa9babae0,0,0,CH,2,0,2,4,2
5c49f5e0-063a-4727-aa21-4c542a8fe924,0,0,CH,2,2,1,6,-1
d896e7f4-5572-4ff9-8e96-f1c497d32fb8,0,1,FS,2,2,2,6,-3
8b34ea30-d7f1-4e5a-9dae-836556ba3b5c,1,1,CH,1,0,2,5,-2
39584f01-58f3-46e0-a9cf-f1acf780254c,0,0,CH,1,1,1,5,-4
3eae7198-c6f8-47a6-8246-94d6708b3845,0,1,SV,0,1,1,2,-1
4d8bc9d8-a634-466d-817f-e7df658b67c5,0,0,FF,2,1,2,7,1
d4187553-60ce-4581-95bb-af496b94443e,0,1,FF,0,1,1,3,0
5a7a9737-3a8e-4523-af87-86c7cd7e6d84,0,1,SL,1,2,1,5,0
8e40a2b7-563c-4edf-9755-80f703472b48,0,0,,0,0,1,6,-1
03bedaae-7415-49bf-92ab-a281e6b0a726,0,0,FC,3,0,2,2,2
a9dfdf6f-55f9-457b-ab71-2858ba156450,0,1,SL,1,1,0,10,0
70a01100-2a58-44c0-b17c-367a68cad2ce,0,1,FF,0,1,0,1,0
8e7708ba-6bb9-4b33-ab27-9cc691ae9b00,0,1,ST,3,3,0,4,-2
2a037774-3892-4c67-87cd-c5fe0762488c,0,1,FC,3,3,0,7,1
e5b079fb-5dae-4e58-a300-67d03059cc9c,0,0,FF,3,1,1,7,2
f6cd2acb-0cba-4ac8-a1d4-25fe1fcf0282,0,1,SI,2,0,0,4,0
08da4835-0e85-4189-877d-75be6319e4ff,0,0,,0,0,2,4,-3
29906c17-941f-481a-ba99-ed6829a34be2,1,1,SL,0,1,2,2,0
7669380d-58a5-4992-8a05-7986b6df5737,1,1,SL,1,1,1,2,-1
598ba03c-e696-3db9-94cd-3aa7a125cb1c,0,0,FS,2,1,2,7,2
88516b4f-b7e3-3c16-8ce5-a13b5e0ce285,0,1,SI,0,1,2,7,3
95c5a00f-e41f-3114-a16d-398273d9cb49,0,1,SL,2,0,2,1,0
12caf60e-b364-3ebb-9174-89be3d63c3d1,0,1,FF,3,2,1,3,0
4d722a99-9e8d-3874-b68f-c1b318af2216,0,1,FF,2,0,1,1,-1
134b4aa0-3d3e-3602-b39c-7e9db4b1c65b,1,1,CU,3,2,1,6,0
d3b6589e-b804-3811-836c-249bfd763fd2,0,1,,2,1,1,1,0
38b6875a-abe1-4746-a335-cbdd1c70814f,0,1,SI,0,1,0,2,1
a331f452-7c27-4e58-b773-90f1fe9845ea,0,1,FC,1,0,2,3,2
0627da21-d3a7-4971-b5a6-97c2d1eff9b3,0,1,CH,2,0,0,1,0
069a022e-43c0-4417-a69c-04c05373bab7,0,1,KC,1,0,2,8,1
2328f222-7397-45c9-b626-c3a7bf63b8bc,1,1,KC,2,3,0,1,0
bc012c25-825b-483e-a644-1769112a7386,1,1,FC,3,0,0,7,2
25aecffc-150d-4bb5-a36f-27d755ae84e6,0,1,ST,1,2,2,8,3
538d9fc2-426e-422b-a415-64aea2e45843,1,1,FF,1,1,1,3,0
46868a08-85ce-41b5-8512-cb308ce29a55,0,1,SI,2,0,0,7,4
ecc4668e-31dc-4c4c-840c-369bbc4d9f93,0,0,CH,2,1,2,9,-1
99bba33a-cce3-47ce-bc4b-1b39a49c4c07,0,1,FF,1,1,2,4,0
edc049d9-d833-49fb-919b-89b5838c3165,0,1,FC,1,0,1,6,1
d8d7a1b9-43fb-403b-9996-d5be99631d35,0,1,SL,2,2,2,4,-1
449a2be6-9742-46a4-ad81-a7c7f9923c82,0,1,SI,1,0,1,2,-1
90cc3d93-0492-4c59-b079-fc3debc06819,0,1,SI,3,0,1,7,2
3bcb04b6-8b39-4b7b-b414-167a23225e97,1,1,CH,1,2,2,2,-2
bd1cf1dd-79dc-4e18-a232-57b2d77158e2,0,1,SI,1,1,1,4,-2
367ca20f-fc20-4263-b4f1-ce4f89430df1,0,1,FF,2,2,2,4,-2
8801f8b6-b43d-4249-8375-2c0477dd9260,1,1,ST,1,2,2,9,1
859c481c-5e29-431b-8f7f-f6b9a7cb244a,0,0,SI,2,2,2,7,0
203d988c-09be-417d-9ff3-0b10b7a37006,1,1,SI,3,0,1,2,0
acba87e8-03ec-4c1c-9f09-03809efdd9ad,0,1,SL,2,0,2,7,0
6fc8b950-1238-4f15-b573-d71cf4a2fc37,0,1,SL,3,2,2,6,-2
efc13fef-8b6b-419b-8e30-9cbbef876668,0,1,SL,3,0,1,4,0
4460952c-3271-47dc-b829-4ffac32ff87e,0,1,CH,2,0,2,6,5
3f0b8d14-1fdd-44ca-bc77-fcd024bdad70,0,1,FF,3,0,1,4,2
e5b6f8bc-6cb5-4536-a4d0-d8bd2f8779a6,0,1,CU,1,2,1,2,1
292dcd3e-f59b-4c44-8334-1908d44fc60d,0,1,FF,1,1,0,8,1
e1b8f178-98b1-4ee3-9ada-987749d8bec2,0,1,SL,3,3,0,7,1
cfd648fa-3e4e-4608-ba1c-3fe4f3ae3ae1,0,0,FF,1,0,1,5,2
57407501-b734-4ec6-abc8-6cea11ca13b6,0,1,SI,3,0,1,9,2
f2c34207-f3ff-461a-bcd9-198d2f879d4a,0,0,FS,3,1,2,5,0
6dc0294a-e7b1-44b9-a62c-ce227c16c4a1,1,1,FF,2,2,2,8,2
62122d4d-a40e-4dcf-8ae5-ade366ad99f9,0,1,SI,1,2,2,6,2
ac193356-2295-4df8-9773-d809e6d16d2a,1,1,ST,2,2,2,8,1
6262349c-93b0-42a5-baeb-7930d1192161,0,1,SV,2,2,1,2,1
930a6ad4-8238-44ba-add0-b81efd388e8c,1,0,ST,2,2,2,1,3
a6aa90a9-ada1-479e-8ab8-7ae32d9e3dcc,1,1,FF,3,1,2,8,0
ccc2c39e-ae07-4ca8-9611-58ecbdc636e8,0,0,FF,0,1,1,9,0
9424f2f7-6969-4ff2-a4ec-4e31462ed054,0,0,FF,1,1,2,4,1
46c87ee6-81cd-4da6-8144-4ab14bb14822,1,0,,2,0,2,2,2
f55c6556-9e22-4715-83c2-89a38ae9a4a8,0,1,FF,1,2,2,1,-2
ee5fee4d-4ad0-4ee5-89ce-292dad7d37a8,0,1,SI,1,1,1,6,2
11c095d6-2cd7-4b2f-ab4b-fe1ee0e95570,0,1,SI,1,0,1,8,5
a0565c20-a614-4cf7-bae9-1915dc100b1d,0,0,,2,0,1,6,3
0f4e27f0-6751-4f41-aca1-db8a8861835c,0,0,FF,0,2,2,3,4
daa2dcec-53a5-4e15-888f-3c57b45c5dae,0,0,SL,3,2,1,8,4
63631549-74a4-487d-a239-a0b393b84f85,0,1,SI,2,0,2,5,1
a807f35f-ab77-486b-b121-e39b1c7bf343,0,1,SI,1,0,2,7,5
eed2790d-9f4c-454f-bfff-9e20c8d27209,0,1,SL,1,1,1,7,3
782fea21-2282-41c1-8a44-14b128778bd3,0,0,CH,2,2,1,3,0
86a8bec5-f885-4f81-ae92-7128f3e8826b,0,1,SI,2,1,0,2,-3
a0dbccd5-a5ab-45e5-8de2-4f5fc52c5cb4,1,1,SL,2,2,1,2,0
d40fd65f-e0f8-4419-a7bb-9a81bd365619,0,1,FF,1,2,0,4,-3
cab1943e-463f-43b6-af54-5d5340008e91,0,0,FF,1,3,1,2,-1
9c2e9df1-9e9c-4021-8921-2843ae5a2bc2,0,1,SL,0,2,2,9,0
8ccacd72-8cf5-44a9-ae06-054b4d94997a,0,1,FF,0,1,1,9,-1
3b1c01e0-c34f-418f-b3e8-e876014c09ea,0,1,SL,0,3,1,9,-1
a4a816e5-7332-42a6-b841-048a5db498b6,0,1,ST,1,1,1,7,4
e4d57139-ad78-3b31-84d6-e15a6250c711,1,0,SL,2,1,2,10,0
473a2c18-9947-3b6b-8b45-3faf41823c85,0,0,FF,1,1,1,1,0
a240913f-9967-3936-a0ab-4ef654ae4dae,0,0,CU,1,1,1,1,0
8a686f45-7848-31bf-a9be-3257dd2a86d9,0,1,FF,1,2,0,1,0
4cd13363-1819-3b11-ab30-14dcbea46c92,0,0,FF,3,3,1,1,0
98886890-1924-3d8e-be93-4a298cacb8bb,1,1,SI,1,1,0,8,1
53e411e6-4771-32c8-93db-e9f5e1f1da36,1,1,FF,1,1,1,4,4
48c4d070-9547-3d93-986a-a4ba4f51b1ca,0,1,KC,1,1,0,4,0
9a053438-b8d3-3ffa-9bff-fef294011eee,0,1,SL,2,3,1,3,1
2dc648c3-6e7d-3ceb-9e0d-529074b4dd11,0,0,FS,2,1,2,3,2
b737f887-1772-3ac3-bd10-acc91a268238,1,1,FF,3,2,0,8,5
dd4b49d1-e854-3e59-9076-0059415261b8,0,0,FF,3,2,1,8,3
f090f9c6-0a29-3eb0-916a-0bd6e3e512dd,0,0,KN,1,0,1,4,2
368f8001-35e1-303a-9d17-03da4fd6157d,0,0,FF,0,2,2,4,1
9c70a20a-c873-3c52-9474-36a7081f869f,0,1,SI,1,1,0,6,3
2b782876-f23d-34c6-9c82-c2bebe0ed44f,1,1,CH,1,1,1,5,1
4624123e-c0ac-3a15-b900-96e11c33459b,0,1,SI,0,2,0,3,0
ea243a14-d40c-3920-9689-425d822d6f92,0,1,SL,0,1,2,8,0
d186c2b9-1c20-342e-a77e-69329e9dd5b5,0,0,FF,0,1,1,8,0
fb8f3086-4a6f-3c5f-92da-819269cf97ae,0,1,SI,1,0,0,7,1
7a257941-1c0d-3242-82b6-0522b4655120,1,1,CH,2,2,2,5,5
8adffce0-88e3-3103-b76a-787a7db4dc66,0,1,FF,2,3,1,6,-1
c175a74c-a321-39df-a63c-bcc30be95f81,0,1,CH,3,2,2,2,-1
17a64b67-8904-381e-81c2-cbd3b0cf084b,0,0,FF,1,2,2,2,-1
77e63a06-a04a-3863-b4b0-d216f485da76,0,0,CU,0,1,0,2,3
c418b3fc-5edc-3a39-aee2-084dfa47c8fb,0,1,FC,1,2,2,2,2
39550868-df81-3baf-987c-13d588ca7df5,0,1,ST,3,2,1,5,0
ea21ccc4-d416-47e5-97ea-dfb6f73bf1d8,0,0,ST,2,3,1,3,0
883620c6-c654-4cde-a481-35162e5f52d1,1,1,CU,2,2,1,2,2
d2e58e48-9343-4dfa-8b6a-e59bb0cf5838,1,0,SL,2,2,2,7,1
3b392570-e96f-46fb-944d-269f8afc249b,0,1,ST,0,1,1,5,6
c4976925-8ef5-43c1-ade2-e85b00bc55e2,0,0,FF,3,2,0,9,2
cbda2142-9728-4234-bd93-ed2bfb6844b2,1,0,FF,2,1,2,6,5
38d77c56-c367-467e-93fd-31a78b7d27ea,0,0,FC,3,3,0,1,0
82bf55a1-58f1-46f0-8c95-c9cab0567d6e,1,1,CH,2,1,2,3,-2
1fb37115-dfb8-4dfc-8d36-d7286fdea9ff,0,0,FF,1,0,1,5,1
293ad3ed-35a2-48cd-a113-ddb365e635bc,0,1,SI,1,2,1,1,3
597c727a-db88-3a3c-bb23-e1faada65d0e,0,1,,1,2,0,4,-1
deb41608-0d0d-3234-8936-8b867baa057a,1,0,SI,3,3,1,6,0
1412a80c-3f6b-32c2-b7b6-dd4d8d466e00,0,1,ST,1,0,1,7,-1
9afa464e-7872-30c5-a79d-32a5c8a2d1e7,0,1,SL,3,0,1,2,0
4740b7e6-37eb-3231-8d3f-e207a42b4c15,0,1,SL,1,0,1,2,1
f011aff5-9e5a-3ca3-bef1-6c4551d1689b,0,1,SI,0,1,2,1,3
69c05957-21f1-3302-9b35-4db500e1ec9f,0,1,SL,2,2,0,2,3
3f7d0e65-9039-3cd5-8fcb-4f369a9315f3,0,1,FC,3,3,0,2,0
74dad57e-eaef-3f58-90e7-6df6b6c9a7d4,0,1,FF,2,2,2,2,1
3de0fb9c-2c39-3b40-a708-9f7c84a5bb80,1,1,FF,1,0,2,5,4
e88492bc-190c-301f-bd25-127a229e0d8b,0,1,FF,1,0,2,9,0
2f43906f-b7b9-39b3-ba11-08a53a2f6848,0,0,FC,3,2,2,5,1
bc056140-77ee-3127-a948-d0002aff62cc,0,1,FC,1,0,0,3,-3
374e74d1-e2e2-3871-8392-aadc04a2e00f,0,1,FF,2,3,1,2,2
45ecec5a-bdf9-335a-a25d-e58c02338897,0,1,SI,1,1,1,3,0
8fe56147-7f36-4b53-88f8-efcc92ee9b1d,0,1,FF,3,3,1,6,-3
e5b9b03b-3258-4c78-95e1-8da67690886d,1,1,FF,1,0,2,7,4
92b09f6e-6f09-465d-99bf-e5a9f16746b0,0,1,CH,2,2,0,2,0
59b0abe9-2477-4e71-8715-fe3a0d07abd2,0,0,FS,1,3,0,7,-1
be9ee3ef-9e0e-4466-946e-afe72d9f20e1,0,1,SL,2,3,1,2,0
5f1ee283-a661-4c2a-8079-2c163d0667df,0,1,SI,3,3,1,4,-3
12c630d4-43c9-487a-a3f0-f77a51d769bc,1,0,SI,1,0,2,7,0
b14e2f77-af07-4080-afa4-fe3584630b4b,1,0,FC,2,2,2,3,1
cb7d8ea0-4830-4181-9f67-648f4589ec2d,0,0,CH,2,2,0,5,1
f2721bb5-9b89-4652-a04b-9b6f990eec44,1,0,SL,0,1,1,7,3
435357c1-29ea-33fc-a38e-bde804d2f3e2,0,0,FF,1,0,2,7,6
d461ebf8-d56c-304d-9507-affe1c3dfe65,1,1,SI,0,1,1,9,2
013f5764-b6be-33b5-bde7-8f61cffae7c8,0,0,CH,1,3,1,2,-1
33678287-35ee-3117-8cad-e96fd143b0cc,0,0,CH,3,1,0,6,0
e6ba628b-ae28-36a7-994e-7406e0b8cf6d,1,1,ST,1,0,2,1,-1
d310eb9a-d4dd-3664-bc69-47fe5b83402f,1,1,CH,2,2,2,4,1
7b9a9d39-5066-3b7e-8dbe-894ff8231352,0,0,SL,3,3,1,7,0
8d76cd62-6329-3fe4-b6ad-50292a8d8f71,0,1,,1,0,1,5,1
db8a6ec0-cefa-394c-b5d6-ae9078acad73,1,1,ST,3,2,1,2,0
626ac117-9b60-3376-9dd0-dcf0c8f0adf0,0,0,SI,3,2,1,8,2
df9b9d04-a0ea-3292-a2b9-bf4008377923,0,0,ST,3,3,1,8,2
3b53863a-32cf-3a47-a729-b2448626e300,0,0,KC,0,1,0,2,1
630a1ff5-a492-3d34-ba4e-8c686973ebd0,0,0,SI,2,0,0,2,-2
58e23596-5863-31fd-ad59-86a3ca7328fa,0,0,FF,4,1,1,6,-2
87a2d6c5-b894-3603-827b-fe335b7630e8,0,0,FS,2,1,1,6,-2
ff205ffd-d7d6-3f74-a33a-275c13fadc12,0,0,FS,1,2,1,9,4
2bca367c-bfd5-3295-ab81-a84927830038,1,1,FF,1,2,2,1,1
172f6eee-ab98-370f-ace8-3616fdfcf537,1,1,SI,1,1,1,9,3
4ec8232d-5247-3537-bb09-fcda7e40aabe,0,0,FF,3,2,2,4,0
a8ec0ff6-4610-3bf9-9553-2ab931fcf1fd,0,0,FF,3,1,2,7,-2
b4e96771-82cd-4588-a183-b8ce226db2c8,0,1,KC,2,2,1,4,-1
de4d3885-c773-43b1-ae74-4171645819b7,0,0,,0,1,1,7,-3
a39671d1-3e1a-49ce-93c5-0efa352bc372,0,0,ST,2,2,2,4,0
378a66d4-4821-4ecb-9711-34673c8588af,1,1,SI,2,2,1,3,0
e0c65d46-4420-4dbd-952e-8f1266eec407,1,1,SL,1,0,1,4,4
06674414-f46e-491c-96c8-2e98f797fed6,0,1,CU,1,0,2,7,4
caad7975-9b78-3e0c-8061-5af4734dad50,0,1,FF,2,2,1,4,-1
e6691199-d05c-43ec-ac60-21dee96dd93d,0,1,SL,2,0,1,7,0
268fee82-e1ed-4108-bb74-475cd22bfcc5,1,1,FC,1,1,1,7,3
49dda741-87d7-4f56-9c41-6cc63cd93f26,0,1,SI,0,1,0,4,-2
652efb8a-97c2-485f-8549-3e222ed21939,1,1,SI,2,3,1,2,0
482883b9-0141-45e4-b003-47c6c9707847,0,1,FF,2,0,2,7,2
fbb5ce48-698a-433a-9941-44b5be520ef2,0,1,FC,2,0,0,4,0
94ca2f0c-8792-4cd4-8f97-9daeac8a2888,0,1,FF,3,1,2,3,-1
3b93b331-d3b5-49b0-8404-61d8c003b464,0,0,CU,1,2,2,6,0
eaf43e46-3b90-445b-ab93-60b34c53295d,0,1,FC,2,1,1,4,0
4ded3d29-2ffd-44f4-b1f7-7e9acb27e98d,0,1,FF,1,0,2,5,2
9660cd21-36ca-4241-9d53-0cafb48bf2e1,0,1,FF,1,2,2,4,-1
6a8ce4a5-8005-416c-adfc-d16125619ef4,0,1,FF,1,0,2,8,-1
047ecf28-2b9a-4ca2-92f2-8cf51a038f9e,0,1,SI,0,1,2,7,-1
cbf96f6d-e944-45c0-baaf-a4214895e01d,1,1,,0,0,2,4,2
5fe1203d-f2c8-4816-a3fd-63131628ffa6,0,1,SI,2,0,1,9,2
d6d59014-0b3b-41d0-874c-48428d623794,0,0,FF,0,1,1,9,0
13701ff7-f011-4a54-bf28-76ad2851a84e,0,0,FC,1,0,0,6,3
6319efee-33bc-4e19-bd56-ed2d52630c92,1,0,SV,2,1,2,5,0
dab022f0-8c01-3929-8190-f126930ac294,0,1,ST,1,0,0,7,0
13221cc8-2229-3991-ba00-515da6a5cf66,0,1,CH,3,2,0,9,0
ed26e750-87f8-3721-9287-2c483be4dc36,1,0,SL,0,1,0,8,0
a3a13c73-6b2f-3a9a-b5d2-165bc0aec5fc,0,1,SI,0,1,1,3,6
aa7f2c15-99cd-3463-b8a6-7292fc445f35,0,0,CH,2,1,1,4,2
f548f664-09c4-391b-8364-375c7e403e25,0,0,SL,1,0,1,3,4
ad2f9d8a-6968-3cea-ad7a-8440072cbf26,0,0,CU,2,2,1,4,-1
073743e2-e3ac-367a-87fb-8b492dc5d6b2,0,0,KC,2,2,0,2,1
cf2aa450-ce69-347d-b259-094568102ec8,0,0,FS,1,2,2,9,-2
7cf1d14f-2033-3aaf-8021-f8eb8bbd6cff,1,1,CH,0,1,1,2,0
3a90cafa-3cfe-3e42-b0f1-1fe4b50aba78,1,1,FF,3,2,0,2,-1
5f50a911-01b0-3391-adf6-933230fbebdd,0,0,FF,3,3,0,8,6
eb88eb2f-520c-323e-b906-63ac59b5c2c7,1,1,SI,3,2,2,2,2
774d7cd9-9804-38ba-bade-20ad9376b210,0,0,FF,3,3,0,8,3
64bd406d-b3f9-3d96-befe-c6cad7d1e655,0,0,FS,2,3,1,2,0
18fc288f-3072-3bd3-9193-3df7097c9de6,1,1,SL,2,2,0,4,2
1dc57806-6cff-3e40-a0ef-a52e2f20f38d,0,0,CU,3,2,2,5,2
7570519f-d12f-3172-87ff-8b86d3c5e689,1,1,FF,2,2,2,7,2
a0794f47-9c3f-35b5-b1e2-e388370afdab,0,1,SL,2,2,2,7,5
3a3875c7-ddf3-3ba7-abcb-ad3c754c237a,0,1,FF,1,2,2,7,5
90545748-04f1-375c-bbed-6aaf194a52d3,0,0,FC,0,1,0,2,0
d6bf8a4d-1ab1-31b2-900c-a3e08ec74100,1,1,CH,1,2,2,4,3
fb43689b-668f-3ebd-ae5b-63c0861e78b7,0,1,ST,1,1,2,3,6
dd00508e-f9f9-3082-8cef-ff49284b9eef,1,1,CH,2,2,1,6,2
c9b5d70a-597b-3fd0-82d8-633a03403521,0,0,FF,1,0,0,8,3
1c9e4292-134f-306e-bff7-71b19725fb00,0,0,FS,2,3,1,6,2
7d8e92c3-c28e-3160-bd3b-d85925c85428,0,0,FF,1,1,1,7,5
3b7b2d02-871f-31c8-b0c4-3b84e263e10f,1,1,FF,1,1,0,9,2
5c42c803-d289-3e4c-b4a9-78fb8e4054d9,0,0,CH,2,1,1,2,0
47b566db-6961-33c7-88b0-5644791aff06,1,0,FF,0,1,1,4,7
236018d1-ec06-3f83-a9e5-523861accf6b,0,0,FS,1,1,1,3,-2
102f7a8d-bd12-352d-a86e-98a36f290374,0,0,SL,3,2,1,6,3
7195ff4d-a5a6-397f-8bf0-86f0e951ee5a,0,1,SL,1,2,2,6,0
22c05318-2140-4de6-9fe7-8a6300dd07d9,1,0,FC,1,0,2,5,6
642d03e1-902f-4191-9610-93ecfcbabec7,0,0,FS,1,1,1,4,2
cf62ad5b-fa21-46c1-8494-e3cb51fd5512,0,0,SL,0,1,1,5,3
ee0078c5-f2c3-3205-af4f-5763470cdf50,0,1,SI,3,0,1,8,0
47518a53-5f16-332f-be59-425dff7eecff,1,0,SL,3,0,1,1,1
de2ff1cc-2584-34fd-ae48-7d89b13d9cac,1,0,FF,1,2,1,1,0
f06466b9-f729-3217-9fc0-747c5dc9f9dc,1,1,CU,2,2,0,3,0
5214b43d-9058-3a16-992c-9d9b300b7d3a,0,1,SI,1,1,1,8,2
d99b30f4-38ad-3935-9c0f-517c7c946e6a,0,1,SI,1,1,2,2,-1
6755a0de-83f4-35c4-ad63-58540099615f,0,0,FF,1,1,0,8,2
15857288-1c99-308a-86b5-0beeb051a2d8,0,0,SL,2,1,2,4,1
f2a0cf7c-4741-3eeb-8ad1-e6f6f93f712f,0,0,FS,3,0,0,8,0
011fd7e1-f040-448c-8b69-74670b00fee2,0,0,ST,1,0,2,6,7
749cbb7b-5bc4-4955-b0b1-3c411b7775a1,0,0,SI,2,1,2,4,0
1e521aa1-2cc5-441e-ad6a-9f114db74dc3,0,0,FC,2,2,1,3,-2
2711391e-18a0-4f1c-8b31-95e4fce577b0,0,0,FC,1,3,0,5,-1
09e48556-63dc-3d4d-af48-7e812aa97d97,0,0,FF,3,3,1,2,1
2f7ea9ab-8834-3fc8-85b9-a6e73c155c9f,0,0,FF,1,1,2,4,-1
5b335622-2e3c-3008-ba77-58d56ca5e8f9,0,0,ST,3,2,2,7,0
a8a42926-6d31-315c-ba2e-36c5278dd3b9,0,0,FF,3,2,2,9,-1
40fcb2f4-5ef5-3b7c-a24e-8cdde10b10d3,0,1,ST,2,2,2,1,3
f5c4ca75-0992-3ad9-9323-3b78a89421f3,0,0,SI,2,0,0,2,-2
5e080ef0-9555-379d-8c22-162bedf2fe26,0,1,FF,4,1,1,6,-1
00295050-28ea-4704-a106-d4d16038c7c3,1,0,,0,2,2,10,1
9505f354-719c-3c9c-9a4f-f0cbb65ec566,1,1,SL,2,1,1,6,2
466cb67d-3a0f-33d3-9aee-a7fcf8d99fe9,0,0,FF,1,3,1,3,-2
a5316312-6423-3d0d-9db1-f181b526fd1c,0,0,FF,3,2,1,1,0
8001e282-b9b3-3e20-b9e9-c9a611fee26e,0,1,SI,3,1,0,3,2
85c4a2a5-906b-335e-aaa9-5d92ccb6fce1,0,0,FC,1,0,2,2,1
378e983e-61ed-3b51-8f20-87ff8d344b61,0,0,FF,3,3,1,2,-2
8a52fda4-0b03-4e8c-a78a-67c13a392c38,0,0,FF,0,1,1,9,-1
ba7ccc5f-9301-41c0-b878-56640c129c05,0,0,CH,2,3,1,6,1
e38e4b92-0d19-4758-9463-0b063e28e680,0,1,SI,1,0,2,8,1
efef4669-648b-4aff-bd09-edd8eb6b480c,0,0,ST,2,0,0,9,-2
4b03ddf4-cdfc-46c7-864f-601df34b7c12,0,1,FF,3,2,2,9,3
4103e444-342c-428c-8866-542e36c22338,0,1,FF,0,1,0,3,-2
4732d084-306f-4364-81e4-23e67280fe5e,0,0,CH,1,2,1,5,6
8855da02-53fd-41c5-a9ec-26de7ab02bef,1,0,SI,1,0,2,5,6
c00e85da-163e-411b-80a9-136b85a57130,0,0,SL,2,0,1,3,-1
d2479a53-d8a3-40c5-93ae-14ef276f6e88,0,0,SL,3,2,2,5,-1
ebb6e673-ef06-4e13-8478-deb9f2f51ade,1,1,SL,1,1,0,2,4
d3b4365d-43d5-4d18-be3f-ee794112ea49,1,1,SI,1,0,1,5,-1
7814c26f-a1f8-4962-ae5c-148bb166b756,1,1,ST,0,1,2,7,1
b6443f2f-97b3-4368-9360-e4083e5c8bbf,0,1,FC,3,3,0,5,0
4daf53b1-37ce-43ee-b6e6-15f408f85252,0,1,FF,4,1,2,6,-1
488043e2-d35b-41b1-9a4d-190d7633d4c7,0,1,FF,1,2,1,8,0
862704cb-3e97-40e6-b833-33caa9427e81,0,1,,0,0,0,10,0
6bd52ea6-03fe-384a-a749-e24776499605,0,1,SI,1,2,0,5,2
b199450a-d603-3ea8-b2cb-16f3917daa5b,0,1,FF,1,1,2,7,-3
af70fa6d-f058-349f-bf72-2951b33911f3,0,1,FC,2,0,1,8,2
eb43b185-d5ba-3427-b73a-3db17d724e36,0,0,FF,1,1,2,1,3
9fd711ed-f567-3c94-8d03-ac37fa130676,0,0,FF,1,2,2,1,3
2b1cac0a-6121-37ed-86a5-931ec3d36bba,1,1,CH,2,0,2,2,1
9e40feea-b856-3753-8bc5-e36ad0ca68ee,0,0,CH,1,1,2,7,-1
a37ab3b1-252e-311b-94c2-1a8eabb94e61,0,1,FF,0,1,2,8,-2
94e614d4-e433-4ab5-ad9e-445b5095ccf9,0,1,,3,2,2,8,-2
aa91432a-ee60-3fc0-83c0-318f8c886be1,1,1,SI,2,0,1,4,3
09a754cf-6c05-3a21-8df5-30c80ef408a6,0,0,ST,1,1,0,4,-1
f648d452-76e8-32db-8953-b0c3b2764575,0,0,SL,1,0,0,8,1
e8e95f19-8f9a-3e90-8bf4-bca5e09d03c2,0,1,FC,0,1,2,1,0
8b776014-df34-35a0-a69b-9b114b3ffcb9,0,1,FF,2,2,2,6,-2
061f88b7-fcd1-3970-9487-26ee5afd7328,0,0,SL,2,3,0,8,5
c507fd8c-1e4b-3bb5-ab29-66464a23fd1a,0,1,FF,1,2,2,4,-3
5363fd91-c176-33ff-9eac-9d69993ce37e,0,0,CU,1,0,1,2,1
3a97d0cb-304b-349f-8b0c-985dbad6945d,1,1,FF,2,0,1,7,4
1c826eec-f493-33c8-ae7e-4d45bea5fb96,1,1,SI,1,0,1,2,1
1e4bfc9f-5be2-324c-8c25-e1de4fc61354,0,1,ST,1,0,0,9,2
8888325e-2b7c-3c4c-aa79-5db32b98ebce,0,0,FF,2,2,2,5,-1
2c511ab2-75f1-35fc-812f-b7c681eb5c66,1,1,,1,0,0,7,2
64217b1b-79a3-3515-892a-2f36da4bc317,0,0,ST,2,2,2,4,-4
d44f41d6-1224-3073-bf57-0e35bc48882e,1,1,,1,1,1,6,0
50e5415c-e71e-39c9-bdb8-6c26f570bdf6,1,0,FF,1,1,0,5,1
9ff39dc9-a3ca-3ea2-bdca-ec1f12bff25a,0,0,,1,2,1,8,3
88392f4f-52be-361c-a660-f38efa31d150,0,0,CH,2,2,2,4,3
58e9a4d8-8db3-380f-8884-eaedb35db05e,0,0,SL,3,2,1,5,0
4a004f1a-35f6-35d8-b088-0fb397a62c1e,0,0,CU,1,0,2,9,6
15514b34-60a3-3859-932c-9e5fd281dda1,0,0,CU,0,2,0,2,0
3d2ec0d4-8935-3522-bf20-f8db8086da98,0,0,FS,2,0,2,3,1
ce6d8238-5737-3581-87c4-73e828f1f886,1,1,FC,1,1,2,1,0
9611cb58-b016-3258-b799-2c383f853bf5,1,1,CU,0,1,0,3,2
ee6161c7-951c-387f-a2e0-e8e58e878430,1,1,CH,3,1,0,3,2
ac540eb2-d81d-31e1-beaa-34564503df73,0,0,SL,2,0,2,7,6
1306bf59-9b53-3cc9-9c0e-51488f46e73b,0,0,FF,1,0,2,1,0
b8de1c8a-135b-34fb-a326-23c203789db7,0,0,FF,0,1,2,1,0
526fea48-dee2-3851-baa3-610aafed5c75,1,1,SL,2,1,1,4,-3
1324b42f-976f-3ba2-9201-6fb9df71e04c,1,1,SL,2,0,2,4,-3
8f472287-b8a7-3989-a492-dd219cf2268f,0,1,ST,1,2,1,4,3
6668efce-4841-3586-8384-5b84d570dafb,0,1,FS,3,0,2,4,3
502fea26-351e-3dc4-8ee5-bdc93b88a586,0,0,SL,1,2,2,1,0
d02f3be2-aaeb-3787-9eaa-45a994261669,0,0,SL,1,0,2,7,2
85240545-50f5-366a-8f7e-e4e536c17fb7,0,1,FF,1,0,1,9,3
533f7f29-bd56-384a-a623-d15a88d14ef0,1,0,ST,1,0,1,1,-2
5b714349-a74e-3aec-b489-34c1750afc7b,0,0,SL,1,0,1,1,0
4a9aa1ad-5b81-3e74-99d1-5262e3ebf044,0,1,FF,0,1,2,7,2
087bffea-c343-30e9-98cf-fb56f937fbeb,1,1,SI,2,2,2,5,2
8347ca19-2082-3bbc-b4b1-99d2a5f62855,1,0,,3,2,1,9,-6
8edc0034-724f-31ab-8ec8-b218d1e66001,1,1,CH,2,1,2,3,0
a35ffd18-0ac8-3f4f-8f79-dda016f04811,0,0,SL,2,2,0,8,-1
f1d18857-ff93-3e25-ae04-4bcbf4ed5bc7,0,1,SL,1,1,0,7,4
b2fd0b9b-b684-3375-93ae-1607fd41da27,1,1,FF,0,2,0,4,1
93f6caaf-449d-3eb4-9adb-7db0b9455a13,0,0,FF,0,2,1,3,0
d6ed0b51-3cb6-3ef6-b367-a0e1da339ad5,0,1,ST,0,1,2,8,0
b6ee9929-d290-3f21-aa00-f78e9d3bb6ee,0,0,CU,1,1,0,8,0
b7f2fb38-ee8e-3efb-955c-33bafad0fefd,1,1,CH,1,2,2,3,7
8e19c64b-27c9-3103-8507-430529a8935c,0,0,FC,1,0,1,4,0
bca840be-fd86-30b1-87a4-0c873a993f65,0,0,FF,1,1,1,7,3
820e1b04-ec4d-3cea-9363-a3dc0ea2e564,0,0,FF,0,1,2,5,5
321b552d-a128-3340-a915-5df3c9a4600f,1,1,,1,2,1,5,1
72af53ca-98d9-35e4-94da-de14c0353bbc,0,0,FC,3,3,1,8,2
155a0a08-e73f-3622-85c5-7afe156a0e72,0,0,FF,1,0,1,8,1
90468b8d-dd8b-3b14-a08a-7bb36ac05324,0,0,FC,3,1,0,7,3
986e95d6-dc9c-3f00-977b-43e156556c7b,0,0,FF,2,1,2,8,1
0f4a5cb4-f936-302d-a8ad-c71c76aacd2f,0,0,SL,1,1,0,7,2
1d5f73cb-4e95-39e2-889b-9d47c031690b,1,1,SL,2,0,2,8,2
34d465fe-fe89-3319-b663-7ba63cc500a5,0,1,SL,1,0,1,6,6
a6d61392-1375-306b-ad35-e054220597d4,0,1,ST,2,1,1,6,6
b61ab30e-b9cf-3256-be28-b58425679f06,0,1,FF,3,2,2,2,0
5b641981-3551-3840-8008-e46243102487,1,1,FF,2,1,1,2,1
09ffe903-2e76-3493-8d50-72ab3fd50e5d,0,0,FS,3,0,2,9,0
537f980b-5a29-32dc-8812-46164cc8b9fa,0,0,KC,1,0,2,4,2
dedcf514-0662-3a71-a897-3f7f40480646,1,0,SI,3,1,1,4,3
e6a4289e-50bb-3348-aae7-3bb02cb8ecea,1,1,FF,1,2,2,7,0
a9df66ca-2f70-4faf-8e91-a14c001fe086,1,1,CU,1,1,1,2,0
499d97b3-8325-4dab-afb9-2306c3853a55,0,1,SI,2,0,0,5,5
5420566a-5509-409e-b780-88c1de27f280,0,1,FC,1,0,1,6,-1
1850bd63-f422-4712-9b5a-3b54a9735a4c,0,1,SI,1,0,2,6,0
be201568-da5b-44ae-b643-d2599e260eb3,0,1,FF,1,2,0,2,0
ff9ee78d-e7d0-4a98-83f5-3d8271b60215,0,1,FF,0,1,1,7,4
64ccf0a6-e995-419a-bedf-e7e63658c316,0,1,FF,2,2,2,5,-2
463ae5f3-a431-44d4-b795-ea35cf790dbf,0,1,SI,0,1,0,9,0
059a1092-4118-4700-a7c5-1ad996d3bae0,0,1,KC,1,1,0,6,5
900e68fc-8619-4394-869c-7fb7c0596da6,1,1,FF,0,1,0,3,2
43144b7a-99dd-4326-baea-10ea200d4738,1,0,ST,2,0,0,8,6
acfe7499-75bf-41dc-a527-b69840f94ec4,1,1,FF,1,1,0,2,0
9d4ec30b-e068-41b0-a811-2962da2a5d2a,0,0,CH,0,1,1,5,-2
5728e1b0-7a6b-4543-a5fd-ccaec87d778b,0,0,SL,1,1,2,7,2
cf2ea8eb-aa18-4a8d-8747-5767a00b1a29,0,0,SI,2,2,2,7,2
fb54a81a-3181-4c81-9392-01469720bdb2,0,0,,2,0,0,4,-3
6e6abdd6-6deb-4a8e-a161-f527d7018b56,0,0,SI,2,0,0,9,0
1daa2ba0-5345-486e-864e-3895cd42f77d,0,0,SI,2,0,0,1,0
bd8f6e55-fd15-4daa-a076-9d318f02ed4b,0,1,SL,0,1,2,1,0
a51de36e-1fd6-4e4f-9849-9ef4d6c1817d,0,1,SL,1,0,1,1,1
5f44feab-23c3-4f77-8995-fcb5d276f044,0,1,KC,2,1,2,7,1
ea930e71-85a8-4b5c-93c4-8c5e1cab2407,1,1,FF,2,0,2,3,0
43c4134e-4b9c-41ff-8c8d-ab0c1fd3b9c6,0,0,FF,2,2,2,8,-2
e45d2ef7-1735-4948-a35e-83e9587afdf0,1,1,CH,1,1,2,3,0
c71a4496-fe51-43b5-a119-7e5fe4355d16,0,0,,2,2,0,2,0
dc0b985a-48fc-462e-833d-82007c0db81a,0,1,FF,1,1,0,2,-2
c7745687-c527-49f6-8429-307d3e5fe9d0,0,1,SI,0,2,0,9,1
85742e82-b0b9-40eb-b81e-73c1164161ff,0,1,KC,1,2,1,6,-4
34255455-3cd2-4f03-ba74-fb6d1c50e33a,0,0,FF,1,0,2,6,1
5f141cbf-dc81-4488-9bee-6e5be28d77c1,0,0,CU,0,2,1,3,-1
a36f39c9-b4af-4171-b95e-0ab3906c0f65,1,0,SI,3,2,2,6,1
1c7e4d9c-e295-4212-970c-4fdc3fd74968,0,0,CH,2,2,0,2,0
e94abf5b-a83c-4191-ae3d-9dd72125f5e2,0,1,SL,2,0,1,2,1
0acc52b7-ae7b-4101-95a0-035498aadb08,1,1,FF,2,0,1,2,4
d57c72ac-8fd5-4fb1-8454-321f271aa6a5,1,1,FF,4,1,1,2,4
2058c399-3e1e-47fe-8cf8-5c1e624aa102,0,0,KC,2,2,2,5,-4
681a4f95-a09c-440a-b51f-c7df5c5783ad,0,0,CH,3,2,2,7,-3
236489b8-145d-415f-ba82-c4fe9b29c604,0,1,SL,1,0,1,8,6
19c7571d-b562-4207-b702-4e551352c6e1,1,1,SI,1,0,0,5,-1
9bd9b0cb-aa6a-4532-9f87-fe55e43dc16b,1,1,SI,1,1,1,2,-2
2b764b9a-1b35-4bbd-bdf7-582fee7d9519,0,1,SI,0,2,2,6,-2
ae7ed9eb-2880-4c91-a72b-1d501d7add1d,0,1,KC,2,2,2,6,-2
8c5bd409-4f5a-476c-89e6-8f8f07adb235,1,1,SI,2,1,1,2,1
c402bab0-ad2d-479f-a6da-db3e2da81451,1,0,FC,0,2,2,4,1
6c74d4fa-9bb0-4e60-8252-e83e89b334ed,1,0,SI,2,0,2,2,1
d2f9625b-1cca-45dd-b850-7cb115cb6546,1,0,FC,2,1,2,2,1
e9135164-2ae5-44ac-84dc-d28ddbde5669,1,1,CH,3,2,0,4,3
c35552e4-1e15-461f-8750-278fe2d6bf4a,1,1,,2,0,0,4,3
72be29c7-889f-4f39-8419-ff17f5b1ebdd,1,0,CU,2,2,2,5,-4
1e34c3ff-7bfb-440e-bbb8-b7b050e6daaf,1,1,FC,2,0,1,8,3
cbc6468b-9770-4b85-8447-71417b4f6e23,1,1,SI,2,1,1,8,3
daa8a096-816e-4bd5-8d48-6b11cd788247,0,1,FF,3,2,1,3,-1
733863e0-b2e3-4513-8924-3463a5f24c8b,0,1,FS,2,2,2,5,0
77f07c7f-c0e9-4b7f-9b5a-6acdfb8e4f7c,1,1,FF,1,0,2,1,0
f7294cde-d3f0-41d8-a8c4-cb14f89d099e,1,1,FF,1,0,2,5,0
3ebd9fb9-15c8-4f10-b6dc-8facd6efe38b,1,1,CH,2,0,2,5,0
4bea08be-514d-477c-8c29-73d773bf5ec9,0,1,SL,1,1,0,6,-2
f0e9e07c-d8aa-437e-9686-54315cadaf8a,0,0,ST,3,0,1,3,-1
f9f701bc-ef92-4522-bc84-59c1cc2376ce,0,0,ST,1,1,1,1,0
aa634cba-01a3-4ba8-a8c1-fb230fb3a1f7,1,0,ST,3,2,0,9,4
e021d316-62b7-4bab-9b2f-c1616ac33bb9,0,1,FF,0,1,1,1,1
1f19cfd6-44ee-4931-a55b-04150c250e49,0,0,FF,0,1,1,5,3
1a361bad-969d-44be-bdba-380d1a85537b,0,0,SL,0,1,0,3,2
f0fa4a0f-0319-4382-a646-c2e65e399089,0,0,SL,2,2,1,5,3
38c99f01-2878-40b9-8c69-1a57a21a1729,1,0,ST,2,2,2,7,4
83ffb85b-f46a-4546-9f4f-d2f3e34515f4,0,0,FC,1,1,1,5,-2
b08af02f-29e8-4220-beaf-fa4326f710c7,1,1,KC,1,2,1,7,1
689c4ef7-15cd-405c-a3e4-8509a5ce5f9c,1,1,CH,1,2,2,5,3
7fc5070a-75f8-4b36-bec2-26b9b6c38b89,0,0,KC,0,1,0,9,-2
08c83b59-c734-418d-a8c7-a18f55f25efe,0,0,FF,1,2,2,3,2
3cb84bbf-60f7-4804-a14f-a0ae2acad12a,0,0,ST,2,0,1,8,-3
9b164f93-cfb4-4baf-9764-9b7f2ba487ac,0,0,,0,1,0,6,-3
909690e8-af58-49d6-b49c-0726cfa8bb23,0,1,FF,1,1,2,4,5
7ff9f7f8-f4d8-4496-8c03-4971c1447454,1,1,CH,1,2,1,8,-1
29e97122-1d9d-4158-ad19-aae880573471,0,0,ST,0,3,1,3,2
ad72866c-57ba-485c-8c47-66b74f79a5aa,1,1,SL,2,1,2,3,2
8f09f7b7-c860-40c7-9e51-017e34430c1b,0,1,FC,2,1,2,1,0
8467350c-a6f5-489d-a874-3a49c54110f8,0,0,SL,0,1,0,9,-3
fe0b8408-ca82-4389-a65b-e32397282b79,0,0,,1,2,0,9,-3
b4abdfcf-e134-4eac-89fa-09eed5698ee8,0,0,CU,2,3,1,1,0
feffc869-6a4d-47a4-b195-293ffec6ed0b,0,0,CU,1,1,1,1,0
7a2c0bc4-fe9d-44d7-8edc-eedc15940aea,1,1,FC,1,1,1,6,-6
b27a0c84-8b8b-4236-992b-25c04f23ee23,1,1,CH,1,1,2,8,0
00d56fa9-6400-4760-9cf3-0aaa387552f6,0,0,CU,1,1,2,4,3
a0189b62-eee1-488c-ad81-ffae4175a54c,0,0,SI,0,1,1,1,0
adb7f60c-3815-4e82-8803-1df3b240a569,0,1,FF,1,1,1,1,0
ad7a9c6d-b74e-4e01-a430-e6e8eafd260d,1,1,FF,3,3,1,8,1
dfec083b-bb01-4186-93e8-3435d4517f9a,0,1,FF,1,0,0,6,1
4c122f4c-d127-4d0e-bc33-8e0bc0341069,0,1,FF,1,2,1,6,1
400f4e7c-3fc5-4101-b34a-ec672bd1a805,0,0,SI,4,2,2,4,-6
4236882e-500a-42bc-8eab-0cb995b57673,1,1,CH,1,0,2,1,0
672ab0df-505a-4d04-a6e9-81bc37381fdc,1,1,SL,3,2,2,3,2
44bb3977-8cae-4136-b954-94b12266c691,0,1,SL,0,1,1,6,-1
a2fcfb70-9b90-4c2c-a624-89f6dff32f0b,0,1,CH,1,2,1,3,-2
645e4a6e-b9c6-433f-ae2e-d1ca3126196b,1,1,KC,2,0,1,5,0
afe69e2a-8276-4678-a1e2-133665e048f7,0,1,,1,0,0,6,4
fd6438fe-3cb5-4694-898a-1712f45f5854,0,1,,1,2,1,1,0
2e61f4bc-6af3-4e12-8b54-ff8333207bd6,0,1,FF,3,0,1,1,0
d45b6913-4e7e-429b-8887-c61c7fd0061b,1,1,,1,0,0,9,1
ebb13d00-78a3-4358-830a-a083c547f850,0,1,FC,1,0,0,4,0
4b6749cf-fa47-4ebb-9f31-447b4d43e9e8,0,1,SI,0,2,1,1,0
f33c636d-7834-4fb1-b89a-d5d8c8198402,0,1,FF,1,0,1,3,0
2fdfee50-3f1f-4e0e-8764-948ffe69ccb2,0,1,SL,0,1,1,1,0
939021e3-0159-43df-adbe-ebdf76294f39,0,1,FF,1,2,0,7,-2
3357ba7f-803c-4aff-a101-4bffa1c90000,0,1,SI,2,2,1,4,7
d6ea5938-3c89-4d8c-b29e-81db695406f3,0,1,FC,2,2,2,1,0
fc29141c-0c5e-4ff0-841a-5d20f7b1557e,0,1,ST,2,2,2,8,0
1c1c851a-e867-3b7c-aafd-d85acd0aa14f,0,0,FF,2,0,0,1,3
68658c39-2ed9-3a66-ac9d-3faf83ee170c,0,0,CH,3,1,2,4,-1
84c8ea4e-77f7-3f57-b142-8b58bf290ddf,0,0,FF,1,0,2,1,0
4f7af32d-1073-3036-8db2-2ef2b5a7fc85,1,1,FF,2,1,2,3,3
8f751c64-0bc4-3ac3-bad1-d42e829ea406,0,1,FF,1,0,1,4,-3
e0d024a5-1471-3989-9ad1-07c2107fd354,0,1,ST,0,3,0,7,-1
8be90546-70ae-3b5d-aee7-0145de71226c,1,0,SI,3,2,1,7,-1
1aaa826b-aed8-3e72-b2b9-dba1140182d1,0,1,CU,2,0,2,1,0
746d005d-3494-37b4-8448-5c47815f5ec4,0,1,SL,0,1,0,6,1
943b6800-29c5-37ce-b154-2232dca67fa9,1,0,ST,3,1,0,6,1
bc56df85-0f02-35ea-9d41-0dcdad7428ca,1,1,CH,1,1,0,8,1
f4d177e2-cf56-35ed-81d9-035c882bb9ec,0,0,FF,2,0,1,3,3
3cdae78e-bb7f-3d68-82a0-04da1e957134,0,0,SL,1,0,1,4,-1
07d917e3-5d3d-3b25-96a3-8ccd434ec814,1,0,FF,0,3,1,7,-4
a283a8c3-a519-3b1d-b732-82f3774bb338,0,1,FF,1,0,0,8,0
b06afe06-b7b1-3a24-aadc-64ea40d4d647,0,1,FF,0,1,1,7,2
e01b6faf-7861-36cf-9579-e9dbb8fd6c5f,0,0,FF,2,0,1,7,4
c0ed3133-d3a4-3d79-a408-0a683dbf3b97,0,1,FF,2,1,0,5,4
8d1aeafb-78ab-3297-afa7-929618bd9d67,0,1,SL,0,1,1,6,-4
6daab012-5125-33ed-8b35-bf707fbce40c,0,1,SL,2,2,1,6,-4
ffb8fca3-aebb-3a82-82eb-02999de5095c,0,1,FF,2,2,1,4,-1
397ef4fb-772c-3e63-a93b-216a0eb816f8,0,1,FC,3,2,2,1,1
ccad6a91-41e6-3cf2-aad8-8a953a5021fb,0,1,SI,2,0,0,5,-3
29461b72-60eb-3117-abd2-0d0224aa24a6,0,0,SV,3,0,1,4,1
2862558f-0592-3a68-a8f8-8b1088c8af63,0,1,,3,0,2,8,5
b69f8401-240d-3730-9ca9-66d625746592,0,1,CU,1,0,1,1,1
695d83a4-8ad2-34c8-bcdb-40250a572048,0,0,FC,1,0,1,8,-3
7de35a96-dc3e-340e-8f3b-f4e14dbde477,0,1,FF,1,0,2,3,2
50130df7-6d1c-3628-b195-3398ae83b331,0,1,FS,3,2,1,6,0
83326441-d0c7-3b12-a2dc-052c6e5d1256,1,1,SL,2,0,2,8,0
5c7cced3-ebb5-3203-bd11-958577f7aa20,0,1,SI,1,0,2,2,0
c7117f21-8798-39ff-8fac-54cff77a7d74,0,1,SI,2,0,0,4,0
e811518e-54dc-3b9c-8f2e-4ef1a3ec6773,1,1,CH,1,1,1,8,1
99285062-63d2-36f3-afe3-0c4237683c28,0,1,FF,2,2,2,1,1
892007e8-7c06-3f26-ac35-9c6da9bb5a10,0,1,SL,1,0,1,5,-3
60bff7f9-c375-3d49-a8af-f8644b7f5b36,1,1,KC,0,3,1,3,3
bb6a35a7-361b-3e07-ac1c-e7b088f291ee,1,1,FF,0,1,2,1,3
b3943b19-3ba8-3ed0-b9bd-f8283403953c,0,1,,0,0,1,5,0
496ee883-dac7-3a5f-b18e-05b29225876d,0,0,FF,1,1,2,4,0
e46d8fd6-3070-39db-bb23-3dcd8df6572c,0,1,FF,2,2,2,5,3
18a80159-c57f-33d1-adea-d4d90f834d1a,1,0,ST,1,2,1,9,0
0b1d5af9-6b5b-43fb-946a-25a88deb5707,1,1,FC,3,2,1,3,0
5a347d6a-04ad-40c7-bb0f-ff03dbd6ead1,1,1,FF,1,0,2,5,1
8e23904d-5ede-48e3-9f3d-64be9a0bcd8e,0,1,CU,1,1,1,8,-1
8c116df6-1875-4074-b234-d73a8a41a875,0,1,FC,3,1,1,6,2
458888c5-d05b-4337-8833-4870d8c6921b,0,1,SI,3,1,0,7,2
4985758b-6f1d-4c57-b300-e390fa16134e,1,0,CU,1,0,1,7,-2
0b7c775d-6375-49f3-93d1-44bc8db91bc2,0,1,CH,1,1,2,5,1
cb6d6e84-e6f7-4640-b648-0030f179a48f,0,1,FF,3,1,0,7,-1
160d3218-3b0d-46fa-bfaf-3ac92f5e3e6c,0,1,SL,1,0,2,5,-1
7f4bf429-1ca2-45fa-807e-ea7361f1768f,1,1,CH,3,2,2,5,-3
baa0c288-63e9-4bb4-93ec-8770375bd112,0,1,SL,0,1,2,4,6
738aa59a-ce3e-4720-8b92-b406af09cdfe,0,0,FF,1,2,1,4,-1
f12b06ce-b813-4870-b14a-81db9bd0aec5,0,0,CH,1,2,1,3,0
7398d6dd-1e40-49ca-9930-40cf83a92141,0,1,SI,0,1,0,5,1
ae056448-69b5-45c9-9f79-3f492ee14346,0,1,SI,2,2,0,8,-3
089c6354-ba65-4523-9d82-9592af2b7edc,0,0,FC,2,1,1,6,0
9c6e03ff-9f5a-43c6-b10c-a124c426f8fd,0,1,SI,1,1,1,8,-3
12111872-f1d1-41f0-9f18-4a29fc7f04c1,0,0,FF,1,2,1,3,0
099d50b1-3e53-46a9-baf1-44622ea45f2a,0,1,CU,2,1,1,5,1
479ffd52-9101-4b71-8ca3-cdc3d8bd2f55,0,1,FC,1,0,1,6,2
04bb33cf-2a8d-4c83-aa94-ef2d720d4cca,0,1,SI,3,3,1,2,4
b08cfa62-85de-4acf-8a35-dafc289ad38a,0,1,SI,1,1,1,3,0
8471cc68-e0ee-43ca-a1e1-ff559fc5404a,0,1,FC,1,2,0,1,-2
93400c98-8876-4c3d-a285-490fcf8a49fd,0,1,SL,2,1,0,1,0
d3685d57-3bb7-44a9-9230-06c788a559cf,0,1,FF,2,1,0,1,-1
9056f88c-00f7-43cf-9529-7635b80645c7,1,1,FF,1,0,1,5,2
a7c63969-3289-4d50-ba61-4f4c44d2dda3,0,1,SL,1,2,0,8,2
d43f25df-434b-4de2-885f-1b7090752466,0,1,SI,3,0,1,8,2
b7840ed9-4ac2-40c2-9165-c28c118d250a,1,1,FF,1,2,1,1,1
3902820d-52eb-45fd-a35d-3565af9a6209,0,1,FF,1,1,0,5,-2
5e026c6d-e3a3-4397-831a-92a530112ba6,0,1,SL,2,1,0,1,0
7a856bd6-8a28-48ee-9d85-4b79a9991bf4,0,1,FS,1,2,1,3,-3
65440f0d-07d4-4c76-869e-5fd69cdf4789,0,1,SI,1,3,0,3,2
6d0b4709-895f-48ca-8c2f-152cad7dc0da,0,1,FF,1,0,2,3,-1
47a0cf2b-06d6-468f-9998-5ff992b28a9e,0,0,FF,1,0,1,1,1
52dc2afc-ea70-46e4-bab5-3fa76b199a40,0,1,,0,0,0,1,0
ae14c768-91e3-44e7-8f1b-40121cb02a23,0,1,CU,1,1,0,1,-3
9a78b69b-a6c5-46fc-a041-7ea9e99acd11,0,1,FF,3,1,0,6,-3
24329ab0-69f0-4397-9f32-f2b14ef6bb19,0,0,FF,1,2,1,1,1
e62dde52-e56a-4326-a5b3-e643d3f12db1,1,1,SL,2,1,0,1,0
0a14ed62-37af-415e-ade7-d775e3984c6b,0,1,FF,0,1,2,8,0
1c023be1-5770-4a10-a086-a62610171c35,0,0,SL,1,0,1,9,-1
562a5aec-83b2-47bd-bcc4-32424e42cd00,0,1,FF,1,0,1,5,0
e0b80bc6-c0f4-456a-a441-e9f6614ea380,0,0,SL,1,0,1,1,0
f7926b5d-67f8-4b80-abb8-091733dee65a,1,1,FF,0,1,2,5,2
64e86aa3-c758-4aa4-a33f-aec4b851fc92,0,0,KC,2,2,0,1,1
e14ed3fb-31c2-4a21-b86b-3ae7f5ea8b06,0,0,FF,2,2,0,8,-2
5f2e6bc1-0717-495d-be90-57e66bd863d0,0,0,SL,1,0,0,1,0
0b6ea438-c809-4d44-8004-1e205608f16b,0,1,FS,1,3,0,3,-4
aa4f60b0-6883-4597-b8f0-8eedd0ba6d17,0,0,SI,0,1,0,1,0
db1c05f0-520f-4588-871f-6e3a82eccb59,0,0,,3,0,1,8,-5
7f3c8e38-0fe8-47c3-acb6-d2f1c915f9b0,1,1,SL,1,0,1,4,1
7e0426f8-b566-4191-9321-6eac7e62e3cb,1,1,ST,1,1,2,4,5
88cb4826-77f8-40c2-81c7-a629a2c5c44f,0,1,FF,1,2,0,4,-2
99aa0e73-bf83-41a9-bda0-b443df8d0dcf,0,0,CU,1,2,1,1,0
86d6a1b2-3e87-4234-8f3d-c9125fb40fd7,0,1,,2,1,0,3,0
b947b70d-2438-4f24-aab3-d6294cd4d463,1,1,SL,1,3,1,7,-1
049d44c2-b6f5-4e94-a785-31d88c60ddbf,0,0,,0,0,1,1,0
435d75d6-f422-4031-8e88-cc4385619cdc,0,1,SL,0,1,1,1,0
3d3d8e4b-7e7b-4cda-bda7-434113520905,1,1,SI,1,0,1,1,-2
db7b2146-4e65-4bd6-9be7-ff57dba0e19d,0,0,CH,1,0,1,5,-3
aaf4d636-3efe-4882-b9a4-82788d71fee0,0,0,FF,0,2,0,7,-1
e401b2ff-4aa3-40da-8535-45f40834b336,0,1,SL,3,2,0,7,-1
dcaaf392-02b2-4212-831d-6dda2680b3aa,1,1,SI,0,1,1,2,5
98f15d7a-b4ac-4391-98f7-a60bff16937d,1,1,CH,1,1,2,5,2
c09d86e3-7900-41ff-b0dc-0f4d0817d689,0,1,FC,2,2,1,3,-1
36bd6a5f-6ae4-4eac-8664-78cbc25cf7e8,0,1,FS,1,1,0,1,0
303db99f-9753-4df0-a2d6-b8cea99f2ff9,0,1,ST,3,1,2,3,-1
8e1947b0-9a6b-42ea-8773-2b3a50c2a263,0,1,FS,3,2,0,1,0
61c0947b-a407-471c-9143-6e104f3c496b,0,0,CU,2,2,0,3,2
31d008be-c376-4276-9287-5ff3dfc7e49b,1,0,SI,0,1,1,7,3
78303888-f08d-4c21-8e22-721e1a80f28f,0,0,FC,2,1,1,6,-1
5b540cf8-7be4-4d82-83d1-6305b2841870,1,1,CH,1,1,2,8,3
7b26cd6b-4de8-4a37-8d1e-ca9c7e888fce,0,1,SI,1,0,0,1,1
4ef42cb0-4c02-4385-87c7-18a9864bb02e,0,0,FC,1,0,1,1,0
9aa3ded5-2cd0-4563-9e0d-156babcb9ffb,0,1,FC,0,1,0,1,0
d0a2e8c9-0aa0-3546-95d0-5b69b923b1f3,1,0,FF,2,2,1,1,0
0c8932c7-f30d-33b9-bf69-340a1bab4159,0,0,CH,1,0,1,3,0
639fff3b-cbd2-3c06-8995-40b070fca8b8,0,0,FF,1,2,1,8,-5
4b4ebdc3-c5e0-394e-b657-41e7019523c7,0,0,CU,1,0,0,1,0
67c9992c-20fd-3577-8a94-cd13a61abe1e,0,0,CH,2,1,2,3,0
58286855-99d7-3b1e-af18-51c62f8d541e,0,1,SL,1,1,1,9,-2
1065fca6-fead-3382-9669-f79ee0c6c2c2,0,0,FF,1,1,1,6,-4
634aefe8-5bcf-304f-b759-e66124f34a55,1,0,CH,3,2,2,5,-3
2cc1c5fc-5a3c-36fa-bd65-c0fb54e2989d,0,0,FF,1,0,0,1,0
afa662d6-4fdb-348f-8456-fa5b22035831,1,1,ST,3,2,1,4,-2
ee2b7f09-833e-3d5e-8098-bf3e25fbe265,1,1,FC,0,1,1,4,-2
8c03813b-a1f6-3c25-940f-c7b1e01874a0,0,0,CU,3,2,0,3,0
9c45e80a-5d2c-3cfc-b624-220c6c75e4da,0,0,CH,1,0,0,1,0
335002dd-929e-306e-babb-808991f83702,0,0,SI,3,1,1,3,1
a068590e-77be-3c5d-9b71-65134e7e896c,1,0,FF,1,0,1,4,4
d9b070a6-f328-3b93-8e52-1ef21ea66fcd,0,0,CH,0,1,0,6,-9
c9c484c7-b9e1-3604-a91e-86d9d27ef7e3,0,0,CH,2,1,1,3,1
746365b3-daef-3cbb-b219-8e3360c04075,0,0,CH,1,1,1,6,5
51122aae-9e2c-326e-b292-9334377180f7,1,0,SI,1,1,1,3,1
2f1cc925-5a34-3dc9-b2e3-c48b9a6b7cea,1,0,SI,2,2,0,3,0
7e4238f2-bc5a-38a5-ad18-3e43403dd699,0,0,ST,1,0,1,3,-1
d4338980-66b8-3909-a30f-740c9f68d813,0,0,CH,0,2,0,1,0
aa71f287-0e54-30a6-94b4-3280510f513d,1,0,SL,1,1,2,5,0
d27c2bc8-0bba-342a-919e-9389c4fe3e3a,0,1,,0,0,1,8,2
ea7b0a5e-e3d8-4e0e-8063-941927f013be,0,0,,1,1,1,3,-1
17a28df6-09d5-3d42-af48-1cae09386c22,0,1,FF,0,2,2,3,-3
5f7c59ca-1a4d-39c7-872b-be8cc5dde943,0,1,FF,3,3,1,1,-3
6bb18f9a-fa07-3d75-ae7a-812085256d6b,1,0,,0,0,1,5,1
c3fe6d15-00e4-34af-ad92-8a65ab6aaf35,0,0,ST,1,0,0,6,5
6226b6eb-72c4-36de-b654-0473cffd16f5,0,0,,1,2,0,6,5
5841ad75-f3b4-3607-b830-6d46f6f877e9,1,0,ST,0,1,2,1,0
f7e3d444-3999-35f1-bd67-c76999ba21ba,0,0,FC,0,1,1,4,0
f60ba4b4-247d-359e-a591-e2fc2ee05f62,0,1,SL,2,2,1,4,-4
9af84768-e13f-37a4-b28c-03366a5273cf,0,0,FF,0,1,1,4,1
31b12819-fcad-357d-ab6f-325da4a310d9,0,1,SI,1,0,2,7,2
176ce07d-be4a-3329-a140-d6874e94487a,0,1,FF,3,3,1,1,3
7836dd78-855a-3fa3-925b-fdce06658072,0,0,FC,1,0,1,6,-4
cbda7b21-9008-3eb3-96c1-6da4124d6ff0,1,0,,2,0,0,7,1
f0a072b1-118e-3707-a9cc-14c970fa4efb,0,0,FC,2,2,1,5,0
85eb67a2-0fac-3efd-b1d6-de291224771f,0,1,ST,2,1,1,1,3
925c4e07-0926-3b78-bdfa-8edf317820f5,0,0,ST,2,2,2,6,4
3e6ddc3a-232a-3d13-ba08-65e571e959ac,0,0,FS,1,0,1,9,-1
631cc739-01d0-3de9-a0b4-21d6dbabc922,0,1,CH,3,1,1,1,1
3f9d27dc-bafe-4862-aa2d-9d3bb766d7a4,0,0,CH,1,2,1,1,1
0be4c4b6-eb17-4e45-9796-1df781b92b64,0,0,FF,0,1,2,1,0
e9590c1c-1be7-48c3-abc4-257f29dd5188,0,0,KC,1,2,2,1,0
b1f75f56-c29b-4a3c-8255-2d0566ee181c,0,1,CU,1,2,2,5,1
fc8dd3c2-2da6-4de7-a2b5-fcda7771ec29,0,1,,0,0,1,1,1
a7e30a0f-6bec-4095-81f9-a8833aef1a76,0,1,ST,3,3,1,1,0
fe060b0b-f0e3-4d92-b128-414cdc3ab187,0,0,FC,1,2,2,9,0
de42c649-8b17-4af7-82c2-d781a3bccb88,0,1,FF,2,2,2,9,0
e6945a20-4fdd-46af-a775-13d619f590e9,0,1,,1,2,2,7,1
7c15c67b-b8d1-435d-ab00-02469aa7bc4b,0,0,FC,3,3,0,4,1
ce48565d-b514-39ec-9bf7-5dbbafae4ca2,0,1,,3,1,2,7,-2
dc0afe9c-c07f-31cd-8305-8a8706faf302,0,1,,1,0,2,7,-2
d386f154-fc86-37ae-8b78-62f07fe3004e,0,0,ST,3,2,2,1,3
8f1644b3-9beb-3e03-84b4-fabadf46e5cc,0,1,ST,1,1,2,8,5
56c168e1-3ccb-3f3d-a05b-d98e8bbb8d30,0,1,CU,0,3,1,5,-1
ce185b82-4429-4a9b-9320-aee9fcdf7804,0,0,FF,1,1,2,5,0
55bc221c-fb47-4554-96be-bc87e4ae14ee,0,0,FF,0,1,2,5,0
55da18b7-4bbb-41ed-94de-ee1847d471cb,0,0,CH,0,3,1,3,1
defb544d-73de-4a29-8d25-fc267ece9fe8,1,1,FF,1,0,1,5,1
958c6522-1339-4686-bebc-ce558661b090,0,1,,1,0,1,7,1
a15616ad-03ae-477e-9cb3-431db23e12a0,0,1,FC,1,1,2,7,-10
59e2aab2-f2d4-4d9b-9ed2-70722a041c34,1,1,FF,1,1,1,8,-1
9c0b9e63-e2bc-4dd7-9455-e5059cecaaf6,1,1,CH,0,2,1,2,0
7f79ce17-0062-4694-84da-be950e870ecf,0,1,CU,1,3,1,1,1
45d8326a-5f0e-4f26-972a-8451d00c6925,0,1,SL,0,2,1,8,1
d3ced093-b1e6-48cf-9fa4-d1d1b27c5ef8,0,1,SI,1,1,2,9,5
48da836c-068d-49ef-b8d3-29834d72fecf,0,1,CH,1,2,1,7,2
2a053ef9-837b-4b16-8d6c-1a30279ab17b,1,1,SI,0,1,1,4,4
1b9a3f2d-1f68-413f-8581-5f0f8c6e5bbe,1,1,KC,0,2,1,4,4
2e1b6694-af6c-4f1d-a801-ed3484853b0b,0,1,FF,2,0,2,7,5
90a0cabd-4a32-4729-94f1-d3763cf9a881,0,1,,1,0,0,5,-1
39312fb2-1137-417d-a1ce-058bc867ae9e,0,1,SI,3,1,1,8,-2
5733aa56-be8a-4747-a3d3-f7f32ee0e978,0,1,FF,1,0,2,7,1
3e032335-2a54-4d97-8c5e-ccc3068a5e06,0,0,CH,1,1,2,7,1
27c788dd-57c6-4691-a595-3d088df40a9f,0,1,SI,1,0,1,4,0
8d6360a5-467c-4417-9fa0-429fb51b57f7,0,1,ST,2,2,2,1,0
dc18ba8f-7799-4943-a560-fb8f78d4244e,1,1,FF,1,0,1,8,2
3bfa21fc-e513-4aa9-b4a5-68e43ccf7457,0,1,SI,3,2,2,6,4
d02cad53-e6de-4b79-bc8a-c2ba97deef51,0,1,SI,0,1,2,6,6
d1b7d3c9-abe7-4993-bf6d-a02c43c598ca,0,1,FS,2,0,1,8,-1
0b74ca38-7b7a-4a73-a207-3f9c6e92e770,0,1,FF,2,1,1,8,-1
1766fb11-4e5d-4c12-8d0c-444304924207,0,1,FF,0,2,0,7,-1
bac314e9-f2c5-46f1-b27b-f311c4209939,0,1,ST,0,1,2,9,-3
606959d5-8f8e-4707-864d-0362de1a844f,0,1,,0,0,0,8,0
9dbef8c5-6e7e-43cf-898c-2097586aac83,0,1,SL,1,1,0,8,0
2278c9a8-ac10-426f-8026-915feee89886,0,1,SL,1,0,2,6,-1
9ed5066a-131a-47fe-86be-3f5cb1f0e109,0,1,FF,1,0,2,6,-1
16e71a27-d29f-4348-a66f-3ebfdd231034,0,1,FS,2,2,2,1,0
12b3f115-8dca-438d-8c63-f35134fd24f2,1,1,SI,2,2,2,3,0
4ec7b7af-c030-4d0d-b8d7-09f0d53c7532,0,1,FF,1,0,0,8,1
045893d6-266c-4e5d-aa60-10ae59855ff3,0,1,SL,1,1,0,8,1
88ebcf1d-26f1-4f81-8eea-e1bcb1885e9e,0,1,SL,3,2,1,1,0
6be7d66d-4caa-4d6a-8d8d-0a1a7425122e,0,0,FF,1,0,0,8,0
3db0f27c-a09a-44d0-87d4-4f97a28d07aa,0,0,FF,1,0,2,3,0
3e6ea0c6-fff3-4a75-a7f2-5e85170b51d1,0,0,FC,2,1,1,9,5
aab56cea-cecd-4ffd-a0e4-b5ffb29a8735,0,0,FF,3,2,0,1,0
b8ce35f6-aa20-4635-81c8-bb6c2b59d115,0,0,FF,0,2,2,6,0
6ee0a24f-b894-4d77-a12d-734896a5703e,1,1,FF,0,1,0,5,-1
58389877-1893-4c14-8e53-9191fdc4aef8,0,1,SI,1,0,2,2,3
0c9032b1-70e1-4023-b6d2-781e456402fd,0,0,CH,3,0,1,3,0
03f4017f-c47d-4232-aa86-5bf5c8f92fd8,0,1,ST,1,2,1,1,-1
fab47b88-b85c-471c-bcaf-95919828d620,1,1,SI,1,1,1,7,1
b3901800-489e-4288-ba78-d5c6bad6174b,0,0,FF,2,1,0,1,0
cddb2ef7-8337-48f3-9f41-d44d6c449cd1,0,1,FS,0,1,2,8,-2
1c0e9bb3-6a49-4569-a7a0-147601f82554,0,1,FF,1,0,2,3,0
fe4c974b-4982-4612-8655-923e2cbf2d12,0,1,SI,0,1,0,5,2
9080be5e-e336-45b3-9cdb-e365f8313ca8,1,1,SL,1,1,1,3,0
cbd17adb-6f0f-4c96-b2b8-6ff4230012c6,0,0,FF,1,1,0,1,0
45e1c549-1197-4ae2-866b-a8aae9036b8f,1,1,SI,1,0,2,1,0
8dd7f6d0-6c22-4b6d-afbb-b1ef83e28a05,1,1,SI,1,1,1,1,-3
37655a95-9583-4376-99f5-54dde1711c86,0,1,ST,2,1,0,8,-2
73255378-750d-4ef0-8687-a58084eedcbc,0,1,SL,1,0,2,9,0
4c1fa05e-a32b-4622-934f-1f7f7135a68b,1,1,CH,1,0,1,1,1
bf18e645-89fe-433d-858a-d72197baa829,0,1,,0,0,1,3,1
9c9059ab-8a88-40f2-8607-76028041c99b,0,0,FC,3,3,0,4,1
3ace257f-1b44-4568-afb0-ff9b5039c118,0,0,FF,2,2,0,4,2
f8f21799-5c76-443c-9082-3c6790f2a644,0,0,CH,3,3,0,1,-1
0412e86b-a199-49a7-aece-fdd0f59d759c,0,0,,1,1,0,1,0
5ed9d359-5746-452a-b788-a54ba9ede776,0,1,,3,2,0,1,0
34c44990-aa7c-4ca2-bf88-44ee88ef02c3,0,0,FF,1,3,0,1,0
a24fc76f-9cbe-4606-b9d1-eb04d509394e,0,0,,2,0,2,2,3
da3418e1-1dcd-413c-9d68-9164edfa6fbc,0,0,SL,2,1,1,8,6
1c1215d8-53d8-4226-aae4-0fa1fe4ed7dc,0,0,FF,1,0,0,3,2
91b0c326-a657-43df-803f-cf326351c8c6,0,0,FF,0,1,0,1,2
e2daa7b7-ac44-48b8-bd6f-e0e4f3618514,0,1,SI,2,1,1,3,3
bfbb77b9-6b7e-412c-852d-bbc477e46a17,1,1,CH,2,0,1,5,2
884b254d-bd49-41df-b6c9-610b2ceca27d,0,0,SI,3,1,0,6,0
872b97ca-e5bc-4bde-b6dc-f71aeaf7ef15,0,1,SL,2,0,1,9,0
386c4205-1009-4d93-817d-5f52c0fec933,0,1,FF,3,2,1,3,1
ecc98e78-183f-475f-8cb3-22d9b4556301,1,1,FF,1,0,0,4,3
3418d52e-8386-40f4-863a-6e1b791ce363,0,0,FF,3,1,0,8,-1
e3ac3ffa-47c6-47b2-95b0-6848930a5bcd,0,0,FF,0,2,0,3,1
fad39714-5268-4724-b7e2-4c52f454eacd,0,0,,0,1,0,1,0
bf6798aa-8c2d-4a9e-b048-0e7e707b52b3,0,0,SI,2,2,2,8,-5
600ef3f1-ab93-4878-8ade-54aeb8d9d6ed,1,1,CH,2,3,0,9,1
ec5e1e94-be5e-4e18-9944-115fbde52cf9,1,1,FF,1,1,1,9,2
869fbca0-35c7-4818-8846-f2825f085da1,0,0,FC,2,2,1,7,4
f6e4c7a2-3e12-4874-9585-634ac25cf595,0,1,FF,2,0,0,8,-1
58578dfc-9b86-4d1f-843c-516f5b60252b,0,1,FF,1,2,2,3,2
a17485e4-fb99-4cb9-8a4d-8a7ffeab7842,0,0,FF,1,1,1,3,-2
6b1b05ff-c9a1-48b0-a3be-d123d0980a04,0,0,KC,1,1,2,7,3
6896dfd2-d50f-4eb9-b284-d3f9c67c327e,0,1,FF,1,1,2,7,3
eb08a2a7-83cd-42df-a5f4-788e9f172a8e,0,0,CH,1,2,1,9,5
57cd8aa2-0ac7-4224-a7de-d0db5e35cf8a,0,0,SI,3,3,0,1,0
e9628262-4133-4e39-8236-3f1696700424,0,0,SI,1,0,2,5,-3
f61d6658-6d35-4ff1-94bc-52688d9e472a,0,1,FC,3,3,1,6,0
b704483c-d959-42c6-9ef4-b9665a2acf1a,0,1,FF,1,2,2,4,5
e3b95d04-d832-4de7-a00e-5a18f872b6dc,1,1,,1,2,2,7,-3
f2653c02-f184-3cf1-b869-66b2dd029ab4,1,1,,0,1,0,7,0
76ff78c6-e751-3aaf-a0c9-1c10983ae130,0,0,SI,0,1,2,4,4
d50955f6-76aa-3e1f-848d-0a691a963cd9,0,0,FF,1,1,0,1,1
5ab4cb53-c583-3c87-8728-c04c713ea517,0,0,CH,3,2,0,1,1
9476ce54-6187-36e0-92ce-67e33f47dd10,0,0,SI,1,2,0,1,0
d70883bd-9560-3e8c-9d81-d1c5235e18b1,0,0,FF,1,0,1,1,0
54ab9127-4796-3a08-9997-453fec90f5bb,0,0,FF,3,2,1,1,0
65c8789d-e20c-347f-ab1c-798adbff314d,0,0,FF,1,2,2,5,-3
ba2d29ed-a750-3cf7-bb84-d96011b1b6b3,0,1,SI,3,2,2,7,4
a5780904-5462-3866-af48-2d32e3a4543a,1,1,ST,0,2,1,3,3
ae728974-5557-38c8-8ea6-de61fe4120fb,0,0,FF,1,0,2,4,4
912a12f9-65a5-3b3f-a143-687fab2e5bc0,0,0,FF,3,2,0,1,-2
acfa5610-95cd-3513-bd01-7da4fe113f54,0,0,FS,1,2,0,9,-3
735cbb27-805e-3ee6-b9ea-f89fb3c6f2e4,0,0,CU,3,2,1,7,2
4264ed80-235f-3a18-af20-822344e33045,0,0,CH,2,1,0,7,-2
0ae657f4-1d22-3f65-a4b1-effb2d0434e7,1,1,CH,2,1,2,7,3
bea6b45e-ac04-3d20-a394-d3e5faa061f0,1,1,FF,1,2,1,5,-1
267a4735-dd04-3827-977c-f48a2093e61e,1,1,FF,1,1,2,6,3
d844e8bf-0e9a-3d60-9978-3f9d6cf448fe,0,1,CU,2,3,1,7,3
3fa45462-a7af-3794-bc8a-3ff09292f5e9,0,0,FF,1,1,2,7,5
edd06a5a-4373-3215-9082-f81f24ad586a,1,1,CH,1,2,2,1,1
9a3fd569-43c9-3dc9-b33f-8647f2f55915,0,0,SL,1,0,2,1,1
f73788bc-04e8-3844-8a45-cf7367083b2e,0,0,SI,3,2,2,3,1
28c78e18-8588-3224-9c77-8a9048a3d62d,1,1,CH,2,1,0,3,1
014e7e46-9722-3ec1-905f-4f533dab0343,1,1,SL,1,2,1,6,0
02c539fd-d788-3013-a178-5dfead81386c,1,1,FC,0,1,2,6,1
34d8d541-7ec8-3ae6-a01d-aec7fb3549de,1,1,FC,1,0,2,1,1
02bf6cb3-38c9-3de6-9819-142ae8cb74d4,0,0,FF,0,1,1,3,2
d0b846c7-2487-3c7b-862a-c176dd2d6fbd,0,1,SI,1,1,2,4,1
8cb9ddf1-7a51-3900-8ee5-fc4f3820a9f3,0,1,FF,1,2,1,5,0
cec4e418-39e8-36da-98de-af06d9b7815b,0,1,SL,1,0,2,3,0
7af6af45-5bc6-396a-aa84-ac7f4bef81bc,1,1,FF,3,2,2,1,0
123af970-5e3f-3ed5-8baa-ca0adb43ae75,0,0,SL,2,2,0,6,0
6a968482-0993-31d3-ab3b-a16b9ad309b0,0,0,CU,1,0,1,1,0
33226508-b1a5-3ea0-b3ea-4652687753fa,1,1,FF,2,1,1,4,2
87452f52-eb6a-3409-a1b6-81b8c7d80f1a,1,1,ST,4,2,1,4,2
c4cf4862-4d9d-3c7c-8197-d9ff78e68a77,1,1,FC,3,1,2,1,0
1b9138d6-a151-3eb7-986a-46ad3cc8dde8,0,0,SL,1,1,1,3,-2
e9fdc4db-ab0b-3bbc-b9e2-e11cc402e243,0,0,,1,0,1,4,7
8a9cc2be-09cd-3111-9aed-0f49a925a4a1,1,1,SI,0,1,2,9,3
94600bce-f5c6-4568-b48c-cfa24853cc70,0,0,CH,2,1,2,4,0
aec0bc43-909a-4140-91a2-eeb6851f515e,0,0,,1,2,2,2,0
745405cd-98b1-47cb-8c03-3be069683660,1,1,,3,0,1,7,-3
4075777e-5858-408e-b514-376edb735d57,1,1,,0,2,1,3,0
005c2232-bcf1-4bc4-8b0f-b2a3979029f8,0,1,SI,3,2,2,8,2
cf43388a-79ff-42c3-91c9-759b673acf55,1,0,ST,2,2,1,6,1
bf745f9c-06f7-4ecc-b424-30b5562edb71,1,1,FF,0,1,2,4,1
7ba84856-7aa3-44b6-943d-004809ce7ec5,0,0,,2,1,2,5,8
f8c43679-2e62-4abc-8963-2ffa493dcdb7,0,1,,2,1,2,8,1
6aed9dee-19bb-415c-82da-49bcb6ad7e98,0,1,FF,3,1,2,2,0
2ada3c8b-f44e-48f2-ac19-cd9ce49f2a4c,0,0,FF,3,2,2,7,3
94bc3daa-6944-4d7f-b163-b40cae270e0a,1,1,FF,2,1,2,1,1
e3df3476-c6f3-4c88-b1e9-e32c6e57394b,0,0,FF,2,0,2,4,3
db545cba-a8e9-4e93-a239-7c0549d41bbc,0,1,SL,2,1,2,1,0
335d5cad-8184-44b2-a675-2c1cffd92283,0,0,FS,1,1,2,4,1
6e7b2eab-2eb4-476e-839a-a05d664873d4,1,1,FF,2,2,2,8,-1
e3d3fdf5-05cf-42f2-93dd-859cf26839fd,1,1,,0,0,2,2,3
84e1b2d7-cde2-471a-9be3-f90a610c6990,0,0,CH,2,3,1,5,0
c4fb49c2-a6d5-4c25-af78-cd5f4fc358b6,0,1,SI,2,1,1,8,3
63e695aa-6146-41b3-969e-cb5b77bab5f0,1,1,CH,2,2,0,4,0
80bd2a51-3a57-4705-8a1e-353d12c228a4,0,0,,0,2,0,3,0
8145a4ff-f113-421f-91e9-f4b6a86b46f2,0,1,FS,1,1,1,4,4
1445096b-b71b-4d9d-b394-527b68491657,0,0,FS,2,0,2,3,2
b08608e2-5c46-4efa-aee7-e51a49112fb9,0,0,,0,0,1,5,5
fa1f8928-d214-47a9-b5fc-9a49e3712af2,0,0,CH,1,1,0,1,-2
cc724ed0-65e4-4df6-bb42-b0bf5288bb74,0,0,FC,0,1,1,3,0
018f43a4-1665-4bd8-bafe-429f08304b26,0,1,SL,2,1,2,7,4
de93f34d-5e9e-4107-9648-420c03873386,1,1,FF,1,1,0,5,5
75ac4c5b-f0b0-47e0-97cc-879a6f0c415d,0,0,FF,1,0,0,3,-2
a29e068a-6ff7-4e1d-9ed5-140e6eb934ca,1,1,FF,2,0,2,1,1
51bc2c58-0840-4825-8e94-1f42995b0751,1,1,FF,0,3,1,7,0
169f0908-a2cb-420d-8bcb-c2fe9ea14da8,0,1,FF,0,1,2,7,6
4caa8abb-b06a-48dc-ae5c-8ab7e561a02b,0,0,FF,2,0,2,2,3
4b6c71c5-f2c6-42d6-939f-64103c109538,0,0,CH,2,1,2,3,0
e741c67d-e0c2-498c-9725-5c04032663d7,0,0,FS,0,1,2,3,0
c0ca2c06-9c4e-4dc2-b606-698731ddbde7,0,0,CH,2,2,0,1,0
dfa408d2-fc24-457c-85bf-58d72349cab0,0,0,ST,3,3,0,1,0
4f9fb1fe-89e1-4ebb-bbfc-18a320c78f1b,0,1,SI,1,0,2,4,5
6910d5ff-60cd-4925-ac20-3839b99999fd,0,1,SV,2,2,1,2,3
b5ae5337-6d0c-3084-b976-312ddb16e976,0,0,KC,2,2,0,5,1
06a19ba9-e6f3-3dcf-9730-5cf21ac5b404,0,0,SL,1,2,2,6,4
95c60653-09af-3f29-9124-2dd527f9f9b2,0,0,SI,1,0,2,2,2
8b1655a5-211f-31e0-aed1-f6281232591d,0,1,SL,0,1,1,4,-1
2672ed14-be2e-3bf4-8d54-23d0c6569993,0,1,ST,3,2,2,1,0
ba46db4e-ef35-38fb-8fd8-edab108c5087,0,0,FC,1,1,2,1,0
fd26cd41-f511-3264-85dc-833db0ad1aa5,0,0,SI,2,2,2,1,1
88e90c07-ae76-36b0-80f8-b193d2ed704e,1,1,FF,1,0,1,7,3
b415c95d-6822-3bae-ae4b-09dd08d43484,0,0,FF,2,1,2,1,0
70d645b0-0df5-3a6d-a9aa-f7b47628778a,1,1,CH,1,0,2,3,1
86e635f7-9715-32ec-ac9a-3f87e98f5a2d,1,1,FF,0,3,0,1,1
f27ed33b-2ff4-34ff-8e25-dfb6dba7b199,0,1,FF,1,1,2,4,-1
dba39b90-14ef-3e48-bdb5-ec58bb1a28d9,0,0,FF,2,2,2,1,0
6c2581ed-4e7c-3ceb-b45a-232197e083d3,0,1,FF,1,2,2,8,1
cd45b4b6-0fc9-3ebc-ae13-968a0d608da5,0,0,FF,1,2,1,8,1
e2249eb8-f282-3ec6-8ed7-571007de0e52,1,1,KC,1,1,1,3,3
c950a2b6-6572-3275-9773-043c432ff567,0,0,FF,0,1,2,3,-1
8db57cfb-5105-3d85-9215-f67abc0f9dab,0,1,SI,1,0,2,3,3
5ff14660-3920-315b-8441-854146907286,0,0,ST,2,0,2,1,0
96b6f100-8b87-383c-b2e7-5ded01dc989a,0,1,SI,3,2,2,6,1
77bfb5bb-eb05-3a4d-bf91-4468bbce7dd9,0,1,ST,3,1,2,6,1
5595bc13-c7cc-3782-999d-d7eddb540ddc,0,0,FC,2,1,2,6,0
c25e1a58-3f16-3b4d-9acd-38839d15d74e,0,0,CH,0,2,2,4,0
bd67a5cf-0981-3d10-a3a0-70e79a587d64,0,1,ST,2,2,2,8,1
f9982567-7b21-3140-8c00-22700a5045aa,1,1,SI,2,1,2,1,1
aead880a-0313-3dd7-9f76-beda622ffc81,0,1,FF,1,1,1,5,2
435ec430-b6cf-3ed4-876b-6d80a7c358b5,0,1,FF,3,2,1,5,2
a1d5ddef-cb08-3678-a1bc-5f8f2cfc82a2,1,1,SL,2,2,2,1,-3
334aa5d4-8cb8-3f8d-8b89-e8ceb3103bd1,0,1,SL,2,2,2,3,3
7c5d1e2c-5db7-3ea3-9e03-b2298ca30d7b,0,1,FF,1,1,2,1,0
b2604a29-7f34-3b84-8e6f-ee1b451ab5b0,0,1,FF,3,2,2,3,1
935d5358-ca25-3135-b4ac-53c16c292b6a,1,1,FF,2,0,2,5,-2
b7d45726-e350-3911-82fc-59ccdd9ae529,0,1,FF,0,1,0,7,3
cadc57b8-cab4-302a-a0be-baf2a211f6d3,0,1,SL,3,1,1,3,2
52841c4c-0e80-31f0-b0ac-b000516cf7f0,0,1,SI,2,2,0,7,-1
994130ab-49f4-32da-bbbd-047b79264484,0,1,,0,0,0,9,-1
cd71aee1-1429-34d1-a233-3de4965748df,0,1,,0,0,0,1,0
f37b1220-6a65-392c-aec3-0f8337720861,0,1,ST,3,3,1,7,3
7598e2fc-0201-3607-9488-0c586471a004,0,1,FC,3,3,1,9,4
7879db93-0ffe-4e6a-a991-998cfcf7796c,0,1,FF,0,3,0,3,1
b83317a2-c494-4b44-8ebd-6f1f045e2ac7,0,1,SL,1,1,2,2,1
44c4844a-1450-4a44-886b-36ed0e25cacb,0,0,SI,2,2,1,7,5
7adebef3-3db9-4d3b-9df5-ff0a2628a395,0,1,SL,2,0,2,8,5
f9004f52-c3ca-4bd4-ae8b-e4a2a1e7969f,0,1,SL,1,0,2,8,5
631467c2-e2fd-4ae8-885b-7fcf836c56ac,0,1,FF,2,0,0,5,4
31a74675-0676-43aa-8584-0a0d546e7cbf,0,1,CH,1,2,2,5,1
54ae4afc-69e0-4ff4-bd10-5de6da717014,0,1,FF,3,3,1,3,2
e3be4ef3-1394-45a4-8728-404d22867351,0,0,,0,0,1,8,2
dafe36a3-5892-46f8-89b6-ca797601c1b7,0,0,FF,1,0,1,8,1
3820d2e9-a46c-45c2-a2a3-b81facba3f7f,0,1,SL,0,1,2,8,2
8ffd961a-c7e2-4a21-9faa-3f5f803eedad,0,1,,0,2,2,8,0
d323f608-f6b5-46be-9980-171e6dbd347b,0,0,FC,1,1,2,7,0
1f0b1578-94aa-4f35-be77-1c7d7e11a132,0,1,SI,2,1,2,6,-1
ce6c30ca-257c-40f0-8dfd-ccff965c26c5,0,0,SI,1,0,0,6,-2
33bc1eab-20a1-404a-acdf-4c19cbae487e,0,0,FF,0,1,2,4,-1
c8aee591-3325-493d-ad42-02f5088f525c,0,1,SI,0,1,2,7,-1
97ca0698-c53a-42cc-b8bf-862694e7b597,1,1,FF,2,0,0,5,4
0ad95787-087a-4f0f-a54a-d2f68b74f4d0,0,0,SL,1,3,0,3,0
ea4863f2-5dca-4dea-b630-0284a532f07c,0,0,FF,1,3,1,5,-4
444d4484-35df-4bb7-84ab-ad772bd2fc2c,0,1,SL,1,2,0,7,5
173dc7f5-bb54-4652-a7e3-d47f2169046e,1,0,SI,1,2,2,8,5
7cf7489c-6948-4ac4-af42-e52d3b968eb4,0,0,SI,2,3,0,6,3
21d9ea52-5b28-46b4-9d8c-4e911d5109a3,0,1,SI,0,1,1,4,0
e8f18121-b043-48ee-bfef-eb15233fb627,1,1,CH,0,1,0,3,3
c959fe0e-928f-43e9-8628-8e14d85a4883,0,1,,0,0,1,4,0
afe0b817-b20e-4dae-9fbc-4b60399f7384,0,1,ST,0,2,2,5,1
40d84099-e5ed-478d-8c53-6839b1def7a8,1,0,SL,3,2,2,9,3
7e6b9cbd-d962-4e9c-938b-0b60e985e3eb,0,1,,0,1,1,4,0
4211bfa5-efb1-4b6d-a3aa-119fdae6c2fe,1,0,FF,2,1,1,2,0
4f7cdf66-0997-4b58-b063-c07d79b3118d,0,0,FS,1,1,0,2,3
8a707dbd-0608-4c6b-b89b-77be7ee1ca4e,1,0,FC,0,3,0,8,3
df78dccd-4590-4333-ac89-62e6b7c49b37,1,1,FC,1,0,1,8,4
da186285-dcd2-40d3-9e76-584e033aefee,0,0,CU,3,1,0,1,0
7877f354-d339-4a9b-89a3-a9623d862d58,0,0,FF,3,1,2,6,3
a08365ae-1bfe-4d64-87dc-d5af834e3ca8,0,1,SI,2,0,1,3,-1
d3c0af3f-6696-4126-8cd8-cdf37b7a044f,0,1,SL,1,0,2,6,7
b69778bf-c07b-47b7-9f00-d158e0b57831,0,0,SI,0,1,2,5,-2
49142d95-c6b5-4856-bde4-5ffe8c9a20a9,0,0,FF,3,2,2,2,3
7279a01e-4956-4488-b141-2ff2866b8914,0,1,,1,2,2,7,3
20b50f8f-7035-44f6-b916-3ea23b334c57,1,0,SI,2,2,0,7,3
acfcb672-cf4c-486f-88f9-11c2f557aa41,1,0,SI,1,1,0,7,3
ba6d60fd-1846-44b8-a65a-f5ff3b56f963,0,0,FC,2,2,1,6,1
424bbb1b-55e7-4917-b513-49b8b4b9c1d9,0,0,FC,1,0,2,3,0
f5e82566-9e8f-41ed-b36b-4d8858017240,0,1,SI,2,1,2,4,5
4f9543ba-3ee3-4c81-8ed2-8e0aba67197d,0,0,SL,2,1,0,1,0
36d47c46-212d-4d04-8854-caff08ec3bde,0,0,CH,3,3,0,5,2
be2e1e15-c316-4154-8af9-94d66f7a8f7a,0,1,ST,1,0,1,5,2
a64f1a4b-1ba6-408b-b641-709303a4d585,1,1,SL,1,2,2,1,-3
30553900-1e10-4c1a-ab25-64e6ca0710fd,0,0,CH,2,0,1,2,-1
384ea655-7281-498b-aa72-4f06a199a4c5,1,0,SI,1,2,1,4,-3
cd383b77-e003-463f-aa0c-61f6bff33b8f,0,0,FF,3,1,2,6,-2
27379cd3-a81b-416e-9205-cfd0067f08fc,1,1,CU,1,0,0,4,0
dcbb530e-a664-457f-b148-097efe1e9f6b,0,0,CH,3,1,1,8,5
3a634f43-b1f7-4cbe-944b-d399764e4e83,1,1,SI,1,1,1,6,4
b4210033-7173-4158-9459-9e66d8c0797e,0,0,FS,2,0,1,9,-3
926a6970-0398-4471-ac19-e9ddb9b33a4d,1,0,FF,2,0,1,2,2
70537e86-451c-4eb3-9883-aa42ae47765b,1,0,FF,3,1,0,7,0
edb5f9a5-77a9-36cd-a160-3a68973de79b,1,0,SL,3,2,0,2,-5
7837120a-f123-396a-8156-e4248f991f26,1,0,SI,3,1,1,8,2
25b781b7-ee9e-3d07-81f4-55b0bcb25daa,1,0,,0,0,2,8,2
b5ea08fb-7840-3458-b06e-bdd3c3fd3ce8,1,0,FF,1,0,2,7,3
5b249fad-d0de-30fb-a5d7-adb420a4cc83,0,0,FF,3,1,0,8,3
499fba47-d904-34c3-85f0-4ff3392bc7e7,0,0,FF,2,0,0,6,3
a3fddd37-a4ff-345f-9797-b49090bc598e,1,1,FC,3,0,1,7,0
31b372ca-6acf-3bd5-9de7-a02a45fc01a5,1,1,FF,0,1,2,7,5
24a33e92-2556-313d-81ec-dd9bb2c69020,1,1,FF,2,1,2,8,3
4430156c-579e-3a59-a0d8-75ed2cf29f02,0,0,SL,2,2,0,10,0
327247f0-2c23-39b5-b648-2feec82fbaea,0,0,FC,0,1,2,9,0
67259e82-f0e1-3295-8779-45665c785d0e,0,0,FF,1,0,2,2,0
d729aed6-9109-338b-a146-e48aaad07857,1,0,FC,3,0,2,5,6
634c2451-f8f4-3805-b3b6-1521935ad064,0,1,SI,1,2,1,4,2
65a3a5d1-ddd0-3c41-a6eb-38ddb68dc3e4,0,0,FF,3,1,2,4,2
ba87f111-4119-3ca1-8cb0-b29b60092f03,1,0,FF,1,1,1,4,2
5d9bb75e-4aa1-3217-ae7b-62c8332f42d6,0,0,SI,1,2,2,9,2
b6ac3243-dacb-3637-8c03-dd85e753398e,0,0,FF,0,1,2,5,3
d9a8d456-2eb3-38b1-ab88-24444cf4144c,0,0,CH,3,2,2,2,3
304da990-3d6a-3480-9c79-2ae1940a579e,1,1,CH,1,0,0,5,2
739013c7-be0b-392b-8bf0-a0cf18598522,0,0,FF,1,0,1,6,6
009f59c1-5647-3313-b549-9e0f6cb1b14c,1,1,FC,2,0,1,4,-2
d9da07c0-ef19-36be-ae62-2ae384819b71,1,1,FC,2,1,1,2,1
78336e69-519c-39d6-bb9f-592a7ff6507d,0,0,SL,0,1,2,4,0
5548b679-2e82-4c92-98ce-d1362574b7f7,1,1,SI,1,1,1,5,-2
58c876fb-db46-4d8c-8d39-8df4600a9e87,0,1,FF,2,0,2,9,-1
e7f17edc-a9f3-4891-bd22-41692fff8fb0,0,1,ST,3,2,1,6,-1
b07c8145-8e7b-4fab-ab30-8ad134d35630,0,1,SL,2,1,1,10,0
65f4786e-8280-4908-9bcc-b73103cddd77,0,1,,0,1,0,6,-2
4976c555-7669-4d74-bd31-271f6a79bc6b,1,1,CU,1,0,1,2,2
80fddbb0-667f-40c2-9abc-f3e1c6f945ad,0,1,FF,1,1,2,5,1
19c0c1d8-8c2a-4dcd-b371-c6e7e86b6d20,1,1,SL,1,2,2,5,-1
b6f4cc5c-e9d8-4d87-b61a-26036781fad4,1,1,SI,0,1,2,3,6
9e811991-7f7b-3c1a-96b8-4ff79990fe45,0,1,FF,0,1,2,6,3
eb7aa01d-5b9e-396b-a905-f29ca2e3fe87,0,0,ST,3,2,2,7,-1
036f6bb6-348b-3367-8c58-fce7c4cc28e9,0,0,SI,1,0,1,9,-1
f6f6a8b1-2451-34be-afa3-9a0d7cb54e2a,1,1,CH,1,1,1,6,-1
0b8f5294-d0eb-392b-8b20-9a3ed407d88e,1,0,SL,1,0,1,3,-2
c839e3a0-a72f-3df9-aacf-1adeec5bf44d,1,0,FC,1,1,1,8,2
9d0d5405-dd42-3135-a7af-5dab4e548f4c,1,1,FF,1,0,0,1,0
95e82f75-80d7-326d-8c89-38c498b33d8a,0,0,SI,1,0,2,3,0
92c16a9b-4edf-380b-b7d5-9ceb2eff9b81,0,0,FF,2,0,1,6,4
3a8ab818-9f56-39c5-a015-894c5d08cced,1,1,SI,2,0,2,8,4
d852b107-c4a2-3c32-bdaa-7d4ea87087e1,0,0,FS,2,0,2,9,-1
245118d9-3c71-32b2-bc3e-c081e568ec24,1,0,CU,0,1,1,7,3
c1130082-8482-3928-91f6-f4f74c59029b,0,0,SL,0,1,2,1,0
554ba1fa-5bbd-3ae7-bd7b-9c89eeb5f1cf,1,1,CH,1,1,2,2,-1
5ccde285-f8d2-3676-98c4-e16defdd778d,1,1,SL,3,1,0,5,1
d7df0ddc-9d92-3fcf-af11-9ff0f29a5ae5,0,1,ST,1,0,1,8,4
ce3818c3-3b7f-315d-82aa-16329fcda44f,0,1,SI,1,1,1,8,4
dd077616-e446-3384-8168-f4d07627a31c,0,0,FC,0,1,0,5,0
21afe893-1fb7-3449-8d13-d465f70dedea,0,0,FC,3,0,0,9,0
585baf31-6fca-3dbe-b3ad-4dbc1b1c8b69,0,0,FF,0,1,0,9,1
54327f94-120e-3f05-8ef8-ceb043d24d4b,1,0,SI,1,2,1,7,1
361d967a-64a1-3d9d-b0d5-420ffa4f34bb,1,1,SI,0,1,0,7,1
1c0eddbd-2c02-3d4b-aa21-d049725d49cb,0,0,FC,0,1,1,3,0
e91cf39e-d14e-3ddf-adb1-607dfebe2c31,0,0,SL,1,1,2,5,-6
7e70c012-9ef6-36e0-a6ce-32126667cb3f,0,1,SL,1,0,1,7,5
d50e079d-d3e5-3185-abee-aa4707537f7d,1,1,ST,1,1,1,2,3
eec8d422-5124-3d52-8a16-665493bb2dd4,0,0,FF,1,0,1,3,0
d6eeb726-7008-31aa-a3f3-c67987ecd372,0,1,CH,2,0,0,3,-1
cf7ceeca-cead-37bf-b7fa-e70ba3617711,1,1,CH,2,0,1,5,1
a373f372-8831-38ad-9ea5-db4baf68601d,0,0,CU,1,1,1,6,4
1ee099a9-7dc9-3774-96b5-6cdeac97fc71,0,1,CU,0,2,0,5,1
2a6e3107-0c66-3b53-91ee-b636b464d705,1,1,FF,1,0,1,5,1
285e4952-d052-3c3f-a3b1-fbe56196ae86,1,1,FC,1,0,0,7,1
21856c18-aabf-3f80-b2ad-2161cc66aa1e,0,1,CU,1,1,2,3,-3
af8437f4-ceaf-376b-9198-10c689e9d066,0,0,CH,1,2,2,4,4
595f6b2b-3fdf-3448-9ead-3c80f4ccfc85,0,0,,2,2,2,5,-1
d1d369d2-4136-3eb5-a56a-eb76163e46ea,1,0,,0,0,0,6,1
5342b842-6f73-30bf-bb88-f04581257cb4,0,1,CH,1,0,2,2,0
16048701-cedb-346e-b88a-d95653c7c987,1,1,CH,3,1,2,2,1
df940af7-1771-33bd-90ab-4effd237db39,0,1,SL,1,0,2,8,1
c6342eec-0308-3c55-a9e0-e6aad2573214,1,0,ST,2,1,2,5,0
87684de4-acb8-33c1-928a-57ef2087f871,0,0,SI,1,1,1,3,0
f3cf16c5-1d23-388b-8fdb-7c7e9dcea251,0,0,FS,3,3,0,3,1
680ea65d-e9e9-3a5c-939e-ca40e05d224f,1,1,FC,1,0,0,4,2
c9dc5165-d5dc-3e0b-b05b-0cf8bf2c8d37,0,1,FC,2,1,1,6,2
c6662def-7c09-3e8b-b398-62868caed9b4,0,1,FF,2,1,0,8,0
0bf87f63-20c9-3811-9a38-8c9e90863b3c,0,0,CH,1,2,2,2,0
257ab0d9-59b6-3e02-9734-02debfe3519e,0,1,FF,2,2,2,5,0
188793c0-2441-3f62-a99b-b87c7313b6c0,0,0,SL,1,1,0,5,0
81c8e5d9-502b-3244-a7b6-f814a64e282b,0,0,FF,0,2,2,5,4
debe0ec3-24a8-35ca-ac90-fa7b2731ed4b,0,0,FC,0,1,0,2,0
c6de3bad-b7b2-356d-8f76-271c8c91359a,0,0,FC,3,1,1,7,3
c76c55e9-9206-34c1-858c-2c7c14addb67,0,0,FC,2,0,1,7,6
b604282b-60d8-3624-bf60-456ddb1a8a74,1,1,CH,1,1,1,8,2
80aa6a3d-aef5-399d-a42e-c672d2b3b354,1,1,FF,1,1,1,8,3
3ecf203f-5ed3-3684-894a-10cc9c5d7e58,0,1,SI,2,1,1,11,-1
ae930611-d64c-3f0e-b9cd-2de04130dddc,0,0,FF,1,0,1,7,4
54fd05b5-f038-34da-bae7-34c33cf94bdc,0,0,SL,1,1,0,1,0
4b95efbb-4e8c-3097-8b80-e47b37ded4e5,0,0,SI,1,0,1,2,4
43482c95-8770-3df6-a125-3e5c8b6155ab,0,1,FF,2,1,1,2,-1
aa005118-b7db-4eb9-9c8c-fa7703a6a8fa,0,0,CU,0,1,2,9,0
c88a6b07-95c2-4bf3-aac1-987901126cd8,0,1,FF,1,1,2,3,0
0f1cef80-e2a6-4d4e-8eb2-8f9160f2f19f,0,1,CU,0,2,2,4,0
72309b2b-31be-4e9e-8e43-2b7e0e8396c2,0,1,FF,3,3,0,2,0
a3cb232c-c4ca-407f-b2b7-711d0f1c3ede,0,1,ST,3,2,2,9,-1
fff197e4-3b11-4e93-b65f-a912d3b8261f,0,1,SI,3,1,2,8,-1
1f5b747b-462c-4785-a15f-b41f74e709a2,0,1,SL,0,3,0,8,2
5e874b59-892b-44ae-87ab-bd11492dfadd,0,1,ST,3,2,1,8,4
63ab2c0e-04f1-4f87-8697-08b92909aec7,0,0,,1,2,1,1,0
c6f2944e-e815-428d-8ddf-9c48ba46cc3f,0,1,FS,3,2,2,2,2
e254a13e-18bb-4ac9-81fe-7cc1220ff6c2,0,1,FC,2,0,2,5,0
19bb9ba1-b10d-4e9c-ba31-5b55a4fc6179,0,0,SL,0,2,1,9,-1
f06682e3-d5c6-4807-8fcd-f59571b5e95f,0,0,SI,1,0,0,6,2
7cb68230-23ff-4c2a-9701-8303f294314a,0,1,ST,2,1,2,8,-1
4ab192f8-2e95-4b2c-8a9c-64d41d624233,1,1,FF,0,1,1,3,-2
d1bf20b3-a6cf-455b-8031-623b2621d4a2,0,1,FF,3,1,1,3,5
48319eb9-6f73-4e96-b304-9dc55efb2cdc,0,1,SL,4,1,1,3,5
8bac2780-f4a2-4849-ac75-e0701387e0aa,0,1,,0,1,2,9,0
23b9cb79-7301-4b66-b22d-400370d00e95,0,0,FF,1,0,2,2,0
1fd0e1c8-5b6d-4f81-ac78-baf7d0efbb22,0,1,SI,1,0,0,4,6
6ce74142-a3ca-4dec-923e-7075ce7f7a06,0,1,SL,1,1,2,7,3
3cdd71f7-7faa-42df-b374-ba1283ded90b,0,1,SL,0,2,1,8,3
dee18b0d-9d08-3f52-ab84-630741518208,0,1,CH,3,2,1,2,0
9ce6d1ca-62e0-398a-b173-d601250f7645,1,1,FC,2,2,2,2,0
1ece6d34-ca25-39b9-acc5-de23ce9dd749,1,0,SI,3,2,1,6,3
6cdefb03-66d8-3cc7-a3d9-5af2f320957e,0,1,CU,2,2,1,5,7
f22255c5-9ad7-3206-b86a-1f67058bf196,0,1,SI,1,1,2,3,6
1d668be7-f4e6-33e7-a896-ab38a025d196,1,0,FC,2,1,1,5,-3
af22c9a1-8c87-3654-b4bd-650c325ac3ea,0,1,SL,1,0,1,8,2
ca31a4a6-89c4-3dbe-8613-ecfa8a200a58,0,1,FS,3,2,2,1,2
ca563fea-ff8b-32bf-8f4f-5960df534ada,0,1,SI,2,2,0,6,0
5fd9fd7f-e86d-3c3e-ae86-5624d543a17f,0,1,FF,2,3,0,1,-1
dd1c7bf7-cf2d-3bbe-95e3-2a0af0b019bb,1,0,ST,1,2,1,1,0
e4daaa78-98d3-3ece-9313-a121762eb17f,1,1,,0,1,2,5,0
0757cb9d-201c-3570-9b19-f31412550e43,0,1,ST,2,3,1,8,-1
12b14edf-7fd9-3d3d-a66b-81f288f9b263,0,0,FF,3,3,1,3,1
48c8f184-f477-3dfb-938e-f628f08fd83b,0,0,SI,3,3,0,1,0
d35818e5-4a7d-385d-9505-5743e42921c6,0,1,SL,2,0,0,9,-2
1195b322-5054-3420-b279-0bfecee546fd,0,0,SL,2,1,2,5,-1
b5b1080c-07ca-35e7-b43a-81456e3526a4,0,1,CH,4,1,1,2,0
a4424777-75eb-3f6f-ab03-21a4a144c6e2,0,1,SI,0,1,1,2,0
4ade3c93-34ef-3d10-a3e6-3d7fad39b6d7,0,1,CU,1,1,1,7,4
1c4a46ec-264b-336f-8dc0-4b772ff0bf58,0,1,SI,1,0,0,7,1
e5880596-b51f-3c85-8370-52ded093c983,0,1,ST,0,2,2,7,1
f2ac0706-07e7-34d5-8607-164dea8ab53a,0,1,FF,1,0,1,7,3
5ef924a0-eb27-37ec-810e-d1932391880e,0,1,FF,3,2,1,7,3
9c8c22f7-e327-35a8-a0e3-15e71f85f6f7,0,1,FF,2,1,0,8,3
dc0dcba9-defd-320a-95ab-98e4b92ead46,1,1,SI,1,3,0,7,2
575cb0da-355e-3666-b227-cf21eb7c8c3f,0,1,FF,1,0,2,7,0
8ea5a102-6e35-3069-85ba-9943b1e5a954,0,1,FF,0,2,0,9,2
d35965b3-6e4e-3d6e-af6c-7b024236060f,0,0,,0,1,0,6,-1
39af8543-65f2-321c-94bd-d21f7cf17182,0,1,SI,1,0,0,7,0
0239243a-dcf2-3824-8e38-98ee5a486f02,1,1,FF,1,1,1,9,1
dc8b4155-7a43-3001-949d-9eb339be3741,0,1,,1,2,1,3,-1
7db7b1d2-b36a-3e1b-a9e5-a41783ddf124,0,0,CH,1,1,2,2,2
a2acd216-0e40-335f-8635-cf575275fb6d,0,1,,1,0,0,10,-1
60c50dfa-f4df-3811-b961-dc1c9a73fd6f,1,0,FF,2,0,0,7,0
25ccc3b4-6858-3e89-8bd3-a3d3d7c34d3f,0,0,SL,1,1,1,8,5
d965b05a-d827-3b9b-86dc-473cdd06ed26,0,1,SL,1,0,0,8,4
ec5cde92-06f2-3732-b3ab-1f911d200965,0,0,FF,2,0,0,7,1
10cec7dd-d7f3-3a1f-b82f-04a0b23d64a9,0,1,FF,0,2,1,8,0
11346827-ebe7-356a-828f-be8173f7a6f8,0,1,SL,1,0,0,8,-1
d33eade1-4b26-3c7b-8591-80c1304386d8,0,1,FF,1,1,1,8,4
2cd0340f-f9b0-352f-b880-77e96b85167b,1,1,FF,1,1,1,7,0
5ba98fce-89e9-325f-88dd-b05f58b6b597,0,1,SI,3,2,2,6,1
44607de6-1fde-3ad5-9715-9a14c0f3b22e,0,1,SL,1,1,2,6,1
b9c7b3ef-ef7c-3b20-9491-8f9637faefd7,1,0,FF,1,2,0,9,1
b53656c4-ebfc-3930-975b-648e6b179f1c,1,0,SI,1,1,2,8,-1
2bd597aa-7ea0-30ef-bed5-47ee3b691c8e,0,1,,0,2,2,9,-1
5485f61e-1727-3521-8d45-d34f6c143fbd,0,0,SI,2,0,0,8,3
dcca1276-9484-32a1-80fe-152756409687,0,1,FF,2,2,0,8,1
91975134-3f32-3208-9ec0-4ddfc59db573,0,0,SI,1,0,1,8,-4
561a29e4-f8ea-3633-b6be-baf9c2a62c16,0,0,FF,1,2,2,4,-2
95caebf2-5f44-352f-9f3c-d7314e1951dd,1,1,FF,3,2,2,5,0
c3b724fa-9981-3932-9e6c-dee9659671af,0,1,FF,3,3,1,1,0
b2ba05f8-5c58-3a2c-814f-a6165db3e5e4,1,1,FF,0,1,2,6,4
59091d43-95df-34b0-b3c3-c7e2fb48fd0b,1,0,SI,0,1,1,10,1
7ff17714-c849-38bb-937b-1e035d378726,0,0,FF,2,2,2,2,0
8b989209-cee8-3ce8-abca-b6242788b313,0,1,FF,2,2,1,8,3
5d8a50f0-9314-3fa4-91da-5bb47047fdab,0,1,FC,3,1,1,8,3
f708bcb4-ed3e-3c34-ab4e-7406ad919548,0,0,,1,2,0,5,1
9aca76b4-84c1-3f1f-8e51-48177f88aa77,0,1,FF,1,2,2,2,0
94bc34dc-61a7-3a3b-841c-e43d962789b0,0,1,CH,2,0,2,6,6
27f5cf74-8a09-300c-af5a-0e02af0a7fbf,0,1,ST,2,2,1,6,2
54137c51-4834-3333-9002-156a2aad0436,0,0,SL,1,2,2,1,0
7106f154-745e-300e-b860-e5d3cb5dab18,0,1,FF,1,0,1,8,3
2fd50ce0-dd1a-39fa-9011-0f961064ae40,0,1,SI,2,2,2,8,5
114262ed-1c00-3f1d-a422-b58afeaa32ea,0,0,FF,2,1,1,5,0
1a56f91e-d6f2-399f-a762-08294a4fbf68,0,0,,2,1,0,3,1
7820ec7a-0125-305a-9044-a248e0bc9e6c,0,0,SL,1,1,1,5,3
ec94b2aa-fc9a-35fc-a351-cb096a6af410,0,0,FF,1,0,1,3,0
2f0960ca-e5ae-33d2-8b50-e617cf8273e3,0,0,FF,3,2,1,2,2
41292bdb-b219-3d19-a4e2-11b4615806f9,1,1,CH,3,2,0,9,2
fa7d4c17-6910-41f6-8ffb-cf48a2e20bcc,1,0,SI,1,0,1,6,4
b91f49c6-acc7-44f8-88e0-6adab32d383d,0,0,FF,1,0,0,1,0
c56aa6f7-cc28-4bf8-8901-968f3f391797,1,0,SL,1,1,0,1,0
003a090e-a927-4cea-a1df-1df748a4f1e0,0,0,CU,1,0,1,9,3
8769a9f3-9b7d-4d4c-aa14-3b022cdffa9c,0,0,FF,2,0,0,9,2
481febfd-be2b-4019-90bd-b42e82dc4472,0,0,FF,3,3,0,1,0
a4414455-4e94-4a5f-9d02-34ca212d4c5e,0,0,CH,4,2,2,1,0
f5908ff4-a105-45c4-adfc-fe60692b192a,0,0,ST,1,1,2,7,1
4271ac32-5da8-4d2c-91cb-592825e97b6d,1,1,FF,2,1,2,1,0
a02e51ea-39f6-40aa-a593-6e15cd5d7ce9,0,0,ST,1,0,1,7,2
c7648d09-fabf-4862-bc71-49c6763d791b,0,0,KC,1,1,1,2,-1
2b2b6568-a050-34ca-8eae-6c4752c3230f,0,0,FF,2,1,0,8,-1
973863fb-bf16-35a7-9cd8-7cfe69f69f76,0,1,SI,1,0,2,7,2
78cdebb2-b2f1-3d89-8c82-88d0c55c34f5,1,1,CU,1,2,0,4,5
cfe3636c-c173-3a2a-99ab-3a7d4b84908e,1,1,ST,3,1,1,2,1
4154492d-95e5-3d81-8bd4-df13baf60cc8,0,1,CU,2,2,1,9,-2
83186125-b792-3bbd-ae12-0fad0c1521b2,0,1,SI,1,2,0,7,3
10366352-83a3-352c-a385-bc50b824a914,0,0,FF,1,1,2,9,0
8901b8c8-287f-3088-a259-0dc186328629,1,0,CU,1,1,2,7,-1
a7c918e7-a1a1-3816-b3db-76a1541c745f,0,0,SL,3,1,0,5,-1
34552a65-5958-3e8c-afe6-04249ae11513,0,0,SI,1,0,0,9,0
be86120a-11a3-31cc-9afd-8ed36d8c2bff,0,0,,1,0,2,8,5
fe65eab7-755c-3153-b1fa-1ed075d79437,1,1,FF,1,2,2,1,0
d317ca00-efdc-3f63-b083-62a4de3bfa7f,0,0,FF,2,1,2,8,-2
9504a66b-f9bf-3042-b499-09ec969edb9d,0,0,SI,3,1,2,2,-1
df49e313-ddbd-3a0b-b94c-ec5888ff62df,0,0,FF,2,2,2,3,-1
084667b0-7ee4-3367-a290-689bf32e3222,1,1,CH,2,2,2,4,0
538bea13-9ef0-3e66-ba32-11ccc2ef3892,0,1,SL,2,1,0,5,1
07d384d8-6353-36d4-9e42-47c680f1a55c,0,0,FF,2,2,2,9,1
4e695493-7f67-3330-972f-bd0fc50ea210,1,1,ST,1,2,0,8,1
6f4eacf8-f8b0-3cc3-b235-c1daf2a789e8,0,0,SI,2,2,2,4,0
e073e16b-9daf-4779-b335-b8c9f7725d07,0,1,FC,2,0,1,2,1
cf7cf3f5-ca43-412a-9f11-825922e84db5,1,1,CH,3,1,2,8,4
68494638-129f-49aa-b08d-b16e8a1fb05d,0,1,CU,0,1,2,6,-5
ee825609-15e6-40df-8586-f32f707e4629,0,0,FF,1,0,2,7,6
d674dc8f-91bc-439a-b855-1434add4a536,0,0,FF,2,1,2,2,2
af4a970a-1276-484a-9fff-36727fe180d7,0,1,SI,1,0,1,7,1
08aabf32-27f7-42b1-a995-39e107c4fb6c,0,1,SI,3,2,0,5,1
26b74f14-7419-485b-a03e-a25afe78973f,0,0,FF,1,0,2,5,1
6b7ef564-a853-40ef-9477-104c72119ee0,0,0,SI,1,1,1,3,-1
e1c0460b-1e5a-44f1-a295-a428bb1e74e7,0,1,ST,0,1,0,6,-1
9dafa8ac-8473-42e8-b803-8a19c8f41820,0,0,FF,1,2,1,5,-4
ecc1bc46-7251-4c96-8a63-3b5d807a2f5f,0,0,FC,2,3,0,4,-2
d378938c-0f44-441b-8b9f-b231f38f2d27,0,0,FF,3,2,2,8,3
aa77ed67-8d08-43ef-8a7b-c5bdb30297f8,0,0,FF,3,3,1,7,2
c9ae3e3a-ab6a-40ab-9108-4fee97536e39,0,1,FS,3,2,2,7,1
74ec8a23-c24d-4fcd-9972-b4ff373830d4,0,1,FF,0,1,2,5,1
6ccaa12f-39d2-42eb-8dbc-d4fea47e3f1f,0,0,FF,2,1,0,8,-5
4c88986d-aec1-4ff8-b1f4-ee7b2c90cf4b,0,0,CH,1,1,0,2,4
e15335d9-f115-4a3c-b7ba-95bab3c3f258,0,0,SL,3,2,2,5,-1
ade49b5a-5004-4c0b-8841-1a45cf75c00c,0,0,CH,1,0,2,6,-1
b9c60c11-f76b-4256-b29c-392c6677728f,0,0,FC,0,2,2,4,2
cb5676f1-112e-41ab-bc9a-b19eac8aca9a,0,1,SI,2,0,1,8,-1
579a1ade-cb07-4666-b263-a18251cca9e9,0,0,CH,3,1,1,3,-6
4d1a2915-15ff-47b6-b481-b64ceb7d34a4,0,1,EP,1,0,1,11,1
b1a04efb-cfec-441c-97e1-7235d5960656,0,0,FF,2,0,2,5,-2
c3455963-3549-4c93-bd34-22d96dfd4830,1,0,,1,2,2,5,-3
3fca0f3e-91fb-4757-a967-536ce659e883,0,1,SL,1,0,1,6,0
fbce4764-de9b-4a5b-8911-36a50b6fe3e5,0,0,CH,1,0,0,5,-2
85559ed6-f7cf-49a1-9bfa-44c3f75b28f8,0,0,ST,1,0,1,1,0
e7b469ba-c76a-4bd4-85cd-d562cc075ec5,0,0,SL,0,1,1,8,0
0670c556-476e-4252-af45-9299d7ac7bcf,0,1,SL,1,3,1,7,1
db4f9704-530f-4d80-a161-68fd41531057,0,0,FC,1,0,1,2,0
86ce2b6c-d563-413f-ab56-914855d4f98b,0,1,SL,1,0,0,6,-3
4d91f32e-d034-48d6-a5fa-8c3fbab83060,0,1,FF,1,0,0,7,1
557bd4de-b284-41bc-a8db-48b3bc204f77,0,1,FF,2,1,1,7,1
2097030d-4841-4542-9925-89295196460d,0,1,FF,1,0,0,2,0
b2d3fcaf-6e46-425c-b3cc-ed75aaddbf23,1,1,FF,1,1,1,2,2
142eac6c-2f86-4e02-a8ef-9c4b4dd4b420,0,1,FF,0,1,1,3,5
60f34a11-2234-4d96-a62b-937d34153b9e,0,0,,1,0,1,9,3
f41117b8-a25f-40d8-8e93-79012ccf0264,0,0,FF,1,1,1,5,1
0073562a-364d-482d-a3c5-5a7779b3d2c4,0,0,CU,2,1,1,5,2
0e4aaaa5-c8cd-487e-b7b5-e2fd45f83688,0,1,SL,0,2,1,7,2
ba358045-7352-4edb-be29-2c34cb575f35,0,1,FF,1,1,1,1,1
94111bbb-d8f3-43e9-b88f-f1b8984eb698,0,0,CH,1,2,1,1,0
95e2160f-7384-4df8-93b7-8bbb7bcfff87,0,1,FF,0,1,1,2,0
64eed0d8-3d59-4213-b18f-e47171e9d207,0,0,SI,2,1,2,1,2
83f7539d-9e1a-498a-ab55-24035c152943,0,0,CU,1,2,2,1,0
fe8ed8e8-ad1b-4852-8439-35fc054b947b,1,0,SI,0,1,1,6,0
ee47dcc3-eec6-4b40-a042-652d65e14815,0,0,FF,2,2,0,4,0
5420b278-e220-4ab9-981f-c65843752fb3,0,1,FF,1,1,2,5,3
18fb32b7-b5b4-44ef-a362-7241a7b75a2b,0,0,CU,2,2,2,4,5
b87d0ee1-e7dc-4627-a758-64487856b6f4,0,0,,0,0,0,3,3
9730de88-beb6-4c30-b8d6-355ba49c14e9,0,0,CU,0,3,1,6,1
2777dbc3-6f05-46b0-9ae9-da19579b6f9a,1,0,ST,3,2,2,5,-3
4d84662b-3cb6-4d18-920f-8c0dbaf569c5,0,0,CH,2,1,2,1,-2
04781c35-e410-4e6a-be1b-51a94afc8163,0,0,SI,1,0,0,9,0
e34ad070-d1e5-4af1-b5ed-5603b190ce29,0,1,FF,2,1,1,4,-5
e3c9eaec-1474-3f54-ab2a-48e9fa6c7c24,0,0,FF,1,0,2,5,-3
662ccf23-7c00-3270-a755-0836c5ab07b1,0,1,SL,0,1,2,1,0
e29b1b42-82d4-3b57-9047-2742ec241c53,0,1,SL,1,2,1,8,0
1c7727ec-e6c9-3fed-b696-1c6913d5abdf,0,0,FF,2,1,1,1,-2
5b9b75a0-e030-3df5-932c-8b012a9a6a16,1,1,ST,0,3,1,4,-3
059d5d5e-2a92-31cf-bfe1-d8f78cf46002,1,1,SI,1,0,1,4,-1
64c98eb0-0135-3188-9ef9-cfb9da0e4c32,0,1,SL,0,1,1,5,2
cf3fb20e-a8aa-3bb1-81e0-62856b01bcd3,0,1,ST,1,2,0,5,-2
8d62b8d0-8a95-3e4b-9bca-7e71275e28e0,0,1,FF,1,2,2,8,2
728f1edb-566a-3aa1-ad88-157993c18f13,0,1,SI,1,0,0,6,3
3367b2cc-6ef1-30fb-9d97-08b0c8ff54e8,0,0,CH,1,1,1,7,-5
277c9169-55cb-37cd-bed6-a78a5bc899de,0,1,CH,0,1,1,5,0
7e4426e7-fc87-3933-934c-3b94bd2018b3,0,1,SL,2,1,2,2,0
cebc5822-b9be-395d-a8f1-0350adc82726,1,1,SI,3,1,1,4,-1
d891da6c-23a9-35d2-b7e7-fdcf08b28c18,0,1,CH,1,1,2,6,0
220005ae-2f85-38d9-81cb-9c99971ac870,0,1,FF,1,3,0,8,3
b41f19b5-274f-368b-baa4-2e0e45f32ce3,0,1,FF,2,2,1,2,-3
474b1702-b9c4-3ca1-a2b7-777fb6393431,0,1,SI,1,0,1,5,1
1909a750-fc2e-3485-b778-129bda91ea79,0,1,ST,2,1,2,7,-2
1424c41e-bd4f-3bc0-8960-80143ee2ce82,0,1,FF,0,1,2,2,1
1b3fa7f9-2e1b-39cc-995b-4ab6976bf94d,1,1,ST,0,1,2,1,-1
3f497899-891a-39eb-8ed2-61aba3d0637c,1,0,ST,1,0,2,3,2
bfa86c6f-85d3-33bc-a80e-de460e80e40d,0,1,FF,2,0,2,7,-2
f95f445d-41eb-3985-a9f9-09a15fba575d,0,1,CH,2,2,1,7,1
6081e8d8-633d-3309-bb5b-a7270d152c5d,0,0,CH,3,1,0,5,0
3ad3f080-bc6f-3501-be9d-baed856d49b3,1,0,ST,1,2,2,8,3
b4e27944-932d-3d87-ac8b-501601ce6777,1,1,FF,1,0,2,1,2
32f25d23-706d-39ab-bf01-c97604cea4dc,0,0,KC,0,1,1,8,5
4c84098c-5be6-365a-910c-c2d8329e3ec5,1,0,FF,0,1,2,4,5
8ead54c4-1c35-4b5e-8cc8-408035b827b7,0,1,CU,1,2,1,4,3
0c5dcc5d-b858-49a4-b74f-bd395d5ed35a,1,0,SL,1,0,2,2,0
33bc4667-b2bf-456e-9713-6440fb34fb5b,0,1,ST,0,2,2,7,-2
60e885a3-3ad3-45fb-b74e-c3851d636a90,1,0,SI,0,1,2,5,1
646d4fa2-e382-4608-8813-07d96ee8375b,1,0,SI,0,1,1,3,2
642fe511-96de-4c71-b4d7-4cdab8f626f4,0,0,FF,2,2,1,6,-2
810cefa4-dd4d-4194-9b5d-2fe8312a8796,1,1,,1,2,1,2,-3
d96bd8b2-e28e-4270-a4da-4610fcd489b9,0,1,ST,3,2,2,2,2
834d2528-96d1-4bb8-bbfa-b0e9e2c30275,1,1,FF,1,3,1,2,0
14b84bdb-d138-4869-a506-cfa7afc8197b,1,0,FF,1,2,2,5,-1
3f456d95-7e53-41f6-a8bf-9557d62b3d85,0,0,CU,3,3,1,5,-1
9a8f6ff8-9668-4fb0-bef6-d6e657f309d9,0,1,FF,3,3,1,4,1
d00fa271-3e3d-494b-8d1b-bce0599b54e5,0,1,SI,1,0,2,1,1
4c9a2a4a-2471-4233-aab4-b03d603fa354,0,1,SL,0,1,2,8,0
a8968c1d-3339-4ae7-8bec-394b019bd712,0,0,,1,0,2,8,-3
aa9ec749-ead4-35eb-bbca-f153b2b6c6e7,0,0,FC,2,2,0,10,0
50f7631d-b900-352b-a486-a69e7546d1ff,0,0,FF,1,3,1,2,0
1ddf2d3a-c14f-3920-96af-a85dd98c7333,0,0,FF,0,1,1,2,-1
dac15fa7-40e2-409d-ab76-276d6e0b8573,0,1,,0,1,1,2,-2
0eb8084f-4da4-3456-8b15-1e1b842fffcd,0,1,CH,2,2,2,7,-2
52ecc12e-2a9c-33fd-8266-31701ab33ce6,0,1,ST,1,2,0,5,2
00b58ffd-4d62-4afc-8848-47b77c431877,0,1,FF,1,1,1,7,-1
8f093c9d-9063-4e42-b565-f00f5c796c23,0,1,CU,2,2,1,2,3
89baad6f-cd65-4105-a154-df43fc6ad40b,0,1,FC,2,1,0,8,1
3feb87ed-cf32-42c9-adfa-6e64c99b3bc8,0,1,FF,1,2,0,5,4
e10bf16a-8c48-46d3-9f44-391b2a328194,0,1,,0,0,0,5,1
1dd7e54c-ad77-4b7c-ba59-7774168a5b7a,0,1,ST,1,3,1,3,0
c3c28048-dd7e-4e27-a4fa-1abc56ab8a28,0,1,FF,2,3,0,3,0
d5314a9d-efb6-4f34-a371-e59cd21a1f7a,0,1,ST,1,0,1,2,2
e70afc07-62b7-4af9-9692-4c6cef4e1800,0,1,FF,3,3,1,3,-1
7ac3f0ec-e2bb-42eb-a399-cb0be7edd354,0,1,ST,0,1,1,4,7
bf43f72b-8610-45d2-8380-cb72ca54bf44,0,0,FF,2,0,1,5,-3
cc575cd9-b9ae-447b-8cd2-1add3fb0247c,0,0,CU,3,1,1,7,-1
28456f34-c2d9-43e5-8580-0e54202ebc86,0,1,FC,0,1,2,7,3
e4b40b3a-35cb-4d43-b2c4-697c4741deff,0,1,FF,0,1,1,2,1
6e244c5e-a6f0-4915-8f9a-afaa7032451a,0,0,FC,2,0,0,2,0
23d1bfd1-eb50-403a-bb85-d187a51bbbc1,1,0,SI,2,2,1,6,6
d0be8f63-0e10-4bbc-8be1-2259621e7150,0,0,KC,0,2,1,1,3
aa3d0cd0-f807-4c78-9880-c193b6d397b2,0,0,FF,0,2,1,4,0
4cbb17f4-231e-4b43-aec6-104252e00ae5,0,0,FC,1,1,0,4,2
8fb93b8f-ad7f-469c-b0f0-a7cc434156df,0,0,FC,1,0,2,2,2
8a19245b-f2e6-4f40-b80e-050396e31819,0,1,CH,3,2,0,3,0
460ee2ee-71aa-4190-ac9a-842227f7ca2e,0,1,FC,2,1,0,3,0
b69e3b8a-60b9-4ef8-a982-299629f374e0,0,0,FF,2,0,0,7,0
9754cbb2-74d9-492b-819c-80b2e58686f8,0,0,FF,2,1,0,9,4
a259186e-b05e-4c12-9796-3aa13a37c242,0,0,CH,0,2,2,3,-1
c6ce5c3a-83dd-4dd1-a23f-621e7908bb35,0,0,,0,0,1,2,3
8a347401-ef91-4578-9428-50a5cdda4b6a,0,1,FS,2,2,1,2,5
453051f4-fa79-4ba0-8aa6-f6fe2a1f6268,1,1,SI,2,2,1,7,3
a851d0d1-6018-40aa-a35e-0ecec52ffcc2,0,0,SI,1,0,2,5,-3
c62f8ed5-1893-458d-ad9e-5fcd3bf55d0b,0,0,,0,0,1,5,7
f34b3b85-ad7f-43b8-8f03-6574e841dae9,0,0,FF,1,2,1,2,-3
41ec178f-986d-4161-a542-35544af7125b,0,1,FF,1,1,1,7,-7
84e68f35-54bb-481c-9c6c-74ffb8cb494d,1,0,FF,1,2,1,6,1
a5c40242-9c75-45dd-8978-d99096693ed7,1,1,,0,1,1,2,0
69a5b4da-3176-4e25-9c87-b15d4ae26891,1,0,FF,0,1,1,5,0
d86aa766-ff03-4db3-a880-f1880cafed87,0,0,,2,1,0,8,3
d6a3b985-f58d-3ad0-896a-fbb2bc322667,0,0,FF,2,1,1,8,-2
d1b61eb3-d5e6-3ebf-af67-da3c8e4e38d6,0,0,CH,1,3,1,8,4
b6f438a2-152f-3e8f-9f87-490935cd634b,0,0,FF,2,0,0,8,5
779734d2-7b63-39a0-a6b1-bf5ea508db55,1,0,SI,0,3,1,4,0
c435a1fc-c38a-3a86-bbc9-109b88f6aca9,1,0,SL,3,2,0,3,3
f8773d2b-45fd-3788-9bb6-3878b52d6144,0,0,ST,3,0,1,3,4
27f42c8a-8de1-3273-89d9-248c321d23cc,0,0,FS,2,1,2,7,0
2570d4b2-8db1-4d9b-a07d-6433189c3a2d,0,1,ST,1,2,2,1,0
dd0d96d4-e09a-4479-a27a-137fa7ba2040,0,1,FF,2,1,1,5,0
8f39da1f-ddb7-4ab9-8978-70b36fb886ca,0,0,CH,0,3,0,5,-1
4675d808-ebbf-4acd-8b4e-abdae6cc8388,1,0,FC,1,0,2,6,2
6b748878-e2db-44c9-a252-0d989b14b473,0,1,SL,2,2,0,7,2
d89b0787-7265-4b0e-92ed-a6a05bd44ab4,0,1,FF,0,1,1,5,1
97bad096-74ef-41b8-b55b-6f0ed2555d5b,0,1,FF,1,0,0,8,3
aca7b69b-4b21-4b79-8260-7dbf62c9faf0,0,0,FC,2,0,1,5,-1
0a23d12b-db68-4405-bd8b-34e366e4a583,0,0,FF,1,2,2,11,1
0b4dc433-1101-4895-89a3-c498e0a3c7da,1,1,FF,2,2,2,13,1
fefc6990-ad36-40ed-bfba-8b8ecd841f63,0,0,FF,1,1,0,5,1
4bbc5843-c9c5-41b0-9cda-ad030772571d,0,1,SI,2,0,0,2,4
24456ab6-04de-4c27-900b-9078917dc505,0,0,FF,3,3,1,7,-1
ec49bea8-c667-44a4-ace3-94b288b8a3b7,1,1,,0,1,1,2,1
cfd173d2-6c2b-409d-8200-4b110f2bdb3c,1,0,SI,1,2,2,7,0
54dd0d4e-9e7e-46ab-b69b-3a97e5020749,1,0,SI,1,1,2,7,0
d443a6c2-1de5-4433-895e-5a92fcbf5491,0,0,SL,0,1,2,8,1
79c95ed5-5b51-4e08-aea9-350543f30533,1,1,FF,1,3,0,8,2
69cf625c-f8dd-4f5d-a9ef-dcd98f51a4f9,1,1,FF,2,0,1,3,0
79dac48c-08c9-4c4d-8395-d1d71567698b,0,1,CU,1,2,1,3,5
9b7b6941-69ac-4ff1-a4cc-51b7e8395c26,0,0,SL,0,2,2,2,-3
e51edd7b-85ec-45a1-888b-a25195a89528,0,1,FF,4,2,2,2,1
616b748e-cfde-4bc8-88f7-20732cb9c1d2,0,0,CH,2,0,2,4,-3
f6987846-4069-4014-9e35-d851bdedf2eb,1,1,FF,3,3,1,1,0
427306e9-4860-4691-b528-265d4dd0a6bb,1,1,FC,2,1,1,3,0
8e8927e7-dcaa-4c73-b3be-0a8bb3883618,0,1,SI,1,1,1,1,-3
7872f3da-dd6e-4ee9-8afd-6cd0f502c81f,1,0,SI,3,2,1,8,1
19445db5-7287-4077-95ae-e7eda1b11623,0,1,SI,1,1,1,4,0
b7271e19-1f15-461b-b686-e236e9ea3ff5,0,0,FF,2,1,0,1,-3
2a6aba62-9795-4a9c-898a-de2dc48d204b,0,0,ST,2,0,0,1,-3
237dc5be-075a-47b7-b36d-95ee8a2f60b4,0,0,KC,2,0,2,5,0
13a8d1d2-a1d9-4fb0-96e6-3b67fe9df710,0,0,CU,3,0,0,5,7
0d2f73b6-9041-42cc-90cc-bf84a660f03d,1,0,SI,3,2,0,6,1
541e3f9f-ce8c-425f-906e-32df6818539d,0,0,CU,1,0,0,1,1
0ac86e30-7710-4e97-b52d-dbf9acf5a423,0,0,FF,1,1,0,8,-1
09388ba3-8cc0-4294-ac8b-387e2e3f8ab0,0,0,,1,2,0,5,-5
9bb8af85-3ed6-37b9-b296-a79248ab1453,0,1,FF,2,1,1,6,-3
3f256223-fb62-33fe-9f58-89acbebf8323,0,1,FF,1,1,2,1,0
7a6f7166-a9fa-39b8-9a05-80e2b90ccdac,0,1,CU,2,1,2,1,0
f3b42096-1eae-347e-9fea-27f2f65d7497,0,0,FF,2,2,2,6,0
9157583e-3276-33f9-838b-1ab4c2fc6953,0,0,FS,3,2,1,3,-1
245544f0-fb0f-3839-a5cb-9dab1458a945,0,1,SL,0,1,1,1,0
e6e90261-95c8-3eae-9dcc-89548ff625d1,0,0,CU,2,0,0,8,0
1cc5f934-ae03-3021-834f-a73718b63de4,0,1,CH,2,2,1,1,-2
d964a952-7c00-3b26-9227-3de6b5cb027d,1,1,FC,2,2,1,9,4
b7ec633b-b29a-34ce-a795-692a29ede4bc,0,0,SI,1,1,0,5,1
0cc9e76b-1a22-3ab1-bfbc-6082a5a53075,0,0,FF,0,1,2,3,0
fe5e0b33-e628-3432-b915-23410a64e712,0,1,FF,1,1,1,1,0
82d24cdc-3d23-33e1-9ac7-c3e28e9c35e8,0,0,ST,2,2,0,8,2
5741fd78-39bd-3653-8aef-86b87e3f3f72,0,1,FC,2,0,2,3,0
b2959fad-3a02-3aa9-a669-098da3be7522,0,0,FF,1,1,2,8,-1
1359ef12-38e6-30fa-a117-34e5a1520455,0,1,SL,2,0,2,8,0
e4ac3b90-89fd-3027-92db-d6d9c54f748f,0,0,FF,0,1,2,9,0
37b790f9-6a2c-32ea-834f-a9adc648131b,0,1,SL,1,3,1,1,0
9d50030f-cea3-37f9-826a-3cf498ffaf0b,0,1,SL,3,2,1,3,0
7d710b6c-d24b-347d-9a61-30ef20f1f89c,0,0,SL,0,1,2,8,3
1d1a9899-7c13-39b3-904e-960c4ee74a0f,0,0,,2,0,0,4,0
1cd2a920-c67c-33dd-987d-1eee825f7dcf,0,1,SL,3,2,1,8,-4
56945f22-d200-35a8-8d69-1a2820115fd6,0,0,FS,2,1,1,7,5
03d484ef-e4c9-3bbf-b4cf-d5bfa695497a,0,0,ST,2,0,0,7,2
f048bbae-0e87-31cc-b246-284e419d8e05,0,1,FF,1,2,2,3,0
06a4c6cc-bcb9-33ed-9dc8-33467f2d9e70,1,1,FC,1,0,0,1,0
a1f81d79-1313-3ba1-a0b8-5bd82c934d5c,0,1,FF,1,0,2,6,3
997791c8-45da-33e9-aa50-020ae4426e24,0,0,,3,1,0,4,-1
59c7514f-7f86-3917-9d73-14c8a6a41ec0,0,1,FF,2,1,2,3,-1
2cd9b9a2-fa4e-3661-89cc-9039aca470eb,0,1,SL,0,2,0,6,-3
98cf1e18-496a-3548-83a4-954b6348f428,0,1,,1,2,2,7,1
d02f99e9-e831-487d-ab37-c69ae3c1bff9,0,1,,2,0,2,1,0
d7a354cb-643b-3a54-8993-c171678c9da0,0,1,FF,2,0,2,1,0
bb066d13-962f-3b98-9423-a3351f9605e9,0,0,,0,0,1,3,0
7394e7f7-ec99-30be-a7ec-d3541adb7ad6,0,1,FF,1,0,2,9,-5
5cfca89c-83ad-3c7f-8263-7bfd248811bd,0,1,,1,2,2,2,3
57ff2afa-ec32-3be0-ad04-0107abd6e9bf,0,0,FF,2,0,1,1,0
ce474e31-62ef-3eb2-b944-5342ee57438d,0,1,FF,1,0,2,3,0
e2814946-afbf-3407-8b7a-053c926a46a2,0,1,CH,3,2,0,1,0
d494d7a9-0ec6-3b5b-b3da-c520c0c1b62b,0,1,FF,3,2,2,5,0
008ec4af-992d-3de6-a946-87c911bc68bc,0,0,FF,2,1,0,3,0
6ddd2706-ac7b-3b2f-9f16-5f3c8145a237,0,1,UN,2,0,2,1,0
46f49cc6-2009-3950-98f0-6fa396eba5f8,0,1,ST,3,2,0,3,2
f978676d-cc49-39be-9a1d-c4f16695dcf9,0,0,FC,0,1,1,3,3
212415e5-fec0-38e8-8b6c-472d255922e5,0,1,,2,0,1,3,0
4455fa4f-25e0-3e5b-ae1e-4c320278cf15,1,1,FF,1,1,0,1,0
1fd6ad7c-d177-35e1-adf3-07c8d9a14864,0,1,FS,1,2,2,3,1
a143b337-321b-3c46-b7db-6b842315b52c,0,1,SL,1,2,2,7,2
8bc1df02-95de-43e4-b122-1dd759c05c23,0,1,SL,2,1,1,5,-4
cab0e9f2-1280-436b-a73e-a12b0cc07ed1,0,0,CH,0,1,0,3,0
c8207a14-4d0a-422d-8592-009d5c98bdbc,0,0,CH,3,0,2,5,0
9544b7d0-9895-44a3-928b-0b8ec9407b92,0,1,FF,2,1,2,3,0
bbed589f-478a-376d-a227-b4c4b68d4fa1,0,1,FF,0,1,0,8,3
86471111-d87f-36e4-ab47-9dead283878e,0,1,FF,0,1,2,4,0
6dac6623-db21-3eeb-a971-4b4dcafd90b1,0,1,SI,3,0,2,5,6
434fc3df-e352-3023-b34e-ae5d19aa45e4,0,1,FF,0,2,2,2,0
90d0813b-1c08-31ea-b024-b861d4f389c7,0,1,FF,0,1,1,8,3
6a27fc20-f7cd-35f7-83be-833ec093959a,0,0,CH,2,1,0,3,-4
0a626ba9-4abf-3281-984d-00f15efebe2c,0,0,FF,2,2,2,2,2
b20391db-f7ae-3318-ba6e-3d5c77ab22c6,0,1,FC,2,2,0,3,0
62e34d0d-3d5c-343c-b43a-2dc2bf96479b,0,0,SL,3,0,0,3,1
b380b578-cec1-3f2c-9ee3-31cb4a42951d,0,1,ST,1,0,1,3,0
4cfa977a-ddd6-3cc5-bbba-147a3ecc3199,0,1,FF,1,0,2,7,1
73cb324b-d225-3a4c-870e-61e069a04527,0,0,FS,1,0,0,8,2
9e8b96fd-9c94-3360-ac6f-f317414ccb7e,0,0,CH,0,2,1,3,0
22c44255-d5e1-37f2-9ae2-141683606652,1,0,CH,1,1,1,7,1
762f4ea4-f6a0-3164-9c17-41c7bd57f4a9,0,0,SI,2,1,1,5,-3
99363743-b2aa-31e0-9d60-b5f6dc17c207,1,0,CH,2,1,2,2,-1
e2dff15d-2f75-39e0-b0c1-5952556bbd1f,0,1,FF,0,2,2,7,-3
07d70af4-a9d9-3ebc-a036-32519cb51c67,0,0,KC,0,1,2,9,-1
a0010808-ef9e-3893-9461-5743e5a947d6,0,0,SI,0,1,1,3,-1
910dc271-c966-30de-82a4-7324c7b4a15c,0,0,,0,0,1,6,5
ff8062a1-5600-3907-a9cf-5b9535fbe27c,0,0,SI,0,1,0,3,0
19b75acf-6cff-3e7a-b189-e9dbf8298e91,0,0,FF,0,1,2,3,0
95c377c1-c286-35a8-ae71-0b6284a71c3c,0,1,FF,1,1,2,6,7
70ef96b3-d613-317e-bbd7-17b1e586758d,0,0,,0,1,1,8,-1
80c9d407-1aaf-3f17-8c13-477626db5d52,0,0,FF,1,0,2,2,1
5b10f517-8b91-367b-8a33-d2b252e3b922,0,0,SI,0,1,0,3,-4
3799f59d-cbc3-3db3-aa63-5309d6a1a7ef,0,0,SI,1,0,0,4,2
a3a23520-3992-337c-a5e6-2b40cc1cf8d3,1,0,CU,3,1,1,7,2
26b7250e-5658-34ef-be9f-8c2b356d00f4,0,1,SL,0,1,1,3,-2
98385de8-7da8-3b32-8daa-23ed598b66f6,0,0,CH,1,2,0,3,0
dc3d45a3-96fc-306e-99a0-6694a8703122,0,0,CU,1,0,1,5,-2
e77c01a6-f36c-34df-9556-faccc88e51b8,0,1,ST,1,0,2,2,2
9bedd3c5-88c7-33aa-b574-a92884142f1d,0,0,SI,1,2,1,3,1
a3f6794f-69a6-39ec-add0-f7165ba34ba0,0,0,ST,0,1,2,4,-2
6c699659-7d5c-3743-b0ea-c4df58792712,0,1,SI,3,1,1,3,0
8750fd39-3385-3e52-81ff-a1e2b9ca9ed0,0,0,,1,2,0,8,2
4e27bbd7-6932-3a0b-a557-35bb47b203e1,0,0,CH,1,0,1,5,0
1e1d4b79-7182-3574-be8e-8d1e2d9884a9,0,0,FF,1,0,2,9,2
0839f5c3-694b-3e37-a0bd-2d563aa2f9b9,0,0,FF,1,0,2,4,0
c1a241bc-3a7e-3533-9814-766bb46e4673,0,0,SI,1,0,0,9,2
59344f51-c9e7-32ad-a26b-d3f750ab24c9,0,1,CH,0,1,1,7,3
05202794-35bd-39e6-9258-ba7861017583,1,0,SI,3,3,0,7,2
3bb5d61f-6b39-3485-ac61-b6f0e6a72bce,0,1,KC,3,2,1,8,-5
da3c73c4-f16b-3c3e-a077-4016475b1725,1,0,CH,2,1,0,8,1
28bac587-c8a6-3b6a-8e74-505a11a38312,1,0,ST,1,0,2,6,2
c4d45a66-fb69-4e82-a0b4-1f62242436b9,1,1,FF,1,0,2,7,4
886f1965-8fa2-49ed-8d0a-38300f47ad94,0,0,CH,2,1,0,7,-1
f86f2f72-0640-4e78-ab14-532785d2f841,0,1,CH,1,0,1,7,3
68f6fe0a-4773-496c-9470-e5ac5e2481aa,1,0,FF,1,2,2,6,1
aa7cb2c7-8b15-4c54-b13d-130ea8ad180a,0,0,KC,0,1,1,3,0
fcc39d7b-da89-41f8-b09a-d455a3fe5c08,1,0,SI,1,1,1,7,2
d1d80369-f8e6-4bcd-8d10-dfd01ef1981f,0,1,CH,1,1,1,8,5
07d69fd1-2e7a-4d9a-aa14-a8a16d312e64,0,0,FC,2,1,1,5,2
9611b0de-5a5a-4d75-bc3f-429197be3e30,0,1,ST,2,1,2,7,0
7f8a869b-83be-4180-bbd6-5329de0b3e9c,1,1,FF,3,0,1,5,1
3fc72f8b-3532-38ad-8802-acb0d30e54f9,1,1,FF,3,2,1,9,-3
9d64ca25-ebb7-360c-8ef2-f55cb9940256,0,0,CH,3,3,1,7,3
104b3f39-69c2-3232-aec5-e40eaa8fe41e,0,0,CH,0,1,1,6,-1
51330d1f-5253-3e46-adf7-4776a248bcee,1,1,CH,2,0,0,8,5
c5677f94-4c0f-3eb6-9708-49c260dd941a,0,0,SL,1,1,0,9,3
9fb220c7-e7c0-3d39-8d7b-71a44b76843e,1,0,FC,1,3,1,6,-1
b67b06e1-48a9-3c82-b12c-7f2c26d06c29,0,1,FF,3,2,2,3,0
e014c6c9-4ddf-3bb2-a18e-a0d153c76c45,0,1,SL,2,2,0,7,4
3d480545-7ec9-3067-bb28-da9769230c2e,0,0,SL,0,1,2,3,4
ecd94a40-c1cf-3a78-b523-32e41400fe41,1,0,,1,1,2,7,5
4f9e3a54-97ee-36fd-b12c-6b851914fda0,1,0,SI,4,2,2,7,5
dfc46465-ceab-311e-a8da-bb0c6d111254,0,0,FF,1,2,1,5,-1
53f6c79f-7ba7-3bf5-ae21-26f207f89332,1,0,SL,1,1,2,3,-1
50b1d034-af91-320b-a3c3-ac6d32369602,0,0,FC,3,2,2,4,3
123e0669-1d43-3413-9872-0fecce5eaf1d,0,1,FC,1,1,0,6,5
461bc053-16eb-38bb-8e80-400a8fd5ad46,0,1,CH,3,3,0,6,4
32840aba-73af-3478-ba4b-000a4463a78f,1,1,CH,3,1,2,3,-5
9784c6b5-2682-4c3e-870a-b63a5c811cd5,0,0,FF,1,2,1,2,2
df9f094c-da24-4939-9a26-e249e746d413,0,0,,1,2,1,3,1
6c05b3ee-e980-4ef4-9840-adc517a35e3e,0,1,SL,1,2,0,3,0
ab48db69-28f3-482b-9323-dd8d9c1f62e7,0,0,FC,3,0,0,3,-2
25295a9c-d35c-46fa-aa5f-5ad6f3a5dff9,0,0,FF,1,1,1,9,4
ae4176ea-0826-496f-a861-a459cc2e262d,0,0,FC,1,2,0,4,4
04267a83-0c58-4475-ae8b-7d3cb391c0da,0,0,CH,1,1,0,5,1
3fd78ae9-83e5-40e4-ac8e-951af1db6caa,1,0,SI,1,3,0,3,0
f973c5b1-0289-4144-bf79-70d46655ecde,0,0,FF,2,1,0,3,-1
09c03346-f787-4613-866c-49300310d5b3,0,0,KC,1,0,1,8,2
b621bd37-2ac1-4fbb-b90d-3dfb357ff030,1,0,FF,1,1,2,7,2
f830fd82-773b-437f-bdc6-3072a6466970,0,0,FF,0,1,1,8,4
321dca1b-07fb-3ed4-bd1e-1be47af7fa08,0,1,FF,2,2,2,9,0
6a791a08-00e6-39b8-ae37-ac856868ab9c,0,1,SL,0,1,0,3,0
64b1050c-948d-399d-bb30-e7e9c455cbb7,0,0,FF,0,1,2,8,0
62661822-48ab-39c4-8d4e-3e13d3c73f28,1,0,ST,2,2,2,4,0
8e8bd308-07c9-3d94-b65b-7f38f133fe15,0,0,FF,1,2,1,1,0
e0f5b83d-b4c3-3f9d-a136-7f865f74343e,0,1,SL,1,1,2,1,1
4f8e3c0d-41be-35ff-b734-777cf59833de,1,1,FF,1,2,2,7,-2
d03782c0-df86-3286-aa5f-920fa4741565,0,1,SI,0,1,0,4,-2
e35c58ac-4283-3cd6-b560-ce7a1c944675,0,1,SL,1,1,2,5,0
0f124310-c821-3073-8fd0-2c2f3617e0f6,0,0,FC,1,1,2,5,2
7163fb73-811a-38cd-bc0f-123fd59228ea,0,1,SL,0,1,2,7,2
78517efb-c4c7-3adf-a1f2-1fefb0b454e3,0,0,FF,0,1,2,1,0
0b24f382-3740-3574-a2bc-8ba67bc0651c,0,0,FF,2,1,2,5,4
75f6cf48-bfc3-32e2-9cad-2438d0ed29c3,0,0,FF,0,1,2,1,0
e9263f8d-bebc-32a1-b463-2ae4db9a6d9e,0,0,FS,3,3,1,4,-3
4f7ddc06-26cf-3df6-8044-08bd9df1bd19,0,1,ST,1,2,2,1,-1
9c10665d-35d2-3d6a-be7f-ad5ac6f5beea,0,0,FC,3,1,0,4,-1
92e10ded-25f1-3271-80f1-7ab3363c27b8,0,1,FF,1,1,0,2,0
53998b1e-1864-3ce1-8fad-9027948a27ba,0,1,SL,1,2,2,5,1
8cf3b4f7-2df7-3a21-a27c-c2609c5a6bfa,0,1,SL,0,2,0,2,0
fbfef99e-f983-34f6-8ea1-2b46b62be8ea,0,1,FF,0,1,2,1,1
04af51c5-6f07-3443-994b-3da00d9fadb2,0,1,SI,2,0,0,2,-1
ac127eb7-b68e-39bf-824e-df5e5153f463,0,1,FF,1,0,2,2,0
1da6b5a1-5aed-3797-af68-8ff7d36e2c1f,0,1,SI,0,1,1,7,-1
6782dde7-53f5-3b98-8a20-1e8e1025c337,1,1,KC,3,2,2,6,4
1aeee730-69a7-369e-9234-be5e3ae7217f,1,1,,0,0,1,7,-2
a9080d5f-5db7-3294-bbb8-e427437b7a47,1,0,SL,0,2,1,8,3
0edbb238-15b7-32b7-9c1f-76aabc983ede,0,0,CH,2,0,1,6,-2
69ab97b0-ec4b-382e-99fa-cce547a903eb,0,1,SL,1,1,1,7,-2
61b3b36c-5fed-349f-addf-72a5861eb5e0,0,1,SI,1,1,0,7,-3
f5673478-95dc-456c-bf8b-a8a2f616193e,0,0,FS,2,3,0,3,0
8f82bc35-1dbb-4522-9a82-43483f5b058c,0,0,CU,1,1,0,9,0
8e5e9246-0779-4703-95a8-c85a3c2480a7,0,0,FF,3,2,2,2,0
07e99543-2011-490a-8217-3cdcbc956adc,0,0,SI,0,1,2,9,0
b1d35e5b-82ad-4717-9a19-4131bb8730b5,0,0,SL,1,0,1,6,0
386ce041-da87-38f1-bbf9-b8be76478db7,0,1,FF,1,0,0,2,-2
1d84d196-268b-3bae-ae03-625091ee96a5,0,0,CH,1,2,2,5,-1
678b40a1-48c7-3fb2-82cb-d2757c2322f4,0,1,SL,0,1,0,6,-3
d20007fc-f9a6-3cfa-be72-bb31dedb3d8a,0,1,SI,1,0,1,2,2
ca08e982-3fe8-378f-8710-830ad04dd7ca,0,1,SL,2,2,0,6,-1
5ab869ff-26f0-3496-b49e-dd2f7069bc7f,0,1,SI,1,2,2,3,0
9592ca93-5a7d-35b4-8a4f-702d0352a785,0,1,CU,1,2,2,6,5
f3bd2c26-9fef-3cc2-bf0a-6ab4607f750c,0,0,FF,1,0,0,8,5
33010e46-a9a4-4448-9aae-d875f3d15278,1,1,SL,1,1,2,8,1
4c9b1a1b-41f1-4a1a-a663-5259228ebd20,0,1,CU,2,1,0,3,1
692b7c03-f258-4e7a-ab64-68125f8b7e3c,0,1,,0,1,2,2,2
f475f18f-6513-47a3-a10d-47e851e4d62f,0,1,SL,2,2,0,3,-1
322b5fb0-80cb-3737-b637-850cb376f078,0,1,FF,1,0,2,4,3
62e977ae-11aa-3253-9a94-345236414406,0,1,ST,1,1,2,5,-2
df3ac8a2-7201-3035-8729-9a92f6af8b34,0,1,CU,2,1,2,5,-3
5fc16d2a-58ee-314c-8964-086b663be845,0,1,FF,2,1,2,2,0
80dad282-cfc2-3b9f-89ee-4f167738524b,0,0,FF,1,1,1,5,1
d1abc3a9-d7f7-37f2-b912-5d5693714c34,1,1,CH,2,1,2,8,5
41025351-1b5d-3dc8-9e74-b77b694f2eb3,0,1,CU,2,0,2,9,0
9320caf3-bf03-3282-9a43-8717e77b9bee,1,0,FF,3,0,1,2,0
9d756005-8779-37b6-8630-d5a8d8b41618,0,0,FF,3,0,2,5,4
df4dfa2f-bd32-3b0c-9469-dc87e746aa3d,1,0,SI,1,2,2,5,3
6d8100f5-7d20-355a-b6ee-f103cd20d5f5,0,0,FF,2,2,1,6,4
670033f7-6bf7-3e41-b2ee-4913aaaeb3d3,0,0,CH,0,1,1,4,3
a7f2d0f7-40ce-3810-9fa6-26033efa5f65,0,0,SI,1,2,0,6,3
cac1b754-205e-4714-96b3-f7e8bc92d013,0,1,SI,2,3,0,2,0
043c3683-bc5f-4b19-83d9-cdc5a908b67a,0,1,FF,1,2,0,2,0
7eef1d32-2477-409c-93b4-12690c73a55b,0,1,FF,3,2,2,5,0
d6e9d7ca-4d62-4869-9742-bd9d8c8f524e,0,1,ST,3,1,2,1,0
dd324b0a-6671-44a5-8ef2-ce08eee0f30e,1,0,ST,1,0,2,5,1
9d861dde-9718-402d-85c9-c2bdf7836652,0,1,,0,1,2,1,0
9924c7af-5749-4a13-a5b8-805d5dcfd5c4,1,1,FF,2,2,2,1,0
f5061663-5a79-3339-bb44-cee6f6f82c2b,0,0,FS,3,2,0,5,4
ea0f34f5-f015-3e7f-8113-fa26450bd5d8,0,1,ST,3,2,2,7,-2
788f5146-a57f-3d95-b59a-57026edd22fe,1,1,ST,0,1,2,1,0
207ec11b-518c-4314-bcca-9d574120bcf4,0,1,,0,0,0,5,3
e97e3284-d778-3221-aff9-03cb17c8ac8b,0,1,ST,3,2,2,9,1
ad85cd1c-8c66-339e-ad16-27d4f1e464d1,0,0,CU,1,0,2,2,3
b538816b-e5ec-3736-8721-a08890da7d93,0,1,SL,1,0,2,4,3
12cfda67-551b-3da2-88ce-6202a93a25ef,0,1,FC,1,0,2,8,4
1cfe58d6-46c2-3d7e-996b-9808c0329736,0,1,FF,1,2,1,6,3
fd485418-51c1-32a3-b49c-630b8b16bae3,0,1,FF,3,3,0,4,0
6422d541-fa59-339b-b4b0-94dd270212c5,0,0,ST,3,3,1,6,1
025c75ec-20ba-4cd4-86b2-d77998830153,0,1,,1,0,2,4,7
158e0b80-b617-3775-800f-a6776f0aeea0,1,0,CH,1,2,2,2,-2
9f064b60-3daa-35f6-aeda-bc79788eaa29,1,0,SL,2,1,2,6,2
3a12d8db-4ebc-4796-9f0f-abc71a08cc45,0,1,SL,0,2,2,8,3
a4742651-da34-434c-9352-975619b03417,0,0,ST,1,0,1,3,-2
528dd5aa-4501-4306-85ee-f9db7e4c1e68,0,0,FF,1,2,1,5,-4
2c84e2e9-027e-4b80-9070-b0e742819a79,0,0,CH,1,1,2,9,1
2927fb38-08dd-4681-a506-ba25ff3b1529,0,1,,1,1,2,4,1
c6915023-1637-41e6-bde0-51ec9cb1df5d,0,1,SI,0,1,0,2,1
1327e049-f238-4f84-87dc-f11a56610667,0,1,ST,0,1,1,11,3
61cadfe7-1031-3963-886a-f038765912ca,0,1,SI,3,3,1,2,1
bd8cec0b-fbcb-3114-aee2-6a2edb8cc832,0,0,FF,2,2,2,6,-3
000b3475-9d1e-3497-9595-8f9b6ea13e9a,1,0,SI,1,1,1,5,0
f401ff18-294d-36bf-9bd1-c5098ebab398,0,1,CU,3,1,1,5,-2
ff566377-aa09-3e03-840a-d15be29eb087,0,1,FF,2,2,0,3,0
2fec934b-da87-34ce-8692-41a82b1f5dda,1,0,ST,1,2,2,7,1
15d18300-0e08-3d71-a1f7-892fba016956,0,1,SL,1,2,1,7,-3
d1fe3e92-d518-3e89-b0aa-553c640d1d21,1,0,SI,2,2,1,2,3
8b78b4c9-c654-34bd-83bc-7873c8555ce0,0,1,ST,1,1,2,4,1
12673b01-1187-38fd-bfe0-141e007eef6c,0,0,FF,2,2,1,5,0
607d200b-b22d-3221-9f09-34a77e17d890,0,1,FF,3,3,1,7,0
42330856-2c0e-383a-8261-8f69d109b709,0,1,FC,1,0,1,5,3
8925a02c-7afd-3efa-88d5-3d43b9dfa024,0,0,SI,1,1,1,4,0
980b54ec-e99c-3eec-b2d0-b6f00feefc6b,0,0,CH,2,1,2,8,0
0e9a6f35-7b8d-38e7-aeb9-482da46d3e3a,0,0,CU,2,1,1,3,3
b6e7ec17-c8cb-3dee-b2f6-a976908cdf93,0,0,FC,0,1,0,4,-4
573b6f55-8c63-3ca6-ab3c-ca98522ab45f,1,0,SL,0,2,2,5,6
c8600515-eae4-4075-8aa9-685295a79211,0,0,FF,3,1,0,6,5
58786a16-4da5-46ba-a665-886a5df56e5d,1,0,FF,1,0,2,8,2
7eb25cd0-2252-4124-aa52-bd6efe3a7713,0,0,FF,1,0,2,5,0
e762e6a0-95aa-444e-87b8-d85ff1ac6a25,1,1,SI,3,0,0,3,-1
ec02d6a5-368d-429d-8034-0b381667f524,0,0,FS,2,0,2,7,0
4b7dc1d0-2f7a-494a-96ef-b1fee9b47016,0,0,SL,3,3,1,4,2
768e76d3-e720-4dc4-bcbb-2bfd23e50185,1,0,FF,1,1,1,3,0
8375c04d-6657-4fb0-a9b9-f67ab1e323e3,0,0,CH,2,2,2,6,0
c1a96f5d-127d-4833-b8b2-751df0007644,0,0,FF,1,2,0,9,2
b64b3c79-9e4a-4899-a759-f87bf255d20e,0,0,FC,1,0,1,3,1
62bb087b-68be-4417-bd6b-760903981ed6,0,1,SL,1,0,1,7,-2
04ea42d4-fadf-4d9e-8146-ad05e4f74799,0,1,SI,1,1,1,1,0
ce27e7c3-4718-429e-99f6-4d5e440320e0,1,1,FF,1,2,1,5,-5
81088de9-c00e-4406-afa1-3585842f8af2,1,1,FF,1,1,1,1,0
7f71890d-0491-381e-8fe9-2e58fe300c30,1,0,FC,1,0,1,5,2
b12a440c-0ca6-3cc9-a018-7f1fb7ca9926,0,0,FF,1,1,0,8,1
dc0c4327-cef4-3261-a3ee-170647016f36,0,1,SL,3,3,1,6,1
16afe8f0-13ea-3a3b-899a-c676259c3da7,0,1,SI,1,0,1,1,1
47bd5402-69b5-48c9-b01f-e74904eefd9b,1,1,,0,0,1,6,-2
f87f1f39-5b08-31e1-acc7-ce161711d25f,1,1,CU,1,1,2,3,2
74c279f9-a420-33b0-9e13-e692c0e2617c,1,1,FF,1,1,2,1,-1
f6c93b45-71be-3f1b-adf7-5db999957e6e,0,1,FF,3,1,1,2,0
4847ee37-f14f-3dbf-b151-6c257049bcd4,0,1,FF,1,2,1,5,2
e715c2ae-2a0b-3857-9a42-017bca86490e,1,0,SI,0,1,0,7,2
b3dd0a7d-7660-3b16-8587-e8f1c98886be,0,1,FF,2,2,1,9,0
02bffc08-c97f-39df-9b96-57e872f78deb,0,1,ST,2,0,2,4,0
b88694e3-9612-3c95-a672-99e1fdc84f98,1,0,ST,0,3,1,6,2
e0574e37-3074-33e8-a3a3-b8b8d5af0aed,0,0,FF,1,1,1,9,-1
055ea81f-5d95-4ebc-a772-5d445cdc16cc,0,0,SL,4,2,2,4,-1
a3f04af3-d578-40e8-a8c8-74bef6f847bf,0,0,FS,2,0,1,2,1
d4b0fd9d-4f0a-4dfb-b9b5-5c0a1bd6d405,1,1,CH,1,2,2,1,2
e49cb0e4-723a-3423-962d-6208d36b54a4,0,0,FF,2,1,2,5,5
6b6c6129-a40f-398b-90f4-73b537797459,0,0,CH,1,1,0,2,1
abcb8d89-cc58-30ea-822b-f8ab19080ec1,0,1,CH,2,2,1,7,5
a5e09bc8-f417-3c3a-a744-e9af5c08e4f6,0,1,FF,3,2,0,4,1
5880b428-1892-3744-9b8f-32868e39407a,0,1,SL,1,0,1,8,1
2ac06057-14f6-34d6-b417-2617d6203492,1,1,SL,2,1,1,3,1
baf77694-0fe9-374e-867c-b59c9c2ccfa1,1,1,FF,1,1,0,5,3
1dd05e91-e26d-3a5f-913a-0b3075daa045,1,1,SI,2,0,0,5,-1
e020b6bf-6bdb-3a2a-a187-47daa3b6704e,1,0,FF,2,2,2,7,-2
eb0ab63e-0f6c-3d70-8872-88135cb2f64e,0,0,CH,1,1,2,3,-3
28e05073-5853-311f-8c6a-4a9da4b0e1b1,1,1,ST,0,1,0,7,5
acf39ed5-86e1-38f7-bb7e-098bd85743a4,1,0,ST,4,2,1,7,5
6b009bb3-ee4e-4552-bc28-2cf2bea09be6,0,1,,0,0,0,2,-1
1138c92f-cdf6-3c6f-a19b-384e031ad329,0,0,FF,2,0,2,7,1
15f14ee8-6d96-37af-82d1-eeaee389d2d3,0,1,FF,1,3,1,8,3
fe309cbd-7761-32bf-8847-74e1b5f0df6e,1,0,FF,0,3,1,8,1
b18d1dab-1b91-376d-87d2-f74daf380010,0,0,SL,1,1,0,4,0
ee6eb2c7-e38f-3559-9806-5ef149cd1671,0,0,CH,2,1,1,4,1
5e1eebdb-416f-3a51-ba0e-6be8f8a89b73,0,0,SL,2,1,2,3,4
ab8636d7-ee9d-3a7e-8c1a-2ce2f337ace6,0,1,ST,0,3,0,5,1
0f5c7f66-6835-30b3-9a7c-4886f8370271,0,1,SI,0,1,2,4,1
ec44e4e7-fa78-3deb-86f8-06f03413c3b7,0,1,FF,3,0,2,4,1
93e1e6f8-0d90-30c8-aac0-13d764b125f2,0,0,FC,0,1,1,8,3
9fb78b25-76c1-3022-8e33-e40e7e544f9b,0,1,SL,0,1,0,8,5
6a856d29-e0e2-31ff-a295-26e0ec69de5c,0,0,FF,3,3,1,3,1
85c078f9-8e6b-36db-8feb-620a203436ad,0,0,SL,0,2,2,8,-1
3dd763c6-5c03-3fbd-9ba1-01af6f423d80,0,0,FF,1,2,2,8,1
419faf04-795e-324d-b81d-7d88489ff58e,0,0,SI,0,1,0,4,1
6cbe8155-1997-3c5a-91d4-81d5db1c27d8,0,0,,2,2,1,2,0
02b20627-e31e-365e-b3af-048c283b8939,1,0,ST,1,2,2,9,-3
e6c68065-57bb-39ca-a595-33d3600a367f,0,0,CH,3,2,2,4,1
64c2f43e-8333-38c4-9869-089828b4440f,0,0,SL,3,3,1,7,3
acb6a2f2-463c-31a3-8d18-e8c72d327728,0,0,FF,3,3,1,2,1
81d4d370-f9ab-3c1e-8546-0bf2cfd2a08c,1,1,FF,1,0,1,4,2
58681a5e-0342-3186-87b9-cf9af6abfad5,1,0,FF,2,2,2,7,0
5636ba2b-ebbd-3aa8-8301-6e25e5269666,0,0,KC,1,1,1,5,2
02365b0f-62e2-33a8-98ca-78be97a9e4e7,0,1,SI,2,0,0,7,-1
98d499e2-d9ea-3ad4-9976-40b85195dc3c,0,1,FF,0,1,2,9,0
a78a98dd-8794-3582-a3fd-a3b3213c478c,0,0,FF,3,2,1,7,2
36c3b5e2-1d28-34a4-b423-22b837f38c00,0,0,CU,1,1,0,8,2
7e8ce2ad-b801-3653-8208-964da8a6a9a7,0,1,FC,2,2,1,9,0
2e889003-1a5b-3c53-bd4b-932031d1d511,0,1,,1,2,1,9,0
1c0388ea-265a-323c-ac7f-a0813e906843,1,1,FF,0,1,2,5,1
74a02e88-387c-4993-9a41-e5fc797133c0,0,1,ST,1,0,2,8,0
3b2d4417-9b96-4103-b15d-43beb9110f0e,0,1,CH,2,0,1,5,0
bf29bd33-afb0-43c6-9229-ff6bc1e9688c,0,1,FF,1,2,1,9,-1
3254c623-9b89-45cc-8a56-1e0bd57fdad0,1,1,CU,1,0,2,5,5
ced10a81-97c5-4060-8e74-6499087d9ecb,0,1,FF,0,1,2,9,-1
eebf6d6f-730c-4f82-8889-0ebe6ca40311,0,1,FS,1,0,2,6,0
cee76de0-b961-4819-84a1-a1b51cc3a5c9,0,1,ST,1,3,1,8,2
0a69b733-d6b3-4991-b084-9ed0f134f755,0,0,FC,1,0,2,8,2
b9be724d-134a-4cff-bbe6-d362a8033386,0,1,FF,1,1,0,8,-1
6a092076-e4a8-453d-b941-ab0099afcbed,0,1,SI,2,1,0,8,-1
f9e179aa-13ec-4e8f-b073-270993c8888b,0,1,SI,2,2,0,3,0
87c7a405-ecd4-472f-8289-2338d0aca25e,0,1,ST,2,3,0,3,0
dfb7e79b-b78c-44c9-9b7e-8c58570acfe5,0,1,SI,0,1,0,3,0
0fc489d0-4da8-43a2-8f68-2236480c174b,0,1,,0,2,2,4,1
d7c1add3-7a30-41a0-9b20-180a9858e8a5,0,1,SI,0,1,2,4,1
1e78a308-6ab1-4c63-990c-4885c424edd5,0,1,SL,1,0,1,7,3
582f0eb8-667e-48ff-a97b-6869629efe1c,1,1,FF,0,2,1,7,3
fa7b36db-50a3-4234-b281-c27fa66d998f,1,1,CH,3,0,0,3,0
d2e40361-cb13-4dd4-ba6e-d669beff5d25,1,1,FF,1,2,2,6,5
6701d52a-d9ad-4dd0-b4ae-9d93c366601d,0,1,FC,1,0,0,7,4
3cad7cbe-c77a-4a03-837d-efdcb536af67,0,1,FF,2,0,0,3,-1
586a0321-5f9c-47e6-95e5-9738f2aac64a,0,1,FF,1,0,2,2,2
c075c441-e922-4c4d-972d-e74efc1cffa7,0,1,ST,2,2,0,4,1
5a0ebbee-b910-47ea-bd0f-c6c69964817b,0,1,FF,1,1,0,4,1
9470026c-8093-4cef-8b23-61a385c57039,0,1,FC,1,2,1,5,-1
2f6bae52-d602-40ae-ad78-d9db101a71b3,0,0,SI,2,3,0,9,1
9b111a02-6c32-4c00-adf7-ee7bb370aeaf,1,1,,0,0,1,8,1
578aa9c0-c536-34f8-bacd-af8017a4c2f3,0,1,FF,2,0,1,2,-1
b2fcae1e-32f3-3ab9-a7e6-5f4633ceda74,0,1,,0,0,1,4,-1
2b0d917c-c415-3094-bfdb-6cb98ade0577,1,1,SL,1,2,1,7,7
8c19258c-8f5d-350f-a8e7-0111fcb8905b,0,1,FS,2,2,1,4,2
725c4a76-f4f3-3e62-a3f8-8d9c3d52bcd9,1,1,SI,3,0,1,2,-1
b10e6be3-3c9a-3e6a-8aaa-720a4fad89f5,1,1,FC,0,1,0,4,0
03d99b99-baff-3fa5-b079-e8bb291b73df,0,1,ST,1,2,2,8,-2
b0ad0313-2167-317d-8307-293dd0606580,0,1,FF,0,1,1,10,0
968db0fd-32ce-34d3-8cb4-b9e6828f3ee6,1,1,SL,1,2,2,5,2
2f94ac46-aca2-3ef3-aba8-c5eaf774c6e7,0,1,ST,1,0,0,8,1
344059e4-8f1f-395a-a52b-beca1fd47e38,0,1,FF,0,1,1,7,4
86533095-4af4-32d9-9f5e-695ea5bb24c5,0,1,FC,3,3,0,2,0
a74f38dd-12b4-3f29-b7b0-b40827a7c1af,0,1,FF,1,1,0,5,0
1dad245c-585a-3717-8fef-5023333c24f0,0,1,SI,2,2,2,2,-1
3ddc70a0-2d6a-3e54-8657-a83808efaa63,0,0,FF,1,0,0,1,0
3d59fcbb-f4f5-374c-bbbf-9b74e4cca2be,0,0,SL,1,1,1,2,3
7607c7ae-9aa2-3ca3-8477-b2d63d7488d4,0,0,SL,1,0,1,11,0
e84fc2b3-e099-34a2-a9b6-82eedbc6b078,0,1,ST,2,1,0,7,0
f98f3d79-478e-32f9-9129-a301ec7f42a8,0,1,FC,0,1,1,5,4
6881746c-0f7d-3d18-9704-8e86e55d9b46,0,1,SI,0,1,2,6,4
7de94bf6-6593-34d6-aaec-e031da7b3fe4,0,1,ST,2,0,0,4,-2
8001ba33-4c9c-387b-8614-295965a1a300,0,1,FF,1,2,0,4,0
598067c7-104b-335a-99eb-fe04948d8d95,0,0,SL,1,1,0,4,-3
7158ed00-62cc-3501-9754-91131a014fb5,0,0,ST,2,1,2,1,1
8f89355a-e844-3fdc-ad7e-e19c1be51929,0,0,CH,2,1,2,3,3
49811bef-eefa-38c9-a24c-00d5b4394bb4,0,0,ST,2,1,1,4,-2
38aa7061-0224-33e8-9344-fb98ca8487c9,0,0,,2,1,1,4,-2
5f3526a8-8417-32ae-b89d-99e82b2e2af7,0,1,FC,0,1,0,9,-1
8f586e90-44f7-3586-9edb-25da4e539742,0,0,FF,2,1,0,8,2
92b2f305-a428-30d1-8bdd-9a5285d8dd10,0,0,FF,1,0,1,3,6
9729e173-2499-3343-a5c3-8eb2b8a5b7ce,0,1,SL,1,0,1,8,1
1322d36f-12bb-34fd-9f44-0d2503386170,0,1,SL,1,0,2,5,1
e3b3cb96-4b5f-3fe1-ad33-29da3a061f02,0,1,SI,0,2,0,4,3
0b87a75f-f8f6-3656-9c47-1545acaa8b35,0,1,CU,1,0,1,5,4
3b0ec7eb-c54f-3687-a4ed-37e419fc1a0b,0,1,SI,0,2,1,3,4
331725dd-4f72-3159-9fab-3a8875c179ee,1,1,CH,1,2,1,3,1
46c2cebe-6903-34ab-8032-3bfed47e613e,0,1,FF,1,2,1,5,4
ec370b61-b855-3d5d-980c-a37c1231ff52,1,1,FF,2,1,0,5,2
9d6e31d4-c30d-32d0-a3ea-e5ae974a5d17,1,1,SI,1,0,2,5,-1
4a1bc757-0171-3759-ac2e-e0db45be7f1a,0,1,CU,1,1,2,8,5
9a2c538e-fd24-37ef-9fbe-1c62d51900ef,1,1,SI,0,2,0,7,-1
16b81c55-1efa-352d-85b6-f066bbcc395b,0,1,ST,1,1,1,7,-2
6b90d41a-d37b-3e56-9dbd-347313bf1f7f,0,1,SI,1,2,2,6,3
3e35a5c4-6bcf-3420-a7ef-eae2d2cfe576,0,1,SL,0,1,1,3,0
8695da72-cb69-385d-a623-d9c3655d42bb,0,1,FF,0,1,1,7,1
e733587a-4405-3d14-a6b4-2b40cb472508,0,1,FF,3,1,0,10,0
68942652-d010-314e-84be-30d55ae78cd3,0,0,CU,1,1,2,7,0
1f90971e-e24a-3c38-8ac5-2dd216a43750,0,1,ST,1,2,2,7,1
9bdce779-c7d2-37be-9a79-b7790cf3ed8b,0,0,,0,1,1,3,1
b3da7c68-48c8-3182-8ade-e946bb52e885,0,1,FF,1,0,2,5,0
8c03a447-21d0-3b1f-b869-248753bc78d5,0,0,,0,1,1,8,1
207bfe77-ce74-321d-950f-613723578e18,0,0,FS,1,0,0,2,3
c1a01022-c34f-3427-9613-561db6f388c4,1,1,,0,1,2,2,0
cd650090-0984-341e-b9f8-f2a85f40da52,0,0,SL,1,0,1,2,1
de92471c-a7d5-33ce-af8b-74ba633de690,0,0,FF,2,2,2,4,1
af914031-d26a-3b5b-b913-b403f2e6e781,0,0,SI,1,1,0,2,0
ec528c2f-2e8d-3f6c-b20e-661660c9b544,0,0,FF,3,3,1,4,4
b0476465-8301-375b-874f-4f517bc22f0d,1,0,FF,1,2,1,6,2
12c553bd-37f3-3d5d-95a9-9b9ad09cae1c,1,0,SI,1,0,2,5,1
b2d261e6-35c0-3a1c-af50-1ed837ae5949,0,0,FF,1,0,1,8,5
da82b567-2002-38e4-b2fa-bbc0bd38c004,1,1,SI,3,2,0,5,1
96c8e703-cd88-311d-b3ef-3cdae4d606b5,0,1,ST,2,2,0,6,4
65e24227-fa53-4eb9-ab98-70e4e7079e84,0,1,SI,2,0,1,8,2
547ffd28-babc-40d8-a27d-d49bc86c9786,0,1,SL,1,1,2,2,0
76ed4d4b-151f-4d09-a748-3ed5a33b25fc,0,1,SI,2,0,2,2,0
28697c1f-1e60-4978-8319-b21c8675840d,0,1,ST,1,1,2,2,0
8fa7272c-bd80-48f9-bfd7-a58ccd4593fa,0,1,FF,1,1,1,5,3
1b313bfc-1d32-4c2f-81bd-8a3890d8396b,0,0,FC,1,0,1,4,2
8ec6ec27-74eb-4495-b6a5-0ad90af00f21,0,0,ST,0,3,1,8,3
06c040b2-eb73-4927-9519-1d76c9a9e348,0,1,CU,3,3,0,2,0
dd0bb422-9a7f-4eba-b30c-e919371b8979,1,0,,0,0,0,4,-3
1803b585-a0ef-48f1-ba67-08c8498bbbc2,0,1,ST,3,2,0,7,2
427305c8-59a8-4df6-a2d8-db16cb3d3f25,0,1,FF,1,1,2,2,2
d24212fa-c757-30e1-b362-f43fb2fd0abe,0,0,FF,2,2,2,5,-2
491b5906-0750-3777-92ac-17766c953812,1,0,ST,0,1,1,6,2
ddb1c00a-14c9-342a-a6d3-17b2abe949ef,0,1,SI,2,1,2,6,2
fb2ca208-5625-3ccb-9e51-b082e9ab2daf,1,1,SL,2,1,2,3,0
6b4e8c44-ffd8-43f0-8e9a-252037a71ec2,1,1,CH,2,2,0,1,0
b07bcba1-2b65-4715-b0c9-f9a787a47910,0,1,SL,1,2,0,1,0
17636c07-25ac-4301-8337-e436e5db92f6,0,1,FF,3,0,0,1,0
56db495a-0ff4-4d58-9ab7-0d888063da3c,0,0,FF,0,1,2,7,6
7931e7fe-60f0-43c9-a647-b4b19554c5cb,1,0,FC,2,1,1,2,2
0eb4def2-0f82-406d-94b0-4b721babfe2c,0,1,SL,1,2,1,8,0
b56c7fa2-b7f7-4721-86fd-9e0d75d1b1f1,1,0,SL,1,2,1,8,-1
1a61ff25-d442-4799-8f97-70984ea7e07b,0,0,FF,1,0,0,5,-1
73e2573a-9a5b-4637-a83b-3b9e231ab359,1,0,FF,3,2,0,5,0
732a7c78-db12-467b-95fd-50f312dd18c3,1,1,FF,2,1,2,2,1
0cee311d-a36a-4e3a-a0b7-8ba21a5f6117,0,1,SI,0,1,1,4,-1
824c79ec-e597-4c3b-a01e-9f48db5301db,0,1,,0,0,1,7,1
689f4c99-0df5-41af-8b6c-1080b43a4650,1,1,FF,2,2,0,4,0
8a15068f-c68e-4ae1-bd94-f4f01aea37da,0,1,SI,2,1,2,3,1
84207fbc-34aa-4719-9da8-3b30d8b22b57,0,1,SI,1,0,1,1,0
b10cf3ac-1e40-4e3f-8a9f-e990bde831aa,1,1,ST,1,1,0,7,2
7204b798-6eb2-45ba-af62-d82ee1a6da1b,0,1,FC,3,2,0,6,-1
91fbf9ba-479c-4eb1-addb-3900e955586f,0,0,ST,1,0,1,1,0
97952010-c002-4666-9b3c-5a40d4d969bc,0,1,SL,0,1,2,5,2
7aaeaf84-e7ea-4564-abc8-466d80dc7bae,1,0,SI,1,3,0,9,2
9f062fd1-58fd-4123-8ee6-372aa323ceda,0,1,CH,1,0,1,1,0
57c24ed2-84a7-479a-b600-a30ba9ec0fb7,0,1,FF,1,2,1,8,0
adaa352c-5e05-47bc-9c3d-1726de2b7d27,0,1,SI,4,2,1,3,0
03a547a7-314b-4a16-af58-e768b07f4fdf,1,0,FF,1,3,0,1,0
1a94bfa6-715d-3556-ad74-3b0bc8bb933a,0,1,,1,1,0,10,0
7eca599a-e007-3d6e-950d-638cd49e86d1,0,0,FC,3,1,1,1,0
4ed49bd6-b2f9-3e03-b633-b37219540698,1,1,KC,1,0,2,3,3
698e00c6-6fe1-346f-b324-cdbf8b497763,0,0,SI,0,1,1,7,3
8b1d63f0-6f76-3788-952b-ca4bd31afe1f,0,0,FS,2,1,1,7,1
70e98488-7249-36ca-9a7a-ef36c6e5ba58,0,1,ST,1,2,2,5,0
25da4763-77df-3454-a5ab-b6898cbb1c53,0,1,FS,1,1,1,1,1
32a17ee6-5b64-3c3f-9d08-7609985f903b,1,1,FF,0,1,2,7,-4
4e8bac5d-7537-3b62-99c5-5a4dea67e63c,1,0,SI,2,2,2,1,0
1c9d9220-58df-319d-b204-33ea28dbeb18,1,0,ST,3,2,2,1,0
26d0d108-7aeb-3541-8ff6-0e88dd24a398,0,0,FF,2,2,2,3,0
4c496017-9657-3b7c-8b90-ba0b4768826b,0,1,FF,2,3,0,6,0
02d78e7b-6d7a-3fb7-b7f0-96dff4a40d94,1,1,SL,3,2,0,1,0
895daae3-cf2d-3d82-98c8-bba3a4e19812,1,1,FC,1,0,1,3,-2
e59b5098-92d9-3230-873e-c29cdcb9f5ad,1,0,FF,1,2,2,7,-1
f38c8034-5350-3d0c-9906-3aa9dcefc100,1,1,FF,3,2,0,1,0
6a370287-2474-3b5b-940d-53dcd0f09847,1,0,FF,2,3,1,9,1
fcc445be-2359-3951-96e7-07454e4fd0f3,0,0,FF,0,1,0,4,0
ccdafa6a-954d-325f-8a28-4270bcef2151,0,0,FS,1,3,0,2,0
3a88c806-aa1c-3ea0-b61a-247fce4415ed,1,0,FF,1,0,2,1,0
b3fd69b5-15c3-3af6-a542-5776261276f5,0,1,,1,1,1,1,0
7b7c5432-252f-3fff-b0b0-475b316f22e2,1,0,SI,0,1,2,7,1
b1478f3f-c03e-3f0f-b6fc-a3836d107337,0,0,SI,2,2,1,1,0
210a52cc-4032-36bf-9b86-e36ffbf2eeb6,1,0,SI,3,2,2,4,1
1b650325-9f1c-321b-b2f7-10c1a7b55ce5,0,1,SL,1,1,1,3,0
b0d56e00-50a2-386b-b76a-a19bec26955f,0,1,SL,0,1,1,1,0
8da5fe98-59ca-3889-b490-7e502fb974ff,1,1,CU,2,1,2,5,3
fc6d695b-5611-37f2-9f4b-9352e48ea938,0,1,SI,1,1,0,8,1
43090193-6156-3ba7-9c22-70c6aaf28c6b,1,1,CH,3,0,1,5,-1
9db18926-6bea-3d16-9131-e8a16c7d9912,1,1,SI,1,0,1,1,0
c1bc57f8-f53a-3b2e-8411-051fac736b23,0,0,FF,2,1,1,4,2
3c978ff8-f54c-3f67-a300-8f48a79817cb,0,0,FF,3,3,0,3,-1
6060ca63-3c70-3ad8-a400-c390730cf3bd,0,0,SI,1,1,2,2,0
adaedc04-8249-34ca-8e34-3b36b1a33a62,0,0,ST,1,2,1,7,2
d3c3b94a-d5ec-39d0-b10f-8f49d4a66e96,0,0,SL,2,2,2,8,5
5f7fea2b-be0b-3c46-9412-d86e0c662e3f,1,1,ST,1,0,1,2,-1
c64b5e14-e4ca-3ecb-9018-c72aa242fda8,1,1,SI,0,1,2,7,2
75afc70f-dd5a-47d5-b268-b6ebf04cbff1,0,0,SI,1,2,2,7,1
8b16405a-adc6-463f-9963-8636f86e10e7,0,0,FF,3,2,2,5,5
aaa6e1d9-2880-4213-b8c6-e0b196b9b6f0,0,1,FC,0,3,1,1,-1
3af17adb-2653-4469-aad8-f3c9b0548db3,0,1,SL,1,1,2,9,0
40744ed7-3688-4768-803e-a1b0dea0b50a,1,1,,0,0,2,1,1
95a6f9fe-b0fc-4ac1-88e1-7da9844f0402,0,1,CH,2,2,2,1,0
5d8b48b6-60c7-452c-a934-12a721600260,1,1,CU,2,2,2,1,0
a091ed8d-f195-4bd5-be02-1295b7659bc4,0,0,FC,2,3,1,4,-6
fff7df17-e161-49f0-ad8a-9d56991a93b8,1,1,FF,3,2,2,1,1
5d31240c-3c1d-343b-b653-0c457500fdec,0,1,FF,1,2,2,6,-1
dd2edf75-ce6e-36db-89e7-e12a66ff16dd,1,1,SL,0,2,2,3,3
0c936db0-f344-3939-934d-bd9b46e23cda,0,1,ST,2,2,2,8,0
cfa62420-39f9-3df5-92c2-c3842b461b95,0,1,SI,2,2,1,8,0
839154da-fa4a-3f99-84db-b576d27d859e,0,1,FF,3,2,1,1,0
981d0868-f24d-43d0-87d0-0fea8c0a0f63,0,1,FF,2,1,0,9,1
de004970-b740-41d6-bb29-3dea2516867f,0,1,CU,2,2,1,5,5
c87e503a-b5d7-44b5-8559-3295b260f9eb,0,1,FF,2,0,1,9,0
76ef215c-0f8a-4f8c-8f79-8da29f7aee15,1,1,CH,0,3,1,4,5
b047f788-981f-4f75-93cb-1b249dc1f55b,1,1,FF,0,2,1,8,3
42d83926-d718-44b9-9e00-e7a1695a4a2d,0,1,SI,3,3,1,3,0
22aeec34-b504-3211-9807-905c91f60649,0,1,FF,3,3,0,5,0
55f7df01-86da-3c0c-a905-379313895e7d,0,1,CU,1,2,2,3,3
ab782634-2985-362f-932e-5b0068c008ec,0,1,FF,2,3,0,1,0
3f7fb912-aa24-3c91-8d65-b60cbd1c7a60,0,1,FF,1,0,2,7,-4
fae55fbb-e1be-3a24-a91e-2388fd164709,0,0,FF,1,0,2,4,3
76937846-1d0d-340b-ab73-697e166852d6,0,1,FF,1,0,1,6,0
df2e8844-77e6-3552-827f-099396cf9ec0,0,0,,0,0,1,8,0
bcf8c816-dc9e-3c47-94d8-acf76335c99d,0,0,SL,1,0,1,2,0
fbe6de44-a2a7-32b6-8312-70ebdc6f0691,0,0,FF,2,2,2,6,1
b25d8ee4-a8fc-3c94-9349-dfeb667386a3,0,1,SI,0,2,0,8,2
7e5e33b9-a0a9-36d8-8675-cb0c95eeb6ac,0,1,SI,1,1,1,2,0
77e151f0-eacb-362c-8229-e823f4b52f60,0,1,,0,0,1,4,1
20820bdb-30f5-3a8c-95bd-bc5a75fb48b8,0,0,SI,0,1,1,2,0
b6a2965a-49d9-3385-9d19-e842ecef4bc5,0,1,CU,1,1,0,7,0
6ca7f844-c9e0-3c3a-a936-04fbce8d04d2,0,1,FF,1,1,2,2,0
6439fa83-5eba-3e20-906a-fd654a0a54b4,0,0,FC,1,2,0,2,-1
6763eefd-cb72-31d2-8b4c-eaea76dcb17c,0,0,FF,0,1,1,2,1
fd0bc59c-98f9-3c04-9f03-4859b566e85a,0,1,SI,1,1,1,4,-2
3a54796e-650c-3e25-8746-764bb433b649,0,0,CH,2,1,0,2,1
e829c558-b11a-3d35-8573-9ab5971e1a9a,0,1,SL,1,2,1,8,-1
62f2931e-4760-3045-95f7-236234966920,0,1,SL,0,2,1,4,0
55a928bf-a8a2-4eb6-b190-038d803cd57b,1,1,FF,2,1,1,7,1
04fd2772-ff9a-47c4-868b-bf426b046040,0,0,SI,0,1,2,1,2
4cafcf72-0dba-49af-9f85-36a7f37caa77,0,0,CH,1,2,2,1,2
de02d9dc-a65d-403b-bf90-f3fa6c5778e6,0,0,CH,1,0,2,6,0
e22c5def-c922-4626-ab4e-43e5d0642ed7,0,0,FC,1,2,1,8,1
fd1712ee-cbe6-4d76-99c2-48fe1009a16d,0,0,FF,3,2,1,9,3
1ec36ede-ad74-45a2-b249-31429e17862d,1,0,,1,2,1,9,0
6f8b7225-ba32-4802-b253-619e52a33700,0,0,FS,2,0,1,6,-3
5cd6d2a6-f57e-4d07-87ce-a77c9cefcd6d,0,0,KC,1,3,1,2,0
64e52d63-bffb-4621-803e-df81e439c7fc,0,0,CU,2,2,1,2,0
8468b3e1-897e-445b-8c11-4418248057f8,0,1,KC,2,2,2,1,0
46705690-6866-43f6-a477-99688065209c,0,0,SL,2,1,2,6,-4
5b51908a-f2d8-40aa-a3f4-f85f644ac8b1,0,1,FF,2,2,2,5,2
1055511d-d093-4c53-a053-943fae5d88b5,0,1,FF,1,0,2,6,-2
3042e3a7-d5b8-4cad-8fed-dc6b1257db41,0,1,SL,2,1,2,8,-1
b81f7c4d-989d-418e-95af-a4167f171af9,0,0,FF,1,0,0,8,5
1b48754f-c985-3d3a-af59-b925a67215f9,0,0,SL,1,0,2,8,3
42a464cd-c65b-3a9f-82b4-6494b94be9a2,0,0,FF,2,0,0,4,0
178f238c-7716-3a6e-8980-c9eb6d4288f5,0,1,SI,3,3,1,2,0
a0d50147-cbf1-38d7-9bf2-82cb48233387,1,1,FF,1,1,2,9,-1
974ef41c-2664-3bc8-92b4-9b1d859844f2,1,1,FF,1,2,2,8,5
ce9a92e6-c996-3c10-b97a-64c210b33981,0,0,FF,3,3,1,1,-1
5192dc30-7a42-3e8c-b7d4-8fe7f2e25e9f,0,0,SI,1,0,2,3,-2
667d4344-0c1e-3695-9771-3ca011887e36,0,0,ST,3,0,2,5,-2
fcd4ecb4-5963-36d3-b956-dd958c13429f,0,1,FF,2,1,1,9,6
4b81fdd6-8d67-3a2a-99e8-01da32be61b5,1,1,SI,1,1,1,4,1
2bcdec1e-bfb0-3821-8202-a55e6860661c,1,1,FF,2,2,1,6,-1
4da3f8ec-aa63-3c4b-9d06-1b43e579ce01,0,0,FF,3,3,0,4,0
4d709a25-c972-357d-94f8-e2739cc841e9,0,1,SI,1,1,1,4,0
19710dbd-476c-3a48-acc2-85180d42a731,0,0,SI,1,2,0,4,-1
00a410f6-6f10-3c49-be19-084771254008,0,1,FF,0,1,2,9,4
235747a0-cc79-3f8d-8469-1b3b58da3bb2,1,1,CH,3,1,2,4,0
8732814a-a8b0-30ba-9dec-b64e8f45a43c,1,0,SI,0,1,0,5,7
b1f8d6c5-2588-3cfd-be8c-b17a962e21be,1,1,,2,2,1,5,-1
e0c07e18-7257-3f84-927e-0d424c4100a8,0,0,FF,2,2,2,5,3
dd936bd3-5b2a-3081-8443-d74ac83076e2,0,0,,0,1,1,1,0
69776452-3ff4-39f9-94ae-21074d7b070a,0,0,CU,3,3,1,1,0
c13b3379-115a-3a1e-ac90-2440be72c080,0,0,SL,1,0,2,9,1
7a020ada-e544-319d-b5cd-3b443e4169b9,1,1,SL,2,1,2,5,-5
09ab55ef-d119-3c52-a559-2add69bdaddb,0,0,CH,2,2,1,1,0
b08bb6dc-7a2f-3cfe-8c83-6e06b2858e14,0,0,CH,1,1,2,7,-2
c2f99cf6-a127-3c47-a83e-b48c946e2b9f,0,1,SL,2,1,2,6,-1
8f7ca349-0404-3b01-ad4a-32a72bf7249d,0,1,FF,1,0,1,7,0
ff9ad8b6-27e0-3e8d-80b2-bf50bc4c30d8,0,0,FS,3,2,1,1,-1
95365e8e-0f22-3484-ad85-5298c47fad8b,0,1,,1,1,2,8,0
ee5834fa-8b84-3a77-b3ef-3d946a90d193,1,1,FF,1,1,1,8,6
dc87e126-7ac6-3bb9-81f7-3de0665346ad,1,0,FF,1,2,2,2,0
9c4a5365-d2dd-3337-89aa-fdc9b2a9e545,0,0,FS,3,3,0,1,0
9094ddc4-716d-3c2f-bfeb-8e3fc19194c6,0,1,FC,0,1,1,9,1
7f9a338e-ad41-3af9-b174-9069b3a0f67e,0,1,ST,1,2,1,8,1
8a357305-40e6-367d-9fff-3403496b9f57,0,1,FF,2,1,0,8,2
f2a3e1ae-faba-3080-bf3f-8f9e96908408,0,0,FC,1,0,1,8,3
9231fecd-3084-32b9-85ee-2317ef1ba5d0,0,1,FF,1,1,0,2,1
63d44bcb-0afa-361f-80ed-03bb4066ab34,0,0,,0,0,1,4,0
d93c5efd-64f6-3f2f-968e-fce8c8c1ef78,0,0,KC,1,2,2,1,3
7bbfd1fd-1d0c-43f5-af94-a06dc8b66ec0,0,0,CH,3,1,0,9,0
6505de56-3c9f-47f0-97eb-06ef23ee227f,1,0,SI,1,2,2,7,1
ce780799-4151-4bc1-a223-1a2fc3b9521d,0,0,SI,2,0,1,5,1
513ab0c7-a149-4009-9232-503f0460a396,0,1,SL,1,1,2,3,1
801648db-d1c1-4861-b3bb-a0ed785698a0,0,1,FF,0,2,2,3,-1
300614be-2bba-43a8-ae2f-84af5451d292,0,0,SI,1,2,1,5,5
8269c122-dbc1-4820-8bd6-11ccce1aff45,0,0,FF,1,1,0,3,2
38a5f804-1549-4ed3-96f5-8bfd925d250c,1,1,SI,3,1,1,6,3
686ada19-5934-4abc-bee1-5b4299324f0a,1,1,FF,3,3,1,4,-1
12986c70-b61c-4c2a-a3d7-b818f6730acc,0,1,FF,3,2,0,6,-2
46314485-697a-4ac0-b1ce-d442c3f489ac,0,0,FS,1,0,2,3,2
c37eec43-2abe-4978-8c6e-2d54c7258c15,0,0,KC,0,1,1,1,0
ef47a578-f91f-45d8-a0f3-70c49f97736c,1,1,CH,3,2,2,2,3
66e87056-ca69-45f6-b779-6a1db40919e7,1,1,FF,2,2,2,2,3
d991cd02-511d-4ed4-86e9-0e76516b3174,1,1,CU,1,0,0,1,1
ef0d74cb-9373-4000-977f-53dcb9514afb,0,1,SI,1,1,1,1,0
0f0a1d5b-a1ea-4398-9506-6a2c861b2301,0,1,SL,3,2,0,9,0
f498156d-5d12-40ee-b702-84ba74ecd6a8,0,0,ST,3,3,1,7,1
572b1534-ef4f-351b-8945-8055bbe33224,1,1,FF,0,1,1,3,2
a8e93e1d-32ac-3d66-a667-7c0625aa4043,0,1,SI,0,2,0,1,0
c2082426-8e60-3598-b10d-4a3c37b24177,0,0,CU,2,2,1,1,0
56837d06-e62c-3993-aa45-20bea1ca395b,1,1,FF,1,0,1,1,0
6f2f0974-e3a1-3a3a-b175-03c83e876474,0,0,FS,1,2,2,1,0
447d382f-f32f-3df1-bb37-16b22d079f3e,1,0,CU,1,0,1,6,4
d896e0d2-c9b6-3b7b-ad16-f71144c6689e,0,0,FF,1,1,0,2,6
64c2162c-ceb8-35ee-bf41-1a5504142a92,0,0,ST,3,1,2,2,7
79dd53bc-f327-3fbd-a054-b7534a394ed8,0,0,FF,3,3,0,3,1
68f3bdb1-76c7-33a7-8d4b-cf924189cbe7,0,0,CH,2,1,1,7,6
ff6fc448-8cf4-33a6-b93f-9758dd1bbbf0,1,0,SI,1,1,1,6,2
09961345-7ebc-3d1e-a834-fd03797b710a,0,0,,0,0,2,5,2
3df03d71-d1d9-3cbc-8ef8-ae9a84b3a899,0,0,KC,1,2,2,3,3
e7290b93-1914-3c6e-b2ba-6d3086db1a97,0,0,CH,1,1,2,8,0
93b87d45-8600-35d5-9aa4-9bc6a5269ff6,1,1,CH,1,1,2,5,2
59c388c2-ae19-3d18-911b-4fd5337f3e2c,1,1,FF,2,2,1,1,0
2581f661-9f9a-33e0-a6d3-3c4b1342595d,0,0,CU,2,0,0,1,0
aebb57f6-dca0-3b42-9e39-02f27f7979ff,0,0,,0,0,0,1,0
c44ae197-cb70-33a7-bfe6-68d849158815,0,0,FF,1,1,2,3,0
0f447818-e097-4e6e-a2a2-71fd1874e9ab,0,0,,1,2,2,3,1
332dd393-1427-4ad9-857e-3a88656e83bb,0,0,,0,0,1,2,5
b6595e0c-b2a2-3a9a-8e20-f03b496b1b25,0,0,FF,1,2,1,6,1
d934b4d0-8b74-3345-b069-849adfac6112,0,1,FF,2,0,2,6,3
944def64-c6a3-3b02-89da-c7897480c183,0,1,SI,0,1,0,1,1
a2841125-a6ea-3fb0-a475-0050321809b6,0,1,SL,0,2,2,10,1
da8e9490-3469-303f-abfc-32e60063a618,1,0,,0,2,0,1,0
44b295ed-982d-31f4-84f7-2d6f67ab54a6,0,1,SL,0,1,2,3,0
dc67a413-47c6-3134-b0c4-dfc413f0398a,0,1,SL,1,1,1,4,-1
2fef1033-8ea7-3372-a634-d1c5bcf2aa7a,0,1,SL,1,1,2,5,1
160ea4ca-1ef1-3a77-96b0-6a0e975b5c85,0,1,SL,1,0,1,8,1
f94ea381-43bb-392e-8f98-1d392d0b308b,0,1,SI,3,3,1,1,0
540effe8-6516-3379-ad1c-0f5f2cd2e087,0,1,SI,3,1,0,2,0
b6a893b3-39fd-373d-9ace-185ac5bce2e5,0,0,FS,1,0,0,9,4
6113a7a5-543d-3fe4-897d-d4bfa1fb4b96,0,0,FF,1,1,0,5,2
d68fb591-42b4-3bd7-80df-874fb0d6d8d2,0,0,FF,1,1,2,3,0
6cdb421f-b622-352e-9bf6-0c41c2edfd68,0,1,,1,1,0,3,-1
99a0540e-86dd-343f-a760-f10d5f9e4925,0,1,FC,0,1,2,5,1
897c5d87-4fb3-3cc0-ae07-abd53c3839c7,0,1,FC,0,1,1,7,1
a191efa7-ff74-3f93-b959-43a587584ce0,0,0,SI,2,0,2,2,-1
40fd5829-d2ed-31b8-bc32-bb5a2e72197f,0,1,FF,1,1,2,7,-2
642c8b44-de64-3370-b841-122cbd1220a7,0,1,ST,1,2,2,8,-1
cdc659ba-3d63-3286-9feb-26926460c5aa,0,1,FF,0,1,1,6,3
71f5646c-fcf4-32cb-9de0-7bd016f68d22,0,1,SI,0,1,1,6,1
81844f23-843f-3eda-ba95-e224393a9117,0,1,KC,1,1,1,9,1
e056f43f-995f-35bb-ab27-f63ccca58d4f,0,1,,1,1,0,5,2
f488126b-72ad-360b-aed0-1d1926ce29c7,0,1,SL,2,0,1,7,2
ecc1d922-928c-3b41-bce4-58fb721afd8b,0,0,FF,1,0,1,2,5
7f8d9b82-3107-3da1-8443-d4e3c5c2c83a,0,1,SI,1,1,2,3,0
1e6c2218-f55b-3e33-9971-af36efdffefd,0,0,,0,1,2,6,-5
c1c2c809-1be7-33c5-938e-750157cef817,1,1,SI,2,0,2,9,2
24ab50ef-7cee-3ef6-8624-5c418ae20f54,0,0,FC,1,0,1,6,2
c6d133c6-7504-3296-97e2-1ce3af1e471a,0,1,,2,1,0,1,3
07c884ee-085a-30e3-9907-5735edae5445,1,1,FC,2,3,0,7,4
17c2432f-d817-3ffb-82ec-6689f90a6050,0,0,CH,1,2,2,8,0
9a1e9847-d2ed-3522-9e4c-f258258649a8,0,1,FF,3,3,1,2,2
b0d899b3-4c5a-360f-b505-5fbb6d6e64b5,0,0,CU,0,2,1,2,-1
8dba40fa-2e5a-38f6-ad2a-b62fd423a4c5,0,0,FF,2,0,1,5,3
364128cc-d7e1-3006-965e-4fdb8af67ca3,0,1,SI,1,1,0,3,-1
30cf3f18-c89a-3c60-ae20-40fb2d4567de,0,1,SI,3,2,2,9,0
2e4fa0be-a49c-35a9-9c6b-6afc40c3d4ab,0,0,SI,1,1,2,7,6
c5b8da35-2019-36cf-bcea-8e9d8598b7a4,0,1,SI,3,1,0,7,-2
cdafcb20-52e2-3e89-8480-cecd8741c65e,0,1,FF,1,2,1,2,-1
cb7437fa-bb19-3e84-8538-6380aa63716a,0,1,FF,3,3,0,5,-1
08876f83-4f53-303a-b47a-607caa372d8a,1,0,FF,1,2,0,6,5
74709402-dee7-30a8-b984-c7d3ea006ece,0,1,SV,1,3,1,2,-1
9c74800b-b009-3e21-a627-f76843687ad3,0,1,SL,2,2,2,5,6
1f3b272c-2a6d-342e-bf80-3df227f03883,0,1,FF,2,1,2,5,1
e6b383f7-bc29-3f4f-9aa0-ec2901d8ff93,0,0,FF,2,2,2,5,6
92a45718-4f98-3684-89d4-fcd671f99fc9,0,0,FF,1,1,0,4,-1
06c16036-1357-4213-ab25-03a7c4d86df9,0,1,FF,3,3,1,7,4
0a2f56da-f10b-4cd0-a7e4-b49f112d910e,0,0,,1,1,2,5,-4
86b3c827-6837-436d-b1e1-67705a0e59d4,0,0,FF,2,0,1,5,0
7a530d0c-172d-4e66-9f6f-b30eb8f1f48e,0,1,FC,2,0,0,5,-4
984a0735-198d-4662-8040-1996e37a6f26,0,0,CH,0,1,1,5,-4
f5cab47d-0c8a-4f50-992c-be2e1e4f0c9c,0,0,FF,2,1,2,3,2
2ae3c6a7-f234-4e6a-a069-4f3e4f29100b,0,0,SI,3,2,0,7,-1
b8bbc3ef-3472-418f-8a95-a3b9dc670ac7,0,0,FC,0,1,1,4,-1
b81da01b-6035-42c7-a4ac-e6ff865e03f9,1,0,ST,0,2,2,6,1
7f0e5d83-b1cb-4e6e-9c81-4c87e59949fd,0,0,FF,0,2,1,3,-2
adf5f6ac-332e-4153-a345-3e2d074fc5a3,0,0,SL,1,0,0,2,3
ddbbf8a5-8732-4c7c-af3b-502ca98dc6e6,0,1,FF,1,0,2,4,2
a11ad8c9-5ab7-45fc-9d2c-c4eab8b5ce96,1,0,CH,1,1,2,5,2
7613e5f3-1c32-4944-a114-eee396e1ab42,1,0,SV,2,2,2,3,1
083af615-9e5e-4545-b415-4ed741831932,1,0,CH,2,2,1,1,0
57377e04-2fbd-4744-aff7-65ea6bb60ba6,1,0,SI,1,0,0,3,-3
5a918691-5714-43ac-93aa-5c8f372e20fc,0,0,CH,0,1,1,3,-1
37bd2e16-252f-4c35-8ca4-eb62e1736177,0,0,SI,1,0,1,6,5
d4f9c74d-52e2-4bb8-a463-1fe911784c44,0,0,SI,1,0,2,8,3
86832948-e50c-4047-b0d0-7ac90d78d956,1,0,FF,3,1,2,5,2
df5c5e7e-c712-4f68-a852-492dab8dfca0,1,1,FF,3,0,2,5,2
d19e66c6-4a44-438a-b5fe-f41fea1999c0,1,0,FF,3,0,0,9,1
551ae218-f43f-4b0f-9735-ab0c7bb42827,0,0,,0,1,2,5,1
9099e53f-7d64-4c69-b220-9792eff6e856,0,0,ST,0,1,0,5,2
0f1c7ed0-d041-4240-a266-937a97e667de,0,0,FC,1,0,2,9,-1
40c43372-cd34-4cfd-b145-ade06924d3d9,1,1,CH,4,2,2,3,0
0a4cea85-8f00-45f1-b40a-74e418601f66,0,0,FF,1,0,2,5,4
34ca7e19-eca5-4d9f-8f6b-2a3b8a9e7205,0,0,,0,1,0,2,5
0177b6b3-46fd-4a94-8292-f7dae9ea5270,1,1,FC,3,0,2,3,0
db460cb1-b50a-4585-84e9-ac5903fd0edd,0,0,FF,1,2,2,4,-2
c321a946-582b-410c-b1cb-e66ebd834ace,0,0,KN,2,2,1,5,-2
9d630997-19f1-4241-991b-faf30fd619ec,0,0,FC,1,2,2,7,-2
8f701e10-116e-4561-b957-717d04a633e2,0,0,CH,2,1,1,2,4
ba2bfca8-97ec-4fa5-9cb8-c7313c36d1d9,0,1,FF,1,1,1,7,6
dbdd50f8-fe7f-4803-b2a7-207638d29bd9,0,0,FF,1,0,0,5,3
39c9f6b0-c486-4a58-9d9b-f915fedfa4ea,0,1,FS,3,2,1,7,0
d619ab71-23db-4a68-bd45-216d07034eab,1,0,FC,0,1,2,8,1
f18518bb-f622-4b91-9c1e-f0235265c632,1,0,SL,1,3,0,7,1
9bda9b58-1bb0-43c9-acd5-06c012727564,1,1,CH,1,0,1,7,1
1739bf91-081a-4bdb-8f52-99274942d353,0,1,SI,1,2,1,8,0
3b1f5bce-f592-4379-b483-a792671aa355,0,0,FF,2,0,2,9,0
4b5ab673-5d7d-4fca-af0b-a50c5467813e,0,1,CU,0,1,1,4,5
a9742d59-e353-489d-a5bc-0af9ff3a48a3,1,0,SL,0,3,1,7,1
dfc2197d-f3f3-45c6-bc00-5ab04f13aa28,1,1,FF,2,1,1,3,-1
043f4eb9-c420-4f15-9643-b57b5a457ad5,1,1,CH,1,2,1,2,2
16fd98bd-5427-407b-a642-e82f380fe42c,0,1,ST,2,0,2,4,1
fb91c8f2-e12c-4b0e-8e1a-41fb2c49a8d7,0,1,FF,1,2,2,2,2
dce24ba2-7498-4233-8e0c-425fff169256,0,0,FF,0,2,0,3,-1
1baf02f6-e106-4815-8faa-b14af9ebacdb,0,0,FC,2,0,2,2,0
404b9563-0fd8-32b1-ade7-6de0c9f7b297,0,0,ST,2,2,1,6,1
69c28c70-f08e-3697-9999-441380116cbd,0,1,FS,1,1,1,9,1
8e3be5df-7eee-374d-abd8-4efc58aa9a5a,1,1,SI,1,0,1,6,3
a2d9c3f3-878f-381b-a3ed-99af21e8cce8,0,1,SI,1,1,1,5,2
49c3056a-fcc4-3040-a5d5-1066677fc1ee,1,1,FF,1,2,2,5,-1
17af7e6a-8d89-3486-8923-ad36fa7d5090,1,1,CH,3,3,1,3,-2
a06136e7-8578-37b8-ad47-7f14d429e7f7,0,0,SI,1,1,1,3,0
49a1debb-307d-38f8-a168-82faf7c4454a,0,0,CU,2,1,2,3,0
4c66ffc1-6eeb-3d21-85d6-ca0b11119b89,1,0,SI,2,0,1,7,-1
023853e1-125b-3cbc-bdf7-0ff25b5a29d9,1,0,SI,1,2,1,6,5
777f50ea-dbfd-3e5d-8cc9-c2b67364362b,1,0,SI,0,2,0,4,2
2d13f0a1-e619-3a90-9b84-4e0a7d6fa6c8,0,0,FC,1,0,1,9,0
0af6700f-dc2c-3750-a5f2-b5e1fe4d635c,0,1,FF,2,2,2,9,2
af36d6d8-be95-3239-aef0-7be2ef21201e,1,0,SL,2,1,2,8,3
7f066664-e8f5-3be3-88ad-a1901ff61b43,1,0,SL,2,0,1,4,3
908c8b84-c31c-30bb-a842-42b80d9c2e11,0,0,CU,0,1,2,4,4
b3a84692-c1df-30da-9051-a66b2dc14b22,0,0,SL,0,1,2,7,2
369c6823-baad-342a-a99d-6e2ffcf13b93,0,0,,1,0,1,3,-1
8d52526e-4761-385e-a49f-87d7fc8294a8,0,0,CU,1,1,2,4,3
d59afac9-0d76-32d6-840e-2b70469d0db3,0,1,SI,2,0,2,5,2
f3798d14-d845-3258-98eb-ed2ad239de05,0,0,SL,3,2,2,6,1
a699e870-6d9f-3a63-bc49-f817923d94cc,0,0,,2,0,1,9,2
30bd7e0c-52b7-351d-8c08-bac2e2d2d871,0,0,FF,1,1,2,9,1
163729ef-a141-389d-90c7-7877347aa7d8,0,0,FF,1,1,0,7,5
e68e37c5-1af9-382d-bd2d-4c28924171e0,0,0,CH,1,1,2,9,2
663248b8-d5d4-3bd8-bd84-7a848b601614,0,0,SL,3,0,2,6,1
5ebeacd8-ea1a-305e-a9c5-9502f243ecbc,0,0,FF,0,1,1,3,-1
740e97d1-2b16-375f-a50e-4f62ab0aff61,0,1,ST,2,0,1,2,0
557e24de-09e1-3811-bfbd-1f95783d7cf6,1,1,CH,1,0,1,8,-1
f810edd5-416e-3027-bcfe-0b0644d26895,0,1,SI,2,2,2,5,5
56d4e9ed-75cb-3a0b-8725-6755427afdb3,1,1,KC,1,1,0,5,7
ca7bf155-5cc1-3ae3-9ff0-d66aa837944a,0,0,FF,2,2,2,8,3
b773e59d-ae36-3440-bab5-5a97a9664729,0,0,CU,3,2,1,4,3
1c9fe2e1-a246-3c35-abba-a116156131ae,0,1,SI,1,3,1,1,0
89fb0277-af37-370e-91ba-bc7031b7d917,0,1,ST,3,3,1,9,5
6e2f824c-79e2-3bb3-88ba-c6df38336d93,1,0,ST,2,2,2,2,5
e30de54e-15be-3316-8711-b50ab2275e2f,0,0,,0,0,0,7,-2
7fe1be49-b1a3-36ae-b8c4-1320fa850e33,0,1,ST,3,2,0,7,2
3b098922-55ec-3717-a291-413e7bb68e71,0,1,,0,0,1,1,1
c6222967-d702-3510-a017-ca069daaee2f,1,1,CH,1,1,2,3,-1
e53393bf-148b-3c6c-a2ff-238b785fc657,0,1,SL,2,2,2,6,2
3e4466c7-da20-4c12-b4fd-2c9b49cc67ed,0,1,,0,1,2,1,0
b1f06ce1-5940-340d-af9d-7b117edcf3c3,0,0,FC,1,1,2,3,1
bbd723d9-30ee-3fc3-b450-7dcef1736f0d,0,0,FF,1,1,1,9,1
0c0a1172-67cb-3a13-b448-0a9152820f02,0,0,FF,2,1,1,1,0
51090e4b-2db8-3927-b56c-ca6faf1794f2,0,0,SI,1,0,1,1,0
4bdd5b9b-3c89-3219-86b6-0442d9e53524,0,1,ST,2,2,2,4,3
206c191c-f7f6-3544-9743-6a19442562f2,1,1,SI,1,1,1,6,0
a392e7fe-9fc9-3555-9f6d-aae3fee204b5,0,1,,0,0,1,7,0
4d4f668f-3896-3c45-b30f-d9921c556127,0,0,FF,3,3,1,5,7
4540511d-a60c-3e69-a4bb-7d0349e1e698,1,1,CH,1,2,2,4,1
022fee11-3e7f-3c48-9498-5dd7af63f85c,0,1,,0,1,2,4,-2
edca5610-570f-3b80-902f-415ac1805e03,1,1,CH,1,2,0,3,-1
16d8f97c-da9e-3719-803b-0a8c033cc70f,0,1,FF,0,1,2,6,1
91353e3c-6107-332c-b188-ba80c5b25009,0,1,KC,1,2,1,4,0
03eb92cb-9aa1-3114-9901-69b21a5ed6e8,0,1,SI,3,2,2,8,3
29990e58-4afc-3c3b-8074-494eab83cad1,1,1,FF,1,1,2,4,0
3c33ab96-6ee5-3d2f-ac30-0d1c5f90ff8b,0,0,ST,1,1,2,5,5
fcc2f718-6909-3403-9d66-b4cbd3f7d665,1,1,,0,1,2,2,-1
3e25747a-e47b-3ba9-b4a4-8f91fb4a629c,0,0,,1,1,2,1,2
c99c6de5-f8bb-375f-ba27-38b6a17d1fc5,1,0,FF,1,1,1,2,0
01bc36f8-6ae7-3989-bf7a-1a75c5f9dead,0,0,ST,2,2,2,2,-2
22319ac1-c38b-3eb7-96e9-05b46cf87dc7,0,0,SL,1,3,1,9,0
33a27c6d-3a57-37ee-8301-a3fed3e69f72,0,0,,2,0,1,4,3
a45c3119-3f02-3fd7-a85e-bebb7f7cb476,0,1,FF,0,2,1,6,4
eb67ebad-408a-34e1-8bfc-ce3b59a3bc73,1,1,SL,1,1,1,6,1
7cc680ad-4710-32f8-a35a-27e8e9a1485d,0,1,SL,1,0,1,4,1
f78d9c6a-a63c-35d4-a0ed-f0c502dceb63,0,1,ST,0,2,2,1,2
e43d4daf-7a58-375a-8bff-9b2beb679343,0,1,FC,0,1,2,7,5
68e14aa7-cb78-35b2-835e-9a8dec8cbb75,1,1,SL,1,2,1,1,2
6e72e3f8-5def-3698-83bb-f9e045464288,1,1,CU,0,1,1,2,-1
fd33c5a2-1eab-387c-945d-fb944c81890c,0,0,,3,2,0,6,2
966b9ba8-0cd5-365c-a97f-e38ca02c2012,0,1,FF,1,0,1,6,2
ec23f18c-1232-3696-9bf2-1267c74bd4d2,0,0,CU,3,2,2,2,1
623fbf5e-be1e-3617-9891-7ba10ee84573,1,1,CU,0,1,2,1,0
53e30bde-affe-318c-8a53-26869cd7163b,0,0,FF,1,0,1,4,-2
2230ccc7-66c8-48ce-83cf-bc2168b7aab4,0,1,SI,1,1,2,9,-1
58e65cd6-aad8-4885-a12a-a9a28014b1ca,0,0,CH,3,1,2,2,2
1b165707-63a8-4ee0-b1a2-da8941c73f81,0,0,FF,3,2,0,9,3
a9ca69ee-b171-4501-bccc-0f1726b0ce82,0,0,,3,2,0,9,3
d16e1a23-0eae-4218-b802-e0d99510646f,0,1,FC,3,1,1,4,2
799ba66b-7c46-486f-9a66-9a38ab0cdc78,0,1,CH,2,2,1,8,4
04e18845-1ce4-4618-a69c-29194e2e5dd1,0,1,SI,2,0,0,8,2
4879bc2a-278f-48ca-86c9-fff060c70622,1,1,FC,1,1,1,7,3
ed2edd55-f057-46de-9209-f43ee8ac411c,0,0,CH,1,0,0,5,-2
a6b240ca-b8e6-4df6-8ead-b1ec7bd33376,0,0,CH,3,2,2,2,0
a2028038-3745-4586-ab6c-7e1856071a5b,1,1,SL,2,2,2,5,5
48bad2cb-8014-4d06-900c-9fdf89dfe019,0,0,FF,2,2,2,7,-2
e60c1124-ed1c-3481-a2f8-e472879c3e60,1,0,ST,2,1,2,9,5
80ec7c3a-c9bc-3e5c-bf6a-f8cdadf37fc4,0,1,ST,0,1,1,5,2
fb7a6884-9eac-37ea-9bde-ac97b4d1fa01,0,1,SI,1,0,2,1,1
08250936-0496-0043-003c-f08cd117d70a,0,1,,2,2,0,7,-3
e41f7c6f-d4a1-387e-8df9-97463829294d,1,1,SI,2,1,0,6,3
a4459d65-da50-319a-8996-0f3b08022d17,0,0,CU,3,2,2,1,0
53327ff9-0571-31fe-99f4-843183fbca65,0,1,FS,1,2,1,7,1
a88aad09-db51-35b0-8bec-9d721e318ba9,0,1,SI,3,3,0,2,0
7f532b26-63ad-3275-b974-7dbc7e270a7a,0,1,SI,1,0,1,2,0
b5ae4772-113f-3139-ab8d-116b28b97e03,1,1,FF,2,0,0,6,1
14275e75-3cf5-399a-b04d-2372c0116f66,0,1,ST,0,1,2,8,4
a2fb1a06-201f-362f-bbb0-f800a4badd00,0,1,SI,2,1,2,6,-3
768dcdbc-df11-3188-b5b9-c0d1eb0ba48d,1,1,CH,1,2,0,9,0
58922ed7-06dd-3e33-b520-30f749669745,0,1,ST,2,2,0,6,-1
1bf8f2ca-bcc2-3116-a5e0-f553b51d005c,0,0,SL,3,3,1,1,-2
64436e02-77db-3291-9e90-366e22915305,0,1,ST,2,1,1,3,0
bf98a939-f049-3a21-af2c-4329f3860aaf,0,1,SI,0,1,0,1,0
5ba461ce-6213-367f-b3c8-3d8d120eeec8,1,0,SI,1,1,1,8,1
6769a792-a130-3b7f-bd14-831b4bcccfca,0,1,FF,1,0,0,5,5
3926fab1-ce31-3b41-ab96-3b1a6fc0230d,0,1,SL,1,2,2,8,6
f106c678-b4bd-3f1d-9c0b-1fb5aee2a16f,1,1,CH,2,2,1,8,6
ea88da31-9e2b-3b24-80cf-215a847d75e6,1,1,FC,2,1,2,4,-6
adc92aab-3e15-35bd-b05a-bdeb126f04ec,0,1,FF,2,1,1,3,0
4b5865ee-6963-39ac-8ae3-b77c1bddee4f,1,0,SL,2,3,1,3,-1
85ecf7be-2b66-3139-b4e1-9d39d722fdec,0,1,KC,0,1,1,5,0
90c2d7dd-c684-3244-91d9-d8fac6907c63,0,1,SI,0,2,1,7,0
029616e8-6e68-35bc-bc1f-d60813cc4885,1,1,FF,1,2,2,1,0
97868d93-9242-3493-9f48-6ff3c5cebb47,0,1,SI,1,0,1,7,1
7aeb1d8f-1ab3-36a3-aa5b-227a7be265b0,0,0,FC,2,0,2,2,4
88a61b60-cec8-316e-a1f3-81f7143fd430,0,0,CU,2,2,2,9,0
5b0afe8d-48c8-35cc-b9c4-7a37b7770050,0,0,CH,1,2,1,7,-1
9f398d20-143f-366f-bd3e-7f0c133e8243,1,1,FF,2,2,1,4,5
f2828efa-9e5b-344e-aeab-eaca9ee60996,1,1,FF,1,0,1,5,0
a77e0e99-077b-3777-941b-a61f924d8c90,0,0,CH,3,2,1,5,2
30a94644-9a64-39bb-accc-09868960620a,0,0,SI,3,2,1,8,6
c94ed2ef-fcff-3150-95a3-5edcb65b9261,1,1,SL,2,1,1,4,-1
a1375190-bbd9-3a9d-97ac-56e87654b6ef,0,1,FF,3,1,1,9,1
e3382c68-7735-3b0c-b848-e6028ecccb01,0,0,FF,1,1,1,1,0
b3c9e979-2526-3691-a3fe-9d83583e5e1d,0,0,CU,3,2,0,4,6
61ae653c-8564-38d5-a2f2-9884ce8f3d8f,1,1,SL,2,2,1,10,1
d1385c82-7628-3ba6-ab6e-652e7dc5f363,0,0,FF,3,2,2,2,0
be1fa459-a7ba-4026-bfa4-1ae96015a237,1,1,,3,1,0,4,5
aaa16b38-cf4a-34df-bba1-25bd5aad5067,0,1,FF,1,2,2,9,1
6a7e4acf-24f8-363f-9460-0530807e420b,0,0,FF,2,2,0,9,-1
a1c60590-8081-4863-98fc-1bd8d43da2a4,0,0,,0,1,1,3,0
e08becb8-bcdd-3d55-822f-5ffd538789f9,0,0,ST,0,1,1,7,0
2c19548c-51ec-3672-8e49-633216e63c82,0,0,FF,1,1,1,7,-1
1fb344b0-ee98-3af8-afb2-b59797e174a7,0,1,FC,2,0,2,6,2
c50b290f-d93e-3607-9503-578b69f2457b,0,1,ST,0,1,2,2,1
345b3e09-a302-3707-b638-ff677105d82e,0,1,ST,2,2,1,6,4
4ea8e2b1-d675-3bdc-8925-70bb22696bdd,0,1,,0,0,2,3,0
13354444-5216-36c5-9551-c10f5f6b5889,1,0,FC,4,2,2,6,-1
2459b2d8-9911-3c0e-b96f-6ca410d5a641,0,1,CU,2,1,0,5,-1
e38b7ef9-d435-360e-beed-9029fee4c070,0,1,SL,2,0,2,2,0
b246ddb6-ec14-33e4-9c60-658da4c3031d,0,1,FF,3,2,2,2,0
95051299-d428-384a-9397-8fe3bf8c4454,0,0,SL,1,0,0,2,1
68a7685f-c386-39f6-a761-cf26323c34fc,0,0,FF,0,1,0,7,2
b6f456c6-1825-3314-9b87-e58f44200b36,0,0,FF,1,0,2,2,1
fa95c1dd-87ce-324d-8d1f-23d3c6d1e6e8,1,1,CH,3,0,2,2,1
51587c70-132b-318a-9fc2-8da8a714d884,0,1,SL,1,1,0,5,0
ea63c76b-3c6d-3a53-82cf-b20d0ff2f64a,0,0,FF,1,2,1,7,4
3cbe405d-e93d-4cab-b7ad-1070c09be052,0,0,,2,2,1,7,4
5b69f416-1b5a-3b9b-871c-b7c5de85d8d7,0,0,CH,2,0,0,3,-3
144cb4bf-a2d7-44bd-baf3-89a30d97fb8a,0,0,FS,3,2,1,3,0
11f9e1da-2228-4bc5-a9b9-09040c71eaf1,1,0,FF,1,2,2,4,2
b9deb721-d1de-4c69-9078-59138dc4cfd6,1,1,CH,2,1,0,3,0
c37f8db8-7cf2-4de7-b34b-901f681e075a,0,1,FF,1,0,1,7,3
af76224a-5ff8-4277-be16-0a2ed5975fa5,0,1,ST,1,0,2,2,2
addf8879-a4b9-4f58-8793-d3df0c8f6fbc,0,1,SL,1,2,2,6,0
1d62c379-ebc4-4187-9029-457e35471455,0,1,SL,0,1,2,6,0
45cc7ba9-30f9-4759-80ee-7275ca3789d4,0,1,,2,1,2,2,0
3122dbd2-b8cc-4a46-94d4-4ddb80e81c9c,1,0,SI,2,0,1,7,2
5c19401f-feea-4500-b47d-acd3518af0df,0,1,SI,0,3,1,9,3
6a4935ba-0708-3129-881c-d50b582acbce,0,1,SI,2,2,2,2,-1
6ce80996-6c06-3cb0-a296-10963d297879,1,1,SI,2,1,0,2,2
4f418372-7d3b-3a78-9c69-df1b0e0ec681,0,1,ST,3,2,0,7,4
854e25e9-6e4e-3f5e-b1a7-db4365288321,0,0,FF,3,3,0,8,1
a427582d-735a-38d0-8acd-93cc490ddc97,0,1,FF,1,0,2,2,0
bd68803b-a4d0-3991-8e49-9b9969ff67e4,0,0,FF,3,3,0,9,-1
989d4b7a-c05c-3276-b2d6-26adb0bba3d1,0,0,SL,3,3,1,3,0
386a0d1f-36ba-37d1-bd44-e858dbc9a29e,0,1,SL,3,2,2,3,-3
13a471d0-5650-3fe0-98ea-5c05e575ea2f,1,0,SL,0,1,1,1,0
ecd52c4f-6a1a-34b3-95fa-04e3ef72098a,1,0,SI,2,2,2,3,0
26647807-7731-3b05-ad05-25dc3d0efe39,0,0,FF,3,0,2,8,4
575182e6-5680-3249-95ca-6d89d6797c7e,0,1,SI,1,1,1,9,4
309307de-6ead-3a8a-9d65-2b2bbba78189,1,1,FC,3,2,2,5,-1
19c11703-b2d6-3d17-b38a-02bd6dbc6cbc,0,0,,1,0,0,1,0
e7d5a7b5-002f-3b85-b534-2c42fdd5b304,0,0,SL,2,2,2,1,-4
07773176-0086-0013-000c-f08cd117d70a,0,0,,0,1,1,1,0
67270ad0-c43c-34f2-8a91-a2ba980bf121,1,1,,1,2,1,6,-1
4985d40a-40a7-327d-9701-5abecf8d77ff,1,1,,0,0,0,5,-1
a65eb744-1861-3eb2-af72-149ee4cfc2e2,1,1,FF,2,2,1,5,0
53e45164-1542-3fef-b7b3-300ff4eb3922,0,0,FF,2,1,1,1,0
4a21ae02-ee9f-378f-a040-fbb33627665e,0,1,SL,2,1,1,7,4
3528aa40-3623-3fbe-bfbd-429ac359c685,1,0,SL,0,1,2,6,-2
b3444865-c780-3843-b02a-1a7dfc2e90aa,1,0,KC,3,2,1,1,0
5ebe7bb3-73f0-3f06-9f7f-b8be00d4f5e7,0,1,CU,0,3,0,1,0
2b478fc6-e428-3c3a-9952-697fa2f07d1f,0,1,SI,1,1,2,4,1
a1e1c884-47c3-3c5d-8461-1742b6a95dd6,0,1,ST,1,0,2,5,1
0ce23685-1d99-3614-99d7-9bd83a50729a,0,1,SI,1,1,0,7,0
841d1908-6108-32f4-99e2-4607a4995eac,1,1,FS,1,3,0,6,0
b7bdf28b-719b-370c-8a18-ffee295c2a34,0,0,FF,2,2,2,9,2
640dec45-a0d7-3cbf-aca8-83f5b0a23e9d,0,0,FC,1,1,1,9,-1
dc755957-946c-31f4-b0a7-8ff632690ddd,0,0,FC,0,1,2,9,2
78191109-aff3-3462-b8a8-b12044641e9b,0,1,SL,1,1,2,7,0
90dbfcac-17d8-32f3-af9f-01a708ac2b0f,0,1,FC,0,1,0,9,0
6bf04b74-97a2-3376-a1c4-19056a1df047,0,0,FC,1,3,1,8,1
e9518aba-b46b-3eba-a255-be67e691047d,0,0,FS,1,1,2,4,0
ee66401c-5386-330d-b2c3-a0cc0fcdf51b,0,1,SI,0,1,1,2,0
7ef5e7ef-5dcf-3ee0-9635-0cb268215035,0,0,FS,1,0,1,9,0
bb9ae7b9-4507-325a-935e-efd6d90283b0,0,0,FF,1,0,0,4,1
77880e9e-edc5-3fb4-b60c-824f6aba773a,1,1,SL,2,1,2,8,-4
a98f8860-60b6-369e-890d-38e901b587b1,0,1,FF,1,1,1,6,0
928e431d-8c67-329d-9802-692cd2275f04,0,0,FC,0,1,2,8,-1
c09a29a5-cb55-3ed1-bfee-368fc2d6319e,0,0,FF,1,1,1,7,2
8075ae8b-ba45-3f22-a2fe-a0d1b7520847,0,1,FF,3,1,0,1,0
cef6dd66-9bad-44ab-b554-331c7ed8fbb9,0,0,,2,2,1,1,0
071b6ec0-e569-38f4-8dc2-6363ebc501b6,0,1,FF,1,0,0,1,0
b1daf5b8-4071-3039-bdba-82abe3e03d43,0,0,KC,2,2,1,1,0
5018aaec-cc5b-3047-ad28-c50a78de2c50,0,1,SI,0,1,1,3,0
c254e81d-e093-38e6-9ed1-dede30a01271,0,0,FS,1,0,1,1,0
b06d64b7-fd1d-331e-9799-d573721d7324,0,1,SI,2,0,2,8,-3
f520df74-a6a9-3bca-bb6c-99bf7a817da7,0,0,ST,2,3,1,3,1
04db3a87-e1c6-3ea0-8ac4-e13784127864,0,1,FF,1,2,1,4,2
b93dcf74-41cd-301e-ba63-16d88194095f,0,0,CH,1,1,2,3,1
4a19cec8-fb50-384c-b0bd-6263146f19b8,0,0,SI,1,0,0,8,-1
5f712d04-effe-36e1-971d-1ca9087248ef,0,1,FS,2,2,0,8,-1
e0d46362-ca62-3770-85e9-c480009a43b4,1,0,SI,1,2,2,5,0
08020e47-1ef0-35bf-a558-dafa0421b684,0,0,SI,2,0,1,3,0
b7e27a4e-9366-3411-91e9-22b419dd6e8f,0,1,SL,2,1,2,3,0
4eac6ff6-2fbd-35ee-a007-9c7a6a66693e,0,1,SL,1,1,2,7,-1
92cd1c4e-6080-376f-9d7f-519f4e81e059,1,1,SI,0,1,1,9,-1
e24a6c10-f8da-3728-bd3e-7d9065825c96,0,0,SI,2,0,2,5,3
934df49f-1024-3a09-8cb4-9c5f1297e098,1,1,FF,3,2,1,4,3
4a491ee5-1022-3efb-b2a3-62ab3ad8d505,0,0,FC,2,1,0,4,2
c8a4232d-50c0-3ce6-a931-186d473421a0,0,0,FF,1,1,1,4,3
c71ea535-ee9b-3a33-bc9d-c227965603a0,0,1,FF,1,2,2,4,3
9e30eadc-aac1-3626-af63-318ee77508de,0,0,CU,1,2,0,4,2
86d0cb74-e1fb-3b76-b7d3-8296b8bd6baf,0,0,CU,2,3,0,4,2
1642b819-46a6-3963-879f-c9735d6667dd,0,1,FF,2,0,1,7,5
42359ccb-8b3b-32a2-b7dc-aadcdcef0dd3,0,1,FF,1,0,2,2,3
ddce6d26-5a4a-3674-9ef7-58e6b556c7f5,0,0,FF,1,0,0,4,5
7f55f05a-87fb-32e8-adfd-03dc239d38ab,0,0,SL,2,0,0,8,0
c776c929-a2ab-353d-8e0f-698c4b601f85,1,0,FF,1,0,2,6,4
ec3ebf94-27f5-399f-affd-997d50b14dc2,0,1,FF,2,2,2,5,0
a10440af-2386-3f06-914d-f2f8cc0db9af,0,1,FF,1,1,1,3,0
14c725b6-b3e8-30e9-8667-7ab38de18f71,0,1,FF,2,0,1,4,2
c5ce1297-26fb-3682-926e-beef5f29782e,0,1,FC,1,0,2,2,0
134f82a7-cbdd-3cf4-b582-eb6dd572846e,0,1,FF,1,1,1,8,0
ca7b1ab7-7f11-3277-9d0a-daf63cfaf332,0,1,FF,1,2,2,5,2
e88729d7-3c35-3df0-b76a-805dbde8eaf9,0,1,FF,1,3,0,8,1
39af7f3d-9389-3045-a146-a12ac39e7206,0,1,SI,2,0,1,8,1
615cc0d0-e188-3eaa-b168-ff0618bd4f4d,0,1,ST,2,1,0,1,2
dad9cb3c-a71e-34e0-8169-711e3af17fac,0,1,FC,3,2,1,3,-1
1acffe7f-4731-32db-81f4-50bae4fa21bb,0,1,SI,0,1,0,1,0
a17060e8-9359-3da2-9246-2a053d3e4b54,0,1,FF,1,0,1,8,1
acb4bb52-1695-4366-978c-0449b5c04324,1,1,,1,1,1,1,2
36f3bfaf-e0ae-3fab-9297-08f6b48a2f35,0,0,FC,3,0,2,4,-5
3546ac85-e357-37a4-b559-2154c244c7da,0,1,SL,2,2,1,4,4
967db5cb-15ff-34c7-998d-684d97e82e41,0,0,FF,3,1,1,7,-2
b04c4de2-d7ca-3c6f-87f8-1a80872a0fbe,0,0,FF,3,1,2,7,-2
c414174d-55c3-3db0-b27f-3c87b214e2da,0,0,CH,3,1,1,1,1
54bdd26c-27e6-327a-9111-3963caefd44b,1,1,SL,2,2,1,7,2
e23cfe72-ce3b-3400-9d62-40e325d8195b,0,0,FF,3,1,2,1,0
20950a32-a2c5-306f-8f85-8055eef1f358,0,1,SI,3,0,1,3,-4
57d3d84d-3dc6-3cbd-9130-5a93b032eace,0,1,FF,2,3,0,9,-2
f321b8b8-56b1-3f7a-99ab-e520e5bcfa23,0,1,,0,0,2,7,1
c5550883-aa0f-3525-a4f6-c884c1deae0f,0,1,SI,1,0,1,1,0
7e9e1309-a4be-36cb-ae6d-8d53e2457ead,0,1,FF,0,3,1,5,2
3444073f-a08b-3182-af51-b5ee1a8919e3,1,1,FF,1,2,1,2,1
97f7ace0-b0f6-373a-9f5a-11e890b5b3f5,0,1,SI,0,2,1,3,1
9c2afbfe-455d-3294-b689-0b5211b0e503,0,1,FF,0,1,0,2,-2
da79ed61-2881-3137-a21b-d93ccb60e5f0,0,0,FF,0,1,1,2,0
b292a834-ee50-3dbe-9866-eaaa3ddde0e8,0,1,FF,1,2,0,9,-4
18c84d94-fcc3-3e2e-aff1-dd40fe704adc,0,1,FF,0,1,0,9,-4
ce941478-2824-3a63-9621-8844e9adca7e,0,1,FF,1,1,2,2,3
384a359e-817d-3e09-b324-0e77270dc6ab,0,0,FF,2,0,1,1,0
fab9d2b3-79c0-3b5d-bd47-87bc0c8ec4bd,0,1,CH,1,0,0,1,0
811e9ab5-6c73-362f-a6e8-4ba0d50501c5,0,1,FC,2,2,2,3,0
563c3f67-7bc8-39be-beeb-9a30734b7e56,1,0,,2,1,2,8,-2
df51371d-652e-3d11-8c3b-49fd8761290b,0,1,FS,3,0,2,3,-2
31ce8aad-eb52-4828-96b7-c0b57453639d,0,1,,0,0,2,4,3
c2e6f528-cc1b-312f-b31a-60484260cb0a,0,1,FS,0,2,1,2,4
e34a1e3b-e47b-3107-b3aa-7d3e32f056ab,0,1,FF,1,1,2,4,3
8a5f2687-c7d6-35d7-81b2-a68dea769274,0,1,FF,2,0,2,7,1
5c50aff4-0cdb-356d-82ee-f76445aa346e,0,1,CU,3,0,2,9,0
f5833cfc-f70f-3f00-b89d-249458207a2b,0,0,FF,0,2,0,7,4
897c80b2-fff0-3bab-b34e-41ab7dc36fe4,0,1,CH,1,1,2,2,-1
6e97eab2-8383-3984-8cb0-27a0a9d2fd85,0,1,SI,2,3,0,9,-1
241c2540-6351-3a63-89fc-ce1db7f4ea0d,0,0,,2,2,1,7,-4
33fd7585-2583-3a11-91bf-e62129f2d1fa,0,0,SL,1,0,0,1,0
751f591a-7049-3d9c-b2d6-ac1e5dfcf3dd,0,0,CH,3,3,0,1,-2
109d7a0a-98d0-3636-90eb-545dc78fc894,0,0,FF,3,2,2,3,0
2964851a-329b-3382-bc0f-3602f40f424a,0,0,CH,1,1,2,8,5
3d277759-cf9e-3a7f-b58e-da30d8bcf2d0,0,0,SL,2,2,1,2,2
6f269943-aaa2-300d-894a-12e84df62095,0,0,KC,1,2,0,1,0
925aec2f-acd5-3df6-a9c0-b950394509d4,0,0,FF,3,1,0,1,0
ce312470-8e7e-3a1d-9d86-e26c51f94ff8,0,1,CU,0,2,2,2,1
547bda24-10d1-31d2-a87a-412da295621e,0,1,SI,0,1,1,6,0
7d22a0c1-d4ab-3f1d-9ed0-bf585e67d7f4,1,0,SI,0,1,1,8,4
6fb09050-8d90-34c7-bb47-72661c9559cc,0,1,SI,0,1,0,5,-2
44e6a4f3-bfd0-3242-8a42-fdbdd373e856,0,0,,0,1,1,7,1
668347b3-8077-3a7f-9209-d97480c93150,0,1,SI,0,2,0,7,1
b64192f7-cd03-3438-a697-7ae338d1c7fe,1,1,CH,1,3,1,2,1
500b3ed0-7bfe-3d7a-948b-08c394c690da,0,0,CU,2,2,1,5,-2
3bc7ffb5-4a97-330b-8d4e-ab9a15a120a6,0,1,SI,0,2,1,4,0
c2abec36-05e1-3bbb-8d57-e7c7a8dc156d,0,0,FF,1,2,1,8,-4
868d3689-ba2f-348a-b7da-4e12fd6c8f7a,0,0,FF,2,2,2,3,-1
3deb1df8-086f-3ce3-8bb8-51fe8c003c7c,0,0,FF,1,0,2,2,1
500468e8-1fa3-335d-a557-9bbf53efedfe,0,1,FC,1,0,2,5,3
5ca1f2ef-9301-3cfd-91e8-8a31e9b6e627,0,1,FC,0,1,1,2,0
3ff71285-af38-352b-adf1-dddc43b77f56,0,1,ST,0,1,2,2,0
013596d4-4fb1-3715-9e51-f417694dc163,0,1,FF,0,1,2,3,3
ea676356-5f40-3c35-acf5-ed57f121f010,0,0,FF,2,0,1,3,1
ad285dee-17c5-34cd-96d5-ab74253da2a6,0,1,FC,1,0,0,1,0
f7965f5a-3ea7-3317-8c15-36c64f2901c2,1,1,SL,2,1,2,1,-1
04be3f51-ba59-3172-9008-e7b10c9ec5cb,0,1,FC,0,2,2,5,2
9396a81a-6914-327b-a671-74ea4a77ff08,0,1,FS,1,1,1,1,3
57dd4af5-c694-3d53-90e8-f70dd4dc6fab,0,1,,0,0,1,3,0
8cada5f9-ca24-31a7-836d-67c9b09fe669,0,1,FF,1,0,2,9,3
316413a9-bc56-396b-9495-a1bd19f24932,0,1,FF,1,1,2,3,-2
e9a577e5-3437-36a7-95a8-4dd53d5a3514,1,1,FF,2,2,1,9,4
e79904c3-c7b8-3525-9a2e-2f36999e06cd,0,1,SI,1,0,2,10,2
865b2308-54e8-386c-a036-37350ab935ce,1,1,CH,1,0,1,5,-2
f0f263e2-f77e-33d5-95ad-e0f9211ffdae,0,1,SI,3,3,0,1,0
284fed06-b9a7-3b63-981b-709596eb18d0,1,1,FC,3,2,1,3,2
27035f23-eddd-3697-a1df-f64b475d62e9,1,1,FF,4,2,1,6,2
5ac84afa-38b1-36c9-a70b-72564c053852,1,1,FF,3,1,1,6,2
a73d8a1a-ca1e-358c-a5e0-ca88d6ae36dd,0,1,FF,4,2,2,8,2
7a673dde-cde5-3bee-998c-3becd87d7520,1,0,ST,0,1,2,4,4
c1d53873-6eac-30d0-b1d9-3ed66c8c4b46,0,0,CH,2,0,2,2,4
8daf7a7f-a721-330b-947f-2e21860e395b,0,0,FF,1,0,2,4,3
a49c76a4-e588-34aa-a686-01ad58c6b492,0,1,SL,3,2,1,1,0
d94fae9f-4753-3ae9-a6a1-bbfde531029e,0,1,KC,1,2,2,3,-1
fec46352-c57e-3cd0-ace4-8059d6246baa,0,1,FF,3,2,1,8,3
b543bc61-388f-347c-9fa6-da2f0d0f30d0,1,1,FF,3,2,2,2,-1
488b0b29-0d56-30f8-bdfe-bf730fd49e9b,0,1,FF,0,1,1,2,-1
c98c98bf-a090-328b-9786-7fb475157633,0,1,SL,2,1,0,5,-1
e6cc8a17-9fc8-3b8f-82b9-bd21c3528993,1,1,CH,1,1,1,6,0
9a62d9ac-808e-31ed-bac1-4c51b1420c3a,1,1,FF,3,2,2,5,0
20c757ca-4e16-3638-a5d6-4af3f6f4756e,1,1,FF,1,0,1,6,-1
da2564a7-ef26-300d-93f8-ced10c4b6c45,1,1,FF,1,3,1,1,0
e222fc7b-b6b7-3b28-8217-b13c7946335c,0,1,ST,1,2,1,1,0
6d4d6a3e-32f3-3746-824a-cbeab2b704fe,0,0,FF,3,3,1,3,-1
5c54d316-dcb4-37f9-a55a-da3cca17ab58,0,0,CH,2,2,0,3,0
161ca6d3-79c8-3c28-8725-64f2a27b9e08,0,0,FF,3,3,0,3,-2
9b1728ed-16bf-34f2-baee-3579ada19369,0,1,,1,0,1,1,0
c4adf78c-460c-3ae6-9284-8d7077d21a80,0,1,ST,2,2,2,1,-1
a725451f-a2b4-351e-ad2e-91e00b3a5a99,0,1,CU,1,2,2,5,-1
cfdf0889-1ba4-3696-8914-176f3b3f063b,0,0,CH,3,3,1,7,0
8fcd8794-566a-386a-b774-e4345cec9529,0,0,FF,2,2,2,7,3
50e2ef4b-591f-3c5c-ac87-e075d1357351,0,0,CH,0,1,1,2,3
85a0b3cb-2ac8-3bb9-ad4f-2fdd7f5ed18c,1,0,SL,2,1,1,3,-4
f2881ccc-1b4e-4f9d-84ca-f4c7558be1ce,1,1,,0,1,0,1,0
b5f6a40a-27d3-36bb-9b60-17c82f4e2291,1,1,FF,0,1,2,1,0
e152aa53-bc6c-3c75-860b-2156c85eab2e,1,0,FF,0,1,2,7,1
bd86a77d-292b-3e5e-8b8f-5f5e7a9a2510,0,0,FS,2,2,1,3,1
7e400f08-551e-3a0b-99f0-a76a81b7c2da,1,1,CU,1,0,1,3,0
4b117ab1-8126-32ad-882c-04cfcbe9abd3,0,0,FF,1,0,2,5,1
89f74d08-f1bd-3534-bfd0-9758f94f61f0,0,0,FF,1,2,2,3,1
54dd3992-a28c-35cf-83e5-7c9fc1b711ed,0,1,FF,3,2,0,4,-3
e1fe1b84-4dd2-3466-80c6-6d8a513e6158,1,1,CH,0,2,2,7,2
ceb02911-d17e-3868-985a-a384f62eb9bc,0,1,SI,0,1,2,2,5
34558e27-3229-3ef2-ba97-a4bbb5f3f9bb,0,0,FF,1,2,1,7,-7
79ca1e00-d3b1-3427-ab82-e9e3e556e521,1,1,FF,2,0,2,1,0
2983b247-4982-38ae-9ff3-bdf9bf52175b,0,0,FF,3,3,1,1,0
0e7e823d-889b-3ffd-be0e-584e67b110f5,0,1,CH,1,1,2,9,0
0f49c4b0-7936-34f2-b9be-eca4bc918e0c,0,1,FF,2,0,1,6,1
44a23010-f745-39d2-8e48-2633f2408720,0,0,FC,2,1,0,8,3
2701b703-3375-3382-ae6a-fb34c6fdc40e,0,0,SI,1,1,1,3,-1
3c361e6b-fed1-3a65-be94-e5f73b8ca3ef,0,0,CH,2,1,1,7,1
de104b66-7ecd-376b-afbf-7440220457fa,0,1,FF,1,0,2,8,-1
c239cad1-5886-3fd3-bd05-87253edd8e43,0,1,ST,1,2,2,1,0
a7bafb51-e832-3352-91fd-5f5011d1d16b,0,0,FF,0,1,2,2,2
3ebd01f9-81ed-39c7-a3d7-4adedada5e62,0,0,CU,0,2,2,3,1
329e0ef5-7039-338c-a411-22a084d173d1,0,0,CH,1,0,0,8,3
f36e2dda-ee83-37f8-977c-3f0f0b3994d0,1,0,FF,1,0,2,7,3
1cf9bf4f-e295-3cc0-8129-5d3ec37f4fcc,0,0,FC,3,1,0,3,0
8203657e-30ac-3fb2-8695-c535554a4475,0,1,FS,1,2,2,5,5
06114a39-c5b9-3bd3-a57c-10b074f1ecf8,1,1,SI,1,1,2,3,3
53ab496e-cdc4-3ee3-928b-926445ef9d8b,0,1,FF,2,0,2,4,7
5b7db1ca-7ce0-329e-8d0d-646de16d51f2,0,0,CH,1,2,1,4,-2
9250e184-af18-3b93-95c1-0a21d2d43c6b,0,1,SI,3,1,1,3,-3
84d4175f-53f6-3aae-beaa-cc70d155e1df,1,1,SI,3,2,2,6,3
b05ee9a4-e500-3230-b6fa-fdeec6a3c2bc,0,0,FS,2,2,1,8,-2
0c4df500-ffca-3ae5-a1e2-590602e9dce9,1,0,FF,1,3,1,6,2
eb806436-9c18-3344-97df-887eb42c9c36,0,0,FF,2,3,0,4,-3
b4c79837-cdac-3be1-9096-838b59bc0135,1,1,CU,2,2,2,4,7
8961d52b-46ed-3625-9c2c-7240c3aed8d5,1,1,SI,2,2,1,4,7
43d87b40-2786-3f79-817d-3e024bed89e1,0,0,CH,2,2,1,7,0
d33db8bf-d263-36c3-95c3-76f575de5a0c,1,1,CH,1,1,2,2,0
8a09d81e-a8fc-3a12-ba2e-adbc587a91a6,0,1,ST,1,1,2,6,0
209dbea6-ce01-3e5b-90b4-009a9b9a4d7e,0,0,FF,3,2,2,5,5
4e60075e-4ef1-37db-8a51-7163299d61a9,0,0,CH,0,2,1,2,0
601bc454-8adc-3111-88a9-304d4fd93e2b,1,1,SL,3,1,2,8,5
c9b969a4-2fad-3eec-925b-88f2b872143c,0,0,FF,3,0,1,5,1
711be8f7-a2f6-3124-b7ff-1c1c7b6fb9d8,0,1,FF,1,1,0,8,1
5ffd38f0-8907-3eac-957b-e8159c6e5841,0,1,FF,0,1,2,6,1
f80ac8fb-2b3f-3471-85bc-251dbd7fc714,0,0,SL,1,0,0,8,0
748800b7-044d-35cf-b8c5-8c0a82c722bc,0,0,FF,1,0,0,3,0
ca193798-0cb2-3d86-a1a8-d2551c477530,0,0,FF,2,0,2,4,1
c8b644a6-8986-3e70-95f9-00559b2041af,0,1,FF,3,1,2,3,1
1870f42c-f1e9-371e-a3f1-8e84131cd949,0,0,FF,1,0,2,7,5
e5bbe928-e1f9-32cb-8dd4-c330b09d50f2,1,1,FF,2,1,1,8,-1
df2ba144-b6b0-32f8-a3e8-00a709e687d0,0,0,SL,1,2,2,2,-2
2d0e046a-aac5-30b4-bb2a-3da77e9cee31,0,0,FF,3,3,1,5,6
de5e1e1c-8572-3228-84ff-09bfaf50e39b,1,1,FF,0,2,0,7,2
826b4297-75ad-3176-b45b-4f9dc17cedca,0,0,,2,1,2,2,3
75d82bb3-c9f3-38fb-bf36-63a3062faa2c,0,0,SL,2,3,0,5,2
234c9f30-9af5-3fae-82ba-807621edc486,0,1,FF,1,0,0,8,1
bdb7507a-eab2-3d18-82f3-cd6a901e5b6f,0,0,SI,0,1,1,2,2
7329c554-5f39-372e-b7ab-6655e37832be,0,0,CU,0,1,2,3,-3
d267426d-5acc-3248-86f7-25e4ad7796ef,0,0,CH,2,1,1,5,1
cb619639-7648-3de5-8e80-75198e91bf7f,0,0,CH,1,0,0,3,1
0c3be7e3-b3a2-3dd1-a476-09a9829ed561,1,0,FF,1,0,0,6,8
5f7193c5-a71b-37ec-a33d-e3a22e730afb,0,0,SL,3,1,2,3,1
12f08c9a-aeb4-37cd-8e3c-2dd7cda5383f,1,1,CH,0,1,1,5,3
55aae195-6d3d-343c-be43-74771d4e5491,1,1,SL,1,1,2,6,1
9435fce8-313d-4f63-b317-fc772b09f399,0,1,FF,2,2,1,8,3
d3b2e97f-f96a-4406-a610-8dfc4e4c2e8f,1,1,,0,0,0,2,0
109c8ea5-7536-4f8e-9714-59ca28379cfd,0,0,,2,2,1,1,0
be590b80-2dae-430d-8b2f-e5fa9c29ea01,1,1,FF,2,2,2,2,5
b510fdbb-40dc-479e-91c4-4560c9919596,0,1,CU,1,1,2,6,0
f484dfe2-524c-413d-bd80-8a7cc45f4008,0,0,ST,3,2,1,6,3
09720ceb-5ee4-49e3-9e24-063052caafd2,0,1,SI,0,1,1,7,5
812fdfe6-6ca0-3b56-864a-c465c7642386,0,1,ST,1,2,2,2,0
bcb4b2c4-be92-3beb-91dc-99eea202f395,0,0,CH,1,2,2,8,-8
1e4daba0-fbd7-3c36-b0dd-fdf5c1b34bd6,0,0,FF,3,2,2,1,0
d9ed5269-cdd9-36aa-8bd4-d1ff0f248f22,0,1,,0,0,2,4,-1
a3bd3b79-2dd6-3bfc-9a6a-faa300720d80,0,1,SL,0,2,0,6,7
1de7dba0-1a21-37a5-85a0-1d3c68fce763,1,1,FF,1,1,2,7,4
15c60eb7-a669-3473-a313-b06a31aafe21,0,1,SL,2,1,0,9,-1
90b6c5da-add5-3225-9087-16d44148ef66,0,0,FF,2,2,0,5,5
5672732f-1983-3c2b-8d72-88bb9b642d07,0,0,,0,0,2,5,1
0b281e72-5a67-3639-9ff0-950508138c6c,0,0,,2,0,2,3,0
c07d569d-1c12-3b01-854c-9c779fd053d6,0,1,FF,1,2,2,2,3
b9691dc4-551b-366b-812a-fea89f4b88f5,0,1,SL,0,2,2,8,-2
d176702d-db19-3ba1-a263-9721870c9fb3,0,1,FF,0,1,2,9,0
b4899be2-bf6b-3009-a35d-71a4a4d1e37b,0,0,CH,0,1,0,5,0
8fc60f18-6ae2-3cc4-a3ff-2279b545e97f,0,0,CU,1,2,2,2,0
625bc2e3-dbf3-3b1e-a068-a4adf107272b,0,0,KC,3,1,1,5,-2
f5c8709a-d8d7-31d4-9fc8-53bd15e453d5,0,0,FF,1,0,2,6,-2
507b0ab9-e661-3a56-8926-4ab8c641f0a4,0,0,FC,1,2,0,3,-1
91c6e201-cb9a-3435-9a7b-b02e4670dae7,0,1,FF,1,1,2,6,-1
996dc989-c90d-3307-a096-b7eda928358a,0,1,CU,2,2,0,3,-1
f2ed0394-03b9-3c12-b502-f5642d68ae10,0,0,,0,0,0,5,3
cf7b7761-2da4-3f40-ac53-3f2873dc4ce6,0,0,CH,1,0,1,4,4
5d10956e-1a11-3f24-9343-986c6f6039d8,0,0,SL,2,2,1,5,6
2f7d70f4-5a3f-3ca2-a17a-d44bc18dd80f,0,0,CU,1,1,2,4,4
48cccd4c-bc95-3d45-9279-d53515ffaf37,0,0,CH,3,2,0,3,0
5697b04d-3fae-49a7-b11f-cf0880fff654,0,0,FF,3,2,0,3,-1
e81ca5d1-b3cd-49f0-a82d-86c1297586ed,0,1,SI,2,3,0,1,0
58060e4d-eac3-4c39-be38-dafe8a9d5b40,0,1,FF,0,1,1,1,0
2e869f86-3447-4e83-b281-565753fb61c1,0,0,SI,1,0,0,8,-1
1d0173d3-52f9-300f-aa99-2be4f2d31819,1,1,CU,1,3,1,3,2
46fc8766-4240-3f40-b40a-60f8eb859d75,0,1,SI,0,1,1,4,1
9c1359f9-f5ab-4c59-b16e-732305032b69,1,1,,1,0,2,6,-1
fb50dc34-3cac-3d8d-973c-ac5c2388c8c2,0,1,FF,2,2,1,7,4
196a230f-4fa7-3bec-8804-37bd16c6e372,0,1,FS,1,1,2,5,2
aa9d4f73-01dd-3134-add6-47e56fe173c8,0,1,FF,1,2,1,6,0
a3ae9fb6-5ece-33ff-a963-fb21148e7fe1,0,1,,3,2,1,7,0
68f1f8b0-baf6-3955-94b6-5c2c798428c7,0,1,SL,0,2,1,2,1
60c4a33c-c4e8-3423-b7b3-5eb05ebf17ce,0,0,FF,1,1,0,3,0
7dd8d049-da0e-377b-a80b-f262b2c1aff2,0,1,FF,0,2,0,2,1
d582e1cd-63e2-3d16-8702-7993d80397f2,0,1,FF,0,3,1,9,-1
b1c84b64-b280-3247-982a-6e4467a9cf20,0,0,FF,2,3,1,2,1
58659b8b-082a-3a2e-9d16-27076a63f2f0,0,0,FF,3,2,1,2,2
a3d22c67-1587-380e-992c-a02cae26df13,0,0,FF,2,2,2,7,0
95b3c1b5-2539-3a8d-9bbd-c8a25974194e,0,0,SI,2,2,2,3,1
0e81a8bc-bd8d-36b5-88ff-7b019227d8d3,0,1,CH,2,2,2,3,0
464d3d53-260a-3517-b0d3-3695a62d564c,0,0,CH,1,2,2,8,5
b4e3f1ed-ae04-3cc3-b6ad-7d92ab031820,1,0,,1,2,1,8,-3
4f34dcbd-8c08-3ea5-9f0e-317ddebc63f0,1,1,,3,2,1,6,-3
248f7932-b6c8-3b0a-9303-2f3e7293193a,1,0,FC,1,0,1,5,5
ed3249a4-7910-3ddc-9f35-6f8a141d833b,1,1,FF,1,0,2,7,3
4a90dc67-0cad-30bd-ab9d-0a5f2d6f7886,0,0,FS,1,2,0,9,3
f4089b24-62ee-3a0b-bf83-525b69d71386,0,0,FS,1,1,0,10,1
98312ab2-b282-3438-8ab9-00667fb0b799,0,0,SI,2,1,0,3,0
d6dcbf74-f927-39d4-b97e-8733095cea96,1,1,FF,2,2,2,1,6
e2c99f40-2286-32d2-9195-2be56276f284,1,1,CH,0,1,1,2,4
6f1fc541-6e7d-3cf2-9c7e-a07240d1038f,1,1,KC,1,1,2,3,5
169bf942-bb8c-34a0-8321-f6e929cc983f,0,0,SI,0,1,2,5,1
232b9506-7a6f-30a4-aad5-26933d77b5da,1,1,CU,0,2,0,2,2
11e691ce-f91e-3a23-b41c-25bf488c656a,0,0,SL,1,2,1,8,4
bb621125-1aca-3a09-a5b5-c3f2f179506d,0,1,ST,0,3,0,5,-2
