runner_id,season,player_name,team,sprint_speed,ground,burst_ft,SB,CS,net_sb,raw_succ,sb_attempts,steal_plus,steal_plus_pct,burst_pct,netspeed,surplus
516782,2021,Starling Marte,,28.5,11.25314466447028,-0.3131139901628952,47,5,42,0.9038461538461539,52,16.975758740604608,100.0,43.828125,25.024241259395392,16.975758740604608
593160,2021,Whit Merrifield,,28.6,12.462239741136477,0.9372281794221493,40,4,36,0.9090909090909091,44,14.634712387924246,99.921875,74.375,21.365287612075754,14.634712387924246
571740,2016,Billy Hamilton,,30.2,12.327507131579562,1.4624490565667916,58,8,50,0.8787878787878788,66,13.369757621328795,99.84375,82.96875,36.630242378671205,13.369757621328795
434658,2016,Rajai Davis,,28.9,12.886352266796793,1.485081983839006,43,6,37,0.8775510204081632,49,12.568960281247126,99.765625,83.4375,24.431039718752874,12.568960281247126
592885,2019,Christian Yelich,,28.7,13.901121700250526,2.4173572314550444,30,2,28,0.9375,32,12.322751101503776,99.6875,93.28125,15.677248898496224,12.322751101503776
542340,2018,Jonathan Villar,,27.6,12.639892149916957,0.7024096590141546,35,5,30,0.875,40,12.31273511044538,99.609375,69.6875,17.68726488955462,12.31273511044538
666182,2021,Bo Bichette,,28.0,12.592789609626946,0.8202954903995341,25,1,24,0.9615384615384616,26,12.051989621128525,99.53125,72.265625,11.948010378871475,12.051989621128525
542932,2022,Jon Berti,,29.5,10.494743786516592,-0.6590439389281091,41,5,36,0.8913043478260869,46,11.867088767611296,99.453125,35.78125,24.132911232388704,11.867088767611296
669242,2022,Tommy Edman,,28.7,12.181848588916372,0.6980841201208907,32,3,29,0.9142857142857143,35,11.853009017269756,99.375,69.453125,17.146990982730244,11.853009017269756
502671,2016,Paul Goldschmidt,,27.3,13.67642659105387,1.6152028213945258,32,5,27,0.8648648648648649,37,11.12094334517513,99.296875,85.390625,15.87905665482487,11.12094334517513
621439,2017,Byron Buxton,,30.5,10.653728727575775,-0.08758806868045355,29,1,28,0.9666666666666667,30,10.959351961920106,99.21875,49.296875,17.040648038079894,10.959351961920106
608070,2018,José Ramírez,,27.4,12.675221379050212,0.6552447023097141,34,6,28,0.85,40,10.659879880184597,99.140625,68.671875,17.340120119815403,10.659879880184597
456715,2017,Lorenzo Cain,,28.7,13.01746607029104,1.533701601495558,26,2,24,0.9285714285714286,28,10.282407213815805,99.0625,83.984375,13.717592786184195,10.282407213815805
670032,2021,Nicky Lopez,,28.2,12.550422577338056,0.860422643948338,22,1,21,0.9565217391304348,23,10.230997960705952,98.984375,72.96875,10.769002039294048,10.230997960705952
605141,2017,Mookie Betts,,27.9,13.820297791228358,2.0065565790820976,26,3,23,0.896551724137931,29,9.799213017981511,98.90625,89.921875,13.200786982018489,9.799213017981511
502481,2019,Jarrod Dyson,,28.4,10.845909158886407,-0.7615965886656166,30,4,26,0.8823529411764706,34,9.785532626765253,98.828125,33.59375,16.214467373234747,9.785532626765253
663656,2022,Kyle Tucker,,26.7,11.047249227017556,-1.261457100154873,25,4,21,0.8620689655172413,29,9.309292766347077,98.75,20.78125,11.690707233652923,9.309292766347077
592663,2022,J.T. Realmuto,,28.7,11.804324846449383,0.32056037765390144,21,1,20,0.9545454545454546,22,9.221891382283847,98.671875,61.5625,10.778108617716153,9.221891382283847
609275,2019,Adalberto Mondesi,,29.9,12.117844318844218,1.1290449650749057,43,7,36,0.86,50,8.900712823055557,98.59375,78.203125,27.099287176944443,8.900712823055557
668942,2022,Josh Rojas,,27.3,14.01236719873216,1.9511434290728165,23,3,20,0.8846153846153846,26,8.841743972285226,98.515625,88.984375,11.158256027714774,8.841743972285226
545361,2018,Mike Trout,,29.2,12.502313003020864,1.2247839988196194,24,2,22,0.9230769230769231,26,8.698125019145596,98.4375,79.765625,13.301874980854404,8.698125019145596
542340,2019,Jonathan Villar,,27.9,11.050961195658363,-0.7627800164878966,40,9,31,0.8163265306122449,49,8.695221995899793,98.359375,33.515625,22.304778004100207,8.695221995899793
664702,2022,Myles Straw,,29.3,12.442617454261423,1.2063355429790263,21,1,20,0.9545454545454546,22,8.649102512214146,98.28125,79.375,11.350897487785854,8.649102512214146
608070,2021,José Ramírez,,28.1,12.268001038576955,0.5367540122683909,27,4,23,0.8709677419354839,31,8.619776719225445,98.203125,66.328125,14.380223280774555,8.619776719225445
605480,2019,Mallex Smith,,29.4,10.90230426988059,-0.2927305484829592,46,9,37,0.8363636363636363,55,8.384094251339658,98.125,44.453125,28.615905748660342,8.384094251339658
605141,2016,Mookie Betts,,27.9,10.802576619488969,-1.0111645926572912,26,4,22,0.8666666666666667,30,8.344013466877424,98.046875,26.015624999999996,13.655986533122576,8.344013466877424
514888,2022,Jose Altuve,,28.1,12.405655974373268,0.6744089480647038,18,1,17,0.9473684210526315,19,8.18631476339624,97.96875,68.828125,8.81368523660376,8.18631476339624
598265,2018,Jackie Bradley Jr.,,27.8,11.987577595758102,0.1325892906929944,17,1,16,0.9444444444444444,18,7.884515653317777,97.890625,55.078125,8.115484346682223,7.884515653317777
514888,2017,Jose Altuve,,28.4,11.75355556381847,0.1460498162664461,32,6,26,0.8421052631578947,38,7.877948229914107,97.8125,55.78125000000001,18.122051770085893,7.877948229914107
607208,2017,Trea Turner,,30.3,12.383316049399447,1.5595050673055244,46,8,38,0.8518518518518519,54,7.795478970604126,97.734375,84.53125,30.204521029395874,7.795478970604126
607208,2019,Trea Turner,,30.3,12.1762476860436,1.352436703949678,35,5,30,0.875,40,7.626280718966019,97.65625,81.71875,22.37371928103398,7.626280718966019
425783,2019,Shin-Soo Choo,,26.6,14.954899041524127,2.6049456214328526,15,1,14,0.9375,16,7.619383583656575,97.578125,94.6875,6.380616416343425,7.619383583656575
543939,2019,Kolten Wong,,27.6,13.146182915403287,1.2087004245004849,24,4,20,0.8571428571428571,28,7.618914577311767,97.5,79.609375,12.381085422688233,7.618914577311767
669242,2021,Tommy Edman,,28.9,11.603255591148239,0.20198530819045146,30,5,25,0.8571428571428571,35,7.549257343747946,97.421875,57.73437500000001,17.450742656252054,7.549257343747946
572008,2016,Chris Owings,,28.9,14.537895207304818,3.1366249243470303,21,2,19,0.9130434782608695,23,7.532369111605794,97.34375,96.40625,11.467630888394206,7.532369111605794
541650,2016,Hernán Pérez,,28.4,11.825954752539364,0.21844900498734,34,7,27,0.8292682926829268,41,7.447259932275749,97.265625,58.67187499999999,19.55274006772425,7.447259932275749
453056,2017,Jacoby Ellsbury,,28.1,11.452607571938326,-0.2786394543702375,22,3,19,0.88,25,7.403045741310843,97.1875,44.6875,11.596954258689157,7.403045741310843
624415,2019,Cavan Biggio,,28.3,14.871821550597753,3.223068710126883,14,0,14,1.0,14,7.384204945725349,97.109375,96.71875,6.615795054274651,7.384204945725349
502671,2021,Paul Goldschmidt,,26.3,15.097660915249971,2.623966216402154,12,0,12,1.0,12,7.370752834125078,97.03125,94.765625,4.629247165874922,7.370752834125078
593160,2018,Whit Merrifield,,29.0,13.456865731204054,2.096842541165115,45,10,35,0.8181818181818182,55,7.338742368122485,96.953125,90.859375,27.661257631877515,7.338742368122485
605141,2018,Mookie Betts,,28.1,13.594662962069657,1.8634159357610933,30,6,24,0.8333333333333334,36,7.300385867487613,96.875,87.890625,16.699614132512387,7.300385867487613
643217,2018,Andrew Benintendi,,27.7,13.674182605406699,1.7779472074227431,21,3,18,0.875,24,7.283497635345466,96.796875,87.109375,10.716502364654534,7.283497635345466
462101,2019,Elvis Andrus,,26.7,12.273982108731134,-0.03472421844129414,31,8,23,0.7948717948717948,39,7.278014409915036,96.71875,50.85937499999999,15.721985590084964,7.278014409915036
608070,2019,José Ramírez,,27.9,11.949262492037265,0.13552127989100526,24,4,20,0.8571428571428571,28,7.254412569085597,96.640625,55.234375,12.745587430914403,7.254412569085597
542340,2016,Jonathan Villar,,28.0,11.48786038391796,-0.2846337353094519,62,18,44,0.775,80,7.236891141933924,96.5625,44.609375,36.763108858066076,7.236891141933924
607208,2022,Trea Turner,,30.3,11.668389265238682,0.8445782831447595,27,3,24,0.9,30,7.219710539224515,96.484375,72.734375,16.780289460775485,7.219710539224515
641796,2019,Tim Locastro,,30.7,10.622217763865107,-0.036604846553426995,17,0,17,1.0,17,7.1960962512822295,96.40625,50.70312500000001,9.80390374871777,7.1960962512822295
572821,2016,Brian Dozier,,27.7,12.01006764022944,0.1138322422454845,18,2,16,0.9,20,7.069581362787888,96.328125,54.60937500000001,8.930418637212112,7.069581362787888
456488,2016,Eduardo Núñez,,28.0,10.718910832482548,-1.053583286744864,40,10,30,0.8,50,7.023056963708704,96.25,25.0,22.976943036291296,7.023056963708704
623205,2022,Andrew Velazquez,,29.1,10.633746046471261,-0.6850300506488303,17,1,16,0.9444444444444444,18,6.869117201830582,96.171875,35.078125,9.130882798169418,6.869117201830582
663538,2022,Nico Hoerner,,29.1,13.144959389225095,1.8261832921050036,20,2,18,0.9090909090909091,22,6.840032135570711,96.09375,87.5,11.159967864429289,6.840032135570711
596115,2022,Trevor Story,,28.4,11.800984728719587,0.1934789811675639,13,0,13,1.0,13,6.800350710233774,96.015625,57.578125,6.199649289766226,6.800350710233774
641313,2022,Tim Anderson,,28.4,12.538101481204329,0.9305957336523054,13,0,13,1.0,13,6.800350710233774,96.015625,74.21875,6.199649289766226,6.800350710233774
502054,2019,Tommy Pham,,28.7,14.057503088047941,2.5737386192524596,25,4,21,0.8620689655172413,29,6.792493185737797,95.859375,94.375,14.207506814262203,6.792493185737797
570256,2021,Gregory Polanco,,27.2,10.41943665418568,-1.6830342083925114,14,1,13,0.9333333333333333,15,6.627634243721428,95.78125,11.5625,6.372365756278572,6.627634243721428
605548,2017,Bradley Zimmer,,30.0,10.64102350552983,-0.3065287553206346,18,1,17,0.9473684210526315,19,6.619823989948049,95.703125,44.0625,10.380176010051951,6.619823989948049
671739,2022,Michael Harris II,,29.4,12.173197004736583,0.9781621863730336,20,2,18,0.9090909090909091,22,6.553637700535862,95.625,75.46875,11.446362299464138,6.553637700535862
593428,2017,Xander Bogaerts,,28.3,14.923769089100514,3.275016248629644,15,1,14,0.9375,16,6.439091366543256,95.546875,97.03125,7.560908633456744,6.439091366543256
543768,2017,Travis Shaw,,25.7,18.029348313503917,5.308171057143014,10,0,10,1.0,10,6.402652605741974,95.46875,99.765625,3.597347394258026,6.402652605741974
571976,2016,Wil Myers,,28.0,12.685908169765495,0.9134140505380834,28,6,22,0.8235294117647058,34,6.375678735321918,95.390625,73.90625,15.624321264678082,6.375678735321918
609275,2021,Adalberto Mondesi,,28.4,13.977140771765061,2.3696350242130375,15,1,14,0.9375,16,6.369662412595414,95.3125,92.65625,7.630337587404586,6.369662412595414
571740,2017,Billy Hamilton,,30.1,11.933288605161176,1.0269834372295588,59,13,46,0.8194444444444444,72,6.352165879669414,95.234375,76.5625,39.647834120330586,6.352165879669414
543760,2021,Marcus Semien,,28.6,13.986781075910898,2.46176951419657,15,1,14,0.9375,16,6.2308045046997265,95.15625,93.515625,7.7691954953002735,6.2308045046997265
642708,2021,Amed Rosario,,29.5,10.473190415522021,-0.6805973099226801,13,0,13,1.0,13,6.179829434324931,95.078125,35.234375,6.820170565675069,6.179829434324931
665487,2021,Fernando Tatis Jr.,,29.2,11.52309415348668,0.24556514928543471,25,4,21,0.8620689655172413,29,6.163293290585473,95.0,59.921875,14.836706709414527,6.163293290585473
641313,2017,Tim Anderson,,28.7,12.961108881932551,1.4773444131370699,15,1,14,0.9375,16,6.161375550751888,94.921875,83.28125,7.838624449248112,6.161375550751888
453923,2017,Grégor Blanco,,28.9,12.433549893374012,1.032279610416225,15,1,14,0.9375,16,6.022517642856204,94.84375,76.640625,7.977482357143796,6.022517642856204
592518,2018,Manny Machado,,26.3,12.542318785832306,0.06862408698448874,14,2,12,0.875,16,5.827670445500104,94.765625,53.359375,6.172329554499896,5.827670445500104
607208,2021,Trea Turner,,30.6,12.06968319073189,1.3696134873945098,32,5,27,0.8648648648648649,37,5.822646297030413,94.6875,82.03125,21.177353702969587,5.822646297030413
592885,2022,Christian Yelich,,28.1,12.215290202270044,0.48404317596147983,19,3,16,0.8636363636363636,22,5.794680252353542,94.609375,65.078125,10.205319747646458,5.794680252353542
600301,2017,Taylor Motter,,26.7,11.89314466447028,-0.41556166270214945,12,1,11,0.9230769230769231,13,5.759338136638346,94.53125,40.9375,5.240661863361654,5.759338136638346
462101,2022,Elvis Andrus,,26.1,12.835758019220048,0.279569134534535,18,4,14,0.8181818181818182,22,5.703976485919208,94.453125,60.62499999999999,8.296023514080792,5.703976485919208
607208,2016,Trea Turner,,30.0,10.928256914959414,-0.01929534589105053,33,6,27,0.8461538461538461,39,5.693322926735469,94.375,51.171875,21.30667707326453,5.693322926735469
664983,2022,Jake McCarthy,,30.1,12.827380336728657,1.9210751687970404,23,3,20,0.8846153846153846,26,5.682726567658399,94.296875,88.671875,14.3172734323416,5.682726567658399
669242,2019,Tommy Edman,,29.4,13.677420319239296,2.482385500875747,15,1,14,0.9375,16,5.6753728731169915,94.21875,93.59375,8.324627126883009,5.6753728731169915
596146,2021,Max Kepler,,27.4,9.232396086627078,-2.7875805901134196,10,0,10,1.0,10,5.664969970046149,94.140625,2.96875,4.335030029953851,5.664969970046149
643396,2022,Isiah Kiner-Falefa,,28.4,11.246579815873476,-0.3609259316785476,22,4,18,0.8461538461538461,26,5.600701420467548,94.0625,42.65625,12.399298579532452,5.600701420467548
641355,2018,Cody Bellinger,,28.8,12.429257333633142,0.9867399577565088,14,1,13,0.9333333333333333,15,5.5861999345037905,93.984375,75.703125,7.4138000654962095,5.5861999345037905
516782,2016,Starling Marte,,28.9,9.985186288897124,-1.4160839940606635,47,12,35,0.7966101694915254,59,5.583033808032255,93.90625,16.71875,29.416966191967745,5.583033808032255
595777,2018,Jurickson Profar,,27.6,11.75082939288574,-0.18665309801706265,10,0,10,1.0,10,5.578183777611345,93.828125,47.109375,4.421816222388655,5.578183777611345
642423,2021,Magneuris Sierra,,28.8,10.014178488009444,-1.4283388878671897,11,0,11,1.0,11,5.56321328530278,93.75,16.40625,5.43678671469722,5.56321328530278
488726,2017,Michael Brantley,,26.0,12.939828811842398,0.3423928342380371,11,1,10,0.9166666666666666,12,5.526967980507722,93.671875,62.34375,4.473032019492278,5.526967980507722
595281,2016,Kevin Kiermaier,,29.4,11.757076262217817,0.5620414438542678,21,3,18,0.875,24,5.513059309675487,93.59375,67.1875,12.486940690324513,5.513059309675487
571976,2018,Wil Myers,,28.1,13.194487132945095,1.4632401066365315,13,1,12,0.9285714285714286,14,5.505705615134072,93.515625,83.125,6.494294384865928,5.505705615134072
664702,2021,Myles Straw,,29.3,11.748809284167738,0.5125273728853408,30,6,24,0.8333333333333334,36,5.425804110895875,93.4375,65.703125,18.574195889104125,5.425804110895875
665742,2019,Juan Soto,,27.3,13.585180447008005,1.5239566773486608,12,1,11,0.9230769230769231,13,5.420871986142613,93.359375,83.828125,5.579128013857387,5.420871986142613
665926,2021,Andrés Giménez,,29.1,11.997398210873113,0.678622113753022,11,0,11,1.0,11,5.4200160677853555,93.28125,69.140625,5.5799839322146445,5.4200160677853555
592885,2017,Christian Yelich,,28.4,11.534841807483831,-0.07266394006819255,16,2,14,0.8888888888888888,18,5.415870214169841,93.203125,49.6875,8.584129785830159,5.415870214169841
643393,2022,Tony Kemp,,26.3,10.445220926688096,-2.028473772159721,11,1,10,0.9166666666666666,12,5.370752834125078,93.125,8.125,4.629247165874922,5.370752834125078
607208,2018,Trea Turner,,30.1,11.791394763664583,0.8850895957329659,43,9,34,0.8269230769230769,52,5.365453135316798,93.046875,73.4375,28.6345468646832,5.365453135316798
592885,2018,Christian Yelich,,28.7,13.513622911796604,2.029858443001123,22,4,18,0.8461538461538461,26,5.262235269971818,92.96875,90.15625,12.737764730028182,5.262235269971818
460075,2019,Ryan Braun,,26.6,16.594501852828763,4.2445484327374885,11,1,10,0.9166666666666666,12,5.214537687742431,92.890625,99.140625,4.785462312257569,5.214537687742431
596451,2020,Roman Quinn,,30.5,11.711249059125516,0.9699322628692872,12,0,12,1.0,12,5.183740784768043,92.8125,75.15625,6.816259215231957,5.183740784768043
596019,2019,Francisco Lindor,,27.5,13.744261399830613,1.7655318160089628,22,5,17,0.8148148148148148,27,5.178257559337615,92.734375,87.03125,11.821742440662385,5.178257559337615
665926,2022,Andrés Giménez,,29.3,10.69194206636749,-0.5443398449149068,20,3,17,0.8695652173913043,23,5.133152626405698,92.65625,38.4375,11.866847373594302,5.133152626405698
460086,2018,Alex Gordon,,25.5,13.986952502289292,1.1832810600906942,12,2,10,0.8571428571428571,14,5.0852143174474875,92.578125,78.828125,4.9147856825525125,5.0852143174474875
621035,2021,Chris Taylor,,28.8,12.779555271330178,1.3370378954535447,13,1,12,0.9285714285714286,14,5.080453272203537,92.5,81.484375,6.919546727796463,5.080453272203537
663656,2021,Kyle Tucker,,27.4,10.846327881016835,-1.173648795723663,14,2,12,0.875,16,5.06395195207384,92.421875,22.578125,6.93604804792616,5.06395195207384
456715,2018,Lorenzo Cain,,28.6,14.015162555739144,2.490150994024816,30,7,23,0.8108108108108109,37,5.033735417118116,92.34375,93.671875,17.966264582881884,5.033735417118116
664059,2022,Sam Haggerty,,28.9,13.900939591940489,2.4996693089827016,13,1,12,0.9285714285714286,14,5.019702937499179,92.265625,93.90625,6.980297062500821,5.019702937499179
408314,2017,José Reyes,,27.4,12.061917961224072,0.04194128448357404,24,6,18,0.8,30,4.99490991013845,92.1875,52.578125,13.00509008986155,4.99490991013845
547982,2016,Leonys Martin,,27.4,11.359788464983872,-0.6601882117566262,24,6,18,0.8,30,4.99490991013845,92.1875,35.703125,13.00509008986155,4.99490991013845
519299,2019,Eric Sogard,,26.2,10.873303514551894,-1.6416382772147706,8,0,8,1.0,8,4.948549699723973,92.03125,12.265625,3.051450300276027,4.948549699723973
457727,2017,Cameron Maybin,,28.7,11.573018942799308,0.0892544740038268,33,8,25,0.8048780487804879,41,4.913524848801714,91.953125,53.90625,20.086475151198286,4.913524848801714
596103,2022,Austin Slater,,28.2,11.491192606103436,-0.19880732728628203,12,1,11,0.9230769230769231,13,4.913172760399017,91.875,46.640625,6.086827239600983,4.913172760399017
607387,2016,Ryan Rua,,27.9,14.504241213620263,2.6905000014740033,9,0,9,1.0,9,4.903204040063228,91.796875,95.0,4.096795959936772,4.903204040063228
596103,2021,Austin Slater,,28.4,11.560284054714842,-0.047221692837181806,15,2,13,0.8823529411764706,17,4.8927663133826265,91.71875,50.546875,8.107233686617374,4.8927663133826265
666969,2022,Adolis García,,27.9,10.733547808456422,-1.0801934036898384,25,6,19,0.8064516129032258,31,4.888813915773339,91.640625,24.53125,14.111186084226661,4.888813915773339
458731,2018,Brett Gardner,,29.1,12.001992509914707,0.6832164127946161,16,2,14,0.8888888888888888,18,4.869117201830582,91.5625,69.296875,9.130882798169418,4.869117201830582
592450,2022,Aaron Judge,,27.3,12.775194887924517,0.7139711182651727,16,3,13,0.8421052631578947,19,4.845889825900743,91.484375,70.3125,8.154110174099257,4.845889825900743
543760,2017,Marcus Semien,,28.4,12.5184839615599,0.9109782140078764,12,1,11,0.9230769230769231,13,4.800350710233774,91.40625,73.75,6.199649289766226,4.800350710233774
502481,2017,Jarrod Dyson,,28.1,10.64001542083051,-1.091231605478054,28,7,21,0.8,35,4.764264037835179,91.328125,24.375,16.23573596216482,4.764264037835179
607054,2022,Jace Peterson,,28.5,11.638862794168743,0.07260413953556721,12,1,11,0.9230769230769231,13,4.743939685151152,91.25,53.43750000000001,6.256060314848848,4.743939685151152
502481,2016,Jarrod Dyson,,28.8,10.896046352963955,-0.5464710229126784,30,7,23,0.8108108108108109,37,4.712626505109348,91.171875,38.359375,18.28737349489065,4.712626505109348
656941,2022,Kyle Schwarber,,26.4,14.825790414609637,2.393342808680666,10,1,9,0.9090909090909091,11,4.70879102544218,91.09375,93.046875,4.29120897455782,4.70879102544218
493329,2022,Yuli Gurriel,,26.9,12.40912502654245,0.1829128852077151,8,0,8,1.0,8,4.7055483609065245,91.015625,57.03125,3.2944516390934755,4.7055483609065245
544725,2018,Leury García,,28.6,11.01821336078968,-0.5067982009246474,12,1,11,0.9230769230769231,13,4.687528660068528,90.9375,39.609375,6.312471339931472,4.687528660068528
516782,2017,Starling Marte,,28.8,9.745645431629967,-1.6968719442466664,21,4,17,0.84,25,4.643666557506316,90.859375,11.25,12.356333442493684,4.643666557506316
425877,2019,Yadier Molina,,22.7,17.554634503025866,3.5960444590995433,6,0,6,1.0,6,4.622667295358411,90.78125,98.125,1.377332704641589,4.622667295358411
542979,2016,Keon Broxton,,29.7,12.265356645523944,1.1940631059169373,23,4,19,0.8518518518518519,27,4.600707644023968,90.703125,79.140625,14.399292355976032,4.600707644023968
545361,2017,Mike Trout,,29.3,10.271776251448774,-0.9645056598336232,22,4,18,0.8461538461538461,26,4.585302968980354,90.625,27.109375000000004,13.414697031019646,4.585302968980354
572669,2017,Lane Adams,,29.9,9.972978674490877,-1.015820679278436,10,0,10,1.0,10,4.580142564611112,90.546875,25.937500000000004,5.419857435388888,4.580142564611112
663993,2021,Nathaniel Lowe,,27.3,15.642419807799506,3.5811960381401615,8,0,8,1.0,8,4.566690453010839,90.46875,98.046875,3.433309546989161,4.566690453010839
645277,2021,Ozzie Albies,,28.4,11.850162420030507,0.24265667247848377,20,4,16,0.8333333333333334,24,4.554493618893121,90.390625,59.68750000000001,11.44550638110688,4.554493618893121
545361,2016,Mike Trout,,28.9,11.797872164675566,0.3966018817177783,30,7,23,0.8108108108108109,37,4.5520720491049715,90.3125,63.59375000000001,18.44792795089503,4.5520720491049715
656185,2018,Greg Allen,,28.9,10.358049425314523,-1.0432208576432647,21,4,17,0.84,25,4.535183816962819,90.234375,25.390625,12.46481618303718,4.535183816962819
543281,2016,Josh Harrison,,27.9,11.813069009797303,-0.0006722023489569295,19,4,15,0.8260869565217391,23,4.530410324606025,90.15625,51.48437500000001,10.469589675393975,4.530410324606025
593160,2017,Whit Merrifield,,29.2,11.393366021577837,0.11583701737659169,34,8,26,0.8095238095238095,42,4.5123558001582715,90.078125,54.6875,21.48764419984173,4.5123558001582715
593428,2020,Xander Bogaerts,,27.6,15.986749120677738,4.049266629774936,8,0,8,1.0,8,4.462547022089076,90.0,98.984375,3.537452977910924,4.462547022089076
543829,2017,Dee Strange-Gordon,,29.4,11.423707804972722,0.22867298660917257,60,16,44,0.7894736842105263,76,4.458021147305708,89.921875,59.140625,39.54197885269429,4.458021147305708
543807,2022,George Springer,,28.3,11.440680609554972,-0.20807223091589755,14,2,12,0.875,16,4.439091366543256,89.84375,46.171875,7.560908633456744,4.439091366543256
606115,2016,Orlando Arcia,,27.7,13.455486581548351,1.5592511835643954,8,0,8,1.0,8,4.427832545115155,89.765625,84.453125,3.5721674548848448,4.427832545115155
677551,2022,Wander Franco,,27.8,12.024415228812492,0.169426923747384,8,0,8,1.0,8,4.393118068141234,89.6875,56.796875,3.6068819318587657,4.393118068141234
592743,2016,Andrelton Simmons,,27.1,12.365736173043492,0.222018217546454,10,1,9,0.9090909090909091,11,4.374664184568186,89.609375,58.90625000000001,4.625335815431814,4.374664184568186
462101,2021,Elvis Andrus,,26.7,12.437361196645154,0.12865486947272586,12,2,10,0.8571428571428571,14,4.356210300995141,89.53125,55.00000000000001,5.643789699004859,4.356210300995141
605141,2019,Mookie Betts,,27.9,12.562912003608826,0.749170791462566,16,3,13,0.8421052631578947,19,4.351208529022369,89.453125,71.171875,8.648791470977631,4.351208529022369
461865,2016,Andrew Romine,,28.0,12.775998615230725,1.0035044960033126,8,0,8,1.0,8,4.323689114193392,89.375,76.015625,3.6763108858066076,4.323689114193392
502671,2022,Paul Goldschmidt,,26.3,13.528189392642437,1.05449469379462,7,0,7,1.0,7,4.299605819906295,89.296875,77.03125,2.7003941800937046,4.299605819906295
571740,2021,Billy Hamilton,,29.5,14.416445287616453,3.2626575621717517,9,0,9,1.0,9,4.278343454532645,89.21875,96.875,4.721656545467355,4.278343454532645
543401,2016,Jason Kipnis,,27.3,12.69177976569654,0.6305559960371951,15,3,12,0.8333333333333334,18,4.275053519274388,89.140625,68.203125,7.724946480725612,4.275053519274388
546318,2016,Odúbel Herrera,,27.3,10.744511844936065,-1.316711924723279,25,7,18,0.78125,32,4.266761812043356,89.0625,18.984375,13.733238187956644,4.266761812043356
660670,2019,Ronald Acuña Jr.,,29.3,12.167451613262433,0.9311697019800356,37,9,28,0.8043478260869565,46,4.266305252811396,88.984375,74.296875,23.733694747188604,4.266305252811396
501659,2016,Abraham Almonte,,28.2,9.275339297089621,-2.4146606363000966,8,0,8,1.0,8,4.254260160245549,88.90625,4.84375,3.7457398397544512,4.254260160245549
543063,2016,Brandon Crawford,,26.7,15.16606261944102,2.857356292268591,7,0,7,1.0,7,4.17810515049757,88.828125,95.46875,2.8218948495024296,4.17810515049757
458731,2017,Brett Gardner,,28.8,12.052509596477375,0.6099922206007413,23,5,18,0.8214285714285714,28,4.160906544407075,88.75,67.8125,13.839093455592925,4.160906544407075
542340,2022,Jonathan Villar,,26.8,13.415928434924547,1.1484692006709665,7,0,7,1.0,7,4.14772998314539,88.671875,78.515625,2.85227001685461,4.14772998314539
592518,2022,Manny Machado,,26.4,12.659098219973382,0.22665061404441111,9,1,8,0.9,10,4.098900932220164,88.59375,59.06249999999999,3.9010990677798363,4.098900932220164
519346,2018,Eric Thames,,27.0,11.804660702910379,-0.3803043455055075,7,0,7,1.0,7,4.086979648441028,88.515625,42.109375,2.9130203515589717,4.086979648441028
621035,2019,Chris Taylor,,28.7,13.47053130972051,1.9867668409250285,8,0,8,1.0,8,4.080687775375944,88.4375,89.53125,3.919312224624056,4.080687775375944
664058,2021,David Fletcher,,27.6,11.399461567657475,-0.5380209232453268,15,3,12,0.8333333333333334,18,4.040730799700421,88.359375,38.671875,7.959269200299579,4.040730799700421
624503,2021,Nick Gordon,,27.8,9.640057828114413,-2.214930476950695,10,1,9,0.9090909090909091,11,4.040537343694197,88.28125,6.171875,4.959462656305803,4.040537343694197
458015,2016,Joey Votto,,25.0,15.779901810360846,2.769994903568012,8,1,7,0.8888888888888888,9,4.035763851337406,88.203125,95.234375,2.964236148662594,4.035763851337406
543829,2019,Dee Strange-Gordon,,28.5,11.901738691869417,0.3354800372362412,22,5,17,0.8148148148148148,27,4.006643961467777,88.125,62.03125000000001,12.993356038532223,4.006643961467777
572041,2018,AJ Pollock,,28.2,13.281900745621599,1.5919008122318807,13,2,11,0.8666666666666667,15,3.9767378004604037,88.046875,85.0,7.023262199539596,3.9767378004604037
485567,2017,Ezequiel Carrera,,28.0,11.61752176093659,-0.1549723582908218,10,1,9,0.9090909090909091,11,3.9450725320159146,87.96875,47.734375,5.054927467984085,3.9450725320159146
665750,2020,Leody Taveras,,29.1,12.887087996391173,1.568311899271082,8,0,8,1.0,8,3.9418298674802585,87.890625,84.6875,4.0581701325197415,3.9418298674802585
543939,2016,Kolten Wong,,27.5,9.532919489290114,-2.445810094531536,7,0,7,1.0,7,3.9351038116801225,87.8125,4.765625,3.0648961883198775,3.9351038116801225
605141,2022,Mookie Betts,,27.4,11.375245474097886,-0.6447312026426122,12,2,10,0.8571428571428571,14,3.93095795806461,87.734375,36.25,6.06904204193539,3.93095795806461
542303,2019,Marcell Ozuna,,27.4,13.968076805052357,1.948100128311859,12,2,10,0.8571428571428571,14,3.93095795806461,87.734375,88.90625,6.06904204193539,3.93095795806461
622534,2019,Manuel Margot,,29.0,11.71508520785225,0.35506201781331015,20,4,16,0.8333333333333334,24,3.9296330333625384,87.578125,62.734375,12.070366966637462,3.9296330333625384
595777,2019,Jurickson Profar,,26.8,13.893713098769192,1.6262538645156113,9,1,8,0.9,10,3.9253285473505564,87.5,85.625,4.074671452649444,3.9253285473505564
596019,2016,Francisco Lindor,,27.1,12.007982628019613,-0.13573532747742512,19,5,14,0.7916666666666666,24,3.9083582208760426,87.421875,48.28125,10.091641779123957,3.9083582208760426
642201,2022,Eli White,,30.0,12.539751693574068,1.5921994327236035,12,1,11,0.9230769230769231,13,3.8977743089118233,87.34375,85.078125,7.102225691088177,3.8977743089118233
607054,2021,Jace Peterson,,28.1,11.89878075965592,0.16753373334735677,10,1,9,0.9090909090909091,11,3.897340126176771,87.265625,56.640625,5.102659873823229,3.897340126176771
609275,2018,Adalberto Mondesi,,29.9,13.327333695223025,2.3385343414537125,32,7,25,0.8205128205128205,39,3.862556001983336,87.1875,92.421875,21.137443998016664,3.862556001983336
664056,2022,Harrison Bader,,29.1,11.236150040155817,-0.0826260569642745,17,3,14,0.85,20,3.8545746687006464,87.109375,49.609375,10.145425331299354,3.8545746687006464
571697,2016,Scooter Gennett,,25.5,11.612368903531467,-1.1913025386671308,8,1,7,0.8888888888888888,9,3.8404949183590986,87.03125,22.109375,3.1595050816409014,3.8404949183590986
543257,2021,Robbie Grossman,,27.7,10.609264907076978,-1.2869704909069775,20,5,15,0.8,25,3.8369767034848596,86.953125,20.234375,11.16302329651514,3.8369767034848596
444876,2016,Alcides Escobar,,27.5,10.433961068094176,-1.5447685157274744,17,4,13,0.8095238095238095,21,3.805311435040368,86.875,13.750000000000002,9.194688564959632,3.805311435040368
596103,2018,Austin Slater,,28.0,14.285576037892668,2.5130819186652555,7,0,7,1.0,7,3.7832279749192184,86.796875,94.140625,3.2167720250807816,3.7832279749192184
657656,2019,Ramón Laureano,,28.5,14.282146267287287,2.715887612654111,13,2,11,0.8666666666666667,15,3.781468867482099,86.71875,95.078125,7.218531132517901,3.781468867482099
542454,2017,Danny Santana,,28.1,12.903431522972488,1.1721844966639239,7,0,7,1.0,7,3.752852807567036,86.640625,78.59375,3.247147192432964,3.752852807567036
596019,2017,Francisco Lindor,,28.0,11.658993290774175,-0.11350082845323684,15,3,12,0.8333333333333334,18,3.728300506935133,86.5625,48.671875,8.271699493064867,3.728300506935133
656775,2021,Cedric Mullins,,28.5,10.237175901779665,-1.3290827528535107,30,8,22,0.7894736842105263,38,3.713054464287982,86.484375,18.828125,18.286945535712018,3.713054464287982
621035,2022,Chris Taylor,,28.5,14.51975804014988,2.9534993855167038,10,1,9,0.9090909090909091,11,3.706410502820206,86.40625,95.9375,5.293589497179794,3.706410502820206
592192,2021,Mark Canha,,27.8,13.113698054016293,1.2587097489511851,12,2,10,0.8571428571428571,14,3.68795661924716,86.328125,80.3125,6.31204338075284,3.68795661924716
621453,2021,Steven Duggar,,28.4,10.46212342943358,-1.1453823181184433,7,0,7,1.0,7,3.6617273055104933,86.25,23.125,3.3382726944895067,3.6617273055104933
681987,2022,Nate Eaton,,29.6,10.354355591249615,-0.7581850412762385,11,1,10,0.9166666666666666,12,3.652386223915978,86.171875,33.828125,6.347613776084022,3.652386223915978
456715,2021,Lorenzo Cain,,28.7,13.346801219610409,1.8630367508149277,13,2,11,0.8666666666666667,15,3.6512895788298954,86.09375,87.8125,7.348710421170105,3.6512895788298954
660634,2021,Yonny Hernández,,26.9,10.410158850081613,-1.8160532912531213,11,2,9,0.8461538461538461,13,3.6465160864731025,86.015625,9.84375,5.3534839135268975,3.6465160864731025
502671,2017,Paul Goldschmidt,,26.8,14.187646517299044,1.920187283045463,18,5,13,0.782608695652174,23,3.62825565890628,85.9375,88.59375,9.37174434109372,3.62825565890628
570256,2018,Gregory Polanco,,27.9,12.791872302623723,0.9781310904774632,12,2,10,0.8571428571428571,14,3.6272062845427984,85.859375,75.390625,6.372793715457202,3.6272062845427984
594809,2018,Adam Eaton,,27.5,12.97090188114071,0.9921722973190601,9,1,8,0.9,10,3.6215768738287464,85.78125,75.859375,4.378423126171254,3.6215768738287464
663647,2022,Ke'Bryan Hayes,,27.9,12.925554480270431,1.1118132681241715,20,5,15,0.8,25,3.6200112223978547,85.703125,77.96875,11.379988777602145,3.6200112223978547
500743,2021,Miguel Rojas,,26.6,12.204242492219741,-0.1457109278715336,13,3,10,0.8125,16,3.6193835836565746,85.625,47.96875,6.380616416343425,3.6193835836565746
606157,2019,Aristides Aquino,,28.6,11.670757507780257,0.1457459460659294,7,0,7,1.0,7,3.6009769708061303,85.546875,55.703125,3.3990230291938697,3.6009769708061303
664238,2021,Dylan Moore,,28.4,12.064765899013665,0.45726015146164123,21,5,16,0.8076923076923077,26,3.600701420467548,85.46875,64.375,12.399298579532452,3.600701420467548
596451,2019,Roman Quinn,,30.1,11.655979552835586,0.7496743849039689,8,0,8,1.0,8,3.5946850977410456,85.390625,71.25,4.405314902258954,3.5946850977410456
460086,2016,Alex Gordon,,26.2,12.372010223582206,-0.1429315681844585,8,1,7,0.8888888888888888,9,3.5671184121894695,85.3125,48.046875,3.4328815878105305,3.5671184121894695
596115,2018,Trevor Story,,29.6,11.154810300493686,0.04226966796783316,27,6,21,0.8181818181818182,33,3.5440621157689414,85.234375,52.65625000000001,17.45593788423106,3.5440621157689414
572041,2021,AJ Pollock,,27.7,13.622426357770633,1.7261909597866776,9,1,8,0.9,10,3.534790681393944,85.15625,86.171875,4.465209318606056,3.534790681393944
502082,2016,Lonnie Chisenhall,,26.9,10.144145207304819,-2.082066934029916,6,0,6,1.0,6,3.5291612706798934,85.078125,7.578124999999999,2.4708387293201066,3.5291612706798934
643396,2021,Isiah Kiner-Falefa,,28.0,11.63028878610602,-0.14220533312139239,20,5,15,0.8,25,3.511528481854352,85.0,48.125,11.488471518145648,3.511528481854352
546318,2022,Odúbel Herrera,,27.0,10.932105176275025,-1.2528598721408617,6,0,6,1.0,6,3.5031254129494527,84.921875,21.015625,2.4968745870505473,3.5031254129494527
594809,2019,Adam Eaton,,28.3,13.290583926837789,1.6418310863669188,15,3,12,0.8333333333333334,18,3.493977787361162,84.84375,85.703125,8.506022212638838,3.493977787361162
547180,2019,Bryce Harper,,28.3,13.714078446332708,2.0653256058618386,15,3,12,0.8333333333333334,18,3.493977787361162,84.84375,90.703125,8.506022212638838,3.493977787361162
663647,2021,Ke'Bryan Hayes,,27.8,10.757197524025061,-1.0977907810400467,9,1,8,0.9,10,3.491397585176543,84.6875,24.0625,4.508602414823457,3.491397585176543
622110,2021,Matt Duffy,,26.4,16.047493837767828,3.615046231838857,8,1,7,0.8888888888888888,9,3.4890108389981473,84.609375,98.203125,3.5109891610018527,3.4890108389981473
642180,2019,Tyler Wade,,29.0,12.040422577338056,0.6803993872991168,7,0,7,1.0,7,3.479476301397407,84.53125,69.21875,3.520523698602593,3.479476301397407
621433,2022,Brett Phillips,,29.0,11.735181469887587,0.37515827984864814,7,0,7,1.0,7,3.479476301397407,84.53125,63.125,3.520523698602593,3.479476301397407
502481,2018,Jarrod Dyson,,29.0,13.995331586674364,2.635308396635425,16,3,13,0.8421052631578947,19,3.444292818078676,84.375,94.84375,9.555707181921324,3.444292818078676
543829,2016,Dee Strange-Gordon,,29.6,10.237125171607584,-0.8754154609182692,30,7,23,0.8108108108108109,37,3.4281908570742665,84.296875,30.546875,19.571809142925733,3.4281908570742665
663757,2020,Trent Grisham,,29.1,15.301130259670462,3.9823541625503704,10,1,9,0.9090909090909091,11,3.4200160677853555,84.21875,98.59375,5.5799839322146445,3.4200160677853555
594694,2017,Wilmer Difo,,29.1,10.144265112025717,-1.1745109850943738,10,1,9,0.9090909090909091,11,3.4200160677853555,84.21875,22.5,5.5799839322146445,3.4200160677853555
518692,2022,Freddie Freeman,,26.9,12.721904269382925,0.49569212804819074,13,3,10,0.8125,16,3.411096721813049,84.0625,65.46875,6.588903278186951,3.411096721813049
516782,2019,Starling Marte,,29.0,11.66803349304422,0.30801030300528076,25,6,19,0.8064516129032258,31,3.409109334759945,83.984375,61.40624999999999,15.590890665240055,3.409109334759945
605509,2017,Kelby Tomlinson,,28.0,12.90769201263089,1.1351978934034772,9,1,8,0.9,10,3.4046113927417405,83.90625,78.28125,4.5953886072582595,3.4046113927417405
608336,2021,Joey Gallo,,27.4,14.16802385502515,2.148047178284651,6,0,6,1.0,6,3.39898198202769,83.828125,91.5625,2.60101801797231,3.39898198202769
643565,2020,Mike Tauchman,,27.4,13.912537273476795,1.8925605967362973,6,0,6,1.0,6,3.39898198202769,83.828125,88.359375,2.60101801797231,3.39898198202769
572008,2017,Chris Owings,,28.3,13.431349281301008,1.7825964408301385,12,2,10,0.8571428571428571,14,3.384204945725349,83.671875,87.1875,6.615795054274651,3.384204945725349
502481,2020,Jarrod Dyson,,27.5,11.041120447555436,-0.9376091362662144,6,0,6,1.0,6,3.372946124297248,83.59375,28.4375,2.627053875702752,3.372946124297248
592743,2019,Andrelton Simmons,,26.3,11.575966715091552,-0.8977279837562655,10,2,8,0.8333333333333334,12,3.370752834125078,83.515625,29.765625,4.629247165874922,3.370752834125078
488726,2018,Michael Brantley,,26.1,12.287572706519203,-0.2686161781663099,12,3,9,0.8,15,3.343620331308551,83.4375,45.078125,5.656379668691449,3.343620331308551
607680,2018,Kevin Pillar,,27.8,13.417437426060319,1.5624491209952112,14,3,11,0.8235294117647058,17,3.335375894800123,83.359375,84.609375,7.664624105199877,3.335375894800123
458015,2019,Joey Votto,,25.1,15.967701276774712,2.999041462900726,5,0,5,1.0,5,3.3315055915231904,83.28125,96.09375,1.6684944084768094,3.3315055915231904
673490,2022,Ha-Seong Kim,,28.4,12.648500798554435,1.0409950510024117,12,2,10,0.8571428571428571,14,3.3234546110209866,83.203125,76.796875,6.676545388979013,3.3234546110209866
624415,2020,Cavan Biggio,,27.7,15.183511341297734,3.2872759433137784,6,0,6,1.0,6,3.3208744088363664,83.125,97.1875,2.6791255911636336,3.3208744088363664
571718,2017,Brian Goodwin,,27.8,10.886784132343957,-0.9682041727211512,6,0,6,1.0,6,3.2948385511059257,83.046875,27.03125,2.7051614488940743,3.2948385511059257
425783,2017,Shin-Soo Choo,,26.2,12.654185516504977,0.13924372473831248,12,3,9,0.8,15,3.2785306869824495,82.96875,55.39062500000001,5.7214693130175505,3.2785306869824495
643565,2019,Mike Tauchman,,27.9,12.669400319421774,0.855659107275514,6,0,6,1.0,6,3.268802693375485,82.890625,72.8125,2.731197306624515,3.268802693375485
514888,2018,Jose Altuve,,28.1,11.681681349876328,-0.04956567643223586,17,4,13,0.8095238095238095,21,3.2585584227011086,82.8125,50.390625,9.741441577298891,3.2585584227011086
669352,2022,Bubba Thompson,,30.3,10.022042105839398,-0.8017688762545241,18,3,15,0.8571428571428571,21,3.2537973774571594,82.734375,32.65625,11.74620262254284,3.2537973774571594
542932,2019,Jon Berti,,29.8,12.72322367994257,1.6931772332544117,17,3,14,0.85,20,3.2470713216570246,82.65625,86.015625,10.752928678342975,3.2470713216570246
452104,2017,Chase Headley,,25.3,13.088247141986619,0.20208151395032736,9,2,7,0.8181818181818182,11,3.233847489672737,82.578125,57.8125,3.766152510327263,3.233847489672737
621006,2019,Richie Martin Jr.,,29.5,11.897610463344048,0.7438227378993467,10,1,9,0.9090909090909091,11,3.2290864444287877,82.5,70.9375,5.770913555571212,3.2290864444287877
501303,2017,Ehire Adrianza,,27.1,12.582447817132483,0.43872986163544425,8,1,7,0.8888888888888888,9,3.215634332828516,82.421875,64.140625,3.784365667171484,3.215634332828516
572122,2020,Kyle Seager,,25.7,16.93050330038753,4.2093260440266285,5,0,5,1.0,5,3.201326302870987,82.34375,99.0625,1.798673697129013,3.201326302870987
457759,2017,Justin Turner,,25.5,13.27314466447028,0.46947322227168264,7,1,6,0.875,8,3.191551038541421,82.265625,64.6875,2.808448961458579,3.191551038541421
502054,2020,Tommy Pham,,28.2,11.763952289949694,0.07395235655997645,6,0,6,1.0,6,3.1906951201841616,82.1875,53.515625,2.8093048798158384,3.1906951201841616
643217,2017,Andrew Benintendi,,28.3,10.771839179744056,-0.8769136607268138,20,5,15,0.8,25,3.1860802602238376,82.109375,30.390625,11.813919739776162,3.1860802602238376
572233,2019,Christian Walker,,27.2,16.130974972545165,4.028504109966972,8,1,7,0.8888888888888888,9,3.1765805462328567,82.03125,98.671875,3.8234194537671433,3.1765805462328567
570256,2017,Gregory Polanco,,27.2,10.951681059072111,-1.1507898035060808,8,1,7,0.8888888888888888,9,3.1765805462328567,82.03125,23.046875,3.8234194537671433,3.1765805462328567
435062,2016,Howie Kendrick,,26.7,11.695376118204303,-0.6133302089681258,10,2,8,0.8333333333333334,12,3.1624659722815496,81.875,36.796875,4.83753402771845,3.1624659722815496
592518,2021,Manny Machado,,26.4,11.478997018121856,-0.9534505878071151,12,3,9,0.8,15,3.148351398330245,81.796875,27.421875,5.851648601669755,3.148351398330245
664913,2022,Seth Brown,,27.8,11.338495527182783,-0.5164927778823252,11,2,9,0.8461538461538461,13,3.1388168607295057,81.71875,39.375,5.861183139270494,3.1388168607295057
662139,2021,Daulton Varsho,,28.4,11.253431522972486,-0.35407422457953786,6,0,6,1.0,6,3.13862340472328,81.640625,43.125,2.86137659527672,3.13862340472328
665750,2021,Leody Taveras,,29.7,10.153142776251583,-0.918150763355424,10,1,9,0.9090909090909091,11,3.133621632750505,81.5625,29.140624999999996,5.866378367249495,3.133621632750505
668731,2021,Akil Baddoo,,28.8,10.231531865081939,-1.2109855107946945,18,4,14,0.8181818181818182,22,3.1264265706055596,81.484375,21.875,10.87357342939444,3.1264265706055596
641355,2022,Cody Bellinger,,28.1,11.395708924400473,-0.3355381019080905,14,3,11,0.8235294117647058,17,3.114071104091373,81.40625,43.4375,7.885928895908627,3.114071104091373
592663,2019,J.T. Realmuto,,28.7,12.91527165686018,1.431507188064698,9,1,8,0.9,10,3.1008597192199296,81.328125,82.578125,4.89914028078007,3.1008597192199296
543257,2020,Robbie Grossman,,27.4,10.336525479816947,-1.683451196923551,8,1,7,0.8888888888888888,9,3.0984729730415346,81.25,11.484375,3.9015270269584654,3.0984729730415346
519184,2017,Ben Revere,,27.6,12.085221666917015,0.1477391760142126,21,6,15,0.7777777777777778,27,3.061096199550633,81.171875,55.859375,11.938903800449367,3.061096199550633
642350,2022,Jose Siri,,30.3,10.422693291230367,-0.40111769086355586,14,2,12,0.875,16,3.0505122875864075,81.09375,41.25,8.949487712413593,3.0505122875864075
543484,2017,Mikie Mahtook,,28.8,14.047256709225824,2.6047393333491904,6,0,6,1.0,6,3.034479973801516,81.015625,94.609375,2.965520026198484,3.034479973801516
605412,2016,Joe Panik,,26.5,9.129526518393904,-3.2616739946162188,5,0,5,1.0,5,3.0277539180013813,80.9375,1.875,1.9722460819986187,3.0277539180013813
596115,2020,Trevor Story,,28.9,12.506029456891746,1.1047591739339584,15,3,12,0.8333333333333334,18,3.0253323482132295,80.859375,77.890625,8.97466765178677,3.0253323482132295
663656,2020,Kyle Tucker,,27.6,11.556787646591724,-0.38069484431107803,8,1,7,0.8888888888888888,9,3.0203653998502107,80.78125,42.03125,3.9796346001497893,3.0203653998502107
547180,2018,Bryce Harper,,27.5,13.284534459088608,1.3058048752669578,13,3,10,0.8125,16,2.994522998125994,80.703125,80.9375,7.005477001874006,2.994522998125994
592261,2018,Delino DeShields,,29.9,12.730469233114027,1.7416698793447143,20,4,16,0.8333333333333334,24,2.992342155066668,80.625,86.71875,13.007657844933332,2.992342155066668
596103,2020,Austin Slater,,27.7,11.609926357770634,-0.2863090402133217,8,1,7,0.8888888888888888,9,2.981311613254549,80.546875,44.53125,4.018688386745451,2.981311613254549
543305,2018,Aaron Hicks,,28.1,15.283983013455368,3.5527359871468036,11,2,9,0.8461538461538461,13,2.969583785481638,80.46875,97.734375,6.030416214518362,2.969583785481638
434658,2017,Rajai Davis,,29.6,11.887652371003696,0.7751117384778432,29,7,22,0.8055555555555556,36,2.9571586717479335,80.390625,71.5625,19.042841328252067,2.9571586717479335
621439,2022,Byron Buxton,,29.1,17.223866452502307,5.905090355382216,6,0,6,1.0,6,2.956372400610194,80.3125,99.84375,3.043627599389806,2.956372400610194
572191,2019,Michael A. Taylor,,29.1,13.453224600950877,2.134448503830786,6,0,6,1.0,6,2.956372400610194,80.3125,91.328125,3.043627599389806,2.956372400610194
592743,2018,Andrelton Simmons,,27.1,12.309461051370494,0.16574309587345581,10,2,8,0.8333333333333334,12,2.9541791104380213,80.15625,56.56250000000001,5.045820889561979,2.9541791104380213
542454,2019,Danny Santana,,27.7,11.104412396484447,-0.7918230014995089,21,6,15,0.7777777777777778,27,2.9439348397636493,80.078125,33.046875,12.05606516023635,2.9439348397636493
570267,2017,Domingo Santana,,27.2,14.243796272196128,2.141325409617936,15,4,11,0.7894736842105263,19,2.9283367087138092,80.0,91.484375,8.07166329128619,2.9283367087138092
605119,2021,Brian Anderson,,27.0,14.41692166062827,2.231956612212384,5,0,5,1.0,5,2.919271177457877,79.921875,91.953125,2.080728822542123,2.919271177457877
570731,2022,Jonathan Schoop,,27.0,10.170776783818397,-2.0141882645974896,5,0,5,1.0,5,2.919271177457877,79.921875,8.203125,2.080728822542123,2.919271177457877
572191,2018,Michael A. Taylor,,29.0,12.815104698068588,1.4550815080296484,24,6,18,0.8,30,2.912041291703172,79.765625,82.890625,15.087958708296828,2.912041291703172
543063,2021,Brandon Crawford,,25.8,12.271720128133662,-0.40821003530839306,11,3,8,0.7857142857142857,14,2.902963313334399,79.6875,41.171875,5.097036686665601,2.902963313334399
493114,2017,Norichika Aoki,,27.2,13.927261980597473,1.8247911180192808,10,2,8,0.8333333333333334,12,2.9021073949771425,79.609375,87.421875,5.0978926050228575,2.9021073949771425
592669,2019,Hunter Renfroe,,27.1,15.624862746844775,3.4811447913477362,5,0,5,1.0,5,2.8975746293491755,79.53125,97.65625,2.1024253706508245,2.8975746293491755
456488,2017,Eduardo Núñez,,27.9,12.151511412190946,0.3377702000446856,24,7,17,0.7741935483870968,31,2.888813915773339,79.453125,62.109375,14.111186084226661,2.888813915773339
572821,2018,Brian Dozier,,26.8,13.240773872720117,0.9733146384665368,12,3,9,0.8,15,2.8879928210258354,79.375,75.234375,6.112007178974165,2.8879928210258354
622682,2018,Victor Reyes,,29.2,9.8045120613653,-1.4730169428359456,9,1,8,0.9,10,2.883894238132922,79.296875,15.312500000000002,5.116105761867078,2.883894238132922
670032,2022,Nicky Lopez,,27.7,9.9398989780328,-1.956336419951155,13,3,10,0.8125,16,2.8556650902303105,79.21875,8.59375,7.1443349097696895,2.8556650902303105
571918,2017,Deven Marrero,,27.4,13.878082587863798,1.8581059111232996,5,0,5,1.0,5,2.8324849850230747,79.140625,87.65625,2.1675150149769253,2.8324849850230747
656775,2022,Cedric Mullins,,28.5,10.536030138811467,-1.0302285158217082,34,10,24,0.7727272727272727,44,2.8256420112808236,79.0625,25.703125,21.174357988719176,2.8256420112808236
621433,2021,Brett Phillips,,28.5,10.16159233258936,-1.4046663220438163,14,3,11,0.8235294117647058,17,2.818998049813045,78.984375,17.03125,8.181001950186955,2.818998049813045
457763,2017,Buster Posey,,24.6,14.656425047776409,1.481529769308187,6,1,5,0.8571428571428571,7,2.8159836648933725,78.90625,83.359375,2.1840163351066275,2.8159836648933725
547180,2021,Bryce Harper,,27.8,12.255687423992077,0.4006991189269691,13,3,10,0.8125,16,2.7862361362824686,78.828125,63.671875,7.213763863717531,2.7862361362824686
430945,2018,Adam Jones,,26.7,13.049841149918384,0.7411348227459555,7,1,6,0.875,8,2.7749773148543664,78.75,70.859375,3.2250226851456336,2.7749773148543664
664040,2019,Brandon Lowe,,27.7,10.974321405820756,-0.9219139921631996,5,0,5,1.0,5,2.767395340696972,78.671875,28.984375,2.232604659303028,2.767395340696972
663656,2019,Kyle Tucker,,27.7,13.332183066996457,1.435947669012501,5,0,5,1.0,5,2.767395340696972,78.671875,82.65625,2.232604659303028,2.767395340696972
595751,2021,Jorge Alfaro,,28.3,11.476519123715297,-0.17223371675557253,8,1,7,0.8888888888888888,9,2.746988893680581,78.515625,47.421875,4.253011106319419,2.746988893680581
516416,2019,Jean Segura,,27.5,13.019720340473256,1.0409907566516061,10,2,8,0.8333333333333334,12,2.7458922485944957,78.4375,76.71875,5.254107751405504,2.7458922485944957
609275,2022,Adalberto Mondesi,,27.8,11.536538658246073,-0.318449646819035,5,0,5,1.0,5,2.7456987925882714,78.359375,43.75,2.2543012074117286,2.7456987925882714
519317,2018,Giancarlo Stanton,,27.8,13.474602874795963,1.6196145697308548,5,0,5,1.0,5,2.7456987925882714,78.359375,85.546875,2.2543012074117286,2.7456987925882714
641658,2022,Garrett Hampson,,29.4,12.206985782993918,1.011950964630369,12,2,10,0.8571428571428571,14,2.7159512639773675,78.203125,76.09375,7.2840487360226325,2.7159512639773675
453211,2016,Drew Stubbs,,29.6,11.829734732878702,0.7171941003528488,9,1,8,0.9,10,2.7103218532633147,78.125,70.390625,5.289678146736685,2.7103218532633147
572073,2017,Joey Rickard,,28.4,11.879751693574068,0.27224594602204455,8,1,7,0.8888888888888888,9,2.7079351070849205,78.046875,60.390625,4.2920648929150795,2.7079351070849205
542255,2019,Ender Inciarte,,26.9,11.34266325880593,-0.8835488825288049,7,1,6,0.875,8,2.7055483609065245,77.96875,30.234375000000004,3.2944516390934755,2.7055483609065245
543401,2018,Jason Kipnis,,26.9,13.689046112941432,1.4628339716066971,7,1,6,0.875,8,2.7055483609065245,77.96875,83.046875,3.2944516390934755,2.7055483609065245
571718,2020,Brian Goodwin,,28.0,10.500294568917463,-1.2721995503099492,5,0,5,1.0,5,2.7023056963708703,77.8125,20.390625,2.2976943036291297,2.7023056963708703
656185,2021,Greg Allen,,28.1,12.406863045944974,0.6756160196364096,5,0,5,1.0,5,2.6806091482621683,77.734375,68.984375,2.3193908517378317,2.6806091482621683
516416,2016,Jean Segura,,28.3,12.266327369577045,0.6175745291061752,33,10,23,0.7674418604651163,43,2.6800580475849998,77.65625,68.046875,20.319941952415,2.6800580475849998
645277,2018,Ozzie Albies,,28.7,10.618696369626507,-0.8650680991689743,14,3,11,0.8235294117647058,17,2.671461522673882,77.578125,31.015625000000004,8.328538477326118,2.671461522673882
572191,2016,Michael A. Taylor,,28.7,11.636396251874551,0.15263178307906955,14,3,11,0.8235294117647058,17,2.671461522673882,77.578125,56.25,8.328538477326118,2.671461522673882
595777,2020,Jurickson Profar,,27.0,11.680825878637974,-0.504139169777913,7,1,6,0.875,8,2.6708338839326036,77.421875,39.765625,3.3291661160673964,2.6708338839326036
606299,2018,José Peraza,,28.8,11.857008599442112,0.41449122356547896,23,6,17,0.7931034482758621,29,2.666653206707327,77.34375,63.90625,14.333346793292673,2.666653206707327
621043,2016,Carlos Correa,,28.0,11.426632588059308,-0.34586153116810436,13,3,10,0.8125,16,2.647378228386785,77.265625,43.28125,7.352621771613215,2.647378228386785
641584,2021,Jake Fraley,,27.7,10.451833738603327,-1.4444016593806293,10,2,8,0.8333333333333334,12,2.641748817672733,77.1875,15.78125,5.358251182327267,2.641748817672733
518626,2016,Josh Donaldson,,27.1,14.696637881855777,2.5529199263587383,7,1,6,0.875,8,2.636119406958681,77.109375,94.21875,3.363880593041319,2.636119406958681
605548,2021,Bradley Zimmer,,29.4,11.287597489996811,0.09256267163326193,15,3,12,0.8333333333333334,18,2.6347944822566163,77.03125,53.98437499999999,9.365205517743384,2.6347944822566163
457763,2016,Buster Posey,,25.2,12.791288817500769,-0.13612390345437042,6,1,5,0.8571428571428571,7,2.633732660780286,76.953125,48.203125,2.366267339219714,2.633732660780286
621005,2020,Tim Lopes,,28.4,12.080825878637974,0.4733201310859503,5,0,5,1.0,5,2.615519503936067,76.875,64.765625,2.384480496063933,2.615519503936067
621020,2020,Dansby Swanson,,28.4,13.989366133992917,2.381860386440893,5,0,5,1.0,5,2.615519503936067,76.875,92.890625,2.384480496063933,2.615519503936067
425834,2016,B.J. Upton,,28.2,10.92351942836098,-0.7664805050287384,27,8,19,0.7714285714285715,35,2.6123882010742747,76.71875,33.359375,16.387611798925725,2.6123882010742747
647304,2022,Josh Naylor,,25.3,15.84787747529065,2.9617118472543584,6,1,5,0.8571428571428571,7,2.6033574934281054,76.640625,96.015625,2.3966425065718946,2.6033574934281054
598265,2021,Jackie Bradley Jr.,,27.2,10.000028914057207,-2.102441948520985,7,1,6,0.875,8,2.6014049299847617,76.5625,7.34375,3.3985950700152383,2.6014049299847617
608671,2021,Travis Jankowski,,28.5,11.711312460186326,0.14505380555315028,5,0,5,1.0,5,2.593822955827366,76.484375,55.625,2.406177044172634,2.593822955827366
594807,2021,Adam Duvall,,28.5,12.349569712246687,0.7833110576135116,5,0,5,1.0,5,2.593822955827366,76.484375,71.71875,2.406177044172634,2.593822955827366
621311,2016,David Dahl,,28.5,13.377035782537725,1.810777127904549,5,0,5,1.0,5,2.593822955827366,76.484375,87.265625,2.406177044172634,2.593822955827366
645277,2017,Ozzie Albies,,28.7,9.922417998351042,-1.5613464704444393,8,1,7,0.8888888888888888,9,2.590773747297937,76.25,13.4375,4.409226252702063,2.590773747297937
400085,2016,Ichiro Suzuki,,27.8,11.679491821525254,-0.17549648353985425,10,2,8,0.8333333333333334,12,2.5896771022118514,76.171875,47.34375,5.410322897788149,2.5896771022118514
621439,2021,Byron Buxton,,29.9,10.229714164377375,-0.7590851893919375,9,1,8,0.9,10,2.580142564611112,76.09375,33.75,5.419857435388888,2.580142564611112
621563,2022,Joey Wendle,,27.3,11.689932559032814,-0.3712912106265307,12,3,9,0.8,15,2.5625445993953235,76.015625,42.34375,6.4374554006046765,2.5625445993953235
680757,2022,Steven Kwan,,28.4,10.67447447309093,-0.9330312744610936,19,5,14,0.7916666666666666,24,2.5544936188931207,75.9375,28.515625,11.44550638110688,2.5544936188931207
642708,2022,Amed Rosario,,29.4,11.404638338824299,0.2096035204607496,18,4,14,0.8181818181818182,22,2.5536377005358624,75.859375,58.28124999999999,11.446362299464138,2.5536377005358624
665926,2020,Andrés Giménez,,28.8,10.877743290774175,-0.5647740851024583,8,1,7,0.8888888888888888,9,2.5517199607022736,75.78125,37.8125,4.448280039297726,2.5517199607022736
621563,2018,Joey Wendle,,28.3,10.516636422132647,-1.1321164183382226,16,4,12,0.8,20,2.5488642081790687,75.703125,23.4375,9.451135791820931,2.5488642081790687
606466,2019,Ketel Marte,,27.9,14.979410862165075,3.165669650018815,10,2,8,0.8333333333333334,12,2.53760538675097,75.625,96.5625,5.46239461324903,2.53760538675097
592178,2021,Kris Bryant,,27.9,11.536726304229544,-0.27701490791671546,10,2,8,0.8333333333333334,12,2.53760538675097,75.625,44.84375,5.46239461324903,2.53760538675097
435622,2017,Ian Desmond,,27.7,10.064315114686337,-1.8319202832976185,15,4,11,0.7894736842105263,19,2.516102294648494,75.46875,9.765625,8.483897705351506,2.516102294648494
434636,2016,Ángel Pagán,,27.7,10.390538948629505,-1.505696449354451,15,4,11,0.7894736842105263,19,2.516102294648494,75.46875,14.453125,8.483897705351506,2.516102294648494
656541,2021,Sam Hilliard,,28.9,10.177064696594933,-1.2242055863628547,5,0,5,1.0,5,2.5070367633925636,75.3125,21.328125,2.4929632366074364,2.5070367633925636
621433,2017,Brett Phillips,,29.0,10.769203035419233,-0.5908201546197063,5,0,5,1.0,5,2.485340215283862,75.234375,37.1875,2.514659784716138,2.485340215283862
664040,2021,Brandon Lowe,,27.6,9.382612140894892,-2.55487035000791,7,1,6,0.875,8,2.462547022089076,75.15625,4.21875,3.537452977910924,2.462547022089076
609275,2016,Adalberto Mondesi,,30.2,12.106410649825479,1.2413525748127086,9,1,8,0.9,10,2.4499632759589076,75.078125,79.921875,5.550036724041092,2.4499632759589076
621035,2017,Chris Taylor,,29.0,13.33390291275068,1.9738797227117413,17,4,13,0.8095238095238095,21,2.4384289041922216,75.0,89.21875,10.561571095807778,2.4384289041922216
660670,2020,Ronald Acuña Jr.,,29.1,11.100014457028603,-0.21876164009148802,8,1,7,0.8888888888888888,9,2.434558600915291,74.921875,46.015625,4.565441399084709,2.434558600915291
592206,2022,Nick Castellanos,,27.7,13.40069787021738,1.504462472233424,7,1,6,0.875,8,2.4278325451151552,74.84375,83.59375,3.5721674548848448,2.4278325451151552
643446,2018,Jeff McNeil,,27.8,11.79411738919002,-0.060870915875087306,7,1,6,0.875,8,2.3931180681412343,74.765625,50.234375,3.6068819318587657,2.3931180681412343
592261,2019,Delino DeShields,,29.4,11.940483945862526,0.7454491274989774,24,6,18,0.8,30,2.391324137094358,74.6875,71.015625,15.608675862905642,2.391324137094358
572761,2019,Matt Carpenter,,26.0,14.61289548129042,2.01545950368606,6,1,5,0.8571428571428571,7,2.390731321962838,74.609375,90.0,2.609268678037162,2.390731321962838
425783,2018,Shin-Soo Choo,,26.0,12.69351921471798,0.09608323711361955,6,1,5,0.8571428571428571,7,2.390731321962838,74.609375,54.0625,2.609268678037162,2.390731321962838
670768,2022,Luis González,,28.2,10.885940000547428,-0.8040599328422893,10,2,8,0.8333333333333334,12,2.381390240368323,74.453125,32.578125,5.618609759631677,2.381390240368323
453943,2016,Todd Frazier,,26.2,15.529153822444304,3.0142120306776388,15,5,10,0.75,20,2.371374249309932,74.375,96.171875,7.628625750690068,2.371374249309932
607054,2018,Jace Peterson,,28.4,11.974784856123344,0.36727910857132073,13,3,10,0.8125,16,2.3696624125954138,74.296875,62.96874999999999,7.630337587404586,2.3696624125954138
452104,2016,Chase Headley,,25.8,12.740398482290383,0.060468318848327485,8,2,6,0.8,10,2.3592595095245708,74.21875,53.20312499999999,3.6407404904754292,2.3592595095245708
642731,2022,Thairo Estrada,,28.2,11.894311273241232,0.20431133985151462,21,6,15,0.7777777777777778,27,2.3581280408287277,74.140625,57.89062499999999,12.641871959171272,2.3581280408287277
595281,2020,Kevin Kiermaier,,29.3,11.22833769998075,-0.007944211301646575,8,1,7,0.8888888888888888,9,2.3564510277239687,74.0625,51.40625,4.643548972276031,2.3564510277239687
545361,2019,Mike Trout,,29.2,11.573086900804238,0.29555789660299325,11,2,9,0.8461538461538461,13,2.349062509572798,73.984375,61.171875,6.650937490427202,2.349062509572798
605141,2020,Mookie Betts,,28.3,13.217431019420024,1.5686781789491544,10,2,8,0.8333333333333334,12,2.3293185249074417,73.90625,84.765625,5.670681475092558,2.3293185249074417
502054,2017,Tommy Pham,,28.7,12.10257661948897,0.618812150693488,25,7,18,0.78125,32,2.3227511015037763,73.828125,68.125,15.677248898496224,2.3227511015037763
677951,2022,Bobby Witt Jr.,,30.3,10.007595615708134,-0.816215366385789,30,7,23,0.8108108108108109,37,2.3043096650435686,73.75,32.03125,20.69569033495643,2.3043096650435686
518692,2016,Freddie Freeman,,26.3,13.032522364086079,0.5588276652382618,6,1,5,0.8571428571428571,7,2.2996058199062954,73.671875,67.109375,2.7003941800937046,2.2996058199062954
544369,2016,Didi Gregorius,,28.1,10.189763259196951,-1.5414837671116128,7,1,6,0.875,8,2.2889746372194697,73.59375,13.828125,3.7110253627805303,2.2889746372194697
641505,2022,Jonathan Davis,,28.1,10.706863045944976,-1.024383980363588,7,1,6,0.875,8,2.2889746372194697,73.59375,25.859375,3.7110253627805303,2.2889746372194697
518586,2021,Charlie Culberson,,28.1,10.931976144974849,-0.7992708813337153,7,1,6,0.875,8,2.2889746372194697,73.59375,32.890625,3.7110253627805303,2.2889746372194697
592348,2020,Niko Goodrum,,28.1,10.511167047147918,-1.220079979160646,7,1,6,0.875,8,2.2889746372194697,73.59375,21.484375,3.7110253627805303,2.2889746372194697
672695,2022,Geraldo Perdomo,,27.3,12.079147816828353,0.017924047169008972,9,2,7,0.8181818181818182,11,2.279199372889904,73.28125,52.109375,4.720800627110096,2.279199372889904
543760,2016,Marcus Semien,,28.4,11.964535782537727,0.3570300349857032,10,2,8,0.8333333333333334,12,2.2772468094465603,73.203125,62.81250000000001,5.72275319055344,2.2772468094465603
516782,2020,Starling Marte,,28.4,13.341175718470895,1.7336699709188714,10,2,8,0.8333333333333334,12,2.2772468094465603,73.203125,86.25,5.72275319055344,2.2772468094465603
608324,2017,Alex Bregman,,27.6,11.278977804270744,-0.6585046866320585,17,5,12,0.7727272727272727,22,2.2720043107449595,73.046875,35.859375,9.72799568925504,2.2720043107449595
542340,2020,Jonathan Villar,,27.0,10.743822285143018,-1.4411427632728682,16,5,11,0.7619047619047619,21,2.260938945323085,72.96875,15.859375,8.739061054676915,2.260938945323085
664774,2021,LaMonte Wade Jr.,,26.5,11.56691967129548,-0.8242808417146428,6,1,5,0.8571428571428571,7,2.238855485201934,72.890625,31.484374999999996,2.761144514798066,2.238855485201934
665161,2022,Jeremy Peña,,29.4,10.482428541094343,-0.7126062772692059,11,2,9,0.8461538461538461,13,2.236240459407556,72.8125,34.609375,6.763759540592444,2.236240459407556
518735,2019,Yasmani Grandal,,24.2,14.671888498078994,1.33200484793538,5,1,4,0.8333333333333334,6,2.2321294294017977,72.734375,81.40625,1.7678705705982023,2.2321294294017977
598265,2016,Jackie Bradley Jr.,,27.4,11.812669648544809,-0.20730702819568947,9,2,7,0.8181818181818182,11,2.231466967050765,72.65625,46.25,4.768533032949235,2.231466967050765
506560,2016,Alexi Amarista,,27.4,12.185464217462272,0.16548754072177374,9,2,7,0.8181818181818182,11,2.231466967050765,72.65625,56.484375,4.768533032949235,2.231466967050765
519083,2016,Derek Norris,,27.4,11.605612859007351,-0.4143638177331468,9,2,7,0.8181818181818182,11,2.231466967050765,72.65625,41.015625,4.768533032949235,2.231466967050765
543939,2022,Kolten Wong,,26.2,11.761152339697276,-0.7537894520693893,17,6,11,0.7391304347826086,23,2.2270803867064224,72.421875,33.984375,8.772919613293578,2.2270803867064224
458731,2016,Brett Gardner,,28.7,10.491267732014167,-0.9924967367813142,16,4,12,0.8,20,2.2017194384398593,72.34375,26.406249999999996,9.79828056156014,2.2017194384398593
502110,2018,J.D. Martinez,,26.7,13.825988977211654,1.5172826500392258,6,1,5,0.8571428571428571,7,2.1781051504975704,72.265625,83.671875,2.8218948495024296,2.1781051504975704
664056,2018,Harrison Bader,,30.0,10.839925679227461,-0.10762658162300376,15,3,12,0.8333333333333334,18,2.1661490431086783,72.1875,48.75,9.833850956891322,2.1661490431086783
621439,2018,Byron Buxton,,30.5,9.523332428609102,-1.2179843676471265,5,0,5,1.0,5,2.159891993653351,72.109375,21.640625,2.840108006346649,2.159891993653351
462101,2016,Elvis Andrus,,27.4,12.474413050098612,0.4544363733581136,24,8,16,0.75,32,2.1279039041476793,72.03125,64.21875,13.87209609585232,2.1279039041476793
669256,2020,Nick Solak,,28.6,13.60033929708962,2.075327735375293,7,1,6,0.875,8,2.1154022523498632,71.953125,90.78125,3.8845977476501368,2.1154022523498632
460576,2018,Carlos Gómez,,28.0,11.737585463572143,-0.03490865565526846,12,3,9,0.8,15,2.1069170891126108,71.875,50.78125,6.893082910887389,2.1069170891126108
592663,2021,J.T. Realmuto,,28.8,10.387175159938982,-1.0553422159376513,13,3,10,0.8125,16,2.0919465968040427,71.796875,24.921875,7.908053403195957,2.0919465968040427
457787,2016,Danny Espinosa,,27.7,13.780052609067344,1.8838172110833877,9,2,7,0.8181818181818182,11,2.088269749533339,71.71875,88.125,4.911730250466661,2.088269749533339
408314,2016,José Reyes,,27.7,12.44317936133893,0.5469439633549733,9,2,7,0.8181818181818182,11,2.088269749533339,71.71875,66.875,4.911730250466661,2.088269749533339
664023,2021,Ian Happ,,27.7,11.937915122642694,0.04167972465873859,9,2,7,0.8181818181818182,11,2.088269749533339,71.71875,52.5,4.911730250466661,2.088269749533339
641658,2019,Garrett Hampson,,30.1,11.71282296572628,0.8065177977946636,15,3,12,0.8333333333333334,18,2.0880414699173535,71.484375,72.109375,9.911958530082646,2.0880414699173535
545338,2016,Nick Franklin,,27.0,13.265477848253516,1.0805127998376296,6,1,5,0.8571428571428571,7,2.0869796484410283,71.40625,77.578125,2.9130203515589717,2.0869796484410283
660271,2020,Shohei Ohtani,,28.7,11.206009984211388,-0.2777544845840936,7,1,6,0.875,8,2.080687775375944,71.328125,44.765625,3.919312224624056,2.080687775375944
641313,2016,Tim Anderson,,28.8,11.625905303678781,0.18338792780214774,10,2,8,0.8333333333333334,12,2.068959947603032,71.25,57.1875,5.931040052396968,2.068959947603032
543333,2017,Eric Hosmer,,27.1,15.72264498297967,3.5789270274826315,6,1,5,0.8571428571428571,7,2.0566044810888457,71.171875,97.96875,2.9433955189111543,2.0566044810888457
596059,2022,Rougned Odor,,27.1,10.84642966737098,-1.2972882881260581,6,1,5,0.8571428571428571,7,2.0566044810888457,71.171875,19.84375,2.9433955189111543,2.0566044810888457
596119,2018,Blake Swihart,,27.1,11.74977380194025,-0.393944153556788,6,1,5,0.8571428571428571,7,2.0566044810888457,71.171875,41.640625,2.9433955189111543,2.0566044810888457
446334,2017,Evan Longoria,,27.1,11.476735037524383,-0.6669829179726552,6,1,5,0.8571428571428571,7,2.0566044810888457,71.171875,35.46875,2.9433955189111543,2.0566044810888457
592743,2017,Andrelton Simmons,,27.5,11.317389320361652,-0.6613402634599979,19,6,13,0.76,25,2.0539421845718664,70.859375,35.625,10.946057815428134,2.0539421845718664
435063,2016,Mike Napoli,,24.9,7.544345048506314,-5.506808951205367,5,1,4,0.8333333333333334,6,2.0498784252887114,70.78125,0.234375,1.9501215747112886,2.0498784252887114
458015,2017,Joey Votto,,24.9,12.487727476659224,-0.563426523052458,5,1,4,0.8333333333333334,6,2.0498784252887114,70.78125,37.96875,1.9501215747112886,2.0498784252887114
663757,2022,Trent Grisham,,28.8,12.13195686893671,0.6894394930600765,7,1,6,0.875,8,2.0459732984020214,70.625,69.375,3.9540267015979786,2.0459732984020214
664702,2019,Myles Straw,,30.1,12.101179826625676,1.1948746586940597,8,1,7,0.8888888888888888,9,2.0440207349586768,70.546875,79.21875,4.955979265041323,2.0440207349586768
519306,2017,Steven Souza Jr.,,28.9,12.413627623874108,1.0123573409163207,16,4,12,0.8,20,2.0281470535702546,70.46875,76.171875,9.971852946429745,2.0281470535702546
571875,2016,Jake Lamb,,27.2,13.602675824640691,1.500204962062499,6,1,5,0.8571428571428571,7,2.0262293137366667,70.390625,83.515625,2.9737706862633333,2.0262293137366667
458731,2019,Brett Gardner,,28.9,11.607479091463059,0.2062088085052718,10,2,8,0.8333333333333334,12,2.0168882321421533,70.3125,57.96875,5.983111767857847,2.0168882321421533
640458,2021,Óscar Mercado,,28.9,12.079507242355765,0.678236959397978,7,1,6,0.875,8,2.011258821428102,70.234375,69.0625,3.988741178571898,2.011258821428102
449181,2016,Paulo Orlando,,29.6,8.485590563087822,-2.626950069438031,14,3,11,0.8235294117647058,17,2.0075471505476354,70.15625,3.75,8.992452849452365,2.0075471505476354
669289,2021,Santiago Espinal,,27.3,10.023513920921511,-2.0377098487378333,6,1,5,0.8571428571428571,7,1.995854146384484,70.078125,7.8125,3.004145853615516,1.995854146384484
546318,2021,Odúbel Herrera,,27.3,9.88194632619341,-2.179277443465935,6,1,5,0.8571428571428571,7,1.995854146384484,70.078125,6.406249999999999,3.004145853615516,1.995854146384484
595879,2022,Javier Báez,,27.9,9.095928434924547,-2.717812777221713,9,2,7,0.8181818181818182,11,1.9928049378550554,69.921875,3.125,5.007195062144945,1.9928049378550554
608070,2017,José Ramírez,,27.9,12.639950905180422,0.826209693034162,17,5,12,0.7727272727272727,22,1.9856098757101108,69.84375,72.34375,10.01439012428989,1.9856098757101108
660271,2019,Shohei Ohtani,,28.2,13.288478151481838,1.5984782180921204,12,3,9,0.8,15,1.9767378004604037,69.765625,85.234375,7.023262199539596,1.9767378004604037
657656,2018,Ramón Laureano,,29.0,11.407375079627347,0.0473518895884073,7,1,6,0.875,8,1.9765443444541795,69.6875,52.890625,4.0234556555458205,1.9765443444541795
641343,2021,Jake Bauers,,27.4,11.375161935356813,-0.6448147413836853,6,1,5,0.8571428571428571,7,1.965478979032305,69.609375,36.171875,3.034521020967695,1.965478979032305
435622,2018,Ian Desmond,,28.1,9.775830245285391,-1.9554167810231728,20,6,14,0.7692307692307693,26,1.939167570963276,69.53125,8.671875,12.060832429036724,1.939167570963276
595879,2021,Javier Báez,,28.5,11.583924802450845,0.017666147817669398,18,5,13,0.782608695652174,23,1.9315855968058848,69.453125,51.953125,11.068414403194115,1.9315855968058848
592696,2021,Eddie Rosario,,27.4,12.053751544023969,0.03377486728347101,11,3,8,0.7857142857142857,14,1.9309579580646101,69.375,52.34375,6.06904204193539,1.9309579580646101
641553,2017,Adam Engel,,30.4,9.470298311758105,-1.3122655774169711,8,1,7,0.8888888888888888,9,1.9268593751716931,69.296875,19.21875,5.073140624828307,1.9268593751716931
643393,2021,Tony Kemp,,26.8,12.206253856594,-0.06120537765958112,8,2,6,0.8,10,1.9253285473505564,69.21875,50.15625,4.074671452649444,1.9253285473505564
680776,2022,Jarren Duran,,29.2,12.333855864909367,1.056326860708122,7,1,6,0.875,8,1.9071153905063376,69.140625,77.109375,4.092884609493662,1.9071153905063376
400284,2017,Chase Utley,,27.6,14.16821150100862,2.2307290101058186,6,1,5,0.8571428571428571,7,1.9047286443279416,69.0625,91.796875,3.0952713556720584,1.9047286443279416
460075,2016,Ryan Braun,,27.4,14.43571805097975,2.4157413742392517,16,5,11,0.7619047619047619,21,1.8964369370969152,68.984375,93.203125,9.103563062903085,1.8964369370969152
452678,2016,Asdrúbal Cabrera,,25.5,11.671681576057386,-1.131989866141211,5,1,4,0.8333333333333334,6,1.893663278906066,68.90625,23.515625,2.106336721093934,1.893663278906066
435622,2016,Ian Desmond,,28.6,11.14371067105944,-0.38130089065488804,21,6,15,0.7777777777777778,27,1.889482601680788,68.828125,41.953125,13.110517398319212,1.889482601680788
592450,2021,Aaron Judge,,27.7,12.702442939045271,0.8062075410613154,6,1,5,0.8571428571428571,7,1.8743534769757608,68.75,72.03125,3.125646523024239,1.8743534769757608
624413,2022,Pete Alonso,,25.7,16.39358935017452,3.672412093813616,5,1,4,0.8333333333333334,6,1.8415915634451845,68.671875,98.359375,2.1584084365548155,1.8415915634451845
150029,2016,Jayson Werth,,25.8,12.066770127677472,-0.613160035764583,5,1,4,0.8333333333333334,6,1.8155557057147425,68.59375,36.875,2.1844442942852575,1.8155557057147425
608070,2016,José Ramírez,,27.9,12.268223114627883,0.4544819024816231,22,7,15,0.7586206896551724,29,1.7992130179815113,68.515625,64.296875,13.200786982018489,1.7992130179815113
673357,2021,Luis Robert Jr.,,28.0,11.501602662456369,-0.270891456771043,6,1,5,0.8571428571428571,7,1.7832279749192184,68.4375,45.0,3.2167720250807816,1.7832279749192184
640447,2018,Phillip Ervin,,28.0,12.017262492037265,0.24476837280985286,6,1,5,0.8571428571428571,7,1.7832279749192184,68.4375,59.765625,3.2167720250807816,1.7832279749192184
596146,2017,Max Kepler,,28.0,12.068250053084897,0.29575593385748533,6,1,5,0.8571428571428571,7,1.7832279749192184,68.4375,61.25000000000001,3.2167720250807816,1.7832279749192184
663697,2021,Jonathan India,,28.5,12.681318849925205,1.1150601952920294,12,3,9,0.8,15,1.7814688674820989,68.203125,78.046875,7.218531132517901,1.7814688674820989
593160,2020,Whit Merrifield,,28.5,13.256494834798147,1.6902361801649715,12,3,9,0.8,15,1.7814688674820989,68.203125,85.9375,7.218531132517901,1.7814688674820989
645277,2019,Ozzie Albies,,28.6,12.124745527182784,0.5997339654684559,15,4,11,0.7894736842105263,19,1.7740803493309247,68.046875,67.65625,9.225919650669075,1.7740803493309247
622761,2022,Jorge Mateo,,30.1,10.968085202895182,0.0617800349635651,35,9,26,0.7954545454545454,44,1.770768037575749,67.96875,53.28125,24.22923196242425,1.770768037575749
518692,2018,Freddie Freeman,,26.7,12.789931629142282,0.4812253019698538,10,3,7,0.7692307692307693,13,1.7593381366383456,67.890625,64.84375,5.240661863361654,1.7593381366383456
519306,2018,Steven Souza Jr.,,28.1,15.4725478162201,3.741300789911536,6,1,5,0.8571428571428571,7,1.7528528075670362,67.8125,98.4375,3.247147192432964,1.7528528075670362
467793,2017,Carlos Santana,,26.1,11.361991054365568,-1.1941978303199452,5,1,4,0.8333333333333334,6,1.7374481325234203,67.734375,22.03125,2.2625518674765797,1.7374481325234203
641553,2021,Adam Engel,,29.7,14.509351224602197,3.43805768499519,7,1,6,0.875,8,1.7335430056367311,67.65625,97.5,4.266456994363269,1.7335430056367311
606192,2020,Teoscar Hernández,,28.2,13.164178488009446,1.4741785546197281,6,1,5,0.8571428571428571,7,1.722477640214855,67.578125,83.203125,3.277522359785145,1.722477640214855
606132,2021,Raimel Tapia,,28.3,10.673274010457146,-0.9754788300137243,20,6,14,0.7692307692307693,26,1.71352347063279,67.5,26.796874999999996,12.28647652936721,1.71352347063279
543768,2016,Travis Shaw,,26.2,14.107183066996457,1.5922412752297923,5,1,4,0.8333333333333334,6,1.7114122747929796,67.421875,85.15625,2.2885877252070204,1.7114122747929796
571788,2021,Brock Holt,,26.2,15.025526943073091,2.510585151306426,5,1,4,0.8333333333333334,6,1.7114122747929796,67.421875,94.0625,2.2885877252070204,1.7114122747929796
543877,2017,Christian Vázquez,,25.9,11.81440468606919,-0.8242783844540185,7,2,5,0.7777777777777778,9,1.6842797719764544,67.265625,31.5625,3.3157202280235456,1.6842797719764544
545341,2017,Randal Grichuk,,28.4,8.747044364161425,-2.8604613833905983,6,1,5,0.8571428571428571,7,1.6617273055104933,67.1875,2.734375,3.3382726944895067,1.6617273055104933
673490,2021,Ha-Seong Kim,,28.4,14.174602874795964,2.5670971272439402,6,1,5,0.8571428571428571,7,1.6617273055104933,67.1875,94.296875,3.3382726944895067,1.6617273055104933
621028,2021,Kevin Newman,,28.4,10.291516038440097,-1.3159897091119266,6,1,5,0.8571428571428571,7,1.6617273055104933,67.1875,19.140625,3.3382726944895067,1.6617273055104933
500743,2020,Miguel Rojas,,26.4,12.9771488815676,0.54470127563863,5,1,4,0.8333333333333334,6,1.6593405593320982,66.953125,66.640625,2.3406594406679018,1.6593405593320982
594777,2017,Kole Calhoun,,26.4,12.042005963756287,-0.39044164217268396,5,1,4,0.8333333333333334,6,1.6593405593320982,66.953125,41.71875,2.3406594406679018,1.6593405593320982
641857,2019,Ryan McMahon,,26.4,15.613075270732981,3.1806276648040104,5,1,4,0.8333333333333334,6,1.6593405593320982,66.953125,96.640625,2.3406594406679018,1.6593405593320982
649966,2021,Luis Urías,,26.5,10.843303514551895,-1.5478969984582278,5,1,4,0.8333333333333334,6,1.6333047016016575,66.71875,13.671875,2.3666952983983425,1.6333047016016575
460576,2016,Carlos Gómez,,28.8,10.519457846689251,-0.9230595291873822,18,5,13,0.782608695652174,23,1.6321732329058118,66.640625,28.90625,11.367826767094188,1.6321732329058118
673357,2022,Luis Robert Jr.,,27.9,11.689385410031052,-0.12435580211520758,11,3,8,0.7857142857142857,14,1.6272062845427984,66.5625,48.359375,6.372793715457202,1.6272062845427984
444876,2018,Alcides Escobar,,27.5,10.526017891268863,-1.4527116925527874,8,2,6,0.8,10,1.6215768738287464,66.484375,15.46875,4.378423126171254,1.6215768738287464
543939,2017,Kolten Wong,,27.5,11.875339297089619,-0.1033902867320311,8,2,6,0.8,10,1.6215768738287464,66.484375,48.90625,4.378423126171254,1.6215768738287464
514917,2019,César Hernández,,28.7,12.195575434743182,0.7118109659477003,9,2,7,0.8181818181818182,11,1.6109456911419233,66.328125,70.15625,5.389054308858077,1.6109456911419233
645302,2022,Victor Robles,,28.8,10.557569677997872,-0.8849476978787614,15,4,11,0.7894736842105263,19,1.6091865837048012,66.25,30.078125,9.390813416295199,1.6091865837048012
595777,2022,Jurickson Profar,,26.6,10.617138338824299,-1.7328150812669758,5,1,4,0.8333333333333334,6,1.6072688438712155,66.171875,10.703125,2.3927311561287845,1.6072688438712155
452254,2019,Hunter Pence,,28.6,13.756136261670386,2.2311246999560588,6,1,5,0.8571428571428571,7,1.6009769708061303,66.09375,91.875,3.3990230291938697,1.6009769708061303
641355,2020,Cody Bellinger,,28.6,10.759926357770635,-0.7650852039436931,6,1,5,0.8571428571428571,7,1.6009769708061303,66.09375,33.4375,3.3990230291938697,1.6009769708061303
621438,2021,Tyrone Taylor,,28.6,12.733200958265321,1.2081893965509938,6,1,5,0.8571428571428571,7,1.6009769708061303,66.09375,79.53125,3.3990230291938697,1.6009769708061303
595879,2016,Javier Báez,,28.8,11.202756433527451,-0.23976094234918222,12,3,9,0.8,15,1.5861999345037905,65.859375,45.78125,7.4138000654962095,1.5861999345037905
457705,2021,Andrew McCutchen,,28.7,10.911244600768402,-0.5725198680270793,6,1,5,0.8571428571428571,7,1.5706018034539513,65.78125,37.5,3.4293981965460487,1.5706018034539513
606466,2018,Ketel Marte,,28.7,12.287255804501592,0.8034913357061111,6,1,5,0.8571428571428571,7,1.5706018034539513,65.78125,71.953125,3.4293981965460487,1.5706018034539513
541650,2018,Hernán Pérez,,28.0,16.334092208847217,4.561598089619805,11,3,8,0.7857142857142857,14,1.5664559498384367,65.625,99.53125,6.433544050161563,1.5664559498384367
518792,2021,Jason Heyward,,26.8,14.869145207304818,2.6016859730512376,5,1,4,0.8333333333333334,6,1.555197128410334,65.546875,94.53125,2.444802871589666,1.555197128410334
621433,2020,Brett Phillips,,28.8,10.444099574408428,-0.9984178014682055,6,1,5,0.8571428571428571,7,1.5402266361017687,65.46875,26.25,3.4597733638982313,1.5402266361017687
643217,2019,Andrew Benintendi,,27.1,12.900483008836828,0.7567650533397892,10,3,7,0.7692307692307693,13,1.5336940363078568,65.390625,71.328125,5.466305963692143,1.5336940363078568
501303,2018,Ehire Adrianza,,26.9,10.619891267617545,-1.6063208737171895,5,1,4,0.8333333333333334,6,1.5291612706798934,65.3125,12.65625,2.4708387293201066,1.5291612706798934
458913,2017,Eric Young Jr.,,28.9,12.36996156296226,0.9686912800044727,12,3,9,0.8,15,1.5211102901776918,65.234375,75.078125,7.478889709822308,1.5211102901776918
502226,2018,Craig Gentry,,28.9,11.99672804122859,0.5954577582708023,12,3,9,0.8,15,1.5211102901776918,65.234375,67.578125,7.478889709822308,1.5211102901776918
595281,2019,Kevin Kiermaier,,29.4,9.08361254049796,-2.1114222778655893,19,5,14,0.7916666666666666,24,1.5130593096754872,65.078125,7.187499999999999,12.486940690324513,1.5130593096754872
605486,2018,Cory Spangenberg,,28.9,14.733229872322529,3.3319595893647413,6,1,5,0.8571428571428571,7,1.5098514687495896,65.0,97.421875,3.4901485312504104,1.5098514687495896
573262,2022,Mike Yastrzemski,,27.0,11.877168157605738,-0.30779689081014894,5,1,4,0.8333333333333334,6,1.5031254129494527,64.921875,43.984375,2.4968745870505473,1.5031254129494527
605119,2019,Brian Anderson,,27.0,10.815988072487423,-1.3689769759284633,5,1,4,0.8333333333333334,6,1.5031254129494527,64.921875,17.890625,2.4968745870505473,1.5031254129494527
606466,2022,Ketel Marte,,27.0,15.459162555739145,3.274197507323258,5,1,4,0.8333333333333334,6,1.5031254129494527,64.921875,96.953125,2.4968745870505473,1.5031254129494527
547180,2020,Bryce Harper,,27.8,12.557365140033534,0.7023768349684261,8,2,6,0.8,10,1.4913975851765429,64.6875,69.609375,4.508602414823457,1.4913975851765429
457708,2018,Justin Upton,,27.8,11.86401237987469,0.009024074809582672,8,2,6,0.8,10,1.4913975851765429,64.6875,51.64062499999999,4.508602414823457,1.4913975851765429
571745,2018,Mitch Haniger,,27.8,10.42994036243712,-1.4250479426279874,8,2,6,0.8,10,1.4913975851765429,64.6875,16.484375,4.508602414823457,1.4913975851765429
593428,2018,Xander Bogaerts,,27.8,13.262315894426585,1.4073275893614774,8,2,6,0.8,10,1.4913975851765429,64.6875,82.5,4.508602414823457,1.4913975851765429
621439,2019,Byron Buxton,,30.3,10.259842172797967,-0.5639688092959556,14,3,11,0.8235294117647058,17,1.4911693055605575,64.375,37.890625,9.508830694439443,1.4911693055605575
571976,2017,Wil Myers,,28.5,13.88719155104113,2.320932896407955,20,6,14,0.7692307692307693,26,1.4878793703023039,64.296875,92.1875,12.512120629697696,1.4878793703023039
608070,2020,José Ramírez,,27.2,11.901265350206485,-0.20120551237170758,10,3,7,0.7692307692307693,13,1.4772830112252375,64.21875,46.484375,5.5227169887747625,1.4772830112252375
592348,2019,Niko Goodrum,,29.0,11.928951778509907,0.5689285884709676,12,3,9,0.8,15,1.456020645851586,64.140625,67.265625,7.543979354148414,1.456020645851586
541650,2019,Hernán Pérez,,27.2,16.791423513457033,4.688952650878841,5,1,4,0.8333333333333334,6,1.4510536974885713,64.0625,99.609375,2.5489463025114287,1.4510536974885713
669016,2021,Brandon Marsh,,29.1,8.205738293713978,-3.1130378034061135,6,1,5,0.8571428571428571,7,1.4491011340452262,63.98437500000001,2.5,3.5508988659547738,1.4491011340452262
593428,2022,Xander Bogaerts,,27.9,15.057352715541267,3.243611503395007,8,2,6,0.8,10,1.4480044889591417,63.90625,96.796875,4.551995511040858,1.4480044889591417
621028,2022,Kevin Newman,,27.9,13.058879552444564,1.245138340298304,8,2,6,0.8,10,1.4480044889591417,63.90625,80.0,4.551995511040858,1.4480044889591417
622682,2020,Victor Reyes,,27.9,10.338651544936353,-1.4750896672099074,8,2,6,0.8,10,1.4480044889591417,63.90625,15.234375,4.551995511040858,1.4480044889591417
673357,2020,Luis Robert Jr.,,29.1,10.484081092306186,-0.8346950048139057,9,2,7,0.8181818181818182,11,1.4200160677853555,63.671875,31.328125,5.5799839322146445,1.4200160677853555
595281,2022,Kevin Kiermaier,,29.2,11.091327369577044,-0.1862016346242008,6,1,5,0.8571428571428571,7,1.4187259666930454,63.59375000000001,47.1875,3.5812740333069546,1.4187259666930454
608671,2018,Travis Jankowski,,29.0,10.977420728391131,-0.3826024616478083,24,7,17,0.7741935483870968,31,1.409109334759945,63.515625,41.875,15.590890665240055,1.409109334759945
592696,2018,Eddie Rosario,,28.0,13.813392970896212,2.0408988516688,8,2,6,0.8,10,1.4046113927417405,63.4375,90.390625,4.5953886072582595,1.4046113927417405
608324,2019,Alex Bregman,,27.4,9.443214058207577,-2.5767626185329213,5,1,4,0.8333333333333334,6,1.3989819820276899,63.35937499999999,3.9843749999999996,2.60101801797231,1.3989819820276899
425877,2017,Yadier Molina,,23.8,15.681617060407296,2.176745038588294,9,4,5,0.6923076923076923,13,1.395257864034381,63.28125,91.640625,3.604742135965619,1.395257864034381
516416,2017,Jean Segura,,27.1,11.746401498965612,-0.397316456531426,22,8,14,0.7333333333333333,30,1.3854477760950523,63.20312500000001,41.5625,12.614552223904948,1.3854477760950523
596115,2021,Trevor Story,,28.6,15.574207283911301,4.049195722196973,20,6,14,0.7692307692307693,26,1.3750573201370564,63.125,98.90625,12.624942679862944,1.3750573201370564
572041,2017,AJ Pollock,,28.6,15.145109293845717,3.6200977321313896,20,6,14,0.7692307692307693,26,1.3750573201370564,63.125,98.28125,12.624942679862944,1.3750573201370564
542932,2020,Jon Berti,,29.2,9.93450360633662,-1.3430253978646256,9,2,7,0.8181818181818182,11,1.3722836619462147,62.96874999999999,18.125,5.627716338053785,1.3722836619462147
664068,2019,Scott Kingery,,29.1,12.688049155488033,1.3692730583679413,15,4,11,0.7894736842105263,19,1.3618459352656132,62.890625,81.953125,9.638154064734387,1.3618459352656132
606132,2020,Raimel Tapia,,28.1,9.800503798887863,-1.9307432274207006,8,2,6,0.8,10,1.3612182965243367,62.81250000000001,8.90625,4.638781703475663,1.3612182965243367
624641,2022,Edmundo Sosa,,29.4,10.520589137834927,-0.6744456805286223,6,1,5,0.8571428571428571,7,1.3579756319886838,62.734375,35.390625,3.6420243680113162,1.3579756319886838
623520,2019,David Bote,,27.6,7.699133759837287,-4.238348731065515,5,1,4,0.8333333333333334,6,1.3469102665668071,62.65625,0.625,2.653089733433193,1.3469102665668071
500871,2017,Eduardo Escobar,,27.6,12.101828860516116,0.16434636961331428,5,1,4,0.8333333333333334,6,1.3469102665668071,62.65625,56.40625,2.653089733433193,1.3469102665668071
500871,2019,Eduardo Escobar,,27.6,13.302714376716969,1.3652318858141665,5,1,4,0.8333333333333334,6,1.3469102665668071,62.65625,81.875,2.653089733433193,1.3469102665668071
493329,2018,Yuli Gurriel,,27.6,13.816175718470895,1.8786932275680925,5,1,4,0.8333333333333334,6,1.3469102665668071,62.65625,88.046875,2.653089733433193,1.3469102665668071
543401,2019,Jason Kipnis,,26.8,13.338137836354434,1.0706786021008536,7,2,5,0.7777777777777778,9,1.332795692615501,62.34375,77.5,3.667204307384499,1.332795692615501
576397,2017,Jedd Gyorko,,25.1,12.770163098573681,-0.19849671530030477,6,2,4,0.75,8,1.330408946437105,62.265625,46.71875,2.669591053562895,1.330408946437105
642423,2022,Magneuris Sierra,,29.5,10.952700046283383,-0.20108767916131853,6,1,5,0.8571428571428571,7,1.3276004646365012,62.18749999999999,46.5625,3.672399535363499,1.3276004646365012
593428,2021,Xander Bogaerts,,27.7,18.606785941792424,6.710550543808468,5,1,4,0.8333333333333334,6,1.3208744088363664,62.109375,99.921875,2.6791255911636336,1.3208744088363664
621453,2022,Steven Duggar,,27.7,11.310158850081613,-0.5860765479023424,5,1,4,0.8333333333333334,6,1.3208744088363664,62.109375,37.265625,2.6791255911636336,1.3208744088363664
656669,2022,Jordan Luplow,,27.7,11.692624920372651,-0.20361047761130457,5,1,4,0.8333333333333334,6,1.3208744088363664,62.109375,46.328125,2.6791255911636336,1.3208744088363664
500743,2022,Miguel Rojas,,26.4,14.416031774251055,1.9835841683220838,9,3,6,0.75,12,1.3186811186641965,61.875,89.453125,4.6813188813358035,1.3186811186641965
606132,2022,Raimel Tapia,,28.2,11.448554561596174,-0.24144537179354408,8,2,6,0.8,10,1.3178252003069364,61.79687499999999,45.546875,4.682174799693064,1.3178252003069364
621563,2020,Joey Wendle,,28.2,10.212919489290114,-1.4770804440996042,8,2,6,0.8,10,1.3178252003069364,61.79687499999999,15.156249999999998,4.682174799693064,1.3178252003069364
605113,2019,Nick Ahmed,,28.2,14.965900684084207,3.2759007506944897,8,2,6,0.8,10,1.3178252003069364,61.79687499999999,97.109375,4.682174799693064,1.3178252003069364
571740,2019,Billy Hamilton,,29.5,12.441676677360478,1.287888951915777,22,6,16,0.7857142857142857,28,1.3104018585460047,61.5625,80.546875,14.689598141453995,1.3104018585460047
641658,2020,Garrett Hampson,,29.6,13.149547603880505,2.0370069713546517,6,1,5,0.8571428571428571,7,1.2972252972843208,61.484375,90.3125,3.702774702715679,1.2972252972843208
519203,2021,Anthony Rizzo,,25.2,14.246303726891488,1.318891005936349,6,2,4,0.75,8,1.295694469463184,61.40624999999999,81.015625,2.704305530536816,1.295694469463184
624414,2022,Christian Arroyo,,27.8,12.017797656965405,0.16280935190029666,5,1,4,0.8333333333333334,6,1.2948385511059257,61.328125,56.32812499999999,2.7051614488940743,1.2948385511059257
543877,2018,Christian Vázquez,,25.3,15.307238337911917,2.4210727098756255,4,1,3,0.8,5,1.2881124953057894,61.25000000000001,93.359375,1.7118875046942106,1.2881124953057894
656185,2022,Greg Allen,,28.3,12.373982108731136,0.7252292682602661,8,2,6,0.8,10,1.2744321040895343,61.171875,70.703125,4.725567895910466,1.2744321040895343
460075,2017,Ryan Braun,,27.1,13.495999244671305,1.3522812891742664,12,4,8,0.75,16,1.2722388139173617,61.09375,81.640625,6.727761186082638,1.2722388139173617
592325,2022,Ben Gamel,,27.9,9.718156230093163,-2.095584982053097,5,1,4,0.8333333333333334,6,1.268802693375485,61.01562499999999,7.421875,2.731197306624515,1.268802693375485
572041,2019,AJ Pollock,,28.0,13.760519744097627,1.9880256248702146,5,1,4,0.8333333333333334,6,1.2427668356450443,60.9375,89.609375,2.7572331643549557,1.2427668356450443
641313,2019,Tim Anderson,,28.7,12.231122308039547,0.7473578392440654,17,5,12,0.7727272727272727,22,1.2218913822838466,60.85937500000001,71.09375,10.778108617716153,1.2218913822838466
605509,2016,Kelby Tomlinson,,28.1,11.76711906278616,0.035872036477595515,5,1,4,0.8333333333333334,6,1.2167309779146023,60.78125,52.42187499999999,2.7832690220853977,1.2167309779146023
542194,2022,Christian Bethancourt,,28.1,13.474848348893849,1.7436013225852847,5,1,4,0.8333333333333334,6,1.2167309779146023,60.78125,86.796875,2.7832690220853977,1.2167309779146023
456488,2019,Eduardo Núñez,,28.1,14.132163790958318,2.400916764649754,5,1,4,0.8333333333333334,6,1.2167309779146023,60.78125,93.125,2.7832690220853977,1.2167309779146023
605486,2017,Cory Spangenberg,,28.6,12.547951366770182,1.022939805055854,11,3,8,0.7857142857142857,14,1.2019539416122607,60.546875,76.40625,6.798046058387739,1.2019539416122607
519058,2018,Mike Moustakas,,25.7,8.886312460186327,-3.8348647961745765,4,1,3,0.8,5,1.201326302870987,60.46875000000001,0.9375,1.798673697129013,1.201326302870987
434670,2018,Hanley Ramirez,,25.7,13.07157811504658,0.3504008586856777,4,1,3,0.8,5,1.201326302870987,60.46875000000001,62.57812499999999,1.798673697129013,1.201326302870987
641313,2018,Tim Anderson,,28.8,11.727100809627606,0.2845834337509725,26,8,18,0.7647058823529411,34,1.1953865182085899,60.3125,60.703125,16.80461348179141,1.1953865182085899
452254,2018,Hunter Pence,,28.2,14.555835909941482,2.8658359765517645,5,1,4,0.8333333333333334,6,1.1906951201841616,60.23437499999999,95.546875,2.8093048798158384,1.1906951201841616
435079,2017,Ian Kinsler,,26.9,13.374100780707403,1.1478886393726686,14,5,9,0.7368421052631579,19,1.1756773571529955,60.15625,78.4375,7.8243226428470045,1.1756773571529955
572204,2016,Trayce Thompson,,28.3,10.504129393189867,-1.1446234472810026,5,1,4,0.8333333333333334,6,1.1646592624537209,60.07812500000001,23.203125,2.835340737546279,1.1646592624537209
446359,2016,Zack Cozart,,25.9,11.999162555739144,-0.6395205147840652,4,1,3,0.8,5,1.157933206653586,60.0,36.40625,1.842066793346414,1.157933206653586
594777,2019,Kole Calhoun,,25.9,13.102419807799507,0.4637367372762977,4,1,3,0.8,5,1.157933206653586,60.0,64.609375,1.842066793346414,1.157933206653586
592663,2017,J.T. Realmuto,,28.6,13.49963178885317,1.9746202271388427,8,2,6,0.8,10,1.144252815437329,59.84374999999999,89.296875,4.855747184562671,1.144252815437329
660162,2019,Yoán Moncada,,27.8,11.899763752682896,0.044775447617787734,10,3,7,0.7692307692307693,13,1.1388168607295057,59.765625,52.734375,5.861183139270494,1.1388168607295057
570256,2016,Gregory Polanco,,27.3,11.288538994479518,-0.772684775179826,17,6,11,0.7391304347826086,23,1.1292350524061625,59.68750000000001,33.28125,9.870764947593837,1.1292350524061625
465041,2016,Francisco Cervelli,,25.7,12.702891738449777,-0.018285517911126092,6,2,4,0.75,8,1.1221220845935793,59.609375,51.24999999999999,2.8778779154064207,1.1221220845935793
605412,2017,Joe Panik,,26.1,10.944513418451647,-1.6116754662338657,4,1,3,0.8,5,1.1145401104361836,59.53125,12.578125000000002,1.8854598895638164,1.1145401104361836
608365,2016,Addison Russell,,28.5,9.698907561777538,-1.8673510928556372,5,1,4,0.8333333333333334,6,1.1125875469928395,59.45312499999999,9.375,2.8874124530071605,1.1125875469928395
434670,2016,Hanley Ramirez,,26.8,11.562315894426586,-0.7051433398269946,9,3,6,0.75,12,1.1103942568206682,59.375,34.84375,4.889605743179332,1.1103942568206682
642165,2019,Josh VanMeter,,26.8,13.801202264990758,1.5337430307371775,9,3,6,0.75,12,1.1103942568206682,59.375,84.0625,4.889605743179332,1.1103942568206682
446381,2017,Darwin Barney,,27.4,12.172307220209422,0.15233054346892416,7,2,5,0.7777777777777778,9,1.0984729730415346,59.21875,56.17187500000001,3.9015270269584654,1.0984729730415346
457759,2016,Justin Turner,,26.2,14.853845367015706,2.3389035752490415,4,1,3,0.8,5,1.092843562327483,59.140625,92.5,1.907156437672517,1.092843562327483
543510,2019,James McCann,,26.2,17.01874808210078,4.503806290334117,4,1,3,0.8,5,1.092843562327483,59.140625,99.453125,1.907156437672517,1.092843562327483
467827,2018,Gerardo Parra,,26.5,12.468804276179785,0.07760376316966244,11,4,7,0.7333333333333333,15,1.0832617540041438,58.984375,53.59374999999999,5.916738245995856,1.0832617540041438
543305,2022,Aaron Hicks,,27.9,12.151710942476708,0.33796973033044786,10,3,7,0.7692307692307693,13,1.0824058356468846,58.90625000000001,62.18749999999999,5.917594164353115,1.0824058356468846
621439,2016,Byron Buxton,,30.7,10.593627902250795,-0.06519470816773953,10,2,8,0.8333333333333334,12,1.07959735384628,58.828125,49.921875,6.92040264615372,1.07959735384628
656541,2022,Sam Hilliard,,28.7,9.852353482700954,-1.6314109860945276,5,1,4,0.8333333333333334,6,1.060515831531958,58.75,12.34375,2.939484168468042,1.060515831531958
640457,2018,Austin Meadows,,28.7,10.60959669870008,-0.8741677700954007,5,1,4,0.8333333333333334,6,1.060515831531958,58.75,30.703124999999996,2.939484168468042,1.060515831531958
488818,2017,Chase d'Arnaud,,28.7,12.585475015925468,1.1017105471299864,5,1,4,0.8333333333333334,6,1.060515831531958,58.75,77.734375,2.939484168468042,1.060515831531958
543685,2017,Anthony Rendon,,27.5,12.593636261670387,0.6149066778487366,7,2,5,0.7777777777777778,9,1.0594191864458717,58.51562500000001,67.890625,3.9405808135541283,1.0594191864458717
456488,2018,Eduardo Núñez,,27.5,12.691910862165074,0.7131812783434235,7,2,5,0.7777777777777778,9,1.0594191864458717,58.51562500000001,70.234375,3.9405808135541283,1.0594191864458717
624424,2019,Michael Conforto,,27.5,11.606843769906837,-0.37188581391481357,7,2,5,0.7777777777777778,9,1.0594191864458717,58.51562500000001,42.265625,3.9405808135541283,1.0594191864458717
669374,2019,Keston Hiura,,26.9,16.60838989167063,4.382177750335895,9,3,6,0.75,12,1.0583225413597868,58.28124999999999,99.296875,4.941677458640213,1.0583225413597868
425783,2020,Shin-Soo Choo,,25.9,13.60547832038915,0.9667952498659407,6,2,4,0.75,8,1.0526931306457374,58.203125,74.921875,2.9473068693542626,1.0526931306457374
542255,2020,Ender Inciarte,,26.4,14.182832747118493,1.750385141189522,4,1,3,0.8,5,1.0494504661100819,58.12500000000001,86.875,1.9505495338899181,1.0494504661100819
622682,2021,Victor Reyes,,28.8,10.549096230640592,-0.8934211452360419,5,1,4,0.8333333333333334,6,1.034479973801516,58.046875,29.843750000000004,2.965520026198484,1.034479973801516
640458,2019,Óscar Mercado,,29.5,12.114721363352837,0.9609336379081359,15,4,11,0.7894736842105263,19,1.0320584040133607,57.96875,74.6875,9.96794159598664,1.0320584040133607
572761,2018,Matt Carpenter,,26.5,9.859842172797967,-2.531358340212156,4,1,3,0.8,5,1.0277539180013813,57.89062499999999,4.375,1.9722460819986187,1.0277539180013813
608577,2019,Nomar Mazara,,26.5,11.485860064066829,-0.9053404489432939,4,1,3,0.8,5,1.0277539180013813,57.89062499999999,29.531249999999996,1.9722460819986187,1.0277539180013813
459964,2017,Matt Joyce,,26.5,11.499011022788343,-0.8921894902217797,4,1,3,0.8,5,1.0277539180013813,57.89062499999999,29.921874999999996,1.9722460819986187,1.0277539180013813
621453,2018,Steven Duggar,,28.9,13.423924280616722,2.022653997658935,5,1,4,0.8333333333333334,6,1.0084441160710766,57.65625,90.078125,2.9915558839289234,1.0084441160710766
666969,2021,Adolis García,,28.4,9.860496714127876,-1.7470090334241473,16,5,11,0.7619047619047619,21,0.9851819165314808,57.578125,10.546875,10.01481808346852,0.9851819165314808
594777,2018,Kole Calhoun,,26.1,12.827021325509122,0.27083244082360913,6,2,4,0.75,8,0.9832641766978938,57.49999999999999,60.3125,3.016735823302106,0.9832641766978938
605233,2019,Derek Fisher,,29.0,11.781711394838824,0.4216882047998851,5,1,4,0.8333333333333334,6,0.9824082583406346,57.421875,64.0625,3.0175917416593654,0.9824082583406346
458913,2018,Eric Young Jr.,,29.0,12.376696485448104,1.0166732954091646,5,1,4,0.8333333333333334,6,0.9824082583406346,57.421875,76.328125,3.0175917416593654,0.9824082583406346
502210,2018,Josh Reddick,,27.7,12.88610205381671,0.9898666558327545,7,2,5,0.7777777777777778,9,0.9813116132545492,57.265625,75.78125,4.018688386745451,0.9813116132545492
656185,2019,Greg Allen,,29.0,11.658308484348801,0.2982852943098617,8,2,6,0.8,10,0.9706804305677244,57.1875,61.328125,5.029319569432276,0.9706804305677244
451594,2016,Dexter Fowler,,28.3,11.249329666979959,-0.39942317349091105,13,4,9,0.7647058823529411,17,0.9665345769522098,57.10937499999999,41.40625,8.03346542304779,0.9665345769522098
541650,2017,Hernán Pérez,,28.3,14.378177054566452,2.729424214095582,13,4,9,0.7647058823529411,17,0.9665345769522098,57.10937499999999,95.15625,8.03346542304779,0.9665345769522098
593428,2016,Xander Bogaerts,,28.3,13.579925413609764,1.9311725731388947,13,4,9,0.7647058823529411,17,0.9665345769522098,57.10937499999999,88.828125,8.03346542304779,0.9665345769522098
519203,2017,Anthony Rizzo,,25.7,14.838810276862615,2.117633020501712,10,4,6,0.7142857142857143,14,0.9637136480387642,56.875,91.015625,5.036286351961236,0.9637136480387642
430947,2017,Erick Aybar,,26.7,11.894374266387853,-0.4143320607845755,11,4,7,0.7333333333333333,15,0.9530824653519367,56.796875,41.09375,6.046917534648063,0.9530824653519367
641933,2021,Tyler O'Neill,,29.6,10.909871262753471,-0.2026693697723818,15,4,11,0.7894736842105263,19,0.949611521200298,56.71874999999999,46.40625,10.050388478799702,0.949611521200298
641857,2021,Ryan McMahon,,26.2,13.272284088963655,0.7573422971969901,6,2,4,0.75,8,0.9485496997239729,56.640625,71.40625,3.051450300276027,0.9485496997239729
608336,2017,Joey Gallo,,27.8,12.769279324546833,0.9142910194817251,7,2,5,0.7777777777777778,9,0.9422578266588886,56.56250000000001,74.0625,4.057742173341111,0.9422578266588886
605113,2021,Nick Ahmed,,27.8,12.56621427054717,0.711225965482063,7,2,5,0.7777777777777778,9,0.9422578266588886,56.56250000000001,70.0,4.057742173341111,0.9422578266588886
677594,2022,Julio Rodríguez,,29.7,10.072683834156145,-0.9986097054508623,25,7,18,0.78125,32,0.9341720225469246,56.40625,26.171875,17.065827977453075,0.9341720225469246
520471,2016,Freddy Galvis,,27.5,11.736256336871215,-0.2424732469504356,17,6,11,0.7391304347826086,23,0.9296268098061162,56.32812499999999,45.46875,10.070373190193884,0.9296268098061162
543281,2017,Josh Harrison,,27.6,12.282092012841439,0.3446095219386365,12,4,8,0.75,16,0.9250940441781523,56.25,62.5,7.074905955821848,0.9250940441781523
453568,2018,Charlie Blackmon,,27.6,13.82247015023263,1.8849876593298287,12,4,8,0.75,16,0.9250940441781523,56.25,88.203125,7.074905955821848,0.9250940441781523
514888,2016,Jose Altuve,,28.4,11.749893498225598,0.14238775067357423,30,10,20,0.75,40,0.9241560314885362,56.09375,55.54687499999999,19.075843968511464,0.9241560314885362
665489,2021,Vladimir Guerrero Jr.,,27.0,13.836991054365567,1.652026005949681,4,1,3,0.8,5,0.919271177457877,56.015625,85.78125,2.080728822542123,0.919271177457877
665742,2020,Juan Soto,,26.3,13.764818530112409,1.291123831264592,6,2,4,0.75,8,0.9138352227500519,55.93749999999999,80.625,3.086164777249948,0.9138352227500519
542340,2017,Jonathan Villar,,27.9,12.199518039325946,0.3857768271796864,23,8,15,0.7419354838709677,31,0.8888139157733388,55.859375,63.4375,14.111186084226661,0.8888139157733388
445055,2017,Jon Jay,,26.4,13.156617571847088,0.7241699659181169,6,2,4,0.75,8,0.879120745776131,55.78125000000001,70.625,3.120879254223869,0.879120745776131
664059,2021,Sam Haggerty,,29.4,10.360785517113234,-0.8342493012503152,5,1,4,0.8333333333333334,6,0.8782648274188718,55.703125,31.406250000000004,3.121735172581128,0.8782648274188718
581527,2016,Devon Travis,,27.2,14.030158850081614,1.9276879875034219,4,1,3,0.8,5,0.8758780812404758,55.625,88.75,2.124121918759524,0.8758780812404758
547172,2016,Tony Wolters,,27.2,10.986312460186326,-1.116158402391866,4,1,3,0.8,5,0.8758780812404758,55.625,23.828125,2.124121918759524,0.8758780812404758
605131,2017,Austin Barnes,,27.3,13.468156230093163,1.4069324604338185,4,1,3,0.8,5,0.8541815331317744,55.46875,82.421875,2.1458184668682256,0.8541815331317744
657077,2019,Alex Verdugo,,27.3,11.618495527182784,-0.4427282424765604,4,1,3,0.8,5,0.8541815331317744,55.46875,40.625,2.1458184668682256,0.8541815331317744
608701,2017,Rob Refsnyder,,27.3,14.112669648544811,2.051445878885467,4,1,3,0.8,5,0.8541815331317744,55.46875,90.46875,2.1458184668682256,0.8541815331317744
571657,2019,Kyle Farmer,,27.3,11.568476251144645,-0.4927475185146992,4,1,3,0.8,5,0.8541815331317744,55.46875,39.921875,2.1458184668682256,0.8541815331317744
516416,2021,Jean Segura,,27.3,13.249422427787957,1.1881986581286128,9,3,6,0.75,12,0.8500356795162585,55.15624999999999,78.90625,5.1499643204837415,0.8500356795162585
519184,2016,Ben Revere,,27.3,10.580769755322862,-1.4804540143364822,14,5,9,0.7368421052631579,19,0.845889825900743,55.078125,15.0,8.154110174099257,0.845889825900743
520471,2017,Freddy Galvis,,27.3,12.08296918725918,0.021745417599834838,14,5,9,0.7368421052631579,19,0.845889825900743,55.078125,52.1875,8.154110174099257,0.845889825900743
592626,2016,Joc Pederson,,26.5,13.440412939318987,1.0492124263088645,6,2,4,0.75,8,0.84440626880221,54.921875,76.875,3.15559373119779,0.84440626880221
593700,2017,Alen Hanson,,29.2,10.182806390260241,-1.0947226139410038,11,3,8,0.7857142857142857,14,0.8374519333860908,54.84375,24.21875,7.162548066613909,0.8374519333860908
457708,2021,Justin Upton,,27.4,9.352403993684554,-2.667572683055944,4,1,3,0.8,5,0.8324849850230747,54.76562499999999,3.5937499999999996,2.1675150149769253,0.8324849850230747
609280,2022,Miguel Andujar,,27.4,10.969571246566062,-1.050405430174436,4,1,3,0.8,5,0.8324849850230747,54.76562499999999,25.156250000000004,2.1675150149769253,0.8324849850230747
543305,2020,Aaron Hicks,,27.5,13.981475558760007,2.0027459749383567,4,1,3,0.8,5,0.8107884369143732,54.60937500000001,89.765625,2.189211563085627,0.8107884369143732
657557,2021,Paul DeJong,,27.5,12.323274600494686,0.3445450166730364,4,1,3,0.8,5,0.8107884369143732,54.60937500000001,62.42187500000001,2.189211563085627,0.8107884369143732
663624,2022,Ryan Mountcastle,,27.5,11.256991054365567,-0.7217385294560827,4,1,3,0.8,5,0.8107884369143732,54.60937500000001,34.53125,2.189211563085627,0.8107884369143732
665742,2022,Juan Soto,,26.6,13.928732267985831,1.5787788478945561,6,2,4,0.75,8,0.8096917918282873,54.37499999999999,84.84375,3.1903082081717127,0.8096917918282873
593160,2022,Whit Merrifield,,28.6,10.980842886906919,-0.544168674807409,16,5,11,0.7619047619047619,21,0.8029309124183914,54.296875,38.515625,10.197069087581609,0.8029309124183914
542979,2018,Keon Broxton,,29.7,13.998378061505491,2.9270845218984842,5,1,4,0.8333333333333334,6,0.8001572542275484,54.21875000000001,95.859375,3.1998427457724516,0.8001572542275484
575929,2018,Willson Contreras,,27.6,8.374473056926908,-3.5630094339758944,4,1,3,0.8,5,0.7890918888056726,54.140625,1.25,2.2109081111943274,0.7890918888056726
592261,2017,Delino DeShields,,30.0,11.942335243045305,0.99478298219484,29,8,21,0.7837837837837838,37,0.7859730330567274,54.0625,75.9375,20.214026966943273,0.7859730330567274
665487,2020,Fernando Tatis Jr.,,29.3,10.558186581797184,-0.6780953294852132,11,3,8,0.7857142857142857,14,0.7767015986817292,53.98437499999999,35.3125,7.223298401318271,0.7767015986817292
572204,2022,Trayce Thompson,,27.7,12.27477329050046,0.3785378925165048,4,1,3,0.8,5,0.767395340696972,53.90625,63.20312500000001,2.232604659303028,0.767395340696972
571970,2019,Max Muncy,,27.7,16.236423002017244,4.340187604033288,4,1,3,0.8,5,0.767395340696972,53.90625,99.21875,2.232604659303028,0.767395340696972
666182,2020,Bo Bichette,,27.7,12.009926357770635,0.11369095978667865,4,1,3,0.8,5,0.767395340696972,53.90625,54.53125,2.232604659303028,0.767395340696972
592444,2019,JaCoby Jones,,28.3,11.249919580292797,-0.39883326017807263,7,2,5,0.7777777777777778,9,0.7469888936805811,53.671875,41.484375,4.253011106319419,0.7469888936805811
453568,2022,Charlie Blackmon,,27.8,15.40950031850939,3.554512013444283,4,1,3,0.8,5,0.7456987925882714,53.59374999999999,97.8125,2.2543012074117286,0.7456987925882714
624428,2016,Adam Frazier,,27.8,13.976696485448105,2.1217081803829974,4,1,3,0.8,5,0.7456987925882714,53.59374999999999,91.171875,2.2543012074117286,0.7456987925882714
595879,2017,Javier Báez,,28.5,10.336511022788343,-1.2297476318448322,10,3,7,0.7692307692307693,13,0.7439396851511519,53.43750000000001,21.171875,6.256060314848848,0.7439396851511519
501571,2019,Juan Lagares,,27.9,10.19509099066369,-1.6186502214825698,4,1,3,0.8,5,0.7240022444795708,53.359375,12.421875,2.275997755520429,0.7240022444795708
641584,2022,Jake Fraley,,27.9,10.677375079627348,-1.136366132518912,4,1,3,0.8,5,0.7240022444795708,53.359375,23.359375,2.275997755520429,0.7240022444795708
456422,2016,Michael Bourn,,28.1,13.342360170236626,1.611113143928062,15,5,10,0.75,20,0.7224365930486734,53.20312499999999,85.3125,9.277563406951327,0.7224365930486734
596451,2016,Roman Quinn,,30.0,11.28566278006429,0.33811051921382607,5,1,4,0.8333333333333334,6,0.7220496810362262,53.125,62.265625,3.2779503189637738,0.7220496810362262
467827,2019,Gerardo Parra,,26.4,11.632579339800841,-0.7998682661281293,8,3,5,0.7272727272727273,11,0.7087910254421796,53.04687500000001,32.8125,4.29120897455782,0.7087910254421796
434158,2017,Curtis Granderson,,26.9,13.432465631914072,1.2062534905793374,6,2,4,0.75,8,0.7055483609065245,52.96875,79.296875,3.2944516390934755,0.7055483609065245
588751,2017,Adeiny Hechavarría,,28.0,9.245618051892132,-2.52687606733528,4,1,3,0.8,5,0.7023056963708703,52.890625,4.53125,2.2976943036291297,0.7023056963708703
645302,2020,Victor Robles,,28.0,13.146116080908017,1.3736219616806054,4,1,3,0.8,5,0.7023056963708703,52.890625,82.109375,2.2976943036291297,0.7023056963708703
643393,2018,Tony Kemp,,27.6,13.144354568370034,1.2068720774672315,9,3,6,0.75,12,0.6938205331336142,52.734375,79.453125,5.306179466866386,0.6938205331336142
543760,2022,Marcus Semien,,28.8,12.282733853804936,0.840216477928303,25,8,17,0.7575757575757576,33,0.6896398559083394,52.65625000000001,72.578125,16.31036014409166,0.6896398559083394
594694,2018,Wilmer Difo,,28.6,11.43452498407453,-0.09048657763979762,10,3,7,0.7692307692307693,13,0.6875286600685282,52.578125,49.0625,6.312471339931472,0.6875286600685282
607054,2019,Jace Peterson,,28.1,10.359389776678471,-1.371857249630093,4,1,3,0.8,5,0.6806091482621683,52.5,17.8125,2.3193908517378317,0.6806091482621683
621550,2021,Patrick Wisdom,,28.1,12.560217464764909,0.828970438456345,4,1,3,0.8,5,0.6806091482621683,52.5,72.421875,2.3193908517378317,0.6806091482621683
664913,2021,Seth Brown,,28.1,10.065475015925468,-1.6657720103830957,4,1,3,0.8,5,0.6806091482621683,52.5,11.71875,2.3193908517378317,0.6806091482621683
657077,2021,Alex Verdugo,,27.0,11.240752236408607,-0.9442128120072795,6,2,4,0.75,8,0.6708338839326036,52.26562500000001,27.8125,3.3291661160673964,0.6708338839326036
642180,2020,Tyler Wade,,28.2,12.172256709225824,0.48225677583610604,4,1,3,0.8,5,0.6589126001534682,52.1875,65.0,2.341087399846532,0.6589126001534682
572073,2016,Joey Rickard,,28.2,9.833937380558979,-1.856062552830739,4,1,3,0.8,5,0.6589126001534682,52.1875,9.453125,2.341087399846532,0.6589126001534682
592663,2020,J.T. Realmuto,,28.2,10.220220926688096,-1.4697790067016214,4,1,3,0.8,5,0.6589126001534682,52.1875,15.390625,2.341087399846532,0.6589126001534682
460576,2019,Carlos Gómez,,28.2,11.70731544206447,0.017315508674752067,4,1,3,0.8,5,0.6589126001534682,52.1875,51.87500000000001,2.341087399846532,0.6589126001534682
664056,2019,Harrison Bader,,29.5,13.532706469659493,2.3789187442147917,11,3,8,0.7857142857142857,14,0.6552009292730023,51.87500000000001,92.734375,7.344799070726998,0.6552009292730023
542993,2016,Billy Burns,,29.3,11.412991491661128,0.17670958037873064,17,5,12,0.7727272727272727,22,0.6491025122141458,51.796875,56.95312500000001,11.350897487785854,0.6491025122141458
594011,2019,Rosell Herrera,,28.3,10.553450799010625,-1.0953020414602452,4,1,3,0.8,5,0.6372160520447672,51.71875,24.140625,2.362783947955233,0.6372160520447672
650402,2018,Gleyber Torres,,27.1,10.239208818230676,-1.9045091372663627,6,2,4,0.75,8,0.6361194069586809,51.64062499999999,9.0625,3.363880593041319,0.6361194069586809
656775,2020,Cedric Mullins,,28.6,11.476872985538789,-0.04813857617553907,7,2,5,0.7777777777777778,9,0.6298275338935966,51.5625,50.46874999999999,4.370172466106403,0.6298275338935966
592325,2017,Ben Gamel,,28.4,9.657557060954726,-1.9499486865972973,4,1,3,0.8,5,0.615519503936067,51.48437500000001,8.75,2.384480496063933,0.615519503936067
543807,2021,George Springer,,28.4,14.490044728172158,2.8825389806201347,4,1,3,0.8,5,0.615519503936067,51.48437500000001,95.703125,2.384480496063933,0.615519503936067
519203,2019,Anthony Rizzo,,25.3,15.662951117520016,2.776785489483725,5,2,3,0.7142857142857143,7,0.6033574934281054,51.328125,95.3125,2.3966425065718946,0.6033574934281054
543401,2017,Jason Kipnis,,27.2,15.424602874795964,3.3221320122177715,6,2,4,0.75,8,0.6014049299847617,51.24999999999999,97.34375,3.3985950700152383,0.6014049299847617
649557,2017,Aledmys Díaz,,28.5,10.582240895110873,-0.9840177595223025,4,1,3,0.8,5,0.593822955827366,51.171875,26.484375,2.406177044172634,0.593822955827366
570481,2019,Erik González,,28.5,8.4076091062577,-3.1586495483754753,4,1,3,0.8,5,0.593822955827366,51.171875,2.1875,2.406177044172634,0.593822955827366
670764,2022,Taylor Walls,,28.8,11.358333333333333,-0.08418404254330092,10,3,7,0.7692307692307693,13,0.5747066099032843,51.015625,49.53125,6.425293390096716,0.5747066099032843
641355,2017,Cody Bellinger,,28.8,11.634716223076001,0.19219884719936786,10,3,7,0.7692307692307693,13,0.5747066099032843,51.015625,57.49999999999999,6.425293390096716,0.5747066099032843
614173,2022,Franchy Cordero,,28.6,9.94657811504658,-1.5784334466677468,4,1,3,0.8,5,0.5721264077186645,50.85937499999999,13.046875,2.4278735922813355,0.5721264077186645
641505,2021,Jonathan Davis,,28.6,11.186651757275946,-0.3383598044383813,4,1,3,0.8,5,0.5721264077186645,50.85937499999999,43.359375,2.4278735922813355,0.5721264077186645
543484,2018,Mikie Mahtook,,28.6,12.822360170236628,1.2973486085223005,4,1,3,0.8,5,0.5721264077186645,50.85937499999999,80.78125,2.4278735922813355,0.5721264077186645
503556,2017,Marwin Gonzalez,,26.7,9.414141397189713,-2.8945649299827156,8,3,5,0.7272727272727273,11,0.5655938079247536,50.625,2.65625,4.4344061920752464,0.5655938079247536
570267,2019,Domingo Santana,,26.7,15.606769419474018,3.2980630923015894,8,3,5,0.7272727272727273,11,0.5655938079247536,50.625,97.265625,4.4344061920752464,0.5655938079247536
665489,2022,Vladimir Guerrero Jr.,,26.7,12.678984167429764,0.37027784025733546,8,3,5,0.7272727272727273,11,0.5655938079247536,50.625,63.046875,4.4344061920752464,0.5655938079247536
666158,2022,Gavin Lux,,28.8,10.849844808483793,-0.5926725673928406,7,2,5,0.7777777777777778,9,0.5517199607022736,50.390625,37.109375,4.448280039297726,0.5517199607022736
571437,2016,Aaron Altherr,,28.8,11.1671383388243,-0.2753790370523337,7,2,5,0.7777777777777778,9,0.5517199607022736,50.390625,44.921875,4.448280039297726,0.5517199607022736
624577,2018,Yasiel Puig,,28.3,10.129604114152006,-1.519148726318864,15,5,10,0.75,20,0.5488642081790687,50.234375,14.140625000000002,9.451135791820931,0.5488642081790687
596019,2020,Francisco Lindor,,27.4,10.974774167254386,-1.0452025094861117,6,2,4,0.75,8,0.5319759760369198,50.15625,25.3125,3.46802402396308,0.5319759760369198
642423,2020,Magneuris Sierra,,28.8,10.91643083058785,-0.5260865452887842,4,1,3,0.8,5,0.5287333115012633,50.07812499999999,39.0625,2.4712666884987367,0.5287333115012633
545350,2021,Jake Marisnick,,28.8,12.98906538897957,1.546548013102937,4,1,3,0.8,5,0.5287333115012633,50.07812499999999,84.21875,2.4712666884987367,0.5287333115012633
518692,2021,Freddie Freeman,,26.9,10.890158850081614,-1.336053291253121,8,3,5,0.7272727272727273,11,0.470128996246471,49.921875,18.671875,4.529871003753529,0.470128996246471
666158,2021,Gavin Lux,,29.1,10.34694632619341,-0.9718297709266821,4,1,3,0.8,5,0.4636436671751616,49.84375,26.875,2.5363563328248384,0.4636436671751616
640447,2017,Phillip Ervin,,29.1,10.22536821114683,-1.0934078859732619,4,1,3,0.8,5,0.4636436671751616,49.84375,24.296875,2.5363563328248384,0.4636436671751616
641796,2022,Tim Locastro,,30.2,10.246448179022174,-0.6186098959905966,8,2,6,0.8,10,0.4499632759589076,49.6875,36.71875,5.550036724041092,0.4499632759589076
467793,2016,Carlos Santana,,25.9,9.496425047776407,-3.1422580227468018,5,2,3,0.7142857142857143,7,0.4211064893150205,49.609375,2.265625,2.5788935106849795,0.4211064893150205
641933,2022,Tyler O'Neill,,29.7,10.55432327724108,-0.5169702623659269,14,4,10,0.7777777777777778,18,0.4004717626826455,49.53125,39.296875,9.599528237317354,0.4004717626826455
605548,2018,Bradley Zimmer,,29.4,10.224699254986655,-0.970335563376894,4,1,3,0.8,5,0.39855402284905983,49.453125,26.953125,2.60144597715094,0.39855402284905983
623205,2021,Andrew Velazquez,,29.4,9.74728562328303,-1.4477491950805188,4,1,3,0.8,5,0.39855402284905983,49.453125,15.625,2.60144597715094,0.39855402284905983
453943,2018,Todd Frazier,,25.6,16.33294456754889,3.57052021826914,9,4,5,0.6923076923076923,13,0.37985941254718814,49.296875,97.890625,4.620140587452812,0.37985941254718814
544725,2019,Leury García,,28.5,11.919542332508854,0.3532836778756785,15,5,10,0.75,20,0.375291823309464,49.21875,62.65625,9.624708176690536,0.375291823309464
622534,2020,Manuel Margot,,28.4,10.80844979132276,-0.7990559562292638,12,4,8,0.75,16,0.36966241259541377,49.140625,32.96875,7.630337587404586,0.36966241259541377
547180,2022,Bryce Harper,,27.6,11.280392758556616,-0.6570897323461864,11,4,7,0.7333333333333333,15,0.3672756664170178,49.0625,35.9375,6.632724333582982,0.3672756664170178
641857,2022,Ryan McMahon,,25.8,13.729953737508467,1.0500235740664117,7,3,4,0.7,10,0.35925950952457075,48.984375,76.953125,3.6407404904754292,0.35925950952457075
650859,2022,Luis Rengifo,,27.9,9.845004366647418,-1.9687368454988423,6,2,4,0.75,8,0.35840359116731335,48.90625,8.515625,3.6415964088326866,0.35840359116731335
543257,2022,Robbie Grossman,,27.9,10.36107010512231,-1.4526711070239493,6,2,4,0.75,8,0.35840359116731335,48.90625,15.546874999999998,3.6415964088326866,0.35840359116731335
596115,2017,Trevor Story,,29.3,12.177620553725234,0.9413386424428367,7,2,5,0.7777777777777778,9,0.35645102772396875,48.75,74.53125,4.643548972276031,0.35645102772396875
545350,2019,Jake Marisnick,,29.2,12.182438179113412,0.9049091749121665,10,3,7,0.7692307692307693,13,0.34906250957279816,48.671875,73.59375,6.650937490427202,0.34906250957279816
621020,2021,Dansby Swanson,,28.3,12.388483961559901,0.7397311210890312,9,3,6,0.75,12,0.32931852490744173,48.59375,70.78125,5.670681475092558,0.32931852490744173
592885,2021,Christian Yelich,,28.3,11.068639900543236,-0.5801129399276341,9,3,6,0.75,12,0.32931852490744173,48.59375,37.421875,5.670681475092558,0.32931852490744173
514917,2018,César Hernández,,29.1,10.783628231241424,-0.5351478658786668,19,6,13,0.76,25,0.31821833587580883,48.4375,38.75,12.681781664124191,0.31821833587580883
518792,2016,Jason Heyward,,27.7,11.022788963107203,-0.8734464348767528,11,4,7,0.7333333333333333,15,0.3021860220909165,48.359375,30.78125,6.6978139779090835,0.3021860220909165
606192,2021,Teoscar Hernández,,28.5,11.396681576057384,-0.16957707857579152,12,4,8,0.75,16,0.3002334586475719,48.28125,47.5,7.699766541352428,0.3002334586475719
596146,2016,Max Kepler,,28.1,10.923473163096704,-0.8077738632118603,6,2,4,0.75,8,0.2889746372194697,48.203125,32.421875,3.7110253627805303,0.2889746372194697
596019,2022,Francisco Lindor,,27.6,12.721093340091445,0.7836108491886424,16,6,10,0.7272727272727273,22,0.27200431074495945,48.125,71.796875,9.72799568925504,0.27200431074495945
607680,2019,Kevin Pillar,,28.0,11.893056279305158,0.12056216007774623,14,5,9,0.7368421052631579,19,0.2687616462093061,48.046875,54.921875,8.731238353790694,0.2687616462093061
650402,2019,Gleyber Torres,,26.5,12.245180447008007,-0.1460200660021158,5,2,3,0.7142857142857143,7,0.23885548520193378,47.96875,47.890625,2.761144514798066,0.23885548520193378
664068,2018,Scott Kingery,,29.4,9.798652449660585,-1.3963823687029642,10,3,7,0.7692307692307693,13,0.236240459407556,47.890625,17.265625,6.763759540592444,0.236240459407556
518792,2019,Jason Heyward,,27.4,11.543291948929012,-0.4766847278114863,8,3,5,0.7272727272727273,11,0.23146696705076497,47.8125,40.15625,4.768533032949235,0.23146696705076497
502210,2016,Josh Reddick,,27.4,12.995663684788523,0.9756870080480251,8,3,5,0.7272727272727273,11,0.23146696705076497,47.8125,75.3125,4.768533032949235,0.23146696705076497
598265,2017,Jackie Bradley Jr.,,27.4,12.933855864909367,0.9138791881688686,8,3,5,0.7272727272727273,11,0.23146696705076497,47.8125,73.984375,4.768533032949235,0.23146696705076497
606132,2019,Raimel Tapia,,28.5,12.102318785832306,0.5360601311991307,9,3,6,0.75,12,0.22517509398567892,47.578125,66.171875,5.774824906014321,0.22517509398567892
543807,2019,George Springer,,28.4,11.968507092805666,0.36100134525364247,6,2,4,0.75,8,0.18483120629770688,47.5,62.890625,3.815168793702293,0.18483120629770688
453923,2018,Grégor Blanco,,28.4,12.14326143327797,0.5357556857259471,6,2,4,0.75,8,0.18483120629770688,47.5,66.09375,3.815168793702293,0.18483120629770688
544725,2021,Leury García,,28.4,12.712136467403976,1.1046307198519525,6,2,4,0.75,8,0.18483120629770688,47.5,77.8125,3.815168793702293,0.18483120629770688
664058,2019,David Fletcher,,27.5,12.191233035145519,0.21250345132386883,8,3,5,0.7272727272727273,11,0.18373456121162057,47.265625,58.359375,4.816265438788379,0.18373456121162057
502210,2019,Josh Reddick,,26.7,12.577876312073782,0.26916998490135313,5,2,3,0.7142857142857143,7,0.17810515049757036,47.1875,60.23437499999999,2.8218948495024296,0.17810515049757036
518934,2019,DJ LeMahieu,,26.7,12.408755399231598,0.10004907205916957,5,2,3,0.7142857142857143,7,0.17810515049757036,47.1875,54.21875000000001,2.8218948495024296,0.17810515049757036
543768,2018,Travis Shaw,,26.7,10.621493930073916,-1.687212397098513,5,2,3,0.7142857142857143,7,0.17810515049757036,47.1875,11.40625,2.8218948495024296,0.17810515049757036
543939,2020,Kolten Wong,,26.7,14.641948135641874,2.3332418084694453,5,2,3,0.7142857142857143,7,0.17810515049757036,47.1875,92.34375,2.8218948495024296,0.17810515049757036
546318,2018,Odúbel Herrera,,26.7,11.492930032033415,-0.8157762951390133,5,2,3,0.7142857142857143,7,0.17810515049757036,47.1875,32.1875,2.8218948495024296,0.17810515049757036
664702,2020,Myles Straw,,28.5,9.810766241075095,-1.7554924135580805,6,2,4,0.75,8,0.15011672932378595,46.796875,10.46875,3.849883270676214,0.15011672932378595
435062,2017,Howie Kendrick,,26.7,13.49932912220807,1.190622795035642,12,5,7,0.7058823529411765,17,0.1468267940655288,46.71875,78.984375,6.853173205934471,0.1468267940655288
643217,2022,Andrew Benintendi,,27.6,12.586424706816548,0.6489422159137455,8,3,5,0.7272727272727273,11,0.13600215537247973,46.640625,68.4375,4.86399784462752,0.13600215537247973
276519,2016,Jimmy Rollins,,26.9,12.861628626030182,0.6354164846954475,5,2,3,0.7142857142857143,7,0.11735481579320872,46.5625,68.28125,2.8826451842067913,0.11735481579320872
641355,2019,Cody Bellinger,,28.8,12.539790255354943,1.097272879478309,15,5,10,0.75,20,0.11493324600505339,46.484375,77.65625,9.885066753994947,0.11493324600505339
592663,2016,J.T. Realmuto,,28.8,10.392167252881507,-1.0503501229951269,12,4,8,0.75,16,0.09194659680404271,46.40625,25.234374999999996,7.908053403195957,0.09194659680404271
543939,2021,Kolten Wong,,26.8,12.033160748411719,-0.23429848584186175,12,5,7,0.7058823529411765,17,0.07305853049594635,46.328125,45.859375,6.926941469504054,0.07305853049594635
645302,2019,Victor Robles,,29.2,11.515904131680967,0.23837512747972234,28,9,19,0.7567567567567568,37,0.07040868109181275,46.25,59.53125,18.929591318908187,0.07040868109181275
571740,2020,Billy Hamilton,,28.8,11.775633866007084,0.3331164901304504,6,2,4,0.75,8,0.045973298402021356,46.171875,61.875,3.9540267015979786,0.045973298402021356
605480,2018,Mallex Smith,,29.8,10.65972943908223,-0.37031700760592834,40,12,28,0.7692307692307693,52,0.04238543630826541,46.09375,42.5,27.957614563691735,0.04238543630826541
642715,2022,Willy Adames,,27.8,12.914548115320295,1.0595598102551875,8,3,5,0.7272727272727273,11,0.04053734369419715,46.015625,77.265625,4.959462656305803,0.04053734369419715
572816,2018,Corey Dickerson,,27.8,11.764542634083599,-0.09044567098150935,8,3,5,0.7272727272727273,11,0.04053734369419715,46.015625,49.140625,4.959462656305803,0.04053734369419715
665742,2018,Juan Soto,,27.2,14.071198338276869,1.9687274756986763,5,2,3,0.7142857142857143,7,0.026229313736666704,45.859375,89.140625,2.9737706862633333,0.026229313736666704
457708,2017,Justin Upton,,28.3,11.866455440450459,0.21770259997958874,14,5,9,0.7368421052631579,19,0.0214209977701163,45.78125,58.59375,8.978579002229884,0.0214209977701163
594809,2016,Adam Eaton,,28.3,12.51440366318961,0.8656508227187398,14,5,9,0.7368421052631579,19,0.0214209977701163,45.78125,73.125,8.978579002229884,0.0214209977701163
622682,2019,Victor Reyes,,28.9,10.849114483799148,-0.5521557991586388,9,3,6,0.75,12,0.016888232142153292,45.625,38.203125,5.983111767857847,0.016888232142153292
608070,2022,José Ramírez,,28.5,10.389023142562365,-1.1772355120708102,20,7,13,0.7407407407407407,27,0.006643961467776904,45.546875,22.421875,12.993356038532223,0.006643961467776904
672284,2022,Jarred Kelenic,,27.3,9.836742747939635,-2.2244810217197095,5,2,3,0.7142857142857143,7,-0.004145853615515893,45.46875,6.09375,3.004145853615516,-0.004145853615515893
646240,2018,Rafael Devers,,27.3,10.397673391385453,-1.6635503782738912,5,2,3,0.7142857142857143,7,-0.004145853615515893,45.46875,11.796875,3.004145853615516,-0.004145853615515893
598265,2020,Jackie Bradley Jr.,,27.3,12.084343002747149,0.023119233087804503,5,2,3,0.7142857142857143,7,-0.004145853615515893,45.46875,52.26562500000001,3.004145853615516,-0.004145853615515893
502054,2022,Tommy Pham,,27.9,12.054425319193676,0.24068410704741616,8,3,5,0.7272727272727273,11,-0.007195062144944586,45.234375,59.609375,5.007195062144945,-0.007195062144944586
592518,2017,Manny Machado,,26.3,10.915384877661431,-1.558309821186386,9,4,5,0.6923076923076923,13,-0.015017763031165643,45.15625,13.593749999999998,5.015017763031166,-0.015017763031165643
462101,2017,Elvis Andrus,,27.3,12.370216796108496,0.3089930264491514,25,10,15,0.7142857142857143,35,-0.02072926807757902,45.078125,61.484375,15.020729268077579,-0.02072926807757902
572008,2018,Chris Owings,,28.2,13.943825186253335,2.253825252863617,11,4,7,0.7333333333333333,15,-0.023262199539596295,45.0,92.109375,7.023262199539596,-0.023262199539596295
592444,2017,JaCoby Jones,,29.0,10.32316278006429,-1.0368604099746488,6,2,4,0.75,8,-0.02345565554582052,44.921875,25.546875000000004,4.0234556555458205,-0.02345565554582052
471865,2018,Carlos González,,27.4,12.02766964854481,0.007692971804312165,5,2,3,0.7142857142857143,7,-0.03452102096769494,44.84375,51.5625,3.034521020967695,-0.03452102096769494
451594,2018,Dexter Fowler,,27.4,11.574563760884773,-0.44541291585572473,5,2,3,0.7142857142857143,7,-0.03452102096769494,44.84375,40.546875,3.034521020967695,-0.03452102096769494
542255,2017,Ender Inciarte,,27.1,10.708524232457476,-1.4351937230395624,22,9,13,0.7096774193548387,31,-0.03503729803511213,44.6875,16.09375,13.035037298035112,-0.03503729803511213
681082,2022,Bryson Stott,,29.0,11.597126773201415,0.23710358316247593,12,4,8,0.75,16,-0.04691131109164104,44.609375,59.45312499999999,8.046911311091641,-0.04691131109164104
491676,2017,Gorkys Hernández,,29.0,10.775583681830566,-0.5844395082083729,12,4,8,0.75,16,-0.04691131109164104,44.609375,37.34375,8.046911311091641,-0.04691131109164104
543877,2021,Christian Vázquez,,25.2,13.807352715541269,0.8799399945861293,8,4,4,0.6666666666666666,12,-0.05645829580522399,44.453125,73.359375,4.056458295805224,-0.05645829580522399
669374,2022,Keston Hiura,,27.5,12.36163248123781,0.38290289741616057,5,2,3,0.7142857142857143,7,-0.06489618831987753,44.375,63.28125,3.0648961883198775,-0.06489618831987753
408314,2018,José Reyes,,27.5,12.921364674039774,0.9426350902181238,5,2,3,0.7142857142857143,7,-0.06489618831987753,44.375,74.609375,3.0648961883198775,-0.06489618831987753
488818,2016,Chase d'Arnaud,,29.1,12.565585374336994,1.2468092772169026,9,3,6,0.75,12,-0.08725519877961219,44.21875,80.15625,6.087255198779612,-0.08725519877961219
545350,2018,Jake Marisnick,,29.2,8.94549531484319,-2.332033689358054,6,2,4,0.75,8,-0.0928846094936624,44.140625,5.3125,4.092884609493662,-0.0928846094936624
660670,2018,Ronald Acuña Jr.,,29.6,12.345507622185313,1.2329669896594595,16,5,11,0.7619047619047619,21,-0.10832410814703763,44.0625,79.84375,11.108324108147038,-0.10832410814703763
662139,2022,Daulton Varsho,,28.0,12.05783830086958,0.28534418164216824,16,6,10,0.7272727272727273,22,-0.10985493596817086,43.984375,60.78125,10.10985493596817,-0.10985493596817086
592348,2018,Niko Goodrum,,29.1,10.581938615778153,-0.7368374813419383,12,4,8,0.75,16,-0.11634026503948292,43.90625,34.375,8.116340265039483,-0.11634026503948292
641553,2022,Adam Engel,,29.1,11.910973163096704,0.5921970659766131,12,4,8,0.75,16,-0.11634026503948292,43.90625,67.5,8.116340265039483,-0.11634026503948292
605412,2019,Joe Panik,,25.6,11.339366133992915,-1.4230582152868347,4,2,2,0.6666666666666666,6,-0.1323725788243748,43.75,16.5625,2.132372578824375,-0.1323725788243748
605412,2018,Joe Panik,,25.6,14.826762810546658,2.0643384612669085,4,2,2,0.6666666666666666,6,-0.1323725788243748,43.75,90.625,2.132372578824375,-0.1323725788243748
592348,2021,Niko Goodrum,,28.5,10.765498147171234,-0.8007605074619413,14,5,9,0.7368421052631579,19,-0.14347276785600904,43.59375,32.734375,9.143472767856009,-0.14347276785600904
435079,2016,Ian Kinsler,,26.8,12.256709412832556,-0.010749821421024208,14,6,8,0.7,20,-0.14934290529888727,43.515625,51.328125,8.149342905298887,-0.14934290529888727
622168,2019,Yairo Muñoz,,28.2,15.14963178885317,3.459631855463453,8,3,5,0.7272727272727273,11,-0.15039227966237068,43.4375,97.578125,5.150392279662371,-0.15039227966237068
542364,2016,Rafael Ortega,,28.2,10.174412396484447,-1.5155875369052705,8,3,5,0.7272727272727273,11,-0.15039227966237068,43.4375,14.21875,5.150392279662371,-0.15039227966237068
607680,2020,Kevin Pillar,,27.8,12.391081895479159,0.5360935904140511,5,2,3,0.7142857142857143,7,-0.15602169037642,43.28125,66.25,3.15602169037642,-0.15602169037642
543877,2019,Christian Vázquez,,25.7,14.544909009336312,1.8237317529754087,4,2,2,0.6666666666666666,6,-0.1584084365548155,43.203125,87.34375,2.1584084365548155,-0.1584084365548155
430832,2017,José Bautista,,25.5,13.063413236055258,0.2597417938566604,6,3,3,0.6666666666666666,9,-0.15950508164090138,43.125,60.07812500000001,3.1595050816409014,-0.15950508164090138
425783,2016,Shin-Soo Choo,,25.5,11.63997018121856,-1.1637012609800372,6,3,3,0.6666666666666666,9,-0.15950508164090138,43.125,22.65625,3.1595050816409014,-0.15950508164090138
502523,2016,Shawn O'Malley,,29.4,10.276199872596242,-0.9188349457673066,6,2,4,0.75,8,-0.16231356344150427,42.96875,29.062500000000004,4.162313563441504,-0.16231356344150427
435079,2018,Ian Kinsler,,26.6,13.002804069193019,0.6528506491017438,16,7,9,0.6956521739130435,23,-0.17213609849367373,42.890625,68.59375,9.172136098493674,-0.17213609849367373
624577,2019,Yasiel Puig,,28.2,10.256531455741664,-1.433468477648054,19,7,12,0.7307692307692307,26,-0.17365447920196608,42.8125,16.171875,12.173654479201966,-0.17365447920196608
518626,2019,Josh Donaldson,,25.8,12.973264962475618,0.29333479903356263,4,2,2,0.6666666666666666,6,-0.18444429428525755,42.734375,61.01562499999999,2.1844442942852575,-0.18444429428525755
542364,2018,Rafael Ortega,,27.9,12.073284238513756,0.2595430263674956,5,2,3,0.7142857142857143,7,-0.18639685772860082,42.65625,60.0,3.186396857728601,-0.18639685772860082
434658,2018,Rajai Davis,,29.1,11.935134558391722,0.6163584612716306,21,7,14,0.75,28,-0.2035954638190951,42.578125,67.96875,14.203595463819095,-0.2035954638190951
520471,2019,Freddy Galvis,,25.9,13.606824493868698,0.9681414233454895,4,2,2,0.6666666666666666,6,-0.21048015201569692,42.5,75.0,2.210480152015697,-0.21048015201569692
571740,2018,Billy Hamilton,,30.1,12.812060028372771,1.9057548604411547,34,10,24,0.7727272727272727,44,-0.22923196242425092,42.421875,88.515625,24.22923196242425,-0.22923196242425092
572008,2019,Chris Owings,,28.1,12.716696485448105,0.9854494591395415,5,2,3,0.7142857142857143,7,-0.2471471924329638,42.34375,75.625,3.247147192432964,-0.2471471924329638
666185,2022,Dylan Carlson,,28.1,11.376696485448106,-0.35455054086045834,5,2,3,0.7142857142857143,7,-0.2471471924329638,42.34375,43.046875,3.247147192432964,-0.2471471924329638
624577,2016,Yasiel Puig,,28.1,10.412896358044348,-1.318350668264216,5,2,3,0.7142857142857143,7,-0.2471471924329638,42.34375,18.90625,3.247147192432964,-0.2471471924329638
622761,2021,Jorge Mateo,,30.3,12.68516219384945,1.8613512117555278,10,3,7,0.7692307692307693,13,-0.2714587663360444,42.109375,87.734375,7.271458766336044,-0.2714587663360444
460576,2017,Carlos Gómez,,28.0,11.028062407101427,-0.7444317121259854,13,5,8,0.7222222222222222,18,-0.27169949306486707,42.03125,34.140625,8.271699493064867,-0.27169949306486707
578428,2021,Jose Iglesias,,28.2,10.073077316492148,-1.61692261689757,5,2,3,0.7142857142857143,7,-0.27752235978514506,41.953125,12.5,3.277522359785145,-0.27752235978514506
596019,2021,Francisco Lindor,,27.8,13.573478309843273,1.7184900047781646,10,4,6,0.7142857142857143,14,-0.31204338075284,41.875,86.09375,6.31204338075284,-0.31204338075284
608324,2018,Alex Bregman,,27.8,11.306657213280307,-0.5483310917848012,10,4,6,0.7142857142857143,14,-0.31204338075284,41.875,38.28125,6.31204338075284,-0.31204338075284
650402,2021,Gleyber Torres,,27.0,12.368398684304516,0.1834336358886297,14,6,8,0.7,20,-0.32291529016849196,41.71875,57.265625,8.322915290168492,-0.32291529016849196
592696,2016,Eddie Rosario,,28.4,10.980373482518479,-0.6271322650335449,5,2,3,0.7142857142857143,7,-0.3382726944895067,41.640625,36.5625,3.3382726944895067,-0.3382726944895067
571697,2018,Scooter Gennett,,26.4,15.345134184516475,2.912686578587504,4,2,2,0.6666666666666666,6,-0.34065944066790177,41.5625,95.78125,2.3406594406679018,-0.34065944066790177
621563,2019,Joey Wendle,,28.6,12.584477174324162,1.0594656126098343,8,3,5,0.7272727272727273,11,-0.3413219030189385,41.484375,77.1875,5.3413219030189385,-0.3413219030189385
663897,2022,Luke Williams,,28.7,11.769813601630077,0.2860491328345951,11,4,7,0.7333333333333333,15,-0.34871042117010465,41.40625,60.85937500000001,7.348710421170105,-0.34871042117010465
605113,2016,Nick Ahmed,,28.5,16.307315442064468,4.741056787431292,5,2,3,0.7142857142857143,7,-0.3686478618416871,41.328125,99.6875,3.368647861841687,-0.3686478618416871
425877,2016,Yadier Molina,,23.8,12.572509264143822,-0.9323627576751807,3,2,1,0.6,5,-0.38643928306369957,41.25,28.59375,1.3864392830636996,-0.38643928306369957
518934,2021,DJ LeMahieu,,26.6,14.193343876076632,1.8433904559853573,4,2,2,0.6666666666666666,6,-0.3927311561287845,41.171875,87.578125,2.3927311561287845,-0.3927311561287845
668804,2021,Bryan Reynolds,,28.6,13.081136261670386,1.556124699956058,5,2,3,0.7142857142857143,7,-0.39902302919386967,41.09375,84.375,3.3990230291938697,-0.39902302919386967
514917,2017,César Hernández,,29.4,8.907620109505155,-2.2874147088583943,15,5,10,0.75,20,-0.4057839086037607,41.015625,5.46875,10.40578390860376,-0.4057839086037607
641313,2020,Tim Anderson,,28.7,10.974434504850633,-0.5093299639448485,5,2,3,0.7142857142857143,7,-0.4293981965460487,40.9375,39.53125,3.4293981965460487,-0.4293981965460487
489149,2016,Logan Morrison,,26.8,12.363846389895286,0.09638715564170575,4,2,2,0.6666666666666666,6,-0.4448028715896659,40.859375,54.140625,2.444802871589666,-0.4448028715896659
457803,2016,Jay Bruce,,26.8,16.300473481606094,4.033014247352513,4,2,2,0.6666666666666666,6,-0.4448028715896659,40.859375,98.828125,2.444802871589666,-0.4448028715896659
608369,2017,Corey Seager,,26.8,11.326017891268863,-0.9414413429847173,4,2,2,0.6666666666666666,6,-0.4448028715896659,40.859375,28.125,2.444802871589666,-0.4448028715896659
460075,2018,Ryan Braun,,26.7,14.341993113064197,2.033286785891768,11,5,6,0.6875,16,-0.45004537029126723,40.625,90.234375,6.450045370291267,-0.45004537029126723
606299,2017,José Peraza,,28.9,11.348569169412148,-0.052701113545639444,23,8,15,0.7419354838709677,31,-0.4563720669661038,40.546875,50.31250000000001,15.456372066966104,-0.4563720669661038
673451,2020,Shogo Akiyama,,27.7,10.632126943681348,-1.2641084543026082,7,3,4,0.7,10,-0.46520931860605597,40.46875,20.703125,4.465209318606056,-0.46520931860605597
607680,2017,Kevin Pillar,,27.8,12.440863935458523,0.5858756303934154,15,6,9,0.7142857142857143,21,-0.46806507112926,40.390625,67.421875,9.46806507112926,-0.46806507112926
605480,2017,Mallex Smith,,30.0,10.591827955791885,-0.35572430505857966,16,5,11,0.7619047619047619,21,-0.4728261163732075,40.3125,42.96875,11.472826116373207,-0.4728261163732075
571980,2019,Tyler Naquin,,27.0,10.463952289949697,-1.7210127584661894,4,2,2,0.6666666666666666,6,-0.4968745870505473,40.234375,10.859375,2.4968745870505473,-0.4968745870505473
502210,2017,Josh Reddick,,27.8,12.619318494722478,0.76433018965737,7,3,4,0.7,10,-0.5086024148234571,40.15625,71.484375,4.508602414823457,-0.5086024148234571
592518,2020,Manny Machado,,26.4,11.245220926688097,-1.187226679240874,6,3,3,0.6666666666666666,9,-0.5109891610018527,40.078125,22.265625,3.5109891610018527,-0.5109891610018527
664238,2020,Dylan Moore,,27.6,10.452420152915117,-1.485062337987685,12,5,7,0.7058823529411765,17,-0.5170875780607131,40.0,14.84375,7.517087578060713,-0.5170875780607131
657656,2021,Ramón Laureano,,27.6,13.826626492629881,1.8891440017270789,12,5,7,0.7058823529411765,17,-0.5170875780607131,40.0,88.28125,7.517087578060713,-0.5170875780607131
543543,2022,Brad Miller,,27.1,15.024366133992917,2.8806481784958784,4,2,2,0.6666666666666666,6,-0.5229104447809894,39.84375,95.625,2.5229104447809894,-0.5229104447809894
519346,2017,Eric Thames,,27.1,10.010236740803046,-2.133481214693992,4,2,2,0.6666666666666666,6,-0.5229104447809894,39.84375,6.796874999999999,2.5229104447809894,-0.5229104447809894
593160,2016,Whit Merrifield,,29.0,12.740228833745572,1.380205643706633,8,3,5,0.7272727272727273,11,-0.5322515263755037,39.6875,82.265625,5.532251526375504,-0.5322515263755037
543281,2019,Josh Harrison,,27.2,12.649340681858895,0.5468698192807029,4,2,2,0.6666666666666666,6,-0.5489463025114287,39.609375,66.796875,2.5489463025114287,-0.5489463025114287
605612,2019,Harold Castro,,27.2,11.545663684788522,-0.5568071777896701,4,2,2,0.6666666666666666,6,-0.5489463025114287,39.609375,38.125,2.5489463025114287,-0.5489463025114287
518692,2019,Freddie Freeman,,26.5,11.238642811641515,-1.1525577013686075,6,3,3,0.6666666666666666,9,-0.5500429475975137,39.453125,22.96875,3.5500429475975137,-0.5500429475975137
500743,2018,Miguel Rojas,,26.5,14.396549200989375,2.005348687979252,6,3,3,0.6666666666666666,9,-0.5500429475975137,39.453125,89.84375,3.5500429475975137,-0.5500429475975137
614173,2018,Franchy Cordero,,29.1,12.385614589968945,1.066838492848854,5,2,3,0.7142857142857143,7,-0.5508988659547738,39.296875,77.421875,3.5508988659547738,-0.5508988659547738
609275,2017,Adalberto Mondesi,,29.1,8.79798349350041,-2.5207926036196806,5,2,3,0.7142857142857143,7,-0.5508988659547738,39.296875,4.609375,3.5508988659547738,-0.5508988659547738
622534,2022,Manuel Margot,,27.9,11.493722236682322,-0.3200189754639382,7,3,4,0.7,10,-0.5519955110408583,39.140625,43.671875,4.551995511040858,-0.5519955110408583
571718,2019,Brian Goodwin,,27.9,10.416799041734677,-1.3969421704115828,7,3,4,0.7,10,-0.5519955110408583,39.140625,17.1875,4.551995511040858,-0.5519955110408583
456715,2016,Lorenzo Cain,,29.0,11.412652445401672,0.05262925536273322,14,5,9,0.7368421052631579,19,-0.5557071819213242,38.984375,53.125,9.555707181921324,-0.5557071819213242
434158,2016,Curtis Granderson,,27.3,13.313648987737396,1.2524252180780522,4,2,2,0.6666666666666666,6,-0.5749821602418708,38.90625,80.234375,2.5749821602418708,-0.5749821602418708
431094,2016,Aaron Hill,,27.3,12.446209903899751,0.38498613424040684,4,2,2,0.6666666666666666,6,-0.5749821602418708,38.90625,63.35937499999999,2.5749821602418708,-0.5749821602418708
593871,2017,Jorge Polanco,,28.4,12.83127343302575,1.2237676854737263,13,5,8,0.7222222222222222,18,-0.5841297858301591,38.75,79.6875,8.584129785830159,-0.5841297858301591
581527,2017,Devon Travis,,27.4,13.977743290774177,1.9577666140336785,4,2,2,0.6666666666666666,6,-0.6010180179723101,38.671875,89.0625,2.60101801797231,-0.6010180179723101
592230,2017,Kaleb Cowart,,27.4,11.025498147171236,-0.9944785295692622,4,2,2,0.6666666666666666,6,-0.6010180179723101,38.671875,26.328125000000004,2.60101801797231,-0.6010180179723101
457763,2018,Buster Posey,,24.8,13.278053673806589,0.1856525811760612,3,2,1,0.6,5,-0.6034047641507065,38.515625,57.421875,1.6034047641507065,-0.6034047641507065
606132,2017,Raimel Tapia,,29.3,10.320569861796786,-0.9157120494856112,5,2,3,0.7142857142857143,7,-0.6116492006591354,38.4375,29.296875,3.6116492006591354,-0.6116492006591354
660271,2018,Shohei Ohtani,,28.3,12.191789403715608,0.5430365632447387,10,4,6,0.7142857142857143,14,-0.6157950542746509,38.359375,66.5625,6.615795054274651,-0.6157950542746509
514917,2022,César Hernández,,28.3,10.357964217462273,-1.2907886230085968,10,4,6,0.7142857142857143,14,-0.6157950542746509,38.359375,20.078125,6.615795054274651,-0.6157950542746509
575929,2022,Willson Contreras,,27.5,9.384276677648598,-2.5944529061730517,4,2,2,0.6666666666666666,6,-0.6270538757027522,38.203125,3.90625,2.627053875702752,-0.6270538757027522
457708,2016,Justin Upton,,27.4,11.041443275923228,-0.9785334008172697,9,4,5,0.6923076923076923,13,-0.6355390389400055,38.125,26.718750000000004,5.6355390389400055,-0.6355390389400055
451594,2017,Dexter Fowler,,28.1,9.006208546813406,-2.725038479495158,7,3,4,0.7,10,-0.6387817034756633,38.046875,3.046875,4.638781703475663,-0.6387817034756633
609275,2020,Adalberto Mondesi,,29.4,11.899681033897723,0.704646215534174,24,8,16,0.75,32,-0.6492542537660171,37.96875,69.765625,16.649254253766017,-0.6492542537660171
578428,2018,Jose Iglesias,,28.0,10.374338754255081,-1.3981553649723306,15,6,9,0.7142857142857143,21,-0.650316075242344,37.890625,17.109375,9.650316075242344,-0.650316075242344
571718,2018,Brian Goodwin,,27.6,9.551833738603326,-2.385648752299476,4,2,2,0.6666666666666666,6,-0.6530897334331929,37.8125,5.0,2.653089733433193,-0.6530897334331929
641487,2020,J.P. Crawford,,26.8,10.821330280675324,-1.4461289535782562,6,3,3,0.6666666666666666,9,-0.6672043073844991,37.734375,15.703125000000002,3.667204307384499,-0.6672043073844991
642180,2021,Tyler Wade,,29.1,11.726169177060877,0.40739307994078544,17,6,11,0.7391304347826086,23,-0.6672391309942576,37.65625,63.828125,11.667239130994258,-0.6672391309942576
425877,2018,Yadier Molina,,22.9,15.851130990298737,1.9750351322101078,4,3,1,0.5714285714285714,7,-0.6676384901195489,37.578125,89.375,1.667638490119549,-0.6676384901195489
572821,2017,Brian Dozier,,27.1,12.924273112229507,0.7805551567324684,16,7,9,0.6956521739130435,23,-0.671156704993793,37.5,71.640625,9.671156704993793,-0.671156704993793
607208,2020,Trea Turner,,29.9,13.479421376367695,2.490622022598382,12,4,8,0.75,16,-0.6717718966222215,37.421875,93.75,8.671771896622221,-0.6717718966222215
455759,2016,Chris Young,,27.7,15.928732267985831,4.032496870001875,4,2,2,0.6666666666666666,6,-0.6791255911636336,37.34375,98.75,2.6791255911636336,-0.6791255911636336
608336,2019,Joey Gallo,,27.7,10.597964217462273,-1.2982711805216827,4,2,2,0.6666666666666666,6,-0.6791255911636336,37.34375,19.765625,2.6791255911636336,-0.6791255911636336
547180,2017,Bryce Harper,,27.7,8.61923194947644,-3.277003448507516,4,2,2,0.6666666666666666,6,-0.6791255911636336,37.34375,1.7187500000000002,2.6791255911636336,-0.6791255911636336
594988,2018,Scott Schebler,,27.7,10.77013571883585,-1.1260996791481066,4,2,2,0.6666666666666666,6,-0.6791255911636336,37.34375,23.59375,2.6791255911636336,-0.6791255911636336
668804,2022,Bryan Reynolds,,28.2,10.257551278143286,-1.4324486552464322,7,3,4,0.7,10,-0.6821747996930636,37.03125,16.25,4.682174799693064,-0.6821747996930636
452678,2017,Asdrúbal Cabrera,,25.2,9.446635943160995,-3.4807767777941443,3,2,1,0.6,5,-0.69019095658551,36.953125,1.328125,1.69019095658551,-0.69019095658551
543257,2019,Robbie Grossman,,27.5,11.91448887104186,-0.0642407127797906,9,4,5,0.6923076923076923,13,-0.6919500640226293,36.875,50.0,5.691950064022629,-0.6919500640226293
664238,2022,Dylan Moore,,28.3,10.76478416052348,-0.8839686799473903,21,8,13,0.7241379310344828,29,-0.7041468981403494,36.796875,30.15625,13.70414689814035,-0.7041468981403494
571980,2022,Tyler Naquin,,27.8,11.605203578253771,-0.24978472681133645,4,2,2,0.6666666666666666,6,-0.7051614488940743,36.71875,45.234375,2.7051614488940743,-0.7051614488940743
593871,2020,Jorge Polanco,,27.8,10.91452498407453,-0.9404633209905775,4,2,2,0.6666666666666666,6,-0.7051614488940743,36.71875,28.203125,2.7051614488940743,-0.7051614488940743
641313,2021,Tim Anderson,,28.2,10.579598626303895,-1.110401307085823,18,7,11,0.72,25,-0.7054369992326599,36.5625,23.90625,11.70543699923266,-0.7054369992326599
595777,2021,Jurickson Profar,,26.2,11.56513796115995,-0.9498038306067151,10,5,5,0.6666666666666666,15,-0.7214693130175505,36.484375,27.500000000000004,5.7214693130175505,-0.7214693130175505
665862,2021,Jazz Chisholm Jr.,,29.1,10.867756070251934,-0.45102002686815723,23,8,15,0.7419354838709677,31,-0.725409263513999,36.40625,40.390625,15.725409263513999,-0.725409263513999
592325,2018,Ben Gamel,,28.3,9.611451260600383,-2.037301579870487,7,3,4,0.7,10,-0.7255678959104657,36.328125,7.890625,4.725567895910466,-0.7255678959104657
542454,2021,Danny Santana,,27.9,10.997828498626424,-0.8159127135198361,4,2,2,0.6666666666666666,6,-0.731197306624515,36.25,32.109375,2.731197306624515,-0.731197306624515
594777,2022,Kole Calhoun,,25.4,12.02157811504658,-0.8233404200708652,3,2,1,0.6,5,-0.7335840528029112,36.171875,31.640625,1.7335840528029112,-0.7335840528029112
596059,2017,Rougned Odor,,28.1,10.474583992310716,-1.2566630339978477,15,6,9,0.7142857142857143,21,-0.7414415772988914,36.09375,20.9375,9.741441577298891,-0.7414415772988914
624577,2017,Yasiel Puig,,28.1,10.549180671333154,-1.1820663549754098,15,6,9,0.7142857142857143,21,-0.7414415772988914,36.09375,22.34375,9.741441577298891,-0.7414415772988914
453056,2016,Jacoby Ellsbury,,27.9,10.749397048716764,-1.064344163429496,20,8,12,0.7142857142857143,28,-0.7455874309144033,35.9375,24.765625,12.745587430914403,-0.7455874309144033
668942,2021,Josh Rojas,,27.6,11.371238817956959,-0.5662436729458431,9,4,5,0.6923076923076923,13,-0.7483610891052512,35.859375,37.734375,5.748361089105251,-0.7483610891052512
593428,2019,Xander Bogaerts,,28.0,13.317533929708961,1.5450398104815495,4,2,2,0.6666666666666666,6,-0.7572331643549557,35.78125,84.140625,2.7572331643549557,-0.7572331643549557
593700,2018,Alen Hanson,,28.4,10.75602444123999,-0.8514813063120332,7,3,4,0.7,10,-0.768960992127866,35.703125,31.25,4.768960992127866,-0.768960992127866
460086,2019,Alex Gordon,,25.4,11.18997018121856,-1.6549483538988845,5,3,2,0.625,8,-0.7737344844846579,35.625,12.03125,2.773734484484658,-0.7737344844846579
474832,2021,Brandon Belt,,25.6,13.279410862165072,0.5169865128853228,3,2,1,0.6,5,-0.7769771490203123,35.546875,65.78125,1.7769771490203123,-0.7769771490203123
668942,2019,Josh Rojas,,28.1,11.947964217462273,0.2167171911537089,4,2,2,0.6666666666666666,6,-0.7832690220853977,35.46875,58.51562500000001,2.7832690220853977,-0.7832690220853977
571448,2017,Nolan Arenado,,25.7,11.901017891268863,-0.8201593650920405,3,2,1,0.6,5,-0.7986736971290129,35.390625,31.874999999999996,1.798673697129013,-0.7986736971290129
543063,2019,Brandon Crawford,,25.7,7.663990842025974,-5.057186414334929,3,2,1,0.6,5,-0.7986736971290129,35.390625,0.3125,1.798673697129013,-0.7986736971290129
452655,2018,Denard Span,,27.7,11.43712494932805,-0.4591104486559061,9,4,5,0.6923076923076923,13,-0.8047721141878732,35.234375,40.3125,5.804772114187873,-0.8047721141878732
571448,2022,Nolan Arenado,,25.5,14.143748082100782,1.3400766399021844,5,3,2,0.625,8,-0.8084489614585788,35.15625,81.5625,2.808448961458579,-0.8084489614585788
592885,2020,Christian Yelich,,28.2,11.566091533498229,-0.12390839989148894,4,2,2,0.6666666666666666,6,-0.8093048798158384,35.078125,48.4375,2.8093048798158384,-0.8093048798158384
572073,2018,Joey Rickard,,28.2,10.810973163096705,-0.879026770293013,4,2,2,0.6666666666666666,6,-0.8093048798158384,35.078125,30.312499999999996,2.8093048798158384,-0.8093048798158384
642715,2019,Willy Adames,,28.3,9.77903557019813,-1.869717270272739,4,2,2,0.6666666666666666,6,-0.8353407375462791,34.921875,9.296875,2.835340737546279,-0.8353407375462791
623205,2020,Andrew Velazquez,,28.3,10.709955271827841,-0.9387975686430288,4,2,2,0.6666666666666666,6,-0.8353407375462791,34.921875,28.359374999999996,2.835340737546279,-0.8353407375462791
518586,2018,Charlie Culberson,,28.3,12.34930212978262,0.7005492893117502,4,2,2,0.6666666666666666,6,-0.8353407375462791,34.921875,69.53125,2.835340737546279,-0.8353407375462791
571448,2019,Nolan Arenado,,25.9,12.788732267985832,0.15004919746262324,3,2,1,0.6,5,-0.8420667933464141,34.6875,56.09375,1.842066793346414,-0.8420667933464141
553993,2019,Eugenio Suárez,,25.9,10.9342766776486,-1.7044063928746098,3,2,1,0.6,5,-0.8420667933464141,34.6875,11.09375,1.842066793346414,-0.8420667933464141
543068,2017,C.J. Cron,,25.9,9.674434504850632,-2.9642485656725768,3,2,1,0.6,5,-0.8420667933464141,34.6875,2.578125,1.842066793346414,-0.8420667933464141
501571,2017,Juan Lagares,,28.6,12.029990060406186,0.5049784986918588,7,3,4,0.7,10,-0.855747184562671,34.453125,65.625,4.855747184562671,-0.855747184562671
596115,2019,Trevor Story,,29.2,13.384238125572322,2.106709121371077,23,8,15,0.7419354838709677,31,-0.8599278617879413,34.375,90.9375,15.859927861787941,-0.8599278617879413
572073,2019,Joey Rickard,,28.4,11.718642811641514,0.11113706408949042,4,2,2,0.6666666666666666,6,-0.8613765952767198,34.296875,54.453125,2.86137659527672,-0.8613765952767198
592626,2022,Joc Pederson,,26.0,20.80876389621573,8.211327918611369,3,2,1,0.6,5,-0.8637633414551158,34.21875,100.0,1.8637633414551158,-0.8637633414551158
592261,2016,Delino DeShields,,29.7,11.293149804747117,0.2218562651401097,8,3,5,0.7272727272727273,11,-0.8663783672494949,34.140625,58.828125,5.866378367249495,-0.8663783672494949
669222,2019,Nick Senzel,,29.4,11.652413120263834,0.4573783019002846,14,5,9,0.7368421052631579,19,-0.8854947131735731,34.0625,64.453125,9.885494713173573,-0.8854947131735731
663757,2021,Trent Grisham,,28.8,11.416863996113571,-0.025653379763062034,13,5,8,0.7222222222222222,18,-0.8965600785954528,33.984375,50.9375,8.896560078595453,-0.8965600785954528
670764,2021,Taylor Walls,,28.6,8.839503387148138,-2.6855081745661895,4,2,2,0.6666666666666666,6,-0.9134483107376026,33.90625,3.4375000000000004,2.9134483107376026,-0.9134483107376026
664023,2022,Ian Happ,,27.9,14.603800127403755,2.790058915257495,9,4,5,0.6923076923076923,13,-0.9175941643531154,33.828125,95.390625,5.917594164353115,-0.9175941643531154
669016,2022,Brandon Marsh,,28.8,9.083293782788846,-2.359223593087787,10,4,6,0.7142857142857143,14,-0.9195467277964626,33.75,5.234375,6.919546727796463,-0.9195467277964626
541645,2019,Avisaíl García,,28.8,9.788698751434191,-1.653818624442442,10,4,6,0.7142857142857143,14,-0.9195467277964626,33.75,12.109375,6.919546727796463,-0.9195467277964626
621020,2022,Dansby Swanson,,28.4,12.476768690030656,0.8692629424786329,18,7,11,0.72,25,-0.9224024803196667,33.59375,73.203125,11.922402480319667,-0.9224024803196667
553993,2016,Eugenio Suárez,,27.4,11.30961597473822,-0.7103607020022782,11,5,6,0.6875,16,-0.9360480479261604,33.515625,34.6875,6.93604804792616,-0.9360480479261604
676801,2021,Chas McCormick,,28.7,10.874005239976901,-0.6097592288185805,4,2,2,0.6666666666666666,6,-0.939484168468042,33.4375,37.03125,2.939484168468042,-0.939484168468042
572191,2022,Michael A. Taylor,,28.7,10.576075719383276,-0.9076887494122055,4,2,2,0.6666666666666666,6,-0.939484168468042,33.4375,29.453125000000004,2.939484168468042,-0.939484168468042
488726,2019,Michael Brantley,,26.4,11.693175506131299,-0.739272099797672,3,2,1,0.6,5,-0.9505495338899181,33.28125,34.296875,1.9505495338899181,-0.9505495338899181
656555,2021,Rhys Hoskins,,26.4,12.205486581548351,-0.2269610243806195,3,2,1,0.6,5,-0.9505495338899181,33.28125,45.9375,1.9505495338899181,-0.9505495338899181
571697,2017,Scooter Gennett,,26.4,8.144797444625809,-4.287650161303162,3,2,1,0.6,5,-0.9505495338899181,33.28125,0.546875,1.9505495338899181,-0.9505495338899181
660670,2021,Ronald Acuña Jr.,,29.4,11.698227262798992,0.5031924444354434,17,6,11,0.7391304347826086,23,-0.9666514948943252,33.046875,65.546875,11.966651494894325,-0.9666514948943252
592450,2017,Aaron Judge,,28.0,12.25443977622228,0.4819456569948688,9,4,5,0.6923076923076923,13,-0.9740051894357373,32.96875,64.921875,5.974005189435737,-0.9740051894357373
543434,2016,Brett Lawrie,,28.9,11.609351224602195,0.2080809416444076,7,3,4,0.7,10,-0.9859264732148727,32.890625,58.12500000000001,4.985926473214873,-0.9859264732148727
501571,2016,Juan Lagares,,28.9,11.139208818230674,-0.2620614647271129,4,2,2,0.6666666666666666,6,-0.9915558839289234,32.8125,45.15625,2.9915558839289234,-0.9915558839289234
572365,2017,Ryan Goins,,26.6,8.730166560496869,-3.619786859594406,3,2,1,0.6,5,-0.9939426301073204,32.734375,1.171875,1.9939426301073204,-0.9939426301073204
474832,2017,Brandon Belt,,26.7,12.492788018946335,0.18408169177390654,3,2,1,0.6,5,-1.0156391782160208,32.65625,57.34375000000001,2.015639178216021,-1.0156391782160208
519346,2019,Eric Thames,,26.7,13.027375079627348,0.7186687524549189,3,2,1,0.6,5,-1.0156391782160208,32.65625,70.46875,2.015639178216021,-1.0156391782160208
502054,2021,Tommy Pham,,27.8,10.634989678114117,-1.219998626950991,14,6,8,0.7,20,-1.0172048296469143,32.5,21.5625,9.017204829646914,-1.0172048296469143
503556,2021,Marwin Gonzalez,,26.8,8.86444323814547,-3.4030159961081115,3,2,1,0.6,5,-1.0373357263247218,32.421875,1.40625,2.037335726324722,-1.0373357263247218
642165,2021,Josh VanMeter,,26.8,13.192232161816035,0.9247729275624543,3,2,1,0.6,5,-1.0373357263247218,32.421875,74.140625,2.037335726324722,-1.0373357263247218
594838,2021,Phil Gosselin,,29.1,9.126999787660404,-2.191776309459687,4,2,2,0.6666666666666666,6,-1.043627599389806,32.265625,6.328125,3.043627599389806,-1.043627599389806
543333,2016,Eric Hosmer,,26.2,13.055060542287109,0.5401187505204437,5,3,2,0.625,8,-1.0514503002760271,32.1875,66.40625,3.051450300276027,-1.0514503002760271
493329,2017,Yuli Gurriel,,26.9,12.343854100310542,0.11764195897580798,3,2,1,0.6,5,-1.059032274433422,32.109375,54.76562499999999,2.059032274433422,-1.059032274433422
581527,2018,Devon Travis,,26.9,14.34587060681013,2.1196584654753963,3,2,1,0.6,5,-1.059032274433422,32.109375,91.09375,2.059032274433422,-1.059032274433422
641487,2022,J.P. Crawford,,26.9,10.193834824272404,-2.0323773170623305,3,2,1,0.6,5,-1.059032274433422,32.109375,8.046875,2.059032274433422,-1.059032274433422
669374,2020,Keston Hiura,,27.0,10.080612269080692,-2.104352779335194,3,2,1,0.6,5,-1.080728822542123,31.874999999999996,7.265625000000001,2.080728822542123,-1.080728822542123
656555,2018,Rhys Hoskins,,26.3,11.700193884051211,-0.7735008147966056,5,3,2,0.625,8,-1.086164777249948,31.796875000000004,33.203125,3.086164777249948,-1.086164777249948
503556,2016,Marwin Gonzalez,,26.5,13.656536421511614,1.2653359085014912,12,6,6,0.6666666666666666,18,-1.1000858951950274,31.71875,80.390625,7.100085895195027,-1.1000858951950274
592518,2019,Manny Machado,,26.4,15.453562619441021,3.02111501351205,5,3,2,0.625,8,-1.120879254223869,31.640625,96.25,3.120879254223869,-1.120879254223869
544369,2020,Didi Gregorius,,27.2,8.91233035145519,-3.190140511123003,3,2,1,0.6,5,-1.1241219187595242,31.5625,2.03125,2.124121918759524,-1.1241219187595242
592444,2018,JaCoby Jones,,29.1,12.638174994691509,1.3193988975714177,13,5,8,0.7222222222222222,18,-1.1308827981694183,31.484374999999996,81.09375,9.130882798169418,-1.1308827981694183
592450,2018,Aaron Judge,,28.0,13.071428571428571,1.2989344522011592,6,3,3,0.6666666666666666,9,-1.1358497465324335,31.406250000000004,80.859375,4.1358497465324335,-1.1358497465324335
650489,2022,Willi Castro,,28.3,10.236312460186324,-1.4124403802845453,9,4,5,0.6923076923076923,13,-1.143238264683605,31.328125,16.796875,6.143238264683605,-1.143238264683605
600869,2018,Jeimer Candelario,,27.3,10.499480255902373,-1.561743513756971,3,2,1,0.6,5,-1.1458184668682256,31.25,13.359375000000002,2.1458184668682256,-1.1458184668682256
502517,2016,Daniel Murphy,,26.5,12.064753902095338,-0.32644661091478433,5,3,2,0.625,8,-1.15559373119779,31.171875,43.515625,3.15559373119779,-1.15559373119779
647351,2021,Abraham Toro,,28.1,9.484092572075184,-2.24715445423338,6,3,3,0.6666666666666666,9,-1.1749035331280968,31.093749999999996,5.859375,4.174903533128097,-1.1749035331280968
542979,2017,Keon Broxton,,29.9,11.323438278025503,0.3346389242561898,21,7,14,0.75,28,-1.1756008190888885,31.015625000000004,61.953125,15.175600819088888,-1.1756008190888885
650402,2022,Gleyber Torres,,26.9,14.28508154928684,2.0588694079521055,10,5,5,0.6666666666666666,15,-1.1770968233002668,30.9375,90.546875,6.177096823300267,-1.1770968233002668
523253,2017,Logan Forsythe,,27.5,6.277264537796429,-5.701465046025221,3,2,1,0.6,5,-1.1892115630856268,30.859375,0.15625,2.189211563085627,-1.1892115630856268
460086,2017,Alex Gordon,,26.2,9.893043642503079,-2.621898149263586,7,4,3,0.6363636363636364,11,-1.1957441628795369,30.78125,3.8281250000000004,4.195744162879537,-1.1957441628795369
666176,2022,Jo Adell,,29.7,9.659208818230676,-1.4120847213763312,4,2,2,0.6666666666666666,6,-1.1998427457724516,30.703124999999996,16.953125,3.1998427457724516,-1.1998427457724516
444482,2017,David Peralta,,27.4,13.761357188358485,1.7413805116179866,8,4,4,0.6666666666666666,12,-1.2020360359446203,30.625000000000004,86.640625,5.20203603594462,-1.2020360359446203
546991,2022,Albert Almora Jr.,,27.6,10.995437486728775,-0.9420450041740267,3,2,1,0.6,5,-1.2109081111943274,30.546875,28.046875,2.2109081111943274,-1.2109081111943274
455759,2017,Chris Young,,27.6,15.100413844043217,3.162931353140415,3,2,1,0.6,5,-1.2109081111943274,30.546875,96.484375,2.2109081111943274,-1.2109081111943274
592192,2019,Mark Canha,,27.6,11.42605644334514,-0.5114260475576629,3,2,1,0.6,5,-1.2109081111943274,30.546875,39.453125,2.2109081111943274,-1.2109081111943274
571980,2016,Tyler Naquin,,28.2,8.571290863259932,-3.1187090701297855,6,3,3,0.6666666666666666,9,-1.2139573197237574,30.312499999999996,2.421875,4.213957319723757,-1.2139573197237574
453923,2016,Grégor Blanco,,28.2,9.492044515832564,-2.1979554175571536,6,3,3,0.6666666666666666,9,-1.2139573197237574,30.312499999999996,6.25,4.213957319723757,-1.2139573197237574
657557,2022,Paul DeJong,,27.7,14.97463178885317,3.078396390869214,3,2,1,0.6,5,-1.232604659303028,30.15625,96.328125,2.232604659303028,-1.232604659303028
543333,2018,Eric Hosmer,,26.3,13.081918316860433,0.6082236180126159,7,4,3,0.6363636363636364,11,-1.2434765687186786,30.078125,67.734375,4.243476568718679,-1.2434765687186786
474832,2019,Brandon Belt,,24.8,13.327620553725232,0.23521946109470449,4,3,1,0.5714285714285714,7,-1.2447666698109892,30.0,59.21875,2.244766669810989,-1.2447666698109892
660670,2022,Ronald Acuña Jr.,,28.5,11.181196745092343,-0.3850619095408323,29,11,18,0.725,40,-1.249416353381072,29.921874999999996,41.796875,19.249416353381072,-1.249416353381072
596146,2022,Max Kepler,,27.8,9.868863738329612,-1.986124566735496,3,2,1,0.6,5,-1.2543012074117286,29.843750000000004,8.4375,2.2543012074117286,-1.2543012074117286
660162,2021,Yoán Moncada,,27.8,10.459587060681013,-1.3954012443840949,3,2,1,0.6,5,-1.2543012074117286,29.843750000000004,17.34375,2.2543012074117286,-1.2543012074117286
446386,2016,Brandon Guyer,,27.9,10.912082045029258,-0.9016591671170016,3,2,1,0.6,5,-1.2759977555204292,29.6875,29.609375,2.275997755520429,-1.2759977555204292
570560,2018,Yolmer Sánchez,,28.1,11.085377770455318,-0.6458692558532455,14,6,8,0.7,20,-1.2775634069513266,29.609375,36.09375,9.277563406951327,-1.2775634069513266
607680,2016,Kevin Pillar,,28.1,11.490172923530373,-0.24107410277819064,14,6,8,0.7,20,-1.2775634069513266,29.609375,45.625,9.277563406951327,-1.2775634069513266
621020,2018,Dansby Swanson,,29.4,13.693970543108254,2.4989357247447046,10,4,6,0.7142857142857143,14,-1.2840487360226325,29.453125000000004,93.828125,7.2840487360226325,-1.2840487360226325
543877,2020,Christian Vázquez,,25.0,14.203280383306128,1.193373476513294,4,3,1,0.5714285714285714,7,-1.3055170045153508,29.375,79.0625,2.305517004515351,-1.3055170045153508
664023,2018,Ian Happ,,27.6,10.884253546402833,-1.0532289444999687,8,4,4,0.6666666666666666,12,-1.3061794668663858,29.296875,25.078125,5.306179466866386,-1.3061794668663858
624428,2021,Adam Frazier,,27.1,12.940384025261778,0.7966660697647399,10,5,5,0.6666666666666666,15,-1.3072761119524738,29.21875,71.875,6.307276111952474,-1.3072761119524738
668804,2019,Bryan Reynolds,,28.1,10.388530224051433,-1.3427168022571312,3,2,1,0.6,5,-1.3193908517378317,29.140624999999996,18.203125,2.3193908517378317,-1.3193908517378317
656305,2021,Matt Chapman,,28.1,11.669513418451647,-0.06173360785691706,3,2,1,0.6,5,-1.3193908517378317,29.140624999999996,50.07812499999999,2.3193908517378317,-1.3193908517378317
462101,2018,Elvis Andrus,,27.0,11.400019276038137,-0.7849457723777498,5,3,2,0.625,8,-1.3291661160673964,28.984375,33.125,3.3291661160673964,-1.3291661160673964
517369,2018,José Pirela,,28.5,12.47775774780278,0.9114990931696045,6,3,3,0.6666666666666666,9,-1.331118679510741,28.90625,73.828125,4.331118679510741,-1.331118679510741
456030,2016,Dustin Pedroia,,26.5,13.45732380148406,1.0661232884739373,7,4,3,0.6363636363636364,11,-1.3389413803969612,28.828125,77.34375,4.338941380396961,-1.3389413803969612
656669,2019,Jordan Luplow,,28.2,12.580825878637972,0.8908259452482543,3,2,1,0.6,5,-1.3410873998465318,28.749999999999996,73.515625,2.341087399846532,-1.3410873998465318
592450,2019,Aaron Judge,,28.2,11.33014728445873,-0.35985264893098723,3,2,1,0.6,5,-1.3410873998465318,28.749999999999996,42.734375,2.341087399846532,-1.3410873998465318
665487,2019,Fernando Tatis Jr.,,29.3,10.935879340104968,-0.30040257117742897,16,6,10,0.7272727272727273,22,-1.3508974877858542,28.59375,44.140625,11.350897487785854,-1.3508974877858542
545341,2018,Randal Grichuk,,28.3,9.992648051618417,-1.6561047888524527,3,2,1,0.6,5,-1.3627839479552328,28.515625,11.953125,2.362783947955233,-1.3627839479552328
650489,2021,Willi Castro,,28.7,10.147681214167694,-1.3360832546277877,9,4,5,0.6923076923076923,13,-1.368882365014091,28.4375,18.59375,6.368882365014091,-1.368882365014091
621005,2019,Tim Lopes,,28.6,11.940243290774175,0.4152317290598475,6,3,3,0.6666666666666666,9,-1.3701724661064034,28.359374999999996,63.98437500000001,4.370172466106403,-1.3701724661064034
606192,2022,Teoscar Hernández,,28.6,10.222721862398258,-1.30228969931607,6,3,3,0.6666666666666666,9,-1.3701724661064034,28.359374999999996,19.609375,4.370172466106403,-1.3701724661064034
605141,2021,Mookie Betts,,27.2,12.347954579443204,0.24548371686501191,10,5,5,0.6666666666666666,15,-1.3723657562785716,28.203125,59.84374999999999,6.372365756278572,-1.3723657562785716
457727,2016,Cameron Maybin,,28.8,10.694033386874423,-0.7484839890022101,15,6,9,0.7142857142857143,21,-1.3793200916946944,28.125,34.0625,10.379320091694694,-1.3793200916946944
621035,2020,Chris Taylor,,28.4,12.969381043383635,1.3618752958316112,3,2,1,0.6,5,-1.384480496063933,28.046875,81.796875,2.384480496063933,-1.384480496063933
543829,2022,Dee Strange-Gordon,,28.4,9.432948403347321,-2.174557344204702,3,2,1,0.6,5,-1.384480496063933,28.046875,6.484375000000001,2.384480496063933,-1.384480496063933
621438,2022,Tyrone Taylor,,28.4,15.399263577706343,3.791757830154319,3,2,1,0.6,5,-1.384480496063933,28.046875,98.515625,2.384480496063933,-1.384480496063933
500743,2019,Miguel Rojas,,26.3,12.693300603453615,0.21960590460579787,9,5,4,0.6428571428571429,14,-1.4007883601874092,27.8125,58.75,5.400788360187409,-1.4007883601874092
543829,2020,Dee Strange-Gordon,,28.5,12.112330351455189,0.546071696822013,3,2,1,0.6,5,-1.406177044172634,27.734375,66.71875,2.406177044172634,-1.406177044172634
621550,2022,Patrick Wisdom,,27.8,12.344668609967854,0.4896803049027465,8,4,4,0.6666666666666666,12,-1.4103228977881486,27.65625,65.15625,5.410322897788149,-1.4103228977881486
607043,2022,Brandon Nimmo,,28.6,10.047059425223283,-1.4779521364910444,3,2,1,0.6,5,-1.4278735922813355,27.578124999999996,15.078125,2.4278735922813355,-1.4278735922813355
592261,2020,Delino DeShields,,28.6,10.02194632619341,-1.5030652355209178,3,2,1,0.6,5,-1.4278735922813355,27.578124999999996,14.609375,2.4278735922813355,-1.4278735922813355
669256,2022,Nick Solak,,28.6,15.962104153395439,4.437092591681111,3,2,1,0.6,5,-1.4278735922813355,27.578124999999996,99.375,2.4278735922813355,-1.4278735922813355
592663,2018,J.T. Realmuto,,28.6,12.110482214900932,0.5854706531866043,3,2,1,0.6,5,-1.4278735922813355,27.578124999999996,67.34375,2.4278735922813355,-1.4278735922813355
663538,2020,Nico Hoerner,,28.7,11.288687539813674,-0.19507692898180728,3,2,1,0.6,5,-1.4495701403900352,27.265625,46.953125,2.449570140390035,-1.4495701403900352
543760,2018,Marcus Semien,,28.3,11.784298786014782,0.13554594554391208,14,6,8,0.7,20,-1.4511357918209313,27.187499999999996,55.3125,9.451135791820931,-1.4511357918209313
641487,2019,J.P. Crawford,,27.4,11.89839733754363,-0.12157933919686847,5,3,2,0.625,8,-1.4680240239630802,27.109375000000004,48.515625,3.46802402396308,-1.4680240239630802
542255,2016,Ender Inciarte,,27.9,12.090424504941868,0.27668329279560844,16,7,9,0.6956521739130435,23,-1.4695896753939746,27.03125,60.46875000000001,10.469589675393975,-1.4695896753939746
592885,2016,Christian Yelich,,28.9,10.641810607357561,-0.7594596756002261,9,4,5,0.6923076923076923,13,-1.4817044151793342,26.953125,33.671875,6.481704415179334,-1.4817044151793342
606115,2018,Orlando Arcia,,26.8,14.658186501236717,2.390727266983136,7,4,3,0.6363636363636364,11,-1.4821385979143873,26.875,92.96875,4.482138597914387,-1.4821385979143873
516416,2022,Jean Segura,,27.7,13.343459384611274,1.4472239866273178,13,6,7,0.6842105263157895,19,-1.483897705351506,26.796874999999996,82.8125,8.483897705351506,-1.483897705351506
430832,2018,José Bautista,,25.6,14.517759104889128,1.755334755609379,4,3,1,0.5714285714285714,7,-1.4877680086284375,26.718750000000004,86.953125,2.4877680086284375,-1.4877680086284375
150029,2017,Jayson Werth,,25.6,11.830176198515938,-0.9322481507638116,4,3,1,0.5714285714285714,7,-1.4877680086284375,26.718750000000004,28.671875000000004,2.4877680086284375,-1.4877680086284375
660162,2017,Yoán Moncada,,28.9,10.141108881932553,-1.2601614010252344,3,2,1,0.6,5,-1.4929632366074364,26.5625,20.859375,2.4929632366074364,-1.4929632366074364
453203,2016,Shane Robinson,,28.9,10.872624920372651,-0.5286453625851362,3,2,1,0.6,5,-1.4929632366074364,26.5625,38.984375,2.4929632366074364,-1.4929632366074364
642708,2017,Amed Rosario,,30.1,9.60004337108581,-1.3062617968458063,7,3,4,0.7,10,-1.506643627823693,26.406249999999996,19.53125,5.506643627823693,-1.506643627823693
571437,2018,Aaron Altherr,,29.0,12.386764856305822,1.026741666266883,3,2,1,0.6,5,-1.5146597847161378,26.328125000000004,76.484375,2.514659784716138,-1.5146597847161378
657041,2021,Lane Thomas,,29.0,11.854543237233086,0.4945200471941469,6,3,3,0.6666666666666666,9,-1.5263876124890476,26.25,65.3125,4.526387612489048,-1.5263876124890476
502671,2018,Paul Goldschmidt,,26.9,12.451209903899752,0.22499776256501747,7,4,3,0.6363636363636364,11,-1.529871003753529,26.171875,58.984375,4.529871003753529,-1.529871003753529
493329,2019,Yuli Gurriel,,27.6,11.917805367380659,-0.019677123522143347,5,3,2,0.625,8,-1.5374529779109238,26.09375,51.015625,3.537452977910924,-1.5374529779109238
519203,2018,Anthony Rizzo,,25.6,8.801155144424085,-3.9612692048556646,6,4,2,0.6,10,-1.5539542980406247,26.015624999999996,0.78125,3.5539542980406247,-1.5539542980406247
606192,2019,Teoscar Hernández,,29.1,12.71626118204304,1.3974850849229483,6,3,3,0.6666666666666666,9,-1.5654413990847091,25.937500000000004,82.34375,4.565441399084709,-1.5654413990847091
571980,2021,Tyler Naquin,,27.7,10.466160657409036,-1.43007474057492,5,3,2,0.625,8,-1.5721674548848448,25.859375,16.328125,3.5721674548848448,-1.5721674548848448
594807,2017,Adam Duvall,,27.7,10.214883888757754,-1.681351509226202,5,3,2,0.625,8,-1.5721674548848448,25.859375,11.640625,3.5721674548848448,-1.5721674548848448
543543,2017,Brad Miller,,27.7,12.391799041734677,0.49556364375072093,5,3,2,0.625,8,-1.5721674548848448,25.859375,65.390625,3.5721674548848448,-1.5721674548848448
645302,2018,Victor Robles,,29.3,9.647097977299559,-1.589183933982838,3,2,1,0.6,5,-1.5797494290422396,25.624999999999996,12.890625,2.5797494290422396,-1.5797494290422396
605548,2022,Bradley Zimmer,,29.3,9.716931416802689,-1.519350494479708,3,2,1,0.6,5,-1.5797494290422396,25.624999999999996,14.0625,2.5797494290422396,-1.5797494290422396
665833,2022,Oneil Cruz,,29.9,8.724571246566061,-2.2642281072032517,10,4,6,0.7142857142857143,14,-1.5878004095444442,25.46875,5.625,7.587800409544444,-1.5878004095444442
545350,2017,Jake Marisnick,,29.1,10.630453418999076,-0.6883226781210148,9,4,5,0.6923076923076923,13,-1.5945264653445799,25.390625,35.0,6.59452646534458,-1.5945264653445799
445055,2018,Jon Jay,,26.0,11.48,-1.1174359776043605,4,3,1,0.5714285714285714,7,-1.6092686780371621,25.3125,23.75,2.609268678037162,-1.6092686780371621
606466,2016,Ketel Marte,,28.4,9.731407377563905,-1.876098369988119,11,5,6,0.6875,16,-1.6303375874045862,25.234374999999996,9.21875,7.630337587404586,-1.6303375874045862
456030,2017,Dustin Pedroia,,26.1,12.455316165843854,-0.10087271884165894,4,3,1,0.5714285714285714,7,-1.639643845389343,25.156250000000004,48.984375,2.639643845389343,-1.639643845389343
514888,2021,Jose Altuve,,28.0,13.213971565987835,1.4414774467604232,5,3,2,0.625,8,-1.6763108858066076,25.078125,82.734375,3.6763108858066076,-1.6763108858066076
596019,2018,Francisco Lindor,,28.4,12.149675612301099,0.5421698647490754,25,10,15,0.7142857142857143,35,-1.6913634724475308,25.0,66.484375,16.69136347244753,-1.6913634724475308
573135,2016,Tyler Saladino,,28.5,11.895805697875602,0.32954704324242634,11,5,6,0.6875,16,-1.699766541352428,24.921875,61.79687499999999,7.699766541352428,-1.699766541352428
543281,2021,Josh Harrison,,26.8,11.368495527182784,-0.8989637070707968,9,5,4,0.6428571428571429,14,-1.70454003370922,24.84375,29.6875,5.70454003370922,-1.70454003370922
596451,2018,Roman Quinn,,30.1,12.200957385206463,1.2946522172748463,10,4,6,0.7142857142857143,14,-1.7093010789531702,24.765625,80.703125,7.70930107895317,-1.7093010789531702
456715,2019,Lorenzo Cain,,27.8,14.21737684422617,2.3623885391610617,18,8,10,0.6923076923076923,26,-1.7223662785409886,24.6875,92.578125,11.722366278540989,-1.7223662785409886
518934,2022,DJ LeMahieu,,26.4,15.020225175180164,2.587777569251193,4,3,1,0.5714285714285714,7,-1.7307693474458854,24.609375,94.453125,2.7307693474458854,-1.7307693474458854
668227,2022,Randy Arozarena,,28.8,10.206655719305074,-1.2358616565715597,32,12,20,0.7272727272727273,44,-1.7471468587888808,24.53125,21.09375,21.74714685878888,-1.7471468587888808
605253,2019,Terrance Gore,,29.9,9.680972387618791,-1.3078269661505217,13,5,8,0.7222222222222222,18,-1.7557433836999987,24.453125,19.296875,9.755743383699999,-1.7557433836999987
453943,2017,Todd Frazier,,26.5,11.430796964580766,-0.9604035484293565,4,3,1,0.5714285714285714,7,-1.7611445147980662,24.375,27.265625,2.761144514798066,-1.7611445147980662
592626,2017,Joc Pederson,,26.5,8.505544409662768,-3.8856561033473547,4,3,1,0.5714285714285714,7,-1.7611445147980662,24.375,0.8593750000000001,2.761144514798066,-1.7611445147980662
664056,2021,Harrison Bader,,29.4,10.115125687532338,-1.0799091308312114,9,4,5,0.6923076923076923,13,-1.763759540592444,24.21875,24.609375,6.763759540592444,-1.763759540592444
665862,2022,Jazz Chisholm Jr.,,29.3,9.433119390866125,-1.8031625204162722,12,5,7,0.7058823529411765,17,-1.7711480587436146,24.140625,10.078125,8.771148058743615,-1.7711480587436146
642423,2018,Magneuris Sierra,,30.2,13.538839190919823,2.673781115907053,3,2,1,0.6,5,-1.7750183620205462,24.0625,94.921875,2.775018362020546,-1.7750183620205462
594988,2017,Scott Schebler,,28.3,11.844314855849628,0.1955620153787585,5,3,2,0.625,8,-1.7804543167283722,23.984375,57.65625,3.780454316728372,-1.7804543167283722
660271,2021,Shohei Ohtani,,28.8,9.877447331949433,-1.5650700439272,26,10,16,0.7222222222222222,36,-1.7931201571909057,23.90625,13.203124999999998,17.793120157190906,-1.7931201571909057
621493,2022,Taylor Ward,,28.4,10.660068370857715,-0.9474373766943085,5,3,2,0.625,8,-1.8151687937022931,23.828125,27.578124999999996,3.815168793702293,-1.8151687937022931
547982,2017,Leonys Martin,,27.5,9.40376640856505,-2.5749631752566007,7,4,3,0.6363636363636364,11,-1.8162654387883794,23.75,4.0625,4.816265438788379,-1.8162654387883794
547982,2018,Leonys Martin,,27.5,12.274151757275947,0.29542217345429655,7,4,3,0.6363636363636364,11,-1.8162654387883794,23.75,61.09375,4.816265438788379,-1.8162654387883794
664983,2021,Jake McCarthy,,30.4,11.246267732014168,0.4637038428390916,3,2,1,0.6,5,-1.8184114582379483,23.59375,64.53125,2.8184114582379483,-1.8184114582379483
571657,2022,Kyle Farmer,,26.7,10.225113099029874,-2.083593228142554,4,3,1,0.5714285714285714,7,-1.8218948495024296,23.515625,7.5,2.8218948495024296,-1.8218948495024296
541645,2021,Avisaíl García,,28.6,10.81590530367878,-0.7091062580355469,8,4,4,0.6666666666666666,12,-1.8268966214752052,23.4375,34.765625,5.826896621475205,-1.8268966214752052
502481,2021,Jarrod Dyson,,27.9,10.870984728719588,-0.9427564834266722,10,5,5,0.6666666666666666,15,-1.827993266561288,23.359375,27.890625000000004,6.827993266561288,-1.827993266561288
621311,2018,David Dahl,,28.5,11.479223216181603,-0.08703543845157213,5,3,2,0.625,8,-1.849883270676214,23.28125,49.375,3.849883270676214,-1.849883270676214
572191,2017,Michael A. Taylor,,28.8,11.025408690826918,-0.41710868504971543,17,7,10,0.7083333333333334,24,-1.862080104793936,23.203125,40.703125,11.862080104793936,-1.862080104793936
542364,2021,Rafael Ortega,,27.5,10.82194632619341,-1.1567832576282395,12,6,6,0.6666666666666666,18,-1.8811616271082565,23.125,22.890625,7.8811616271082565,-1.8811616271082565
467827,2016,Gerardo Parra,,26.4,12.61542739634759,0.182979790418619,6,4,2,0.6,10,-1.9010990677798363,23.046875,57.10937499999999,3.9010990677798363,-1.9010990677798363
457705,2017,Andrew McCutchen,,28.8,13.027035782537725,1.5845184066610916,11,5,6,0.6875,16,-1.9080534031959573,22.96875,84.921875,7.908053403195957,-1.9080534031959573
606115,2017,Orlando Arcia,,27.2,11.468711182499229,-0.6337596800789633,14,7,7,0.6666666666666666,21,-1.9213120587900008,22.890625,36.484375,8.92131205879,-1.9213120587900008
624428,2022,Adam Frazier,,26.8,11.903471860347421,-0.3639873739061592,11,6,5,0.6470588235294118,17,-1.9269414695040537,22.8125,42.578125,6.926941469504054,-1.9269414695040537
664023,2017,Ian Happ,,28.8,9.86346236463351,-1.579055011243124,8,4,4,0.6666666666666666,12,-1.931040052396968,22.734375,12.968750000000002,5.931040052396968,-1.931040052396968
656941,2018,Kyle Schwarber,,27.1,11.783992651474437,-0.35972530402260183,4,3,1,0.5714285714285714,7,-1.9433955189111543,22.65625,42.8125,2.9433955189111543,-1.9433955189111543
663538,2021,Nico Hoerner,,28.8,9.696833227163536,-1.7456841487130976,5,3,2,0.625,8,-1.9540267015979786,22.578125,10.625,3.9540267015979786,-1.9540267015979786
571976,2019,Wil Myers,,28.4,13.226571077488936,1.6190653299369124,16,7,9,0.6956521739130435,23,-1.968610281894092,22.5,85.46875,10.968610281894092,-1.968610281894092
669720,2021,Austin Hays,,27.3,10.246361555005903,-1.8148622146534414,4,3,1,0.5714285714285714,7,-2.004145853615516,22.421875,9.921875,3.004145853615516,-2.004145853615516
578428,2017,Jose Iglesias,,27.9,10.116105990526833,-1.6976352216194268,7,4,3,0.6363636363636364,11,-2.0071950621449446,22.34375,11.171875,5.007195062144945,-2.0071950621449446
542340,2021,Jonathan Villar,,27.3,11.022598609683147,-1.0386251599761973,14,7,7,0.6666666666666666,21,-2.012437560846548,22.265625,25.46875,9.012437560846548,-2.012437560846548
424825,2016,Coco Crisp,,28.2,10.814920574959192,-0.8750793584305256,10,5,5,0.6666666666666666,15,-2.0232621995395963,22.1875,30.625000000000004,7.023262199539596,-2.0232621995395963
541645,2017,Avisaíl García,,29.0,9.821674888521713,-1.5383483015172263,5,3,2,0.625,8,-2.0234556555458205,22.109375,13.90625,4.0234556555458205,-2.0234556555458205
605131,2018,Austin Barnes,,27.4,14.524932140582075,2.5049554638415774,4,3,1,0.5714285714285714,7,-2.034521020967695,22.03125,93.984375,3.034521020967695,-2.034521020967695
622110,2018,Matt Duffy,,27.7,10.528023251875663,-1.3682121461082932,12,6,6,0.6666666666666666,18,-2.0373767734909016,21.953125,17.96875,8.037376773490902,-2.0373767734909016
640447,2019,Phillip Ervin,,27.5,10.591327369577046,-1.387402214244604,4,3,1,0.5714285714285714,7,-2.0648961883198775,21.875,17.578125,3.0648961883198775,-2.0648961883198775
640457,2021,Austin Meadows,,27.5,9.807994036243711,-2.170735547577939,4,3,1,0.5714285714285714,7,-2.0648961883198775,21.875,6.5625,3.0648961883198775,-2.0648961883198775
606115,2019,Orlando Arcia,,26.4,11.453155626943675,-0.9792919789852963,8,5,3,0.6153846153846154,13,-2.0714287881137867,21.71875,26.640625,5.071428788113787,-2.0714287881137867
656537,2021,Derek Hill,,30.4,9.820184847414097,-0.962379041760979,6,3,3,0.6666666666666666,9,-2.073140624828307,21.640625,27.187499999999996,5.073140624828307,-2.073140624828307
572816,2017,Corey Dickerson,,27.6,11.43290296697171,-0.504579523931092,4,3,1,0.5714285714285714,7,-2.0952713556720584,21.5625,39.6875,3.0952713556720584,-2.0952713556720584
457477,2016,Alejandro De Aza,,27.6,12.47053130972051,0.5330488188177078,4,3,1,0.5714285714285714,7,-2.0952713556720584,21.5625,65.859375,3.0952713556720584,-2.0952713556720584
607680,2021,Kevin Pillar,,27.6,12.106814855849628,0.16933236494682546,4,3,1,0.5714285714285714,7,-2.0952713556720584,21.5625,56.71874999999999,3.0952713556720584,-2.0952713556720584
571875,2017,Jake Lamb,,26.9,11.70685533552972,-0.519356805805014,6,4,2,0.6,10,-2.118064548866844,21.328125,39.21875,4.118064548866844,-2.118064548866844
543213,2016,Johnny Giavotella,,27.7,12.43012800842059,0.5338926104366344,4,3,1,0.5714285714285714,7,-2.125646523024239,21.25,65.9375,3.125646523024239,-2.125646523024239
624428,2017,Adam Frazier,,27.5,9.135878250748029,-2.8428513330736216,9,5,4,0.6428571428571429,14,-2.129792376639755,21.171875,2.8125,6.129792376639755,-2.129792376639755
485567,2016,Ezequiel Carrera,,28.2,10.745236990053211,-0.9447629433365066,7,4,3,0.6363636363636364,11,-2.1503922796623707,21.09375,27.734375,5.150392279662371,-2.1503922796623707
543305,2017,Aaron Hicks,,28.4,12.573859916360664,0.9663541688086408,10,5,5,0.6666666666666666,15,-2.1534414881918,21.015625,74.84375,7.1534414881918,-2.1534414881918
518692,2017,Freddie Freeman,,26.6,11.347366042990233,-1.002587377101042,8,5,3,0.6153846153846154,13,-2.1842508382790333,20.9375,26.09375,5.184250838279033,-2.1842508382790333
641531,2022,Hunter Dozier,,27.9,13.33676485630582,1.5230236441595597,4,3,1,0.5714285714285714,7,-2.186396857728601,20.859375,83.75,3.186396857728601,-2.186396857728601
657557,2019,Paul DeJong,,27.6,10.829550514978783,-1.1079319759240196,9,5,4,0.6428571428571429,14,-2.1905427113441167,20.78125,23.984375,6.190542711344117,-2.1905427113441167
408252,2016,Brandon Phillips,,26.0,12.509609171430641,-0.08782680617371952,14,8,6,0.6363636363636364,22,-2.2005587024025104,20.703125,49.21875,8.20055870240251,-2.2005587024025104
663624,2021,Ryan Mountcastle,,28.0,11.372133972176881,-0.4003601470505309,4,3,1,0.5714285714285714,7,-2.2167720250807816,20.625,41.328125,3.2167720250807816,-2.2167720250807816
457727,2018,Cameron Maybin,,28.5,10.995023642685556,-0.5712350119476195,10,5,5,0.6666666666666666,15,-2.218531132517901,20.546875,37.65625,7.218531132517901,-2.218531132517901
657041,2022,Lane Thomas,,29.4,10.335612837601841,-0.8594219807617076,8,4,4,0.6666666666666666,12,-2.2434703451622564,20.46875,31.171875,6.243470345162256,-2.2434703451622564
672284,2021,Jarred Kelenic,,27.2,8.71294262053588,-3.389528242042312,6,4,2,0.6,10,-2.2482438375190483,20.390625,1.484375,4.248243837519048,-2.2482438375190483
665750,2022,Leody Taveras,,29.3,11.024208306790882,-0.2120736044915148,11,5,6,0.6875,16,-2.2551981729351667,20.3125,46.09375,8.255198172935167,-2.2551981729351667
593871,2019,Jorge Polanco,,28.2,11.49943399341084,-0.19056593997887816,4,3,1,0.5714285714285714,7,-2.277522359785145,20.234375,47.03125,3.277522359785145,-2.277522359785145
571788,2016,Brock Holt,,28.2,11.493495527182784,-0.19650440620693388,4,3,1,0.5714285714285714,7,-2.277522359785145,20.234375,46.796875,3.277522359785145,-2.277522359785145
450314,2016,Ben Zobrist,,27.3,12.595474577548504,0.5342508078891601,6,4,2,0.6,10,-2.2916369337364513,20.078125,66.015625,4.291636933736451,-2.2916369337364513
578428,2016,Jose Iglesias,,28.5,10.285191519144943,-1.2810671354882324,7,4,3,0.6363636363636364,11,-2.293589497179794,20.0,20.3125,5.293589497179794,-2.293589497179794
547180,2016,Bryce Harper,,27.3,11.707938602773797,-0.3532851668855468,21,10,11,0.6774193548387096,31,-2.3040744945829985,19.921875,43.203125,13.304074494582999,-2.3040744945829985
461865,2017,Andrew Romine,,27.4,12.876890369499318,0.8569136927588197,6,4,2,0.6,10,-2.3350300299538507,19.84375,72.890625,4.335030029953851,-2.3350300299538507
516770,2018,Starlin Castro,,27.4,11.823798003157721,-0.19617867358277685,6,4,2,0.6,10,-2.3350300299538507,19.84375,46.875,4.335030029953851,-2.3350300299538507
621020,2019,Dansby Swanson,,28.7,11.877526730733498,0.3937622619380168,10,5,5,0.6666666666666666,15,-2.3487104211701046,19.6875,63.515625,7.348710421170105,-2.3487104211701046
543685,2016,Anthony Rendon,,28.1,10.98874032948876,-0.7425066968198042,12,6,6,0.6666666666666666,18,-2.3498070662561936,19.609375,34.21875,8.349807066256194,-2.3498070662561936
543333,2021,Eric Hosmer,,26.0,10.938800638843546,-1.6586353387608153,5,4,1,0.5555555555555556,9,-2.3547740146192084,19.53125,11.875,3.3547740146192084,-2.3547740146192084
630105,2021,Jake Cronenworth,,28.5,10.830176198515938,-0.7360824561172379,4,3,1,0.5714285714285714,7,-2.368647861841687,19.453125,34.453125,3.368647861841687,-2.368647861841687
596059,2016,Rougned Odor,,27.7,11.417096954419977,-0.47913844356397917,14,7,7,0.6666666666666666,21,-2.376939569072718,19.375,40.0,9.376939569072718,-2.376939569072718
608369,2016,Corey Seager,,26.6,13.162065601319165,0.8121121812278904,3,3,0,0.5,6,-2.3927311561287845,19.296875,72.1875,2.3927311561287845,-2.3927311561287845
519299,2017,Eric Sogard,,26.6,14.794542332508854,2.4445889124175793,3,3,0,0.5,6,-2.3927311561287845,19.296875,93.4375,2.3927311561287845,-2.3927311561287845
676801,2022,Chas McCormick,,28.6,7.45350862712504,-4.0715029345892875,4,3,1,0.5714285714285714,7,-2.3990230291938697,19.140625,0.703125,3.3990230291938697,-2.3990230291938697
666971,2019,Lourdes Gurriel Jr.,,27.6,14.173173527889478,2.235691036986676,6,4,2,0.6,10,-2.421816222388655,19.0625,92.03125,4.421816222388655,-2.421816222388655
593871,2016,Jorge Polanco,,28.8,8.91294262053588,-2.5295747553407537,4,3,1,0.5714285714285714,7,-2.4597733638982313,18.984375,4.453125,3.4597733638982313,-2.4597733638982313
543807,2018,George Springer,,27.7,9.651061262354673,-2.2451741356292825,6,4,2,0.6,10,-2.465209318606056,18.90625,5.9375,4.465209318606056,-2.465209318606056
624424,2020,Michael Conforto,,26.9,11.003450799010624,-1.2227613423241106,3,3,0,0.5,6,-2.4708387293201066,18.828125,21.40625,2.4708387293201066,-2.4708387293201066
595281,2018,Kevin Kiermaier,,28.9,11.15529269749714,-0.24597758546064696,10,5,5,0.6666666666666666,15,-2.478889709822308,18.75,45.3125,7.478889709822308,-2.478889709822308
622534,2017,Manuel Margot,,29.4,11.175433972481008,-0.019600845882541407,17,7,10,0.7083333333333334,24,-2.486940690324513,18.671875,51.09375000000001,12.486940690324513,-2.486940690324513
542932,2021,Jon Berti,,29.9,10.747977068154364,-0.24082228561494823,8,4,4,0.6666666666666666,12,-2.503828922466666,18.59375,45.703125,6.503828922466666,-2.503828922466666
624503,2022,Nick Gordon,,27.8,11.324335862849361,-0.5306524422157466,6,4,2,0.6,10,-2.508602414823457,18.515625,38.90625,4.508602414823457,-2.508602414823457
543543,2016,Brad Miller,,27.8,12.070690159802124,0.21570185473701642,6,4,2,0.6,10,-2.508602414823457,18.515625,58.4375,4.508602414823457,-2.508602414823457
657656,2022,Ramón Laureano,,27.6,13.673423048170287,1.7359405572674849,11,6,5,0.6470588235294118,17,-2.517087578060713,18.359375,86.40625,7.517087578060713,-2.517087578060713
517369,2017,José Pirela,,29.0,11.765174714834572,0.40515152479563277,4,3,1,0.5714285714285714,7,-2.520523698602593,18.28125,63.74999999999999,3.520523698602593,-2.520523698602593
650490,2022,Yandy Díaz,,27.1,9.845560223777717,-2.2981577317193214,3,3,0,0.5,6,-2.5229104447809894,18.203125,5.390625,2.5229104447809894,-2.5229104447809894
682928,2022,CJ Abrams,,29.0,11.274321405820757,-0.0857017842181822,7,4,3,0.6363636363636364,11,-2.5322515263755037,18.125,49.453125,5.532251526375504,-2.5322515263755037
643565,2021,Mike Tauchman,,27.2,12.652307220209423,0.5498363576312304,3,3,0,0.5,6,-2.5489463025114287,18.046875,67.03125,2.5489463025114287,-2.5489463025114287
641796,2021,Tim Locastro,,30.6,11.411344408880723,0.7112747055433424,5,3,2,0.625,8,-2.578887287128559,17.96875,70.078125,4.578887287128559,-2.578887287128559
546318,2017,Odúbel Herrera,,27.3,10.017483590433129,-2.0437401792262158,8,5,3,0.6153846153846154,13,-2.579128013857387,17.890625,7.734375,5.579128013857387,-2.579128013857387
545350,2016,Jake Marisnick,,29.1,10.797870394470538,-0.5209057026495536,10,5,5,0.6666666666666666,15,-2.6090689984745152,17.8125,39.140625,7.609068998474515,-2.6090689984745152
673548,2022,Seiya Suzuki,,28.3,13.320516852691906,1.6717640122210362,9,5,4,0.6428571428571429,14,-2.615795054274651,17.734375,85.859375,6.615795054274651,-2.615795054274651
457706,2018,Austin Jackson,,27.5,11.092930032033415,-0.8857995517882351,3,3,0,0.5,6,-2.627053875702752,17.65625,30.0,2.627053875702752,-2.627053875702752
435622,2019,Ian Desmond,,27.5,11.481533386874423,-0.49719619694722716,3,3,0,0.5,6,-2.627053875702752,17.65625,39.84375,2.627053875702752,-2.627053875702752
596451,2022,Roman Quinn,,29.5,11.302526730733497,0.14873900528879602,4,3,1,0.5714285714285714,7,-2.672399535363499,17.5,55.93749999999999,3.672399535363499,-2.672399535363499
641343,2019,Jake Bauers,,27.7,12.61621427054717,0.7199788725632139,3,3,0,0.5,6,-2.6791255911636336,17.421875,70.546875,2.6791255911636336,-2.6791255911636336
643418,2019,Shed Long Jr.,,27.7,11.941085750686787,0.044850352702830776,3,3,0,0.5,6,-2.6791255911636336,17.421875,52.81249999999999,2.6791255911636336,-2.6791255911636336
502054,2018,Tommy Pham,,28.6,12.174796421746226,0.6497848600318985,15,7,8,0.6818181818181818,22,-2.682643806037877,17.265625,68.515625,10.682643806037877,-2.682643806037877
596847,2019,Ji Man Choi,,25.3,10.05480798736911,-2.831357640667182,2,3,-1,0.4,5,-2.711887504694211,17.1875,2.890625,1.7118875046942106,-2.711887504694211
593871,2021,Jorge Polanco,,27.9,11.962915122642697,0.1491739104964367,11,6,5,0.6470588235294118,17,-2.7383923687694587,17.109375,56.015625,7.738392368769459,-2.7383923687694587
457803,2018,Jay Bruce,,25.5,12.973982108731136,0.17031066653253824,2,3,-1,0.4,5,-2.755280600911612,17.03125,56.875,1.7552806009116118,-2.755280600911612
663837,2022,Matt Vierling,,29.5,10.339740127951185,-0.8140475974935164,7,4,3,0.6363636363636364,11,-2.7709135555712123,16.953125,32.265625,5.770913555571212,-2.7709135555712123
593871,2022,Jorge Polanco,,28.1,10.388839190919823,-1.342407835388741,3,3,0,0.5,6,-2.7832690220853977,16.875,18.28125,2.7832690220853977,-2.7832690220853977
451594,2019,Dexter Fowler,,27.7,11.539887412409916,-0.3563479855740397,8,5,3,0.6153846153846154,13,-2.804772114187873,16.796875,42.890625,5.804772114187873,-2.804772114187873
458731,2020,Brett Gardner,,28.2,11.809370500640334,0.11937056725061623,3,3,0,0.5,6,-2.8093048798158384,16.71875,54.84375,2.8093048798158384,-2.8093048798158384
465041,2018,Francisco Cervelli,,25.8,14.056785941792423,1.376855778350368,2,3,-1,0.4,5,-2.8203702452377146,16.640625,82.1875,1.8203702452377146,-2.8203702452377146
596451,2021,Roman Quinn,,30.0,13.084709797729955,2.1371575368794904,4,3,1,0.5714285714285714,7,-2.8242753721244025,16.5625,91.40625,3.8242753721244025,-2.8242753721244025
595879,2018,Javier Báez,,28.8,13.64994565623359,2.2074282803569574,21,9,12,0.7,30,-2.827600130992419,16.484375,91.71875,14.827600130992419,-2.827600130992419
572191,2021,Michael A. Taylor,,28.2,11.274276677648599,-0.4157232557411188,14,7,7,0.6666666666666666,21,-2.832567079355435,16.40625,40.859375,9.832567079355435,-2.832567079355435
622110,2016,Matt Duffy,,27.8,11.212353482700955,-0.6426348223641529,8,5,3,0.6153846153846154,13,-2.8611831392704943,16.328125,36.328125,5.861183139270494,-2.8611831392704943
519203,2022,Anthony Rizzo,,25.5,13.979284584706075,1.175613142507478,6,5,1,0.5454545454545454,11,-2.8616173220055456,16.25,78.671875,3.8616173220055456,-2.8616173220055456
594777,2016,Kole Calhoun,,26.0,11.57019201263089,-1.0272439649734704,2,3,-1,0.4,5,-2.863763341455116,16.171875,25.78125,1.8637633414551158,-2.863763341455116
595281,2017,Kevin Kiermaier,,29.3,12.767663865733368,1.5313819544509713,16,7,9,0.6956521739130435,23,-2.866847373594302,16.09375,83.90625,11.866847373594302,-2.866847373594302
543068,2016,C.J. Cron,,26.1,9.249011022788343,-3.30717786189717,2,3,-1,0.4,5,-2.8854598895638164,16.015625,1.5625,1.8854598895638164,-2.8854598895638164
660162,2018,Yoán Moncada,,28.8,9.864876358226825,-1.5776410176498086,12,6,6,0.6666666666666666,18,-2.896560078595453,15.937499999999998,13.125,8.896560078595453,-2.896560078595453
641658,2021,Garrett Hampson,,29.8,12.30620575089533,1.2761593042071713,17,7,10,0.7083333333333334,24,-2.9035144140115694,15.859375,80.46875,12.90351441401157,-2.9035144140115694
571448,2016,Nolan Arenado,,26.3,10.962714376716969,-1.5109803221308482,2,3,-1,0.4,5,-2.9288529857812176,15.78125,14.296875,1.9288529857812176,-2.9288529857812176
621020,2017,Dansby Swanson,,28.7,11.497256709225823,0.013492240430341695,3,3,0,0.5,6,-2.939484168468042,15.703125000000002,51.71875,2.939484168468042,-2.939484168468042
575929,2021,Willson Contreras,,27.5,11.506165175727595,-0.47256440809405476,5,4,1,0.5555555555555556,9,-2.9405808135541283,15.625,40.234375,3.9405808135541283,-2.9405808135541283
642201,2021,Eli White,,30.4,7.479255080722206,-3.3033088084528703,4,3,1,0.5714285714285714,7,-2.9457760415331276,15.546874999999998,1.640625,3.9457760415331276,-2.9457760415331276
503556,2018,Marwin Gonzalez,,26.4,11.218127316035956,-1.2143202898930152,2,3,-1,0.4,5,-2.950549533889918,15.46875,21.796875,1.9505495338899181,-2.950549533889918
542364,2022,Rafael Ortega,,27.1,12.379812547052524,0.23609459155548507,12,7,5,0.631578947368421,19,-2.9892164084731334,15.390625,59.29687500000001,7.989216408473133,-2.9892164084731334
543776,2016,JB Shuck,,28.9,13.729779073311901,2.328508790354114,3,3,0,0.5,6,-2.9915558839289234,15.312500000000002,92.265625,2.9915558839289234,-2.9915558839289234
570560,2019,Yolmer Sánchez,,27.7,13.141923194947642,1.2456877969636864,5,4,1,0.5555555555555556,9,-3.018688386745451,15.234375,80.078125,4.018688386745451,-3.018688386745451
641583,2018,Dustin Fowler,,29.0,10.30123209103617,-1.0587910990027698,6,4,2,0.6,10,-3.0293195694322756,15.156249999999998,24.84375,5.029319569432276,-3.0293195694322756
643396,2020,Isiah Kiner-Falefa,,28.1,10.862684105573413,-0.8685629207351511,8,5,3,0.6153846153846154,13,-3.030416214518362,15.078125,30.9375,6.030416214518362,-3.030416214518362
592626,2021,Joc Pederson,,26.9,10.957183066996457,-1.2690290743382775,2,3,-1,0.4,5,-3.059032274433422,15.0,20.546875,2.059032274433422,-3.059032274433422
571657,2021,Kyle Farmer,,27.0,7.6452498407453024,-4.539715207670584,2,3,-1,0.4,5,-3.080728822542123,14.921875000000002,0.46875,2.080728822542123,-3.080728822542123
592273,2022,Brandon Drury,,27.0,10.062330351455188,-2.1226346969606986,2,3,-1,0.4,5,-3.080728822542123,14.921875000000002,7.109375,2.080728822542123,-3.080728822542123
664761,2022,Alec Bohm,,27.0,10.044542332508854,-2.1404227159070324,2,3,-1,0.4,5,-3.080728822542123,14.921875000000002,6.71875,2.080728822542123,-3.080728822542123
571745,2017,Mitch Haniger,,27.9,10.332467093170619,-1.4812741189756409,5,4,1,0.5555555555555556,9,-3.096795959936772,14.6875,14.921875000000002,4.096795959936772,-3.096795959936772
575929,2017,Willson Contreras,,27.9,12.488762086767272,0.675020874621012,5,4,1,0.5555555555555556,9,-3.096795959936772,14.6875,68.90625,4.096795959936772,-3.096795959936772
572039,2016,Stephen Piscotty,,27.2,13.065434575630496,0.9629637130523037,7,5,2,0.5833333333333334,12,-3.0978926050228575,14.531250000000002,74.765625,5.0978926050228575,-3.0978926050228575
598265,2022,Jackie Bradley Jr.,,27.1,11.495928434924545,-0.6477895205724931,2,3,-1,0.4,5,-3.1024253706508245,14.453125,36.015625,2.1024253706508245,-3.1024253706508245
570267,2016,Domingo Santana,,27.1,10.018495527182782,-2.125222428314256,2,3,-1,0.4,5,-3.1024253706508245,14.453125,6.953125,2.1024253706508245,-3.1024253706508245
656941,2019,Kyle Schwarber,,27.1,10.807890575232907,-1.3358273802641314,2,3,-1,0.4,5,-3.1024253706508245,14.453125,18.75,2.1024253706508245,-3.1024253706508245
643393,2019,Tony Kemp,,26.4,12.511113897584307,0.07866629165533645,4,4,0,0.5,8,-3.120879254223869,14.21875,53.75,3.120879254223869,-3.120879254223869
605233,2017,Derek Fisher,,29.4,10.240441853376193,-0.9545929649873557,3,3,0,0.5,6,-3.121735172581128,14.140625000000002,27.34375,3.121735172581128,-3.121735172581128
543829,2018,Dee Strange-Gordon,,29.0,11.568609137652448,0.2085859476135088,30,12,18,0.7142857142857143,42,-3.123142191615557,14.0625,58.203125,21.123142191615557,-3.123142191615557
642715,2021,Willy Adames,,28.0,13.51119833827687,1.738704219049458,5,4,1,0.5555555555555556,9,-3.1358497465324335,13.984374999999998,86.484375,4.1358497465324335,-3.1358497465324335
571976,2021,Wil Myers,,28.3,12.79642646394043,1.1476736234695597,8,5,3,0.6153846153846154,13,-3.143238264683605,13.90625,78.359375,6.143238264683605,-3.143238264683605
570481,2020,Erik González,,27.3,10.57099629434247,-1.4902274753168747,2,3,-1,0.4,5,-3.1458184668682256,13.828125,14.6875,2.1458184668682256,-3.1458184668682256
595281,2021,Kevin Kiermaier,,29.2,10.012613354749769,-1.264915649451476,9,5,4,0.6428571428571429,14,-3.162548066613909,13.750000000000002,20.625,7.162548066613909,-3.162548066613909
573135,2017,Tyler Saladino,,28.1,12.910507916285118,1.179260889976554,5,4,1,0.5555555555555556,9,-3.174903533128097,13.671875,78.75,4.174903533128097,-3.174903533128097
605113,2018,Nick Ahmed,,28.2,13.560265654860254,1.8702657214705365,5,4,1,0.5555555555555556,9,-3.2139573197237574,13.593749999999998,87.96875,4.213957319723757,-3.2139573197237574
641531,2021,Hunter Dozier,,28.2,9.887846148635493,-1.8021537847542248,5,4,1,0.5555555555555556,9,-3.2139573197237574,13.593749999999998,10.15625,4.213957319723757,-3.2139573197237574
642423,2019,Magneuris Sierra,,29.8,9.186087285006161,-1.8439591616819975,3,3,0,0.5,6,-3.2258786035028924,13.4375,9.609375,3.2258786035028924,-3.2258786035028924
488721,2016,Peter Bourjos,,29.5,9.231351894562014,-1.9224358308826872,6,4,2,0.6,10,-3.2462850505192833,13.359375000000002,8.984375,5.246285050519283,-3.2462850505192833
518586,2022,Charlie Culberson,,27.8,11.958229872322526,0.10324156725741851,2,3,-1,0.4,5,-3.2543012074117286,13.28125,54.37499999999999,2.2543012074117286,-3.2543012074117286
543257,2016,Robbie Grossman,,27.8,7.042264026356638,-4.81272427870847,2,3,-1,0.4,5,-3.2543012074117286,13.28125,0.390625,2.2543012074117286,-3.2543012074117286
669720,2020,Austin Hays,,27.8,10.419751693574067,-1.4352366114910406,2,3,-1,0.4,5,-3.2543012074117286,13.28125,16.015625,2.2543012074117286,-3.2543012074117286
592178,2016,Kris Bryant,,28.5,9.620568109429684,-1.945690545203492,8,5,3,0.6153846153846154,13,-3.256060314848848,13.046875,8.828125,6.256060314848848,-3.256060314848848
491676,2018,Gorkys Hernández,,28.5,10.079084665017708,-1.4871739896154672,8,5,3,0.6153846153846154,13,-3.256060314848848,13.046875,14.765624999999998,6.256060314848848,-3.256060314848848
643289,2020,Mauricio Dubón,,27.9,10.67709361065214,-1.1366476014941203,2,3,-1,0.4,5,-3.275997755520429,12.890625,23.28125,2.275997755520429,-3.275997755520429
641553,2019,Adam Engel,,30.0,10.787294356577869,-0.160257904272596,3,3,0,0.5,6,-3.2779503189637738,12.812499999999998,47.65625,3.2779503189637738,-3.2779503189637738
593643,2019,Hanser Alberto,,26.9,10.190950031850939,-2.0352621094837957,4,4,0,0.5,8,-3.2944516390934755,12.734375,7.968749999999999,3.2944516390934755,-3.2944516390934755
650333,2022,Luis Arraez,,26.9,8.562072570015179,-3.6641395713195557,4,4,0,0.5,8,-3.2944516390934755,12.734375,1.09375,3.2944516390934755,-3.2944516390934755
673451,2021,Shogo Akiyama,,28.0,11.401946326193409,-0.3705477930340031,2,3,-1,0.4,5,-3.2976943036291297,12.578125000000002,42.421875,2.2976943036291297,-3.2976943036291297
544725,2017,Leury García,,28.6,11.539847444169618,0.014835882455290772,8,5,3,0.6153846153846154,13,-3.312471339931472,12.5,51.796875,6.312471339931472,-3.312471339931472
452655,2017,Denard Span,,27.5,11.069779454652224,-0.9089501291694262,12,7,5,0.631578947368421,19,-3.3190039397253823,12.421875,29.375,8.319003939725382,-3.3190039397253823
545341,2016,Randal Grichuk,,28.5,9.323781612055573,-2.242477042577603,5,4,1,0.5555555555555556,9,-3.331118679510741,12.34375,6.015625,4.331118679510741,-3.331118679510741
643289,2022,Mauricio Dubón,,28.2,10.179129393189868,-1.51087054019985,2,3,-1,0.4,5,-3.341087399846532,12.265625,14.374999999999998,2.341087399846532,-3.341087399846532
544369,2018,Didi Gregorius,,28.0,11.462695748320934,-0.30979837090647777,10,6,4,0.625,16,-3.352621771613215,12.1875,43.90625,7.352621771613215,-3.352621771613215
518792,2017,Jason Heyward,,27.1,11.1625,-0.9812179554970388,4,4,0,0.5,8,-3.363880593041319,12.109375,26.5625,3.363880593041319,-3.363880593041319
669222,2022,Nick Senzel,,28.7,13.222596006315444,1.7388315375199621,8,5,3,0.6153846153846154,13,-3.368882365014091,12.03125,86.5625,6.368882365014091,-3.368882365014091
514888,2020,Jose Altuve,,28.4,11.935265654860254,0.3277599073082307,2,3,-1,0.4,5,-3.384480496063933,11.953125,61.71875,2.384480496063933,-3.384480496063933
578428,2022,Jose Iglesias,,28.4,10.444345048506314,-1.1631606990457097,2,3,-1,0.4,5,-3.384480496063933,11.953125,22.734375,2.384480496063933,-3.384480496063933
516782,2022,Starling Marte,,28.0,11.073293000349274,-0.699201118878138,18,9,9,0.6666666666666666,27,-3.4075492395973015,11.796875,34.921875,12.407549239597301,-3.4075492395973015
658668,2022,Edward Olivares,,28.6,10.986041022514629,-0.5389705391996991,2,3,-1,0.4,5,-3.4278735922813355,11.71875,38.59375,2.4278735922813355,-3.4278735922813355
641531,2018,Hunter Dozier,,28.6,5.341178275669851,-6.183833286044477,2,3,-1,0.4,5,-3.4278735922813355,11.71875,0.078125,2.4278735922813355,-3.4278735922813355
452254,2017,Hunter Pence,,28.6,10.004562513271225,-1.520449048443103,2,3,-1,0.4,5,-3.4278735922813355,11.71875,13.984374999999998,2.4278735922813355,-3.4278735922813355
606157,2022,Aristides Aquino,,28.7,10.09498509060928,-1.388779378186202,2,3,-1,0.4,5,-3.449570140390035,11.484375,17.5,2.449570140390035,-3.449570140390035
607043,2021,Brandon Nimmo,,28.9,10.106179632756199,-1.2950906502015886,5,4,1,0.5555555555555556,9,-3.4873338258933853,11.40625,19.921875,4.487333825893385,-3.4873338258933853
571437,2017,Aaron Altherr,,28.9,11.077731994977782,-0.3235382879800053,5,4,1,0.5555555555555556,9,-3.4873338258933853,11.40625,43.59375,4.487333825893385,-3.4873338258933853
643396,2018,Isiah Kiner-Falefa,,28.0,9.05543045823324,-2.7170636609941727,7,5,2,0.5833333333333334,12,-3.5144663287099114,11.25,3.2031249999999996,5.514466328709911,-3.5144663287099114
621028,2019,Kevin Newman,,28.5,11.271414585392536,-0.29484406924063933,16,8,8,0.6666666666666666,24,-3.549649812028642,11.171875,44.375,11.549649812028642,-3.549649812028642
518934,2016,DJ LeMahieu,,27.1,10.844170263168367,-1.2995476923286713,11,7,4,0.6111111111111112,18,-3.568731334342968,11.09375,19.6875,7.568731334342968,-3.568731334342968
656775,2018,Cedric Mullins,,29.3,11.52628932894056,0.2900074176581633,2,3,-1,0.4,5,-3.5797494290422396,11.015625,60.9375,2.5797494290422396,-3.5797494290422396
642180,2022,Tyler Wade,,29.1,9.175972258372473,-2.142803838747618,8,5,3,0.6153846153846154,13,-3.59452646534458,10.9375,6.640625,6.59452646534458,-3.59452646534458
502226,2017,Craig Gentry,,29.2,9.989480694279337,-1.2880483099219084,5,4,1,0.5555555555555556,9,-3.6044951856803706,10.859375,20.15625,4.604495185680371,-3.6044951856803706
453568,2016,Charlie Blackmon,,27.7,11.361364333781532,-0.5348710642024237,17,9,8,0.6538461538461539,26,-3.6095442283757464,10.78125,38.828125,11.609544228375746,-3.6095442283757464
518934,2017,DJ LeMahieu,,27.1,12.853426015533017,0.7097080600359789,6,5,1,0.5454545454545454,11,-3.6253358154318143,10.703125,69.84375,4.625335815431814,-3.6253358154318143
452655,2016,Denard Span,,27.9,11.433522002196385,-0.3802192099498747,12,7,5,0.631578947368421,19,-3.6487914709776312,10.625,42.1875,8.648791470977631,-3.6487914709776312
518934,2018,DJ LeMahieu,,27.2,11.994909447713272,-0.10756141486491977,6,5,1,0.5454545454545454,11,-3.6730682212709524,10.546875,48.828125,4.6730682212709524,-3.6730682212709524
520471,2018,Freddy Galvis,,26.8,10.972939368477741,-1.2945198657758397,8,6,2,0.5714285714285714,14,-3.70454003370922,10.46875,20.0,5.70454003370922,-3.70454003370922
621311,2019,David Dahl,,28.1,12.71251799743866,0.9812709711300958,4,4,0,0.5,8,-3.7110253627805303,10.390625,75.546875,3.7110253627805303,-3.7110253627805303
572816,2021,Corey Dickerson,,27.3,10.226301917443024,-1.8349218522163202,6,5,1,0.5454545454545454,11,-3.720800627110096,10.3125,9.6875,4.720800627110096,-3.720800627110096
640457,2019,Austin Meadows,,28.1,11.564302995263416,-0.16694403104514777,12,7,5,0.631578947368421,19,-3.81368523660376,10.234375,47.578125,8.81368523660376,-3.81368523660376
666182,2019,Bo Bichette,,28.4,13.510407156507545,1.9029014089555218,4,4,0,0.5,8,-3.815168793702293,10.15625,88.4375,3.815168793702293,-3.815168793702293
450314,2018,Ben Zobrist,,26.7,10.299660702910378,-2.0090456242620505,3,4,-1,0.42857142857142855,7,-3.8218948495024296,10.078125,8.359375,2.8218948495024296,-3.8218948495024296
516782,2018,Starling Marte,,28.6,11.108914891847816,-0.41609666986651206,33,14,19,0.7021276595744681,47,-3.822011767444554,10.0,40.78125,22.822011767444554,-3.822011767444554
488721,2017,Peter Bourjos,,29.8,11.236293184148186,0.20624673746002742,5,4,1,0.5555555555555556,9,-3.8388179052543387,9.921875,58.046875,4.838817905254339,-3.8388179052543387
596115,2016,Trevor Story,,29.6,11.163198296417205,0.050657663891351845,8,5,3,0.6153846153846154,13,-3.8765815907576906,9.84375,52.96875,6.876581590757691,-3.8765815907576906
572821,2019,Brian Dozier,,26.9,11.366091533498228,-0.8601206078365067,3,4,-1,0.42857142857142855,7,-3.8826451842067913,9.765625,31.093749999999996,2.8826451842067913,-3.8826451842067913
664728,2022,Kyle Isbel,,28.0,8.063082545052778,-3.7094115741746343,9,6,3,0.6,15,-3.8930829108873892,9.6875,1.015625,6.893082910887389,-3.8930829108873892
543939,2018,Kolten Wong,,27.7,11.141855165049789,-0.7543802329341673,6,5,1,0.5454545454545454,11,-3.911730250466661,9.609375,33.90625,4.911730250466661,-3.911730250466661
671277,2022,Luis García Jr.,,27.0,10.54268455793553,-1.6422804904803563,3,4,-1,0.42857142857142855,7,-3.9130203515589717,9.53125,12.1875,2.9130203515589717,-3.9130203515589717
595751,2019,Jorge Alfaro,,28.8,11.372133972176881,-0.07038340369975238,4,4,0,0.5,8,-3.9540267015979786,9.453125,49.765625,3.9540267015979786,-3.9540267015979786
592178,2017,Kris Bryant,,28.9,10.370271437671697,-1.0309988452860903,7,5,2,0.5833333333333334,12,-3.9831117678578467,9.375,25.624999999999996,5.983111767857847,-3.9831117678578467
666971,2022,Lourdes Gurriel Jr.,,27.3,11.184660702910378,-0.8765630667489663,3,4,-1,0.42857142857142855,7,-4.0041458536155154,9.296875,30.46875,3.004145853615516,-4.0041458536155154
608671,2016,Travis Jankowski,,29.5,9.459230142587854,-1.6945575828568469,30,12,18,0.7142857142857143,42,-4.034397212180991,9.21875,11.328125,22.03439721218099,-4.034397212180991
669256,2021,Nick Solak,,29.0,10.04372900298823,-1.31629418705071,7,5,2,0.5833333333333334,12,-4.035183483318731,9.140625,19.0625,6.035183483318731,-4.035183483318731
542921,2017,Tim Beckham,,28.0,10.006866901152602,-1.76562721807481,6,5,1,0.5454545454545454,11,-4.054927467984085,9.0625,10.390625,5.054927467984085,-4.054927467984085
649557,2016,Aledmys Díaz,,29.1,9.97785162987219,-1.340924467247902,4,4,0,0.5,8,-4.0581701325197415,8.984375,18.359375,4.0581701325197415,-4.0581701325197415
541645,2016,Avisaíl García,,29.1,9.06647420167366,-2.252301895446431,4,4,0,0.5,8,-4.0581701325197415,8.984375,5.78125,4.0581701325197415,-4.0581701325197415
408252,2017,Brandon Phillips,,26.0,11.78535956224867,-0.8120764153556905,11,8,3,0.5789473684210527,19,-4.0823006975294405,8.828125,32.34375,7.0823006975294405,-4.0823006975294405
608336,2018,Joey Gallo,,27.6,10.747559927041445,-1.1899225638613569,3,4,-1,0.42857142857142855,7,-4.095271355672058,8.75,22.1875,3.0952713556720584,-4.095271355672058
663697,2022,Jonathan India,,27.7,12.60710364195565,0.710868243971694,3,4,-1,0.42857142857142855,7,-4.125646523024239,8.671875,69.921875,3.125646523024239,-4.125646523024239
624424,2018,Michael Conforto,,27.8,12.981399269632407,1.1264109645672988,3,4,-1,0.42857142857142855,7,-4.15602169037642,8.59375,78.125,3.15602169037642,-4.15602169037642
623520,2018,David Bote,,27.8,12.133107135273585,0.27811883020847716,3,4,-1,0.42857142857142855,7,-4.15602169037642,8.59375,60.546875,3.15602169037642,-4.15602169037642
542979,2019,Keon Broxton,,29.2,12.292030031950473,1.014501027749228,10,6,4,0.625,16,-4.185769218987325,8.4375,76.25,8.185769218987325,-4.185769218987325
598265,2019,Jackie Bradley Jr.,,27.6,13.672942491639134,1.7354600007363317,8,6,2,0.5714285714285714,14,-4.190542711344117,8.359375,86.328125,6.190542711344117,-4.190542711344117
666182,2022,Bo Bichette,,27.5,10.761465527456497,-1.2172640563651527,13,8,5,0.6190476190476191,21,-4.194688564959632,8.28125,21.71875,9.194688564959632,-4.194688564959632
594807,2016,Adam Duvall,,28.3,8.943311000233184,-2.705441840237686,6,5,1,0.5454545454545454,11,-4.1981246855015115,8.203125,3.359375,5.1981246855015115,-4.1981246855015115
646240,2021,Rafael Devers,,27.1,13.015073642229364,0.8713556867323256,5,5,0,0.5,10,-4.204850741301649,8.125,73.28125,4.204850741301649,-4.204850741301649
596847,2016,Ji Man Choi,,25.9,11.768495527182782,-0.8701875433404265,2,4,-2,0.3333333333333333,6,-4.2104801520156965,8.046875,30.859375,2.210480152015697,-4.2104801520156965
649557,2018,Aledmys Díaz,,28.0,9.140196379278308,-2.632297739949104,3,4,-1,0.42857142857142855,7,-4.216772025080782,7.968749999999999,3.671875,3.2167720250807816,-4.216772025080782
607043,2018,Brandon Nimmo,,28.5,12.4042232161816,0.837964561548425,9,6,3,0.6,15,-4.218531132517901,7.890625,72.5,7.218531132517901,-4.218531132517901
642715,2018,Willy Adames,,28.4,10.675916869301663,-0.931588878250361,6,5,1,0.5454545454545454,11,-4.245857091340653,7.8125,28.749999999999996,5.245857091340653,-4.245857091340653
624428,2019,Adam Frazier,,27.2,10.690239708165779,-1.4122311544124138,5,5,0,0.5,10,-4.248243837519048,7.734375,16.875,4.248243837519048,-4.248243837519048
624641,2021,Edmundo Sosa,,29.7,10.124906177008263,-0.9463873625987436,4,4,0,0.5,8,-4.266456994363269,7.656250000000001,27.65625,4.266456994363269,-4.266456994363269
543063,2018,Brandon Crawford,,25.8,12.381278274757468,-0.2986518886845868,4,5,-1,0.4444444444444444,9,-4.276666441427887,7.578124999999999,44.21875,3.2766664414278863,-4.276666441427887
605113,2017,Nick Ahmed,,28.2,13.81371645387088,2.123716520481162,3,4,-1,0.42857142857142855,7,-4.277522359785145,7.5,91.25,3.277522359785145,-4.277522359785145
621035,2018,Chris Taylor,,28.6,12.365978434468355,0.8409668727540272,9,6,3,0.6,15,-4.283620776844007,7.421875,72.65625,7.283620776844007,-4.283620776844007
435079,2019,Ian Kinsler,,26.2,9.960785517113234,-2.5541562746534314,2,4,-2,0.3333333333333333,6,-4.28858772520702,7.34375,4.296875,2.2885877252070204,-4.28858772520702
606299,2016,José Peraza,,28.8,12.769678287315367,1.3271609114387335,21,10,11,0.6774193548387096,31,-4.321853468692167,7.265625000000001,81.171875,15.321853468692167,-4.321853468692167
543305,2016,Aaron Hicks,,28.4,10.789724707120675,-0.817781040431349,3,4,-1,0.42857142857142855,7,-4.338272694489507,7.187499999999999,31.953125,3.3382726944895067,-4.338272694489507
514888,2019,Jose Altuve,,28.6,13.07377170236152,1.5487601406471931,6,5,1,0.5454545454545454,11,-4.3413219030189385,7.109375,84.296875,5.3413219030189385,-4.3413219030189385
457727,2019,Cameron Maybin,,28.7,10.91152184851816,-0.5722426202773221,9,6,3,0.6,15,-4.348710421170105,7.03125,37.578125,7.348710421170105,-4.348710421170105
621563,2021,Joey Wendle,,27.9,10.030169526041199,-1.783571686105061,8,6,2,0.5714285714285714,14,-4.372793715457202,6.953125,10.234375,6.372793715457202,-4.372793715457202
668731,2022,Akil Baddoo,,28.9,10.461474395543139,-0.9397958874146486,9,6,3,0.6,15,-4.478889709822308,6.875000000000001,28.281250000000004,7.478889709822308,-4.478889709822308
630111,2016,Yasmany Tomás,,27.0,14.186809073038187,2.001844024622301,2,4,-2,0.3333333333333333,6,-4.496874587050547,6.796874999999999,89.6875,2.4968745870505473,-4.496874587050547
605119,2018,Brian Anderson,,27.1,10.07034366373704,-2.0733742917599987,2,4,-2,0.3333333333333333,6,-4.522910444780989,6.71875,7.656250000000001,2.5229104447809894,-4.522910444780989
605137,2017,Josh Bell,,27.2,8.94066805143594,-3.161802811142252,2,4,-2,0.3333333333333333,6,-4.548946302511428,6.640625,2.109375,2.5489463025114287,-4.548946302511428
593160,2019,Whit Merrifield,,28.6,12.854201551737866,1.3291899900235382,20,10,10,0.6666666666666666,30,-4.567241553688014,6.5625,81.25,14.567241553688014,-4.567241553688014
605480,2016,Mallex Smith,,29.5,9.882863195495073,-1.2709245299496281,16,8,8,0.6666666666666666,24,-4.591084121246281,6.484375000000001,20.46875,12.591084121246281,-4.591084121246281
645302,2021,Victor Robles,,28.3,10.487063258948119,-1.1616895815227508,8,6,2,0.5714285714285714,14,-4.615795054274651,6.406249999999999,22.8125,6.615795054274651,-4.615795054274651
573262,2019,Mike Yastrzemski,,27.5,13.308189392642438,1.329459808820788,2,4,-2,0.3333333333333333,6,-4.627053875702752,6.328125,81.328125,2.627053875702752,-4.627053875702752
665742,2021,Juan Soto,,27.0,10.05247763591392,-2.132487412501966,9,7,2,0.5625,16,-4.658332232134793,6.25,6.875000000000001,6.658332232134793,-4.658332232134793
668227,2021,Randy Arozarena,,28.7,9.923576263549545,-1.560188205245936,20,10,10,0.6666666666666666,30,-4.697420842340209,6.171875,13.515625,14.69742084234021,-4.697420842340209
500871,2018,Eduardo Escobar,,27.8,10.079208818230674,-1.775779486834434,2,4,-2,0.3333333333333333,6,-4.705161448894074,6.09375,10.3125,2.7051614488940743,-4.705161448894074
669720,2022,Austin Hays,,27.8,9.843869521141054,-2.0111187839240543,2,4,-2,0.3333333333333333,6,-4.705161448894074,6.09375,8.28125,2.7051614488940743,-4.705161448894074
553993,2017,Eugenio Suárez,,26.9,9.513167795716045,-2.7130443456186892,4,5,-1,0.4444444444444444,9,-4.70625809398016,5.9375,3.28125,3.7062580939801597,-4.70625809398016
488862,2017,Yunel Escobar,,25.4,11.47160702910379,-1.3733115060136551,1,4,-3,0.2,5,-4.733584052802911,5.859375,17.734375,1.7335840528029112,-4.733584052802911
595879,2019,Javier Báez,,28.6,12.430227704165933,0.9052161424516054,11,7,4,0.6111111111111112,18,-4.740344932212807,5.78125,73.671875,8.740344932212807,-4.740344932212807
543877,2022,Christian Vázquez,,25.5,15.183569169412149,2.3798977272135513,1,4,-3,0.2,5,-4.755280600911612,5.703125,92.8125,1.7552806009116118,-4.755280600911612
592178,2018,Kris Bryant,,28.0,8.650158850081613,-3.1223352691457986,2,4,-2,0.3333333333333333,6,-4.757233164354956,5.625,2.34375,2.7572331643549557,-4.757233164354956
594988,2016,Scott Schebler,,28.2,10.382466070291036,-1.3075338630986817,2,4,-2,0.3333333333333333,6,-4.809304879815839,5.546875,19.375,2.8093048798158384,-4.809304879815839
660644,2022,Vidal Bruján,,28.5,10.743598083469356,-0.8226605711638193,5,5,0,0.5,10,-4.812354088345268,5.46875,31.71875,4.812354088345268,-4.812354088345268
547982,2019,Leonys Martin,,27.2,12.15509099066369,0.05262012808549699,4,5,-1,0.4444444444444444,9,-4.823419453767143,5.390625,53.04687500000001,3.8234194537671433,-4.823419453767143
519333,2016,Matt Szczur,,28.3,10.086312460186326,-1.562440380284544,2,4,-2,0.3333333333333333,6,-4.835340737546279,5.3125,13.28125,2.835340737546279,-4.835340737546279
606192,2018,Teoscar Hernández,,28.6,10.9629095496963,-0.5621020120180269,5,5,0,0.5,10,-4.855747184562671,5.234375,38.046875,4.855747184562671,-4.855747184562671
628338,2018,Guillermo Heredia,,28.4,10.104117827566984,-1.5033879199850393,2,4,-2,0.3333333333333333,6,-4.86137659527672,5.15625,14.531250000000002,2.86137659527672,-4.86137659527672
542255,2018,Ender Inciarte,,27.8,12.51690892809153,0.6619206230264219,28,14,14,0.6666666666666666,42,-4.93613014225852,5.078125,68.75,18.93613014225852,-4.93613014225852
607054,2016,Jace Peterson,,28.8,10.005501038576956,-1.4370163372996778,5,5,0,0.5,10,-4.942533376997473,5.0,15.937499999999998,4.942533376997473,-4.942533376997473
519203,2016,Anthony Rizzo,,25.9,11.411425559216198,-1.2272575113070108,3,5,-2,0.375,8,-4.947306869354263,4.921875,21.25,2.9473068693542626,-4.947306869354263
457787,2017,Danny Espinosa,,27.6,10.853431522972487,-1.084050967930315,4,5,-1,0.4444444444444444,9,-4.979634600149789,4.84375,24.453125,3.9796346001497893,-4.979634600149789
457705,2022,Andrew McCutchen,,28.9,11.253210862586174,-0.14805942037161302,8,6,2,0.5714285714285714,14,-4.980297062500821,4.765625,47.8125,6.980297062500821,-4.980297062500821
543063,2017,Brandon Crawford,,26.0,10.197964217462273,-2.399471760142088,3,5,-2,0.375,8,-4.982021346328185,4.6875,4.921875,2.9820213463281853,-4.982021346328185
669242,2020,Tommy Edman,,28.9,9.981403450850015,-1.4198668321077719,2,4,-2,0.3333333333333333,6,-4.991555883928923,4.609375,16.640625,2.9915558839289234,-4.991555883928923
669289,2022,Santiago Espinal,,27.0,10.470350089083086,-1.7146149593328008,6,6,0,0.5,12,-4.993749174101095,4.53125,10.9375,4.993749174101095,-4.993749174101095
606299,2019,José Peraza,,28.1,12.37317352788948,0.6419265015809152,7,6,1,0.5384615384615384,13,-5.030416214518362,4.453125,68.359375,6.030416214518362,-5.030416214518362
578428,2019,Jose Iglesias,,27.1,11.531659664333421,-0.612058291163617,6,6,0,0.5,12,-5.045820889561979,4.375,36.953125,5.045820889561979,-5.045820889561979
596146,2018,Max Kepler,,27.9,9.91370681585181,-1.9000343962944495,4,5,-1,0.4444444444444444,9,-5.096795959936772,4.296875,9.140625,4.096795959936772,-5.096795959936772
516416,2018,Jean Segura,,27.9,11.775344116099156,-0.038397096047104284,20,11,9,0.6451612903225806,31,-5.111186084226661,4.21875,50.625,14.111186084226661,-5.111186084226661
592206,2017,Nick Castellanos,,28.1,11.81734526084591,0.08609823453734577,4,5,-1,0.4444444444444444,9,-5.174903533128097,4.140625,53.82812500000001,4.174903533128097,-5.174903533128097
622534,2021,Manuel Margot,,28.6,11.603327645442853,0.0783160837285255,13,8,5,0.6190476190476191,21,-5.197069087581609,4.0625,53.671875,10.197069087581609,-5.197069087581609
642708,2018,Amed Rosario,,29.4,11.431565230926159,0.23653041256260998,24,11,13,0.6857142857142857,35,-5.21012184005658,3.9843749999999996,59.375,18.21012184005658,-5.21012184005658
641553,2018,Adam Engel,,30.1,11.008247220756852,0.10194205282523505,16,8,8,0.6666666666666666,24,-5.215944706776863,3.90625,54.296875,13.215944706776863,-5.215944706776863
621453,2019,Steven Duggar,,28.2,12.555118370401523,0.8651184370118052,1,4,-3,0.2,5,-5.341087399846532,3.8281250000000004,73.046875,2.341087399846532,-5.341087399846532
523253,2016,Logan Forsythe,,27.7,10.172984548449618,-1.7232508495343382,6,6,0,0.5,12,-5.358251182327267,3.75,10.78125,5.358251182327267,-5.358251182327267
519306,2016,Steven Souza Jr.,,28.7,10.091550735308747,-1.3922137334867344,7,6,1,0.5384615384615384,13,-5.368882365014091,3.671875,17.421875,6.368882365014091,-5.368882365014091
571788,2018,Brock Holt,,26.3,9.905226709499539,-2.568467989348278,7,7,0,0.5,14,-5.400788360187409,3.5937499999999996,4.140625,5.400788360187409,-5.400788360187409
666624,2022,Christopher Morel,,28.8,11.460190169812963,0.017672793936329256,10,7,3,0.5882352941176471,17,-5.402306740895705,3.515625,52.03124999999999,8.402306740895705,-5.402306740895705
641343,2018,Jake Bauers,,27.8,11.172624920372652,-0.6823633846924562,6,6,0,0.5,12,-5.410322897788149,3.4375000000000004,35.15625,5.410322897788149,-5.410322897788149
645277,2022,Ozzie Albies,,27.5,10.385464217462273,-1.5932653663593772,3,5,-2,0.375,8,-5.502738500937003,3.359375,12.812499999999998,3.502738500937003,-5.502738500937003
430947,2016,Erick Aybar,,27.8,10.004581789309363,-1.8504065157557452,3,5,-2,0.375,8,-5.606881931858766,3.28125,9.53125,3.6068819318587657,-5.606881931858766
643446,2019,Jeff McNeil,,27.2,10.750889000548856,-1.3515818620293363,5,6,-1,0.45454545454545453,11,-5.6730682212709524,3.2031249999999996,18.046875,4.6730682212709524,-5.6730682212709524
623912,2022,Harold Ramírez,,28.1,10.39157284367493,-1.3396741826336331,3,5,-2,0.375,8,-5.71102536278053,3.125,18.4375,3.7110253627805303,-5.71102536278053
467827,2017,Gerardo Parra,,26.4,12.981997444104447,0.5495498381754764,2,5,-3,0.2857142857142857,7,-5.730769347445886,3.046875,66.953125,2.7307693474458854,-5.730769347445886
642708,2019,Amed Rosario,,29.2,10.35077451795596,-0.9267544862452848,19,10,9,0.6551724137931034,29,-5.836706709414527,2.96875,28.828125,14.836706709414527,-5.836706709414527
594011,2018,Rosell Herrera,,28.5,9.200437335057638,-2.365821319575538,3,5,-2,0.375,8,-5.849883270676214,2.890625,5.15625,3.849883270676214,-5.849883270676214
453568,2019,Charlie Blackmon,,26.8,12.529026836903295,0.26156760264971446,2,5,-3,0.2857142857142857,7,-5.85227001685461,2.8125,60.15625,2.85227001685461,-5.85227001685461
605137,2018,Josh Bell,,27.1,9.673529712611641,-2.4701882428853974,2,5,-3,0.2857142857142857,7,-5.943395518911155,2.734375,4.6875,2.9433955189111543,-5.943395518911155
622168,2018,Yairo Muñoz,,28.1,11.433982108731136,-0.29726491757742757,5,6,-1,0.45454545454545453,11,-6.102659873823229,2.65625,44.296875,5.102659873823229,-6.102659873823229
650859,2019,Luis Rengifo,,28.0,11.325810969247252,-0.44668314998016,2,5,-3,0.2857142857142857,7,-6.216772025080782,2.578125,40.46875,3.2167720250807816,-6.216772025080782
457705,2018,Andrew McCutchen,,28.7,10.859341617676641,-0.6244228511188403,14,9,5,0.6086956521739131,23,-6.2680226457941615,2.5,36.640625,11.268022645794161,-6.2680226457941615
592626,2018,Joc Pederson,,26.3,10.348982108731136,-2.1247125901166815,1,5,-4,0.16666666666666666,6,-6.314623582937461,2.421875,7.03125,2.314623582937461,-6.314623582937461
543760,2019,Marcus Semien,,28.1,11.550501232446434,-0.18074579386212974,10,8,2,0.5555555555555556,18,-6.349807066256194,2.34375,47.265625,8.349807066256194,-6.349807066256194
542454,2016,Danny Santana,,27.7,11.778683586284936,-0.11755181169901974,12,9,3,0.5714285714285714,21,-6.376939569072718,2.265625,48.59375,9.376939569072718,-6.376939569072718
592696,2017,Eddie Rosario,,27.5,12.120054860751681,0.14132527693003105,9,8,1,0.5294117647058824,17,-6.443319314491131,2.1875,55.46875,7.443319314491131,-6.443319314491131
669222,2021,Nick Senzel,,29.0,9.101403450850015,-2.2586197391889247,2,5,-3,0.2857142857142857,7,-6.520523698602593,2.109375,5.703125,3.520523698602593,-6.520523698602593
572039,2017,Stephen Piscotty,,26.8,8.99682004873441,-3.2706391855191708,3,6,-3,0.3333333333333333,9,-6.667204307384499,2.03125,1.7968749999999998,3.667204307384499,-6.667204307384499
593871,2018,Jorge Polanco,,28.4,12.098745163996135,0.4912394164441114,7,7,0,0.5,14,-6.676545388979013,1.953125,65.234375,6.676545388979013,-6.676545388979013
596146,2019,Max Kepler,,27.7,10.589073099394826,-1.3071622985891302,1,5,-4,0.16666666666666666,6,-6.679125591163634,1.875,19.453125,2.6791255911636336,-6.679125591163634
640492,2022,José Azócar,,29.4,10.069445296844096,-1.1255895215194531,5,6,-1,0.45454545454545453,11,-6.723181149732069,1.7968749999999998,23.671875,5.723181149732069,-6.723181149732069
646240,2019,Rafael Devers,,27.1,13.081099041103029,0.9373810856059901,8,8,0,0.5,16,-6.727761186082638,1.7187500000000002,74.453125,6.727761186082638,-6.727761186082638
546990,2021,Anthony Alford,,29.6,8.738248846785924,-2.3742917857399295,5,6,-1,0.45454545454545453,11,-6.818645961410353,1.640625,5.078125,5.818645961410353,-6.818645961410353
628338,2017,Guillermo Heredia,,28.6,9.258258786379736,-2.2667527753345915,1,5,-4,0.16666666666666666,6,-6.913448310737603,1.5625,5.546875,2.9134483107376026,-6.913448310737603
641487,2021,J.P. Crawford,,27.5,9.29440759716747,-2.6843219866541794,3,6,-3,0.3333333333333333,9,-6.940580813554128,1.484375,3.515625,3.9405808135541283,-6.940580813554128
592325,2021,Ben Gamel,,27.8,8.621720128133662,-3.233268176931446,3,6,-3,0.3333333333333333,9,-7.057742173341111,1.40625,1.953125,4.057742173341111,-7.057742173341111
596059,2019,Rougned Odor,,28.0,11.906863045944975,0.1343689267175634,11,9,2,0.55,20,-7.190777214516519,1.328125,55.15624999999999,9.190777214516519,-7.190777214516519
670032,2020,Nicky Lopez,,27.7,10.087692779790576,-1.8085426181933801,0,5,-5,0.0,5,-7.232604659303028,1.25,10.0,2.232604659303028,-7.232604659303028
453568,2017,Charlie Blackmon,,28.2,11.446439818491564,-0.24356011489815366,14,10,4,0.5833333333333334,24,-7.237219519263354,1.171875,45.390625,11.237219519263354,-7.237219519263354
660271,2022,Shohei Ohtani,,28.2,10.353693704492382,-1.3363062288973353,11,9,2,0.55,20,-7.364349599386127,1.09375,18.515625,9.364349599386127,-7.364349599386127
543807,2017,George Springer,,28.0,10.856498899870822,-0.9159952193565903,5,7,-2,0.4166666666666667,12,-7.514466328709911,1.015625,29.21875,5.514466328709911,-7.514466328709911
664238,2019,Dylan Moore,,28.4,11.12961597473822,-0.4778897728138034,11,9,2,0.55,20,-7.537921984255732,0.9375,40.078125,9.537921984255732,-7.537921984255732
457705,2016,Andrew McCutchen,,29.1,10.654559680943178,-0.6642164161769131,6,7,-1,0.46153846153846156,13,-7.59452646534458,0.8593750000000001,35.546875,6.59452646534458,-7.59452646534458
493351,2016,Alexei Ramirez,,26.6,10.63712494932805,-1.712828470763224,8,9,-1,0.47058823529411764,17,-7.77940494236489,0.78125,11.015625,6.77940494236489,-7.77940494236489
444876,2017,Alcides Escobar,,27.7,10.82328905752329,-1.0729463404606658,4,7,-3,0.36363636363636365,11,-7.911730250466661,0.703125,24.6875,4.911730250466661,-7.911730250466661
543590,2016,Kirk Nieuwenhuis,,27.1,12.464601622100874,0.3208836666038355,8,9,-1,0.47058823529411764,17,-8.148246260212803,0.625,61.64062500000001,7.148246260212803,-8.148246260212803
643217,2021,Andrew Benintendi,,27.6,11.115806041136572,-0.8216764497662297,8,9,-1,0.47058823529411764,17,-8.517087578060714,0.546875,31.796875000000004,7.517087578060713,-8.517087578060714
493114,2016,Norichika Aoki,,27.2,10.50664831664732,-1.5958225459308721,7,9,-2,0.4375,16,-8.797190140030477,0.46875,12.734375,6.797190140030477,-8.797190140030477
570560,2017,Yolmer Sánchez,,28.4,10.80100246489287,-0.806503282659154,8,9,-1,0.47058823529411764,17,-9.107233686617374,0.390625,32.5,8.107233686617374,-9.107233686617374
622534,2018,Manuel Margot,,29.4,11.128706859837134,-0.06632795852641493,11,10,1,0.5238095238095238,21,-9.926073104033948,0.3125,49.84375,10.926073104033948,-9.926073104033948
543807,2016,George Springer,,28.4,10.229789222770762,-1.3777165247812615,9,10,-1,0.47368421052631576,19,-10.061025885042946,0.234375,17.65625,9.061025885042946,-10.061025885042946
596059,2018,Rougned Odor,,28.1,10.789127081435353,-0.9421199448732107,12,12,0,0.5,24,-11.133076088341591,0.15625,27.968749999999996,11.133076088341591,-11.133076088341591
514917,2016,César Hernández,,29.5,9.947802278488838,-1.2059854469558626,17,13,4,0.5666666666666667,30,-11.738855151557852,0.078125,21.953125,15.738855151557852,-11.738855151557852
